002c:trace:module:get_load_order looking for L"C:\\windows\\system32\\wineboot.exe"
002c:trace:module:get_load_order got hardcoded default for L"wineboot.exe"
002c:trace:module:get_load_order looking for L"C:\\windows\\system32\\wineboot.exe"
002c:trace:module:get_load_order got hardcoded default for L"wineboot.exe"
002c:trace:module:map_image_into_view mapping PE file L"\\??\\C:\\windows\\system32\\wineboot.exe" at 0x140000000-0x140020000
002c:trace:module:map_image_into_view mapping L"\\??\\C:\\windows\\system32\\wineboot.exe" section .text at 0x140001000 off 1000 size 8000 virt 7b60 flags 60000060
002c:trace:module:map_image_into_view mapping L"\\??\\C:\\windows\\system32\\wineboot.exe" section .data at 0x140009000 off 9000 size 1000 virt 120 flags c0000040
002c:trace:module:map_image_into_view mapping L"\\??\\C:\\windows\\system32\\wineboot.exe" section .rdata at 0x14000a000 off a000 size 8000 virt 7e30 flags 40000040
002c:trace:module:map_image_into_view mapping L"\\??\\C:\\windows\\system32\\wineboot.exe" section .pdata at 0x140012000 off 12000 size 1000 virt 24c flags 40000040
002c:trace:module:map_image_into_view mapping L"\\??\\C:\\windows\\system32\\wineboot.exe" section .xdata at 0x140013000 off 13000 size 1000 virt 290 flags 40000040
002c:trace:module:map_image_into_view mapping L"\\??\\C:\\windows\\system32\\wineboot.exe" section .bss at 0x140014000 off 0 size 0 virt 5a0 flags c0000080
002c:trace:module:map_image_into_view mapping L"\\??\\C:\\windows\\system32\\wineboot.exe" section .idata at 0x140015000 off 14000 size 2000 virt 18b8 flags c0000040
002c:trace:module:map_image_into_view mapping L"\\??\\C:\\windows\\system32\\wineboot.exe" section .rsrc at 0x140017000 off 16000 size 8000 virt 7ba0 flags 40000040
002c:trace:module:map_image_into_view mapping L"\\??\\C:\\windows\\system32\\wineboot.exe" section .reloc at 0x14001f000 off 1e000 size 1000 virt 80 flags 42000040
002c:trace:module:map_image_into_view mapping PE file L"\\??\\C:\\windows\\system32\\ntdll.dll" at 0x170000000-0x1700b4000
002c:trace:module:map_image_into_view mapping L"\\??\\C:\\windows\\system32\\ntdll.dll" section .text at 0x170001000 off 1000 size 7b000 virt 7a540 flags 60000020
002c:trace:module:map_image_into_view mapping L"\\??\\C:\\windows\\system32\\ntdll.dll" section .data at 0x17007c000 off 7c000 size 1000 virt e80 flags c0000040
002c:trace:module:map_image_into_view mapping L"\\??\\C:\\windows\\system32\\ntdll.dll" section .rodata at 0x17007d000 off 7d000 size 2000 virt 1f48 flags c0000040
002c:trace:module:map_image_into_view mapping L"\\??\\C:\\windows\\system32\\ntdll.dll" section .rdata at 0x17007f000 off 7f000 size 13000 virt 12310 flags 40000040
002c:trace:module:map_image_into_view mapping L"\\??\\C:\\windows\\system32\\ntdll.dll" section .pdata at 0x170092000 off 92000 size 4000 virt 3030 flags 40000040
002c:trace:module:map_image_into_view mapping L"\\??\\C:\\windows\\system32\\ntdll.dll" section .xdata at 0x170096000 off 96000 size 4000 virt 33b4 flags 40000040
002c:trace:module:map_image_into_view mapping L"\\??\\C:\\windows\\system32\\ntdll.dll" section .bss at 0x17009a000 off 0 size 0 virt 34f0 flags c0000080
002c:trace:module:map_image_into_view mapping L"\\??\\C:\\windows\\system32\\ntdll.dll" section .edata at 0x17009e000 off 9a000 size 13000 virt 1211e flags 40000040
002c:trace:module:map_image_into_view mapping L"\\??\\C:\\windows\\system32\\ntdll.dll" section .idata at 0x1700b1000 off ad000 size 1000 virt 18 flags c0000040
002c:trace:module:map_image_into_view mapping L"\\??\\C:\\windows\\system32\\ntdll.dll" section .rsrc at 0x1700b2000 off ae000 size 1000 virt 3b0 flags 40000040
002c:trace:module:map_image_into_view mapping L"\\??\\C:\\windows\\system32\\ntdll.dll" section .reloc at 0x1700b3000 off af000 size 1000 virt 17c flags 42000040
002c:trace:module:load_apiset_dll loaded L"\\??\\C:\\windows\\system32\\apisetschema.dll" apiset at 0x321000
002c:trace:module:build_module loaded L"\\??\\C:\\windows\\system32\\wineboot.exe" 0000000000333470 0000000140000000
002c:trace:loaddll:build_module Loaded L"C:\\windows\\system32\\wineboot.exe" at 0000000140000000: builtin
002c:trace:module:load_dll looking for L"kernel32.dll" in (null)
002c:trace:module:get_load_order looking for L"C:\\windows\\system32\\kernel32.dll"
002c:trace:module:get_load_order got hardcoded default for L"kernel32.dll"
002c:trace:module:map_image_into_view mapping PE file L"\\??\\C:\\windows\\system32\\kernel32.dll" at 0x7b600000-0x7b665000
002c:trace:module:map_image_into_view mapping L"\\??\\C:\\windows\\system32\\kernel32.dll" section .text at 0x7b601000 off 1000 size 37000 virt 36200 flags 60000020
002c:trace:module:map_image_into_view mapping L"\\??\\C:\\windows\\system32\\kernel32.dll" section .data at 0x7b638000 off 38000 size 1000 virt 280 flags c0000040
002c:trace:module:map_image_into_view mapping L"\\??\\C:\\windows\\system32\\kernel32.dll" section .rodata at 0x7b639000 off 39000 size 2000 virt 1cf0 flags c0000040
002c:trace:module:map_image_into_view mapping L"\\??\\C:\\windows\\system32\\kernel32.dll" section .rdata at 0x7b63b000 off 3b000 size 4000 virt 38e0 flags 40000040
002c:trace:module:map_image_into_view mapping L"\\??\\C:\\windows\\system32\\kernel32.dll" section .pdata at 0x7b63f000 off 3f000 size 2000 virt 15d8 flags 40000040
002c:trace:module:map_image_into_view mapping L"\\??\\C:\\windows\\system32\\kernel32.dll" section .xdata at 0x7b641000 off 41000 size 2000 virt 17a0 flags 40000040
002c:trace:module:map_image_into_view mapping L"\\??\\C:\\windows\\system32\\kernel32.dll" section .bss at 0x7b643000 off 0 size 0 virt 260 flags c0000080
002c:trace:module:map_image_into_view mapping L"\\??\\C:\\windows\\system32\\kernel32.dll" section .edata at 0x7b644000 off 43000 size e000 virt da78 flags 40000040
002c:trace:module:map_image_into_view mapping L"\\??\\C:\\windows\\system32\\kernel32.dll" section .idata at 0x7b652000 off 51000 size a000 virt 9054 flags c0000040
002c:trace:module:map_image_into_view mapping L"\\??\\C:\\windows\\system32\\kernel32.dll" section .rsrc at 0x7b65c000 off 5b000 size 8000 virt 7e00 flags 40000040
002c:trace:module:map_image_into_view mapping L"\\??\\C:\\windows\\system32\\kernel32.dll" section .reloc at 0x7b664000 off 63000 size 1000 virt 48 flags 42000040
002c:trace:module:load_dll looking for L"kernelbase.dll" in (null)
002c:trace:module:get_load_order looking for L"C:\\windows\\system32\\kernelbase.dll"
002c:trace:module:get_load_order got hardcoded default for L"kernelbase.dll"
002c:trace:module:map_image_into_view mapping PE file L"\\??\\C:\\windows\\system32\\kernelbase.dll" at 0x7b000000-0x7b266000
002c:trace:module:map_image_into_view mapping L"\\??\\C:\\windows\\system32\\kernelbase.dll" section .text at 0x7b001000 off 1000 size 99000 virt 98db0 flags 60000020
002c:trace:module:map_image_into_view mapping L"\\??\\C:\\windows\\system32\\kernelbase.dll" section .data at 0x7b09a000 off 9a000 size 2000 virt 1dc0 flags c0000040
002c:trace:module:map_image_into_view mapping L"\\??\\C:\\windows\\system32\\kernelbase.dll" section .rodata at 0x7b09c000 off 9c000 size 2000 virt 1d88 flags c0000040
002c:trace:module:map_image_into_view mapping L"\\??\\C:\\windows\\system32\\kernelbase.dll" section .rdata at 0x7b09e000 off 9e000 size 20000 virt 1f110 flags 40000040
002c:trace:module:map_image_into_view mapping L"\\??\\C:\\windows\\system32\\kernelbase.dll" section .pdata at 0x7b0be000 off be000 size 4000 virt 3f54 flags 40000040
002c:trace:module:map_image_into_view mapping L"\\??\\C:\\windows\\system32\\kernelbase.dll" section .xdata at 0x7b0c2000 off c2000 size 5000 virt 46c4 flags 40000040
002c:trace:module:map_image_into_view mapping L"\\??\\C:\\windows\\system32\\kernelbase.dll" section .bss at 0x7b0c7000 off 0 size 0 virt 28e0 flags c0000080
002c:trace:module:map_image_into_view mapping L"\\??\\C:\\windows\\system32\\kernelbase.dll" section .edata at 0x7b0ca000 off c7000 size 20000 virt 1f903 flags 40000040
002c:trace:module:map_image_into_view mapping L"\\??\\C:\\windows\\system32\\kernelbase.dll" section .idata at 0x7b0ea000 off e7000 size 5000 virt 43f4 flags c0000040
002c:trace:module:map_image_into_view mapping L"\\??\\C:\\windows\\system32\\kernelbase.dll" section .rsrc at 0x7b0ef000 off ec000 size 176000 virt 1757f0 flags 40000040
002c:trace:module:map_image_into_view mapping L"\\??\\C:\\windows\\system32\\kernelbase.dll" section .reloc at 0x7b265000 off 262000 size 1000 virt 23c flags 42000040
002c:trace:module:load_dll looking for L"ntdll.dll" in (null)
002c:trace:module:load_dll Found L"C:\\windows\\system32\\ntdll.dll" for L"ntdll.dll" at 0000000170000000, count=2
002c:trace:module:import_dll is not hybrid module
002c:trace:module:build_module loaded L"\\??\\C:\\windows\\system32\\kernelbase.dll" 0000000000333B70 000000007B000000
002c:trace:loaddll:build_module Loaded L"C:\\windows\\system32\\kernelbase.dll" at 000000007B000000: builtin
002c:trace:module:load_dll Loaded module L"\\??\\C:\\windows\\system32\\kernelbase.dll" at 000000007B000000
002c:trace:module:import_dll is not hybrid module
002c:trace:module:load_dll looking for L"ntdll.dll" in (null)
002c:trace:module:load_dll Found L"C:\\windows\\system32\\ntdll.dll" for L"ntdll.dll" at 0000000170000000, count=3
002c:trace:module:import_dll is not hybrid module
002c:trace:module:build_module loaded L"\\??\\C:\\windows\\system32\\kernel32.dll" 0000000000333880 000000007B600000
002c:trace:loaddll:build_module Loaded L"C:\\windows\\system32\\kernel32.dll" at 000000007B600000: builtin
002c:trace:module:load_dll Loaded module L"\\??\\C:\\windows\\system32\\kernel32.dll" at 000000007B600000
002c:trace:module:load_dll looking for L"advapi32.dll" in (null)
002c:trace:module:get_load_order looking for L"C:\\windows\\system32\\advapi32.dll"
002c:trace:module:get_load_order got hardcoded default for L"advapi32.dll"
002c:trace:module:map_image_into_view mapping PE file L"\\??\\C:\\windows\\system32\\advapi32.dll" at 0x330260000-0x3302a4000
002c:trace:module:map_image_into_view mapping L"\\??\\C:\\windows\\system32\\advapi32.dll" section .text at 0x330261000 off 1000 size 29000 virt 28090 flags 60000060
002c:trace:module:map_image_into_view mapping L"\\??\\C:\\windows\\system32\\advapi32.dll" section .data at 0x33028a000 off 2a000 size 1000 virt 1a0 flags c0000040
002c:trace:module:map_image_into_view mapping L"\\??\\C:\\windows\\system32\\advapi32.dll" section .rodata at 0x33028b000 off 2b000 size 1000 virt e3c flags c0000040
002c:trace:module:map_image_into_view mapping L"\\??\\C:\\windows\\system32\\advapi32.dll" section .rdata at 0x33028c000 off 2c000 size 6000 virt 5fa0 flags 40000040
002c:trace:module:map_image_into_view mapping L"\\??\\C:\\windows\\system32\\advapi32.dll" section .pdata at 0x330292000 off 32000 size 2000 virt 1260 flags 40000040
002c:trace:module:map_image_into_view mapping L"\\??\\C:\\windows\\system32\\advapi32.dll" section .xdata at 0x330294000 off 34000 size 2000 virt 159c flags 40000040
002c:trace:module:map_image_into_view mapping L"\\??\\C:\\windows\\system32\\advapi32.dll" section .bss at 0x330296000 off 0 size 0 virt da0 flags c0000080
002c:trace:module:map_image_into_view mapping L"\\??\\C:\\windows\\system32\\advapi32.dll" section .edata at 0x330297000 off 36000 size 8000 virt 74c5 flags 40000040
002c:trace:module:map_image_into_view mapping L"\\??\\C:\\windows\\system32\\advapi32.dll" section .idata at 0x33029f000 off 3e000 size 3000 virt 2f74 flags c0000040
002c:trace:module:map_image_into_view mapping L"\\??\\C:\\windows\\system32\\advapi32.dll" section .rsrc at 0x3302a2000 off 41000 size 1000 virt 3c8 flags 40000040
002c:trace:module:map_image_into_view mapping L"\\??\\C:\\windows\\system32\\advapi32.dll" section .reloc at 0x3302a3000 off 42000 size 1000 virt 138 flags 42000040
002c:trace:module:load_dll looking for L"kernel32.dll" in (null)
002c:trace:module:load_dll Found L"C:\\windows\\system32\\kernel32.dll" for L"kernel32.dll" at 000000007B600000, count=2
002c:trace:module:import_dll is not hybrid module
002c:trace:module:load_dll looking for L"kernelbase.dll" in (null)
002c:trace:module:load_dll Found L"C:\\windows\\system32\\kernelbase.dll" for L"kernelbase.dll" at 000000007B000000, count=2
002c:trace:module:import_dll is not hybrid module
002c:trace:module:load_dll looking for L"msvcrt.dll" in (null)
002c:trace:module:get_load_order looking for L"C:\\windows\\system32\\msvcrt.dll"
002c:trace:module:get_load_order got hardcoded default for L"msvcrt.dll"
002c:trace:module:map_image_into_view mapping PE file L"\\??\\C:\\windows\\system32\\msvcrt.dll" at 0x1c8db0000-0x1c8e6c000
002c:trace:module:map_image_into_view mapping L"\\??\\C:\\windows\\system32\\msvcrt.dll" section .text at 0x1c8db1000 off 1000 size 8f000 virt 8e220 flags 60000060
002c:trace:module:map_image_into_view mapping L"\\??\\C:\\windows\\system32\\msvcrt.dll" section .data at 0x1c8e40000 off 90000 size 2000 virt 1830 flags c0000040
002c:trace:module:map_image_into_view mapping L"\\??\\C:\\windows\\system32\\msvcrt.dll" section .rodata at 0x1c8e42000 off 92000 size 2000 virt 1394 flags c0000040
002c:trace:module:map_image_into_view mapping L"\\??\\C:\\windows\\system32\\msvcrt.dll" section .rdata at 0x1c8e44000 off 94000 size b000 virt aef0 flags 40000040
002c:trace:module:map_image_into_view mapping L"\\??\\C:\\windows\\system32\\msvcrt.dll" section .pdata at 0x1c8e4f000 off 9f000 size 5000 virt 4278 flags 40000040
002c:trace:module:map_image_into_view mapping L"\\??\\C:\\windows\\system32\\msvcrt.dll" section .xdata at 0x1c8e54000 off a4000 size 5000 virt 42d0 flags 40000040
002c:trace:module:map_image_into_view mapping L"\\??\\C:\\windows\\system32\\msvcrt.dll" section .bss at 0x1c8e59000 off 0 size 0 virt 1c60 flags c0000080
002c:trace:module:map_image_into_view mapping L"\\??\\C:\\windows\\system32\\msvcrt.dll" section .edata at 0x1c8e5b000 off a9000 size d000 virt ca71 flags 40000040
002c:trace:module:map_image_into_view mapping L"\\??\\C:\\windows\\system32\\msvcrt.dll" section .idata at 0x1c8e68000 off b6000 size 2000 virt 1868 flags c0000040
002c:trace:module:map_image_into_view mapping L"\\??\\C:\\windows\\system32\\msvcrt.dll" section .rsrc at 0x1c8e6a000 off b8000 size 1000 virt 398 flags 40000040
002c:trace:module:map_image_into_view mapping L"\\??\\C:\\windows\\system32\\msvcrt.dll" section .reloc at 0x1c8e6b000 off b9000 size 1000 virt 25c flags 42000040
002c:trace:module:load_dll looking for L"kernel32.dll" in (null)
002c:trace:module:load_dll Found L"C:\\windows\\system32\\kernel32.dll" for L"kernel32.dll" at 000000007B600000, count=3
002c:trace:module:import_dll is not hybrid module
002c:trace:module:load_dll looking for L"ntdll.dll" in (null)
002c:trace:module:load_dll Found L"C:\\windows\\system32\\ntdll.dll" for L"ntdll.dll" at 0000000170000000, count=4
002c:trace:module:import_dll is not hybrid module
002c:trace:module:build_module loaded L"\\??\\C:\\windows\\system32\\msvcrt.dll" 0000000000330880 00000001C8DB0000
002c:trace:loaddll:build_module Loaded L"C:\\windows\\system32\\msvcrt.dll" at 00000001C8DB0000: builtin
002c:trace:module:load_dll Loaded module L"\\??\\C:\\windows\\system32\\msvcrt.dll" at 00000001C8DB0000
002c:trace:module:import_dll is not hybrid module
002c:trace:module:load_dll looking for L"ntdll.dll" in (null)
002c:trace:module:load_dll Found L"C:\\windows\\system32\\ntdll.dll" for L"ntdll.dll" at 0000000170000000, count=5
002c:trace:module:import_dll is not hybrid module
002c:trace:module:load_dll looking for L"sechost.dll" in (null)
002c:trace:module:get_load_order looking for L"C:\\windows\\system32\\sechost.dll"
002c:trace:module:get_load_order got hardcoded default for L"sechost.dll"
002c:trace:module:map_image_into_view mapping PE file L"\\??\\C:\\windows\\system32\\sechost.dll" at 0x32a700000-0x32a72d000
002c:trace:module:map_image_into_view mapping L"\\??\\C:\\windows\\system32\\sechost.dll" section .text at 0x32a701000 off 1000 size 1b000 virt 1aeb0 flags 60000060
002c:trace:module:map_image_into_view mapping L"\\??\\C:\\windows\\system32\\sechost.dll" section .data at 0x32a71c000 off 1c000 size 1000 virt 170 flags c0000040
002c:trace:module:map_image_into_view mapping L"\\??\\C:\\windows\\system32\\sechost.dll" section .rodata at 0x32a71d000 off 1d000 size 1000 virt ef0 flags c0000040
002c:trace:module:map_image_into_view mapping L"\\??\\C:\\windows\\system32\\sechost.dll" section .rdata at 0x32a71e000 off 1e000 size 4000 virt 38d0 flags 40000040
002c:trace:module:map_image_into_view mapping L"\\??\\C:\\windows\\system32\\sechost.dll" section .pdata at 0x32a722000 off 22000 size 1000 virt b64 flags 40000040
002c:trace:module:map_image_into_view mapping L"\\??\\C:\\windows\\system32\\sechost.dll" section .xdata at 0x32a723000 off 23000 size 1000 virt c00 flags 40000040
002c:trace:module:map_image_into_view mapping L"\\??\\C:\\windows\\system32\\sechost.dll" section .bss at 0x32a724000 off 0 size 0 virt 1a0 flags c0000080
002c:trace:module:map_image_into_view mapping L"\\??\\C:\\windows\\system32\\sechost.dll" section .edata at 0x32a725000 off 24000 size 5000 virt 46ae flags 40000040
002c:trace:module:map_image_into_view mapping L"\\??\\C:\\windows\\system32\\sechost.dll" section .idata at 0x32a72a000 off 29000 size 2000 virt 121c flags c0000040
002c:trace:module:map_image_into_view mapping L"\\??\\C:\\windows\\system32\\sechost.dll" section .reloc at 0x32a72c000 off 2b000 size 1000 virt f8 flags 42000040
002c:trace:module:load_dll looking for L"kernel32.dll" in (null)
002c:trace:module:load_dll Found L"C:\\windows\\system32\\kernel32.dll" for L"kernel32.dll" at 000000007B600000, count=4
002c:trace:module:import_dll is not hybrid module
002c:trace:module:load_dll looking for L"kernelbase.dll" in (null)
002c:trace:module:load_dll Found L"C:\\windows\\system32\\kernelbase.dll" for L"kernelbase.dll" at 000000007B000000, count=3
002c:trace:module:import_dll is not hybrid module
002c:trace:module:load_dll looking for L"ntdll.dll" in (null)
002c:trace:module:load_dll Found L"C:\\windows\\system32\\ntdll.dll" for L"ntdll.dll" at 0000000170000000, count=6
002c:trace:module:import_dll is not hybrid module
002c:trace:module:load_dll looking for L"ucrtbase.dll" in (null)
002c:trace:module:get_load_order looking for L"C:\\windows\\system32\\ucrtbase.dll"
002c:trace:module:get_load_order got hardcoded default for L"ucrtbase.dll"
002c:trace:module:map_image_into_view mapping PE file L"\\??\\C:\\windows\\system32\\ucrtbase.dll" at 0x3af670000-0x3af759000
002c:trace:module:map_image_into_view mapping L"\\??\\C:\\windows\\system32\\ucrtbase.dll" section .text at 0x3af671000 off 1000 size ab000 virt aa4c0 flags 60000060
002c:trace:module:map_image_into_view mapping L"\\??\\C:\\windows\\system32\\ucrtbase.dll" section .data at 0x3af71c000 off ac000 size 2000 virt 1ac0 flags c0000040
002c:trace:module:map_image_into_view mapping L"\\??\\C:\\windows\\system32\\ucrtbase.dll" section .rodata at 0x3af71e000 off ae000 size 4000 virt 3988 flags c0000040
002c:trace:module:map_image_into_view mapping L"\\??\\C:\\windows\\system32\\ucrtbase.dll" section .rdata at 0x3af722000 off b2000 size d000 virt cb50 flags 40000040
002c:trace:module:map_image_into_view mapping L"\\??\\C:\\windows\\system32\\ucrtbase.dll" section .pdata at 0x3af72f000 off bf000 size 5000 virt 4d10 flags 40000040
002c:trace:module:map_image_into_view mapping L"\\??\\C:\\windows\\system32\\ucrtbase.dll" section .xdata at 0x3af734000 off c4000 size 5000 virt 4cd0 flags 40000040
002c:trace:module:map_image_into_view mapping L"\\??\\C:\\windows\\system32\\ucrtbase.dll" section .bss at 0x3af739000 off 0 size 0 virt 20c0 flags c0000080
002c:trace:module:map_image_into_view mapping L"\\??\\C:\\windows\\system32\\ucrtbase.dll" section .edata at 0x3af73c000 off c9000 size 19000 virt 186cd flags 40000040
002c:trace:module:map_image_into_view mapping L"\\??\\C:\\windows\\system32\\ucrtbase.dll" section .idata at 0x3af755000 off e2000 size 2000 virt 1a84 flags c0000040
002c:trace:module:map_image_into_view mapping L"\\??\\C:\\windows\\system32\\ucrtbase.dll" section .rsrc at 0x3af757000 off e4000 size 1000 virt 3c8 flags 40000040
002c:trace:module:map_image_into_view mapping L"\\??\\C:\\windows\\system32\\ucrtbase.dll" section .reloc at 0x3af758000 off e5000 size 1000 virt 29c flags 42000040
002c:trace:module:load_dll looking for L"kernel32.dll" in (null)
002c:trace:module:load_dll Found L"C:\\windows\\system32\\kernel32.dll" for L"kernel32.dll" at 000000007B600000, count=5
002c:trace:module:import_dll is not hybrid module
002c:trace:module:load_dll looking for L"ntdll.dll" in (null)
002c:trace:module:load_dll Found L"C:\\windows\\system32\\ntdll.dll" for L"ntdll.dll" at 0000000170000000, count=7
002c:trace:module:import_dll is not hybrid module
002c:trace:module:build_module loaded L"\\??\\C:\\windows\\system32\\ucrtbase.dll" 0000000000334F80 00000003AF670000
002c:trace:loaddll:build_module Loaded L"C:\\windows\\system32\\ucrtbase.dll" at 00000003AF670000: builtin
002c:trace:module:load_dll Loaded module L"\\??\\C:\\windows\\system32\\ucrtbase.dll" at 00000003AF670000
002c:trace:module:import_dll is not hybrid module
002c:trace:module:build_module loaded L"\\??\\C:\\windows\\system32\\sechost.dll" 0000000000334D50 000000032A700000
002c:trace:loaddll:build_module Loaded L"C:\\windows\\system32\\sechost.dll" at 000000032A700000: builtin
002c:trace:module:load_dll Loaded module L"\\??\\C:\\windows\\system32\\sechost.dll" at 000000032A700000
002c:trace:module:import_dll is not hybrid module
002c:trace:module:build_module loaded L"\\??\\C:\\windows\\system32\\advapi32.dll" 0000000000334810 0000000330260000
002c:trace:loaddll:build_module Loaded L"C:\\windows\\system32\\advapi32.dll" at 0000000330260000: builtin
002c:trace:module:load_dll Loaded module L"\\??\\C:\\windows\\system32\\advapi32.dll" at 0000000330260000
002c:trace:module:import_dll is not hybrid module
002c:trace:module:load_dll looking for L"kernel32.dll" in (null)
002c:trace:module:load_dll Found L"C:\\windows\\system32\\kernel32.dll" for L"kernel32.dll" at 000000007B600000, count=6
002c:trace:module:import_dll is not hybrid module
002c:trace:module:load_dll looking for L"kernelbase.dll" in (null)
002c:trace:module:load_dll Found L"C:\\windows\\system32\\kernelbase.dll" for L"kernelbase.dll" at 000000007B000000, count=4
002c:trace:module:import_dll is not hybrid module
002c:trace:module:load_dll looking for L"ntdll.dll" in (null)
002c:trace:module:load_dll Found L"C:\\windows\\system32\\ntdll.dll" for L"ntdll.dll" at 0000000170000000, count=8
002c:trace:module:import_dll is not hybrid module
002c:trace:module:load_dll looking for L"ucrtbase.dll" in (null)
002c:trace:module:load_dll Found L"C:\\windows\\system32\\ucrtbase.dll" for L"ucrtbase.dll" at 00000003AF670000, count=2
002c:trace:module:import_dll is not hybrid module
002c:trace:module:load_dll looking for L"ws2_32.dll" in (null)
002c:trace:module:get_load_order looking for L"C:\\windows\\system32\\ws2_32.dll"
002c:trace:module:get_load_order got hardcoded default for L"ws2_32.dll"
002c:trace:module:map_image_into_view mapping PE file L"\\??\\C:\\windows\\system32\\ws2_32.dll" at 0x1ec2b0000-0x1ec2d8000
002c:trace:module:map_image_into_view mapping L"\\??\\C:\\windows\\system32\\ws2_32.dll" section .text at 0x1ec2b1000 off 1000 size 15000 virt 147b0 flags 60000060
002c:trace:module:map_image_into_view mapping L"\\??\\C:\\windows\\system32\\ws2_32.dll" section .data at 0x1ec2c6000 off 16000 size 1000 virt 1b0 flags c0000040
002c:trace:module:map_image_into_view mapping L"\\??\\C:\\windows\\system32\\ws2_32.dll" section .rodata at 0x1ec2c7000 off 17000 size 1000 virt 85c flags c0000040
002c:trace:module:map_image_into_view mapping L"\\??\\C:\\windows\\system32\\ws2_32.dll" section .rdata at 0x1ec2c8000 off 18000 size 5000 virt 4bd0 flags 40000040
002c:trace:module:map_image_into_view mapping L"\\??\\C:\\windows\\system32\\ws2_32.dll" section .pdata at 0x1ec2cd000 off 1d000 size 1000 virt 918 flags 40000040
002c:trace:module:map_image_into_view mapping L"\\??\\C:\\windows\\system32\\ws2_32.dll" section .xdata at 0x1ec2ce000 off 1e000 size 1000 virt a14 flags 40000040
002c:trace:module:map_image_into_view mapping L"\\??\\C:\\windows\\system32\\ws2_32.dll" section .bss at 0x1ec2cf000 off 0 size 0 virt 170 flags c0000080
002c:trace:module:map_image_into_view mapping L"\\??\\C:\\windows\\system32\\ws2_32.dll" section .edata at 0x1ec2d0000 off 1f000 size 3000 virt 23c6 flags 40000040
002c:trace:module:map_image_into_view mapping L"\\??\\C:\\windows\\system32\\ws2_32.dll" section .idata at 0x1ec2d3000 off 22000 size 1000 virt bf4 flags c0000040
002c:trace:module:map_image_into_view mapping L"\\??\\C:\\windows\\system32\\ws2_32.dll" section .rsrc at 0x1ec2d4000 off 23000 size 3000 virt 29b8 flags 40000040
002c:trace:module:map_image_into_view mapping L"\\??\\C:\\windows\\system32\\ws2_32.dll" section .reloc at 0x1ec2d7000 off 26000 size 1000 virt 70 flags 42000040
002c:trace:module:load_dll looking for L"kernel32.dll" in (null)
002c:trace:module:load_dll Found L"C:\\windows\\system32\\kernel32.dll" for L"kernel32.dll" at 000000007B600000, count=7
002c:trace:module:import_dll is not hybrid module
002c:trace:module:load_dll looking for L"ntdll.dll" in (null)
002c:trace:module:load_dll Found L"C:\\windows\\system32\\ntdll.dll" for L"ntdll.dll" at 0000000170000000, count=9
002c:trace:module:import_dll is not hybrid module
002c:trace:module:load_dll looking for L"ucrtbase.dll" in (null)
002c:trace:module:load_dll Found L"C:\\windows\\system32\\ucrtbase.dll" for L"ucrtbase.dll" at 00000003AF670000, count=3
002c:trace:module:import_dll is not hybrid module
002c:trace:module:build_module loaded L"\\??\\C:\\windows\\system32\\ws2_32.dll" 0000000000335270 00000001EC2B0000
002c:trace:loaddll:build_module Loaded L"C:\\windows\\system32\\ws2_32.dll" at 00000001EC2B0000: builtin
002c:trace:module:load_dll Loaded module L"\\??\\C:\\windows\\system32\\ws2_32.dll" at 00000001EC2B0000
002c:trace:module:import_dll is not hybrid module
002c:trace:module:process_attach (L"ntdll.dll",000000000021FB00) - START
002c:trace:module:MODULE_InitDLL (0000000170000000 L"ntdll.dll",PROCESS_ATTACH,000000000021FB00) 000000017007B180 - CALL
002c:trace:module:MODULE_InitDLL (0000000170000000,PROCESS_ATTACH,000000000021FB00) - RETURN 1
002c:trace:module:process_attach (L"ntdll.dll",000000000021FB00) - END
002c:trace:module:process_attach (L"kernel32.dll",000000000021FB00) - START
002c:trace:module:process_attach (L"kernelbase.dll",000000000021FB00) - START
002c:trace:module:MODULE_InitDLL (000000007B000000 L"kernelbase.dll",PROCESS_ATTACH,000000000021FB00) 000000007B04C9C0 - CALL
002c:trace:module:LdrGetDllHandleEx flags 0, load_path 0000000000335750, dll_characteristics 0000000000000000, name 000000000021EC00, base 000000000021EBA8.
002c:trace:module:LdrGetDllHandleEx L"C:\\windows\\system32\\tzres.dll" -> 0000000000000000 (load path L"C:\\windows\\system32;C:\\windows\\system32;C:\\windows\\system;C:\\windows;.;C:\\windows\\system32;C:\\windows;C:\\windows\\system32\\wbem;C:\\windows\\system32\\WindowsPowershell\\v1.0")
002c:trace:module:get_load_order looking for L"C:\\windows\\system32\\tzres.dll"
002c:trace:module:get_load_order got hardcoded default for L"tzres.dll"
002c:trace:module:map_image_into_view mapping PE file L"\\??\\C:\\windows\\system32\\tzres.dll" at 0x10000000-0x10073000
002c:trace:module:map_image_into_view mapping L"\\??\\C:\\windows\\system32\\tzres.dll" section .rsrc at 0x10001000 off 1000 size 72000 virt 71d74 flags 40000040
002c:trace:module:FindResourceExW 0000000010000002 #0006 #0786 0000
002c:trace:module:LoadResource 0000000010000002 000000001000B4B8
002c:trace:module:LdrGetDllHandleEx flags 0, load_path 0000000000331770, dll_characteristics 0000000000000000, name 000000000021EC00, base 000000000021EBA8.
002c:trace:module:LdrGetDllHandleEx L"C:\\windows\\system32\\tzres.dll" -> 0000000000000000 (load path L"C:\\windows\\system32;C:\\windows\\system32;C:\\windows\\system;C:\\windows;.;C:\\windows\\system32;C:\\windows;C:\\windows\\system32\\wbem;C:\\windows\\system32\\WindowsPowershell\\v1.0")
002c:trace:module:get_load_order looking for L"C:\\windows\\system32\\tzres.dll"
002c:trace:module:get_load_order got hardcoded default for L"tzres.dll"
002c:trace:module:map_image_into_view mapping PE file L"\\??\\C:\\windows\\system32\\tzres.dll" at 0x10000000-0x10073000
002c:trace:module:map_image_into_view mapping L"\\??\\C:\\windows\\system32\\tzres.dll" section .rsrc at 0x10001000 off 1000 size 72000 virt 71d74 flags 40000040
002c:trace:module:FindResourceExW 0000000010000002 #0006 #0786 0000
002c:trace:module:LoadResource 0000000010000002 000000001000B4B8
002c:trace:module:MODULE_InitDLL (000000007B000000,PROCESS_ATTACH,000000000021FB00) - RETURN 1
002c:trace:module:process_attach (L"kernelbase.dll",000000000021FB00) - END
002c:trace:module:MODULE_InitDLL (000000007B600000 L"kernel32.dll",PROCESS_ATTACH,000000000021FB00) 000000007B636E80 - CALL
002c:trace:module:MODULE_InitDLL (000000007B600000,PROCESS_ATTACH,000000000021FB00) - RETURN 1
002c:trace:module:process_attach (L"kernel32.dll",000000000021FB00) - END
002c:trace:module:process_attach (L"advapi32.dll",000000000021FB00) - START
002c:trace:module:process_attach (L"msvcrt.dll",000000000021FB00) - START
002c:trace:module:MODULE_InitDLL (00000001C8DB0000 L"msvcrt.dll",PROCESS_ATTACH,000000000021FB00) 00000001C8E3E9D0 - CALL
002c:trace:module:LdrGetDllFullName module 0000000000000000, name 000000000021F020.
002c:trace:module:GetModuleFileNameW L"C:\\windows\\system32\\wineboot.exe"
002c:trace:module:LdrGetDllFullName module 0000000000000000, name 000000000021F070.
002c:trace:module:GetModuleFileNameW L"C:\\windows\\system32\\wineboot.exe"
002c:trace:module:LdrAddRefDll (L"msvcrt.dll") ldr.LoadCount: -1
002c:trace:module:MODULE_InitDLL (00000001C8DB0000,PROCESS_ATTACH,000000000021FB00) - RETURN 1
002c:trace:module:process_attach (L"msvcrt.dll",000000000021FB00) - END
002c:trace:module:process_attach (L"sechost.dll",000000000021FB00) - START
002c:trace:module:process_attach (L"ucrtbase.dll",000000000021FB00) - START
002c:trace:module:MODULE_InitDLL (00000003AF670000 L"ucrtbase.dll",PROCESS_ATTACH,000000000021FB00) 00000003AF71AC10 - CALL
002c:trace:module:LdrGetDllFullName module 0000000000000000, name 000000000021EFA0.
002c:trace:module:GetModuleFileNameW L"C:\\windows\\system32\\wineboot.exe"
002c:trace:module:LdrGetDllFullName module 0000000000000000, name 000000000021EFF0.
002c:trace:module:GetModuleFileNameW L"C:\\windows\\system32\\wineboot.exe"
002c:trace:module:MODULE_InitDLL (00000003AF670000,PROCESS_ATTACH,000000000021FB00) - RETURN 1
002c:trace:module:process_attach (L"ucrtbase.dll",000000000021FB00) - END
002c:trace:module:MODULE_InitDLL (000000032A700000 L"sechost.dll",PROCESS_ATTACH,000000000021FB00) 000000032A71AF60 - CALL
002c:trace:module:MODULE_InitDLL (000000032A700000,PROCESS_ATTACH,000000000021FB00) - RETURN 1
002c:trace:module:process_attach (L"sechost.dll",000000000021FB00) - END
002c:trace:module:MODULE_InitDLL (0000000330260000 L"advapi32.dll",PROCESS_ATTACH,000000000021FB00) 0000000330288030 - CALL
002c:trace:module:MODULE_InitDLL (0000000330260000,PROCESS_ATTACH,000000000021FB00) - RETURN 1
002c:trace:module:process_attach (L"advapi32.dll",000000000021FB00) - END
002c:trace:module:process_attach (L"ws2_32.dll",000000000021FB00) - START
002c:trace:module:MODULE_InitDLL (00000001EC2B0000 L"ws2_32.dll",PROCESS_ATTACH,000000000021FB00) 00000001EC2C4980 - CALL
002c:trace:module:MODULE_InitDLL (00000001EC2B0000,PROCESS_ATTACH,000000000021FB00) - RETURN 1
002c:trace:module:process_attach (L"ws2_32.dll",000000000021FB00) - END
002c:trace:module:LdrGetDllFullName module 0000000000000000, name 000000000021EB10.
002c:trace:module:GetModuleFileNameW L"C:\\windows\\system32\\wineboot.exe"
002c:trace:module:LdrGetDllFullName module 0000000000000000, name 000000000021EB10.
002c:trace:module:GetModuleFileNameW L"C:\\windows\\system32\\wineboot.exe"
002c:trace:module:LdrGetDllHandleEx flags 0x1, load_path 0000000000000000, dll_characteristics 0000000000000000, name 000000000021E680, base 000000000021E678.
002c:trace:module:LdrGetDllHandleEx L"ntdll.dll" -> 0000000170000000 (load path (null))
002c:trace:module:LdrGetDllHandleEx flags 0x1, load_path 0000000000000000, dll_characteristics 0000000000000000, name 000000000021EAF0, base 000000000021EAE8.
002c:trace:module:LdrGetDllHandleEx L"ntdll.dll" -> 0000000170000000 (load path (null))
002c:trace:module:LdrGetDllHandleEx flags 0x1, load_path 0000000000000000, dll_characteristics 0000000000000000, name 000000000021EBB0, base 000000000021EBA8.
002c:trace:module:LdrGetDllHandleEx L"ntdll.dll" -> 0000000170000000 (load path (null))
002c:trace:module:LdrGetDllHandleEx flags 0x1, load_path 0000000000000000, dll_characteristics 0000000000000000, name 000000000021E8C0, base 000000000021E8B8.
002c:trace:module:LdrGetDllHandleEx L"ntdll.dll" -> 0000000170000000 (load path (null))
0034:trace:module:get_load_order looking for L"C:\\windows\\system32\\services.exe"
0034:trace:module:get_load_order got hardcoded default for L"services.exe"
0034:trace:module:get_load_order looking for L"C:\\windows\\system32\\services.exe"
0034:trace:module:get_load_order got hardcoded default for L"services.exe"
0034:trace:module:map_image_into_view mapping PE file L"\\??\\C:\\windows\\system32\\services.exe" at 0x140000000-0x140025000
0034:trace:module:map_image_into_view mapping L"\\??\\C:\\windows\\system32\\services.exe" section .text at 0x140001000 off 1000 size 1a000 virt 19660 flags 60000020
0034:trace:module:map_image_into_view mapping L"\\??\\C:\\windows\\system32\\services.exe" section .data at 0x14001b000 off 1b000 size 1000 virt 2d0 flags c0000040
0034:trace:module:map_image_into_view mapping L"\\??\\C:\\windows\\system32\\services.exe" section .rdata at 0x14001c000 off 1c000 size 3000 virt 2c40 flags 40000040
0034:trace:module:map_image_into_view mapping L"\\??\\C:\\windows\\system32\\services.exe" section .pdata at 0x14001f000 off 1f000 size 1000 virt c0c flags 40000040
0034:trace:module:map_image_into_view mapping L"\\??\\C:\\windows\\system32\\services.exe" section .xdata at 0x140020000 off 20000 size 1000 virt ab0 flags 40000040
0034:trace:module:map_image_into_view mapping L"\\??\\C:\\windows\\system32\\services.exe" section .bss at 0x140021000 off 0 size 0 virt 240 flags c0000080
0034:trace:module:map_image_into_view mapping L"\\??\\C:\\windows\\system32\\services.exe" section .idata at 0x140022000 off 21000 size 2000 virt 1624 flags c0000040
0034:trace:module:map_image_into_view mapping L"\\??\\C:\\windows\\system32\\services.exe" section .reloc at 0x140024000 off 23000 size 1000 virt 140 flags 42000040
0034:trace:module:map_image_into_view mapping PE file L"\\??\\C:\\windows\\system32\\ntdll.dll" at 0x170000000-0x1700b4000
0034:trace:module:map_image_into_view mapping L"\\??\\C:\\windows\\system32\\ntdll.dll" section .text at 0x170001000 off 1000 size 7b000 virt 7a540 flags 60000020
0034:trace:module:map_image_into_view mapping L"\\??\\C:\\windows\\system32\\ntdll.dll" section .data at 0x17007c000 off 7c000 size 1000 virt e80 flags c0000040
0034:trace:module:map_image_into_view mapping L"\\??\\C:\\windows\\system32\\ntdll.dll" section .rodata at 0x17007d000 off 7d000 size 2000 virt 1f48 flags c0000040
0034:trace:module:map_image_into_view mapping L"\\??\\C:\\windows\\system32\\ntdll.dll" section .rdata at 0x17007f000 off 7f000 size 13000 virt 12310 flags 40000040
0034:trace:module:map_image_into_view mapping L"\\??\\C:\\windows\\system32\\ntdll.dll" section .pdata at 0x170092000 off 92000 size 4000 virt 3030 flags 40000040
0034:trace:module:map_image_into_view mapping L"\\??\\C:\\windows\\system32\\ntdll.dll" section .xdata at 0x170096000 off 96000 size 4000 virt 33b4 flags 40000040
0034:trace:module:map_image_into_view mapping L"\\??\\C:\\windows\\system32\\ntdll.dll" section .bss at 0x17009a000 off 0 size 0 virt 34f0 flags c0000080
0034:trace:module:map_image_into_view mapping L"\\??\\C:\\windows\\system32\\ntdll.dll" section .edata at 0x17009e000 off 9a000 size 13000 virt 1211e flags 40000040
0034:trace:module:map_image_into_view mapping L"\\??\\C:\\windows\\system32\\ntdll.dll" section .idata at 0x1700b1000 off ad000 size 1000 virt 18 flags c0000040
0034:trace:module:map_image_into_view mapping L"\\??\\C:\\windows\\system32\\ntdll.dll" section .rsrc at 0x1700b2000 off ae000 size 1000 virt 3b0 flags 40000040
0034:trace:module:map_image_into_view mapping L"\\??\\C:\\windows\\system32\\ntdll.dll" section .reloc at 0x1700b3000 off af000 size 1000 virt 17c flags 42000040
0034:trace:module:load_apiset_dll loaded L"\\??\\C:\\windows\\system32\\apisetschema.dll" apiset at 0x321000
0034:trace:module:build_module loaded L"\\??\\C:\\windows\\system32\\services.exe" 00000000003334F0 0000000140000000
0034:trace:loaddll:build_module Loaded L"C:\\windows\\system32\\services.exe" at 0000000140000000: builtin
0034:trace:module:load_dll looking for L"kernel32.dll" in (null)
0034:trace:module:get_load_order looking for L"C:\\windows\\system32\\kernel32.dll"
0034:trace:module:get_load_order got hardcoded default for L"kernel32.dll"
0034:trace:module:map_image_into_view mapping PE file L"\\??\\C:\\windows\\system32\\kernel32.dll" at 0x7b600000-0x7b665000
0034:trace:module:map_image_into_view mapping L"\\??\\C:\\windows\\system32\\kernel32.dll" section .text at 0x7b601000 off 1000 size 37000 virt 36200 flags 60000020
0034:trace:module:map_image_into_view mapping L"\\??\\C:\\windows\\system32\\kernel32.dll" section .data at 0x7b638000 off 38000 size 1000 virt 280 flags c0000040
0034:trace:module:map_image_into_view mapping L"\\??\\C:\\windows\\system32\\kernel32.dll" section .rodata at 0x7b639000 off 39000 size 2000 virt 1cf0 flags c0000040
0034:trace:module:map_image_into_view mapping L"\\??\\C:\\windows\\system32\\kernel32.dll" section .rdata at 0x7b63b000 off 3b000 size 4000 virt 38e0 flags 40000040
0034:trace:module:map_image_into_view mapping L"\\??\\C:\\windows\\system32\\kernel32.dll" section .pdata at 0x7b63f000 off 3f000 size 2000 virt 15d8 flags 40000040
0034:trace:module:map_image_into_view mapping L"\\??\\C:\\windows\\system32\\kernel32.dll" section .xdata at 0x7b641000 off 41000 size 2000 virt 17a0 flags 40000040
0034:trace:module:map_image_into_view mapping L"\\??\\C:\\windows\\system32\\kernel32.dll" section .bss at 0x7b643000 off 0 size 0 virt 260 flags c0000080
0034:trace:module:map_image_into_view mapping L"\\??\\C:\\windows\\system32\\kernel32.dll" section .edata at 0x7b644000 off 43000 size e000 virt da78 flags 40000040
0034:trace:module:map_image_into_view mapping L"\\??\\C:\\windows\\system32\\kernel32.dll" section .idata at 0x7b652000 off 51000 size a000 virt 9054 flags c0000040
0034:trace:module:map_image_into_view mapping L"\\??\\C:\\windows\\system32\\kernel32.dll" section .rsrc at 0x7b65c000 off 5b000 size 8000 virt 7e00 flags 40000040
0034:trace:module:map_image_into_view mapping L"\\??\\C:\\windows\\system32\\kernel32.dll" section .reloc at 0x7b664000 off 63000 size 1000 virt 48 flags 42000040
0034:trace:module:load_dll looking for L"kernelbase.dll" in (null)
0034:trace:module:get_load_order looking for L"C:\\windows\\system32\\kernelbase.dll"
0034:trace:module:get_load_order got hardcoded default for L"kernelbase.dll"
0034:trace:module:map_image_into_view mapping PE file L"\\??\\C:\\windows\\system32\\kernelbase.dll" at 0x7b000000-0x7b266000
0034:trace:module:map_image_into_view mapping L"\\??\\C:\\windows\\system32\\kernelbase.dll" section .text at 0x7b001000 off 1000 size 99000 virt 98db0 flags 60000020
0034:trace:module:map_image_into_view mapping L"\\??\\C:\\windows\\system32\\kernelbase.dll" section .data at 0x7b09a000 off 9a000 size 2000 virt 1dc0 flags c0000040
0034:trace:module:map_image_into_view mapping L"\\??\\C:\\windows\\system32\\kernelbase.dll" section .rodata at 0x7b09c000 off 9c000 size 2000 virt 1d88 flags c0000040
0034:trace:module:map_image_into_view mapping L"\\??\\C:\\windows\\system32\\kernelbase.dll" section .rdata at 0x7b09e000 off 9e000 size 20000 virt 1f110 flags 40000040
0034:trace:module:map_image_into_view mapping L"\\??\\C:\\windows\\system32\\kernelbase.dll" section .pdata at 0x7b0be000 off be000 size 4000 virt 3f54 flags 40000040
0034:trace:module:map_image_into_view mapping L"\\??\\C:\\windows\\system32\\kernelbase.dll" section .xdata at 0x7b0c2000 off c2000 size 5000 virt 46c4 flags 40000040
0034:trace:module:map_image_into_view mapping L"\\??\\C:\\windows\\system32\\kernelbase.dll" section .bss at 0x7b0c7000 off 0 size 0 virt 28e0 flags c0000080
0034:trace:module:map_image_into_view mapping L"\\??\\C:\\windows\\system32\\kernelbase.dll" section .edata at 0x7b0ca000 off c7000 size 20000 virt 1f903 flags 40000040
0034:trace:module:map_image_into_view mapping L"\\??\\C:\\windows\\system32\\kernelbase.dll" section .idata at 0x7b0ea000 off e7000 size 5000 virt 43f4 flags c0000040
0034:trace:module:map_image_into_view mapping L"\\??\\C:\\windows\\system32\\kernelbase.dll" section .rsrc at 0x7b0ef000 off ec000 size 176000 virt 1757f0 flags 40000040
0034:trace:module:map_image_into_view mapping L"\\??\\C:\\windows\\system32\\kernelbase.dll" section .reloc at 0x7b265000 off 262000 size 1000 virt 23c flags 42000040
0034:trace:module:load_dll looking for L"ntdll.dll" in (null)
0034:trace:module:load_dll Found L"C:\\windows\\system32\\ntdll.dll" for L"ntdll.dll" at 0000000170000000, count=2
0034:trace:module:import_dll is not hybrid module
0034:trace:module:build_module loaded L"\\??\\C:\\windows\\system32\\kernelbase.dll" 0000000000333BF0 000000007B000000
0034:trace:loaddll:build_module Loaded L"C:\\windows\\system32\\kernelbase.dll" at 000000007B000000: builtin
0034:trace:module:load_dll Loaded module L"\\??\\C:\\windows\\system32\\kernelbase.dll" at 000000007B000000
0034:trace:module:import_dll is not hybrid module
0034:trace:module:load_dll looking for L"ntdll.dll" in (null)
0034:trace:module:load_dll Found L"C:\\windows\\system32\\ntdll.dll" for L"ntdll.dll" at 0000000170000000, count=3
0034:trace:module:import_dll is not hybrid module
0034:trace:module:build_module loaded L"\\??\\C:\\windows\\system32\\kernel32.dll" 0000000000333900 000000007B600000
0034:trace:loaddll:build_module Loaded L"C:\\windows\\system32\\kernel32.dll" at 000000007B600000: builtin
0034:trace:module:load_dll Loaded module L"\\??\\C:\\windows\\system32\\kernel32.dll" at 000000007B600000
0034:trace:module:load_dll looking for L"advapi32.dll" in (null)
0034:trace:module:get_load_order looking for L"C:\\windows\\system32\\advapi32.dll"
0034:trace:module:get_load_order got hardcoded default for L"advapi32.dll"
0034:trace:module:map_image_into_view mapping PE file L"\\??\\C:\\windows\\system32\\advapi32.dll" at 0x330260000-0x3302a4000
0034:trace:module:map_image_into_view mapping L"\\??\\C:\\windows\\system32\\advapi32.dll" section .text at 0x330261000 off 1000 size 29000 virt 28090 flags 60000060
0034:trace:module:map_image_into_view mapping L"\\??\\C:\\windows\\system32\\advapi32.dll" section .data at 0x33028a000 off 2a000 size 1000 virt 1a0 flags c0000040
0034:trace:module:map_image_into_view mapping L"\\??\\C:\\windows\\system32\\advapi32.dll" section .rodata at 0x33028b000 off 2b000 size 1000 virt e3c flags c0000040
0034:trace:module:map_image_into_view mapping L"\\??\\C:\\windows\\system32\\advapi32.dll" section .rdata at 0x33028c000 off 2c000 size 6000 virt 5fa0 flags 40000040
0034:trace:module:map_image_into_view mapping L"\\??\\C:\\windows\\system32\\advapi32.dll" section .pdata at 0x330292000 off 32000 size 2000 virt 1260 flags 40000040
0034:trace:module:map_image_into_view mapping L"\\??\\C:\\windows\\system32\\advapi32.dll" section .xdata at 0x330294000 off 34000 size 2000 virt 159c flags 40000040
0034:trace:module:map_image_into_view mapping L"\\??\\C:\\windows\\system32\\advapi32.dll" section .bss at 0x330296000 off 0 size 0 virt da0 flags c0000080
0034:trace:module:map_image_into_view mapping L"\\??\\C:\\windows\\system32\\advapi32.dll" section .edata at 0x330297000 off 36000 size 8000 virt 74c5 flags 40000040
0034:trace:module:map_image_into_view mapping L"\\??\\C:\\windows\\system32\\advapi32.dll" section .idata at 0x33029f000 off 3e000 size 3000 virt 2f74 flags c0000040
0034:trace:module:map_image_into_view mapping L"\\??\\C:\\windows\\system32\\advapi32.dll" section .rsrc at 0x3302a2000 off 41000 size 1000 virt 3c8 flags 40000040
0034:trace:module:map_image_into_view mapping L"\\??\\C:\\windows\\system32\\advapi32.dll" section .reloc at 0x3302a3000 off 42000 size 1000 virt 138 flags 42000040
0034:trace:module:load_dll looking for L"kernel32.dll" in (null)
0034:trace:module:load_dll Found L"C:\\windows\\system32\\kernel32.dll" for L"kernel32.dll" at 000000007B600000, count=2
0034:trace:module:import_dll is not hybrid module
0034:trace:module:load_dll looking for L"kernelbase.dll" in (null)
0034:trace:module:load_dll Found L"C:\\windows\\system32\\kernelbase.dll" for L"kernelbase.dll" at 000000007B000000, count=2
0034:trace:module:import_dll is not hybrid module
0034:trace:module:load_dll looking for L"msvcrt.dll" in (null)
0034:trace:module:get_load_order looking for L"C:\\windows\\system32\\msvcrt.dll"
0034:trace:module:get_load_order got hardcoded default for L"msvcrt.dll"
0034:trace:module:map_image_into_view mapping PE file L"\\??\\C:\\windows\\system32\\msvcrt.dll" at 0x1c8db0000-0x1c8e6c000
0034:trace:module:map_image_into_view mapping L"\\??\\C:\\windows\\system32\\msvcrt.dll" section .text at 0x1c8db1000 off 1000 size 8f000 virt 8e220 flags 60000060
0034:trace:module:map_image_into_view mapping L"\\??\\C:\\windows\\system32\\msvcrt.dll" section .data at 0x1c8e40000 off 90000 size 2000 virt 1830 flags c0000040
0034:trace:module:map_image_into_view mapping L"\\??\\C:\\windows\\system32\\msvcrt.dll" section .rodata at 0x1c8e42000 off 92000 size 2000 virt 1394 flags c0000040
0034:trace:module:map_image_into_view mapping L"\\??\\C:\\windows\\system32\\msvcrt.dll" section .rdata at 0x1c8e44000 off 94000 size b000 virt aef0 flags 40000040
0034:trace:module:map_image_into_view mapping L"\\??\\C:\\windows\\system32\\msvcrt.dll" section .pdata at 0x1c8e4f000 off 9f000 size 5000 virt 4278 flags 40000040
0034:trace:module:map_image_into_view mapping L"\\??\\C:\\windows\\system32\\msvcrt.dll" section .xdata at 0x1c8e54000 off a4000 size 5000 virt 42d0 flags 40000040
0034:trace:module:map_image_into_view mapping L"\\??\\C:\\windows\\system32\\msvcrt.dll" section .bss at 0x1c8e59000 off 0 size 0 virt 1c60 flags c0000080
0034:trace:module:map_image_into_view mapping L"\\??\\C:\\windows\\system32\\msvcrt.dll" section .edata at 0x1c8e5b000 off a9000 size d000 virt ca71 flags 40000040
0034:trace:module:map_image_into_view mapping L"\\??\\C:\\windows\\system32\\msvcrt.dll" section .idata at 0x1c8e68000 off b6000 size 2000 virt 1868 flags c0000040
0034:trace:module:map_image_into_view mapping L"\\??\\C:\\windows\\system32\\msvcrt.dll" section .rsrc at 0x1c8e6a000 off b8000 size 1000 virt 398 flags 40000040
0034:trace:module:map_image_into_view mapping L"\\??\\C:\\windows\\system32\\msvcrt.dll" section .reloc at 0x1c8e6b000 off b9000 size 1000 virt 25c flags 42000040
0034:trace:module:load_dll looking for L"kernel32.dll" in (null)
0034:trace:module:load_dll Found L"C:\\windows\\system32\\kernel32.dll" for L"kernel32.dll" at 000000007B600000, count=3
0034:trace:module:import_dll is not hybrid module
0034:trace:module:load_dll looking for L"ntdll.dll" in (null)
0034:trace:module:load_dll Found L"C:\\windows\\system32\\ntdll.dll" for L"ntdll.dll" at 0000000170000000, count=4
0034:trace:module:import_dll is not hybrid module
0034:trace:module:build_module loaded L"\\??\\C:\\windows\\system32\\msvcrt.dll" 0000000000334100 00000001C8DB0000
0034:trace:loaddll:build_module Loaded L"C:\\windows\\system32\\msvcrt.dll" at 00000001C8DB0000: builtin
0034:trace:module:load_dll Loaded module L"\\??\\C:\\windows\\system32\\msvcrt.dll" at 00000001C8DB0000
0034:trace:module:import_dll is not hybrid module
0034:trace:module:load_dll looking for L"ntdll.dll" in (null)
0034:trace:module:load_dll Found L"C:\\windows\\system32\\ntdll.dll" for L"ntdll.dll" at 0000000170000000, count=5
0034:trace:module:import_dll is not hybrid module
0034:trace:module:load_dll looking for L"sechost.dll" in (null)
0034:trace:module:get_load_order looking for L"C:\\windows\\system32\\sechost.dll"
0034:trace:module:get_load_order got hardcoded default for L"sechost.dll"
0034:trace:module:map_image_into_view mapping PE file L"\\??\\C:\\windows\\system32\\sechost.dll" at 0x32a700000-0x32a72d000
0034:trace:module:map_image_into_view mapping L"\\??\\C:\\windows\\system32\\sechost.dll" section .text at 0x32a701000 off 1000 size 1b000 virt 1aeb0 flags 60000060
0034:trace:module:map_image_into_view mapping L"\\??\\C:\\windows\\system32\\sechost.dll" section .data at 0x32a71c000 off 1c000 size 1000 virt 170 flags c0000040
0034:trace:module:map_image_into_view mapping L"\\??\\C:\\windows\\system32\\sechost.dll" section .rodata at 0x32a71d000 off 1d000 size 1000 virt ef0 flags c0000040
0034:trace:module:map_image_into_view mapping L"\\??\\C:\\windows\\system32\\sechost.dll" section .rdata at 0x32a71e000 off 1e000 size 4000 virt 38d0 flags 40000040
0034:trace:module:map_image_into_view mapping L"\\??\\C:\\windows\\system32\\sechost.dll" section .pdata at 0x32a722000 off 22000 size 1000 virt b64 flags 40000040
0034:trace:module:map_image_into_view mapping L"\\??\\C:\\windows\\system32\\sechost.dll" section .xdata at 0x32a723000 off 23000 size 1000 virt c00 flags 40000040
0034:trace:module:map_image_into_view mapping L"\\??\\C:\\windows\\system32\\sechost.dll" section .bss at 0x32a724000 off 0 size 0 virt 1a0 flags c0000080
0034:trace:module:map_image_into_view mapping L"\\??\\C:\\windows\\system32\\sechost.dll" section .edata at 0x32a725000 off 24000 size 5000 virt 46ae flags 40000040
0034:trace:module:map_image_into_view mapping L"\\??\\C:\\windows\\system32\\sechost.dll" section .idata at 0x32a72a000 off 29000 size 2000 virt 121c flags c0000040
0034:trace:module:map_image_into_view mapping L"\\??\\C:\\windows\\system32\\sechost.dll" section .reloc at 0x32a72c000 off 2b000 size 1000 virt f8 flags 42000040
0034:trace:module:load_dll looking for L"kernel32.dll" in (null)
0034:trace:module:load_dll Found L"C:\\windows\\system32\\kernel32.dll" for L"kernel32.dll" at 000000007B600000, count=4
0034:trace:module:import_dll is not hybrid module
0034:trace:module:load_dll looking for L"kernelbase.dll" in (null)
0034:trace:module:load_dll Found L"C:\\windows\\system32\\kernelbase.dll" for L"kernelbase.dll" at 000000007B000000, count=3
0034:trace:module:import_dll is not hybrid module
0034:trace:module:load_dll looking for L"ntdll.dll" in (null)
0034:trace:module:load_dll Found L"C:\\windows\\system32\\ntdll.dll" for L"ntdll.dll" at 0000000170000000, count=6
0034:trace:module:import_dll is not hybrid module
0034:trace:module:load_dll looking for L"ucrtbase.dll" in (null)
0034:trace:module:get_load_order looking for L"C:\\windows\\system32\\ucrtbase.dll"
0034:trace:module:get_load_order got hardcoded default for L"ucrtbase.dll"
0034:trace:module:map_image_into_view mapping PE file L"\\??\\C:\\windows\\system32\\ucrtbase.dll" at 0x3af670000-0x3af759000
0034:trace:module:map_image_into_view mapping L"\\??\\C:\\windows\\system32\\ucrtbase.dll" section .text at 0x3af671000 off 1000 size ab000 virt aa4c0 flags 60000060
0034:trace:module:map_image_into_view mapping L"\\??\\C:\\windows\\system32\\ucrtbase.dll" section .data at 0x3af71c000 off ac000 size 2000 virt 1ac0 flags c0000040
0034:trace:module:map_image_into_view mapping L"\\??\\C:\\windows\\system32\\ucrtbase.dll" section .rodata at 0x3af71e000 off ae000 size 4000 virt 3988 flags c0000040
0034:trace:module:map_image_into_view mapping L"\\??\\C:\\windows\\system32\\ucrtbase.dll" section .rdata at 0x3af722000 off b2000 size d000 virt cb50 flags 40000040
0034:trace:module:map_image_into_view mapping L"\\??\\C:\\windows\\system32\\ucrtbase.dll" section .pdata at 0x3af72f000 off bf000 size 5000 virt 4d10 flags 40000040
0034:trace:module:map_image_into_view mapping L"\\??\\C:\\windows\\system32\\ucrtbase.dll" section .xdata at 0x3af734000 off c4000 size 5000 virt 4cd0 flags 40000040
0034:trace:module:map_image_into_view mapping L"\\??\\C:\\windows\\system32\\ucrtbase.dll" section .bss at 0x3af739000 off 0 size 0 virt 20c0 flags c0000080
0034:trace:module:map_image_into_view mapping L"\\??\\C:\\windows\\system32\\ucrtbase.dll" section .edata at 0x3af73c000 off c9000 size 19000 virt 186cd flags 40000040
0034:trace:module:map_image_into_view mapping L"\\??\\C:\\windows\\system32\\ucrtbase.dll" section .idata at 0x3af755000 off e2000 size 2000 virt 1a84 flags c0000040
0034:trace:module:map_image_into_view mapping L"\\??\\C:\\windows\\system32\\ucrtbase.dll" section .rsrc at 0x3af757000 off e4000 size 1000 virt 3c8 flags 40000040
0034:trace:module:map_image_into_view mapping L"\\??\\C:\\windows\\system32\\ucrtbase.dll" section .reloc at 0x3af758000 off e5000 size 1000 virt 29c flags 42000040
0034:trace:module:load_dll looking for L"kernel32.dll" in (null)
0034:trace:module:load_dll Found L"C:\\windows\\system32\\kernel32.dll" for L"kernel32.dll" at 000000007B600000, count=5
0034:trace:module:import_dll is not hybrid module
0034:trace:module:load_dll looking for L"ntdll.dll" in (null)
0034:trace:module:load_dll Found L"C:\\windows\\system32\\ntdll.dll" for L"ntdll.dll" at 0000000170000000, count=7
0034:trace:module:import_dll is not hybrid module
0034:trace:module:build_module loaded L"\\??\\C:\\windows\\system32\\ucrtbase.dll" 00000000003346E0 00000003AF670000
0034:trace:loaddll:build_module Loaded L"C:\\windows\\system32\\ucrtbase.dll" at 00000003AF670000: builtin
0034:trace:module:load_dll Loaded module L"\\??\\C:\\windows\\system32\\ucrtbase.dll" at 00000003AF670000
0034:trace:module:import_dll is not hybrid module
0034:trace:module:build_module loaded L"\\??\\C:\\windows\\system32\\sechost.dll" 00000000003343D0 000000032A700000
0034:trace:loaddll:build_module Loaded L"C:\\windows\\system32\\sechost.dll" at 000000032A700000: builtin
0034:trace:module:load_dll Loaded module L"\\??\\C:\\windows\\system32\\sechost.dll" at 000000032A700000
0034:trace:module:import_dll is not hybrid module
0034:trace:module:build_module loaded L"\\??\\C:\\windows\\system32\\advapi32.dll" 0000000000333EF0 0000000330260000
0034:trace:loaddll:build_module Loaded L"C:\\windows\\system32\\advapi32.dll" at 0000000330260000: builtin
0034:trace:module:load_dll Loaded module L"\\??\\C:\\windows\\system32\\advapi32.dll" at 0000000330260000
0034:trace:module:import_dll is not hybrid module
0034:trace:module:load_dll looking for L"kernel32.dll" in (null)
0034:trace:module:load_dll Found L"C:\\windows\\system32\\kernel32.dll" for L"kernel32.dll" at 000000007B600000, count=6
0034:trace:module:import_dll is not hybrid module
0034:trace:module:load_dll looking for L"ntdll.dll" in (null)
0034:trace:module:load_dll Found L"C:\\windows\\system32\\ntdll.dll" for L"ntdll.dll" at 0000000170000000, count=8
0034:trace:module:import_dll is not hybrid module
0034:trace:module:load_dll looking for L"rpcrt4.dll" in (null)
0034:trace:module:get_load_order looking for L"C:\\windows\\system32\\rpcrt4.dll"
0034:trace:module:get_load_order got hardcoded default for L"rpcrt4.dll"
0034:trace:module:map_image_into_view mapping PE file L"\\??\\C:\\windows\\system32\\rpcrt4.dll" at 0x231ae0000-0x231b70000
0034:trace:module:map_image_into_view mapping L"\\??\\C:\\windows\\system32\\rpcrt4.dll" section .text at 0x231ae1000 off 1000 size 54000 virt 53970 flags 60000060
0034:trace:module:map_image_into_view mapping L"\\??\\C:\\windows\\system32\\rpcrt4.dll" section .data at 0x231b35000 off 55000 size 1000 virt 710 flags c0000040
0034:trace:module:map_image_into_view mapping L"\\??\\C:\\windows\\system32\\rpcrt4.dll" section .rodata at 0x231b36000 off 56000 size 2000 virt 1b44 flags c0000040
0034:trace:module:map_image_into_view mapping L"\\??\\C:\\windows\\system32\\rpcrt4.dll" section .rdata at 0x231b38000 off 58000 size 16000 virt 153f0 flags 40000040
0034:trace:module:map_image_into_view mapping L"\\??\\C:\\windows\\system32\\rpcrt4.dll" section .pdata at 0x231b4e000 off 6e000 size 3000 virt 22f8 flags 40000040
0034:trace:module:map_image_into_view mapping L"\\??\\C:\\windows\\system32\\rpcrt4.dll" section .xdata at 0x231b51000 off 71000 size 3000 virt 2934 flags 40000040
0034:trace:module:map_image_into_view mapping L"\\??\\C:\\windows\\system32\\rpcrt4.dll" section .bss at 0x231b54000 off 0 size 0 virt 690 flags c0000080
0034:trace:module:map_image_into_view mapping L"\\??\\C:\\windows\\system32\\rpcrt4.dll" section .edata at 0x231b55000 off 74000 size 17000 virt 16730 flags 40000040
0034:trace:module:map_image_into_view mapping L"\\??\\C:\\windows\\system32\\rpcrt4.dll" section .idata at 0x231b6c000 off 8b000 size 2000 virt 19ac flags c0000040
0034:trace:module:map_image_into_view mapping L"\\??\\C:\\windows\\system32\\rpcrt4.dll" section .rsrc at 0x231b6e000 off 8d000 size 1000 virt 3a8 flags 40000040
0034:trace:module:map_image_into_view mapping L"\\??\\C:\\windows\\system32\\rpcrt4.dll" section .reloc at 0x231b6f000 off 8e000 size 1000 virt 504 flags 42000040
0034:trace:module:load_dll looking for L"advapi32.dll" in (null)
0034:trace:module:load_dll Found L"C:\\windows\\system32\\advapi32.dll" for L"advapi32.dll" at 0000000330260000, count=2
0034:trace:module:import_dll is not hybrid module
0034:trace:module:load_dll looking for L"kernel32.dll" in (null)
0034:trace:module:load_dll Found L"C:\\windows\\system32\\kernel32.dll" for L"kernel32.dll" at 000000007B600000, count=7
0034:trace:module:import_dll is not hybrid module
0034:trace:module:load_dll looking for L"ntdll.dll" in (null)
0034:trace:module:load_dll Found L"C:\\windows\\system32\\ntdll.dll" for L"ntdll.dll" at 0000000170000000, count=9
0034:trace:module:import_dll is not hybrid module
0034:trace:module:load_dll looking for L"ucrtbase.dll" in (null)
0034:trace:module:load_dll Found L"C:\\windows\\system32\\ucrtbase.dll" for L"ucrtbase.dll" at 00000003AF670000, count=2
0034:trace:module:import_dll is not hybrid module
0034:trace:module:build_module loaded L"\\??\\C:\\windows\\system32\\rpcrt4.dll" 00000000003349D0 0000000231AE0000
0034:trace:loaddll:build_module Loaded L"C:\\windows\\system32\\rpcrt4.dll" at 0000000231AE0000: builtin
0034:trace:module:load_dll Loaded module L"\\??\\C:\\windows\\system32\\rpcrt4.dll" at 0000000231AE0000
0034:trace:module:import_dll is not hybrid module
0034:trace:module:load_dll looking for L"setupapi.dll" in (null)
0034:trace:module:get_load_order looking for L"C:\\windows\\system32\\setupapi.dll"
0034:trace:module:get_load_order got hardcoded default for L"setupapi.dll"
0034:trace:module:map_image_into_view mapping PE file L"\\??\\C:\\windows\\system32\\setupapi.dll" at 0x21a7e0000-0x21a86a000
0034:trace:module:map_image_into_view mapping L"\\??\\C:\\windows\\system32\\setupapi.dll" section .text at 0x21a7e1000 off 1000 size 4b000 virt 4a2e0 flags 60000060
0034:trace:module:map_image_into_view mapping L"\\??\\C:\\windows\\system32\\setupapi.dll" section .data at 0x21a82c000 off 4c000 size 1000 virt 230 flags c0000040
0034:trace:module:map_image_into_view mapping L"\\??\\C:\\windows\\system32\\setupapi.dll" section .rodata at 0x21a82d000 off 4d000 size 3000 virt 244c flags c0000040
0034:trace:module:map_image_into_view mapping L"\\??\\C:\\windows\\system32\\setupapi.dll" section .rdata at 0x21a830000 off 50000 size e000 virt d130 flags 40000040
0034:trace:module:map_image_into_view mapping L"\\??\\C:\\windows\\system32\\setupapi.dll" section .pdata at 0x21a83e000 off 5e000 size 2000 virt 1758 flags 40000040
0034:trace:module:map_image_into_view mapping L"\\??\\C:\\windows\\system32\\setupapi.dll" section .xdata at 0x21a840000 off 60000 size 2000 virt 1dc4 flags 40000040
0034:trace:module:map_image_into_view mapping L"\\??\\C:\\windows\\system32\\setupapi.dll" section .bss at 0x21a842000 off 0 size 0 virt 720 flags c0000080
0034:trace:module:map_image_into_view mapping L"\\??\\C:\\windows\\system32\\setupapi.dll" section .edata at 0x21a843000 off 62000 size 18000 virt 171c8 flags 40000040
0034:trace:module:map_image_into_view mapping L"\\??\\C:\\windows\\system32\\setupapi.dll" section .idata at 0x21a85b000 off 7a000 size 2000 virt 1f34 flags c0000040
0034:trace:module:map_image_into_view mapping L"\\??\\C:\\windows\\system32\\setupapi.dll" section .rsrc at 0x21a85d000 off 7c000 size c000 virt bf00 flags 40000040
0034:trace:module:map_image_into_view mapping L"\\??\\C:\\windows\\system32\\setupapi.dll" section .reloc at 0x21a869000 off 88000 size 1000 virt d8 flags 42000040
0034:trace:module:load_dll looking for L"advapi32.dll" in (null)
0034:trace:module:load_dll Found L"C:\\windows\\system32\\advapi32.dll" for L"advapi32.dll" at 0000000330260000, count=3
0034:trace:module:import_dll is not hybrid module
0034:trace:module:load_dll looking for L"kernel32.dll" in (null)
0034:trace:module:load_dll Found L"C:\\windows\\system32\\kernel32.dll" for L"kernel32.dll" at 000000007B600000, count=8
0034:trace:module:import_dll is not hybrid module
0034:trace:module:load_dll looking for L"kernelbase.dll" in (null)
0034:trace:module:load_dll Found L"C:\\windows\\system32\\kernelbase.dll" for L"kernelbase.dll" at 000000007B000000, count=4
0034:trace:module:import_dll is not hybrid module
0034:trace:module:load_dll looking for L"ntdll.dll" in (null)
0034:trace:module:load_dll Found L"C:\\windows\\system32\\ntdll.dll" for L"ntdll.dll" at 0000000170000000, count=10
0034:trace:module:import_dll is not hybrid module
0034:trace:module:load_dll looking for L"rpcrt4.dll" in (null)
0034:trace:module:load_dll Found L"C:\\windows\\system32\\rpcrt4.dll" for L"rpcrt4.dll" at 0000000231AE0000, count=2
0034:trace:module:import_dll is not hybrid module
0034:trace:module:load_dll looking for L"ucrtbase.dll" in (null)
0034:trace:module:load_dll Found L"C:\\windows\\system32\\ucrtbase.dll" for L"ucrtbase.dll" at 00000003AF670000, count=3
0034:trace:module:import_dll is not hybrid module
0034:trace:module:load_dll looking for L"version.dll" in (null)
0034:trace:module:get_load_order looking for L"C:\\windows\\system32\\version.dll"
0034:trace:module:get_load_order got hardcoded default for L"version.dll"
0034:trace:module:map_image_into_view mapping PE file L"\\??\\C:\\windows\\system32\\version.dll" at 0x2f1fa0000-0x2f1fae000
0034:trace:module:map_image_into_view mapping L"\\??\\C:\\windows\\system32\\version.dll" section .text at 0x2f1fa1000 off 1000 size 3000 virt 2990 flags 60000020
0034:trace:module:map_image_into_view mapping L"\\??\\C:\\windows\\system32\\version.dll" section .data at 0x2f1fa4000 off 4000 size 1000 virt 70 flags c0000040
0034:trace:module:map_image_into_view mapping L"\\??\\C:\\windows\\system32\\version.dll" section .rodata at 0x2f1fa5000 off 5000 size 1000 virt 84 flags c0000040
0034:trace:module:map_image_into_view mapping L"\\??\\C:\\windows\\system32\\version.dll" section .rdata at 0x2f1fa6000 off 6000 size 1000 virt 280 flags 40000040
0034:trace:module:map_image_into_view mapping L"\\??\\C:\\windows\\system32\\version.dll" section .pdata at 0x2f1fa7000 off 7000 size 1000 virt d8 flags 40000040
0034:trace:module:map_image_into_view mapping L"\\??\\C:\\windows\\system32\\version.dll" section .xdata at 0x2f1fa8000 off 8000 size 1000 virt 104 flags 40000040
0034:trace:module:map_image_into_view mapping L"\\??\\C:\\windows\\system32\\version.dll" section .bss at 0x2f1fa9000 off 0 size 0 virt 140 flags c0000080
0034:trace:module:map_image_into_view mapping L"\\??\\C:\\windows\\system32\\version.dll" section .edata at 0x2f1faa000 off 9000 size 1000 virt 327 flags 40000040
0034:trace:module:map_image_into_view mapping L"\\??\\C:\\windows\\system32\\version.dll" section .idata at 0x2f1fab000 off a000 size 1000 virt 78c flags c0000040
0034:trace:module:map_image_into_view mapping L"\\??\\C:\\windows\\system32\\version.dll" section .rsrc at 0x2f1fac000 off b000 size 1000 virt 3b8 flags 40000040
0034:trace:module:map_image_into_view mapping L"\\??\\C:\\windows\\system32\\version.dll" section .reloc at 0x2f1fad000 off c000 size 1000 virt 20 flags 42000040
0034:trace:module:load_dll looking for L"kernel32.dll" in (null)
0034:trace:module:load_dll Found L"C:\\windows\\system32\\kernel32.dll" for L"kernel32.dll" at 000000007B600000, count=9
0034:trace:module:import_dll is not hybrid module
0034:trace:module:load_dll looking for L"kernelbase.dll" in (null)
0034:trace:module:load_dll Found L"C:\\windows\\system32\\kernelbase.dll" for L"kernelbase.dll" at 000000007B000000, count=5
0034:trace:module:import_dll is not hybrid module
0034:trace:module:load_dll looking for L"ntdll.dll" in (null)
0034:trace:module:load_dll Found L"C:\\windows\\system32\\ntdll.dll" for L"ntdll.dll" at 0000000170000000, count=11
0034:trace:module:import_dll is not hybrid module
0034:trace:module:load_dll looking for L"ucrtbase.dll" in (null)
0034:trace:module:load_dll Found L"C:\\windows\\system32\\ucrtbase.dll" for L"ucrtbase.dll" at 00000003AF670000, count=4
0034:trace:module:import_dll is not hybrid module
0034:trace:module:build_module loaded L"\\??\\C:\\windows\\system32\\version.dll" 0000000000335030 00000002F1FA0000
0034:trace:loaddll:build_module Loaded L"C:\\windows\\system32\\version.dll" at 00000002F1FA0000: builtin
0034:trace:module:load_dll Loaded module L"\\??\\C:\\windows\\system32\\version.dll" at 00000002F1FA0000
0034:trace:module:import_dll is not hybrid module
0034:trace:module:build_module loaded L"\\??\\C:\\windows\\system32\\setupapi.dll" 0000000000334C80 000000021A7E0000
0034:trace:loaddll:build_module Loaded L"C:\\windows\\system32\\setupapi.dll" at 000000021A7E0000: builtin
0034:trace:module:load_dll Loaded module L"\\??\\C:\\windows\\system32\\setupapi.dll" at 000000021A7E0000
0034:trace:module:import_dll is not hybrid module
0034:trace:module:load_dll looking for L"ucrtbase.dll" in (null)
0034:trace:module:load_dll Found L"C:\\windows\\system32\\ucrtbase.dll" for L"ucrtbase.dll" at 00000003AF670000, count=5
0034:trace:module:import_dll is not hybrid module
0034:trace:module:load_dll looking for L"userenv.dll" in (null)
0034:trace:module:get_load_order looking for L"C:\\windows\\system32\\userenv.dll"
0034:trace:module:get_load_order got hardcoded default for L"userenv.dll"
0034:trace:module:map_image_into_view mapping PE file L"\\??\\C:\\windows\\system32\\userenv.dll" at 0x388e20000-0x388e2e000
0034:trace:module:map_image_into_view mapping L"\\??\\C:\\windows\\system32\\userenv.dll" section .text at 0x388e21000 off 1000 size 4000 virt 3720 flags 60000020
0034:trace:module:map_image_into_view mapping L"\\??\\C:\\windows\\system32\\userenv.dll" section .data at 0x388e25000 off 5000 size 1000 virt 70 flags c0000040
0034:trace:module:map_image_into_view mapping L"\\??\\C:\\windows\\system32\\userenv.dll" section .rodata at 0x388e26000 off 6000 size 1000 virt 84 flags c0000040
0034:trace:module:map_image_into_view mapping L"\\??\\C:\\windows\\system32\\userenv.dll" section .rdata at 0x388e27000 off 7000 size 1000 virt ae0 flags 40000040
0034:trace:module:map_image_into_view mapping L"\\??\\C:\\windows\\system32\\userenv.dll" section .pdata at 0x388e28000 off 8000 size 1000 virt 1ec flags 40000040
0034:trace:module:map_image_into_view mapping L"\\??\\C:\\windows\\system32\\userenv.dll" section .xdata at 0x388e29000 off 9000 size 1000 virt 238 flags 40000040
0034:trace:module:map_image_into_view mapping L"\\??\\C:\\windows\\system32\\userenv.dll" section .bss at 0x388e2a000 off 0 size 0 virt 140 flags c0000080
0034:trace:module:map_image_into_view mapping L"\\??\\C:\\windows\\system32\\userenv.dll" section .edata at 0x388e2b000 off a000 size 1000 virt 6fc flags 40000040
0034:trace:module:map_image_into_view mapping L"\\??\\C:\\windows\\system32\\userenv.dll" section .idata at 0x388e2c000 off b000 size 1000 virt 7f0 flags c0000040
0034:trace:module:map_image_into_view mapping L"\\??\\C:\\windows\\system32\\userenv.dll" section .reloc at 0x388e2d000 off c000 size 1000 virt 20 flags 42000040
0034:trace:module:load_dll looking for L"advapi32.dll" in (null)
0034:trace:module:load_dll Found L"C:\\windows\\system32\\advapi32.dll" for L"advapi32.dll" at 0000000330260000, count=4
0034:trace:module:import_dll is not hybrid module
0034:trace:module:load_dll looking for L"kernel32.dll" in (null)
0034:trace:module:load_dll Found L"C:\\windows\\system32\\kernel32.dll" for L"kernel32.dll" at 000000007B600000, count=10
0034:trace:module:import_dll is not hybrid module
0034:trace:module:load_dll looking for L"ntdll.dll" in (null)
0034:trace:module:load_dll Found L"C:\\windows\\system32\\ntdll.dll" for L"ntdll.dll" at 0000000170000000, count=12
0034:trace:module:import_dll is not hybrid module
0034:trace:module:load_dll looking for L"ucrtbase.dll" in (null)
0034:trace:module:load_dll Found L"C:\\windows\\system32\\ucrtbase.dll" for L"ucrtbase.dll" at 00000003AF670000, count=6
0034:trace:module:import_dll is not hybrid module
0034:trace:module:build_module loaded L"\\??\\C:\\windows\\system32\\userenv.dll" 0000000000335380 0000000388E20000
0034:trace:loaddll:build_module Loaded L"C:\\windows\\system32\\userenv.dll" at 0000000388E20000: builtin
0034:trace:module:load_dll Loaded module L"\\??\\C:\\windows\\system32\\userenv.dll" at 0000000388E20000
0034:trace:module:import_dll is not hybrid module
0034:trace:module:process_attach (L"ntdll.dll",000000000021FB00) - START
0034:trace:module:MODULE_InitDLL (0000000170000000 L"ntdll.dll",PROCESS_ATTACH,000000000021FB00) 000000017007B180 - CALL
0034:trace:module:MODULE_InitDLL (0000000170000000,PROCESS_ATTACH,000000000021FB00) - RETURN 1
0034:trace:module:process_attach (L"ntdll.dll",000000000021FB00) - END
0034:trace:module:process_attach (L"kernel32.dll",000000000021FB00) - START
0034:trace:module:process_attach (L"kernelbase.dll",000000000021FB00) - START
0034:trace:module:MODULE_InitDLL (000000007B000000 L"kernelbase.dll",PROCESS_ATTACH,000000000021FB00) 000000007B04C9C0 - CALL
0034:trace:module:LdrGetDllHandleEx flags 0, load_path 00000000003378C0, dll_characteristics 0000000000000000, name 000000000021EC00, base 000000000021EBA8.
0034:trace:module:LdrGetDllHandleEx L"C:\\windows\\system32\\tzres.dll" -> 0000000000000000 (load path L"C:\\windows\\system32;C:\\windows\\system32;C:\\windows\\system;C:\\windows;.;C:\\windows\\system32;C:\\windows;C:\\windows\\system32\\wbem;C:\\windows\\system32\\WindowsPowershell\\v1.0")
0034:trace:module:get_load_order looking for L"C:\\windows\\system32\\tzres.dll"
0034:trace:module:get_load_order got hardcoded default for L"tzres.dll"
0034:trace:module:map_image_into_view mapping PE file L"\\??\\C:\\windows\\system32\\tzres.dll" at 0x10000000-0x10073000
0034:trace:module:map_image_into_view mapping L"\\??\\C:\\windows\\system32\\tzres.dll" section .rsrc at 0x10001000 off 1000 size 72000 virt 71d74 flags 40000040
0034:trace:module:FindResourceExW 0000000010000002 #0006 #0786 0000
0034:trace:module:LoadResource 0000000010000002 000000001000B4B8
0034:trace:module:LdrGetDllHandleEx flags 0, load_path 00000000003379D0, dll_characteristics 0000000000000000, name 000000000021EC00, base 000000000021EBA8.
0034:trace:module:LdrGetDllHandleEx L"C:\\windows\\system32\\tzres.dll" -> 0000000000000000 (load path L"C:\\windows\\system32;C:\\windows\\system32;C:\\windows\\system;C:\\windows;.;C:\\windows\\system32;C:\\windows;C:\\windows\\system32\\wbem;C:\\windows\\system32\\WindowsPowershell\\v1.0")
0034:trace:module:get_load_order looking for L"C:\\windows\\system32\\tzres.dll"
0034:trace:module:get_load_order got hardcoded default for L"tzres.dll"
0034:trace:module:map_image_into_view mapping PE file L"\\??\\C:\\windows\\system32\\tzres.dll" at 0x10000000-0x10073000
0034:trace:module:map_image_into_view mapping L"\\??\\C:\\windows\\system32\\tzres.dll" section .rsrc at 0x10001000 off 1000 size 72000 virt 71d74 flags 40000040
0034:trace:module:FindResourceExW 0000000010000002 #0006 #0786 0000
0034:trace:module:LoadResource 0000000010000002 000000001000B4B8
0034:trace:module:MODULE_InitDLL (000000007B000000,PROCESS_ATTACH,000000000021FB00) - RETURN 1
0034:trace:module:process_attach (L"kernelbase.dll",000000000021FB00) - END
0034:trace:module:MODULE_InitDLL (000000007B600000 L"kernel32.dll",PROCESS_ATTACH,000000000021FB00) 000000007B636E80 - CALL
0034:trace:module:MODULE_InitDLL (000000007B600000,PROCESS_ATTACH,000000000021FB00) - RETURN 1
0034:trace:module:process_attach (L"kernel32.dll",000000000021FB00) - END
0034:trace:module:process_attach (L"advapi32.dll",000000000021FB00) - START
0034:trace:module:process_attach (L"msvcrt.dll",000000000021FB00) - START
0034:trace:module:MODULE_InitDLL (00000001C8DB0000 L"msvcrt.dll",PROCESS_ATTACH,000000000021FB00) 00000001C8E3E9D0 - CALL
0034:trace:module:LdrGetDllFullName module 0000000000000000, name 000000000021F020.
0034:trace:module:GetModuleFileNameW L"C:\\windows\\system32\\services.exe"
0034:trace:module:LdrGetDllFullName module 0000000000000000, name 000000000021F070.
0034:trace:module:GetModuleFileNameW L"C:\\windows\\system32\\services.exe"
0034:trace:module:LdrAddRefDll (L"msvcrt.dll") ldr.LoadCount: -1
0034:trace:module:MODULE_InitDLL (00000001C8DB0000,PROCESS_ATTACH,000000000021FB00) - RETURN 1
0034:trace:module:process_attach (L"msvcrt.dll",000000000021FB00) - END
0034:trace:module:process_attach (L"sechost.dll",000000000021FB00) - START
0034:trace:module:process_attach (L"ucrtbase.dll",000000000021FB00) - START
0034:trace:module:MODULE_InitDLL (00000003AF670000 L"ucrtbase.dll",PROCESS_ATTACH,000000000021FB00) 00000003AF71AC10 - CALL
0034:trace:module:LdrGetDllFullName module 0000000000000000, name 000000000021EFA0.
0034:trace:module:GetModuleFileNameW L"C:\\windows\\system32\\services.exe"
0034:trace:module:LdrGetDllFullName module 0000000000000000, name 000000000021EFF0.
0034:trace:module:GetModuleFileNameW L"C:\\windows\\system32\\services.exe"
0034:trace:module:MODULE_InitDLL (00000003AF670000,PROCESS_ATTACH,000000000021FB00) - RETURN 1
0034:trace:module:process_attach (L"ucrtbase.dll",000000000021FB00) - END
0034:trace:module:MODULE_InitDLL (000000032A700000 L"sechost.dll",PROCESS_ATTACH,000000000021FB00) 000000032A71AF60 - CALL
0034:trace:module:MODULE_InitDLL (000000032A700000,PROCESS_ATTACH,000000000021FB00) - RETURN 1
0034:trace:module:process_attach (L"sechost.dll",000000000021FB00) - END
0034:trace:module:MODULE_InitDLL (0000000330260000 L"advapi32.dll",PROCESS_ATTACH,000000000021FB00) 0000000330288030 - CALL
0034:trace:module:MODULE_InitDLL (0000000330260000,PROCESS_ATTACH,000000000021FB00) - RETURN 1
0034:trace:module:process_attach (L"advapi32.dll",000000000021FB00) - END
0034:trace:module:process_attach (L"rpcrt4.dll",000000000021FB00) - START
0034:trace:module:MODULE_InitDLL (0000000231AE0000 L"rpcrt4.dll",PROCESS_ATTACH,000000000021FB00) 0000000231B334D0 - CALL
0034:trace:module:MODULE_InitDLL (0000000231AE0000,PROCESS_ATTACH,000000000021FB00) - RETURN 1
0034:trace:module:process_attach (L"rpcrt4.dll",000000000021FB00) - END
0034:trace:module:process_attach (L"setupapi.dll",000000000021FB00) - START
0034:trace:module:process_attach (L"version.dll",000000000021FB00) - START
0034:trace:module:MODULE_InitDLL (00000002F1FA0000 L"version.dll",PROCESS_ATTACH,000000000021FB00) 00000002F1FA2DE0 - CALL
0034:trace:module:MODULE_InitDLL (00000002F1FA0000,PROCESS_ATTACH,000000000021FB00) - RETURN 1
0034:trace:module:process_attach (L"version.dll",000000000021FB00) - END
0034:trace:module:MODULE_InitDLL (000000021A7E0000 L"setupapi.dll",PROCESS_ATTACH,000000000021FB00) 000000021A82A460 - CALL
0034:trace:module:MODULE_InitDLL (000000021A7E0000,PROCESS_ATTACH,000000000021FB00) - RETURN 1
0034:trace:module:process_attach (L"setupapi.dll",000000000021FB00) - END
0034:trace:module:process_attach (L"userenv.dll",000000000021FB00) - START
0034:trace:module:MODULE_InitDLL (0000000388E20000 L"userenv.dll",PROCESS_ATTACH,000000000021FB00) 0000000388E23AD0 - CALL
0034:trace:module:MODULE_InitDLL (0000000388E20000,PROCESS_ATTACH,000000000021FB00) - RETURN 1
0034:trace:module:process_attach (L"userenv.dll",000000000021FB00) - END
0034:trace:module:LdrGetDllHandleEx flags 0x1, load_path 0000000000000000, dll_characteristics 0000000000000000, name 000000000021F840, base 000000000021F838.
0034:trace:module:LdrGetDllHandleEx L"ntdll.dll" -> 0000000170000000 (load path (null))
0034:trace:module:LdrGetDllHandleEx flags 0x1, load_path 0000000000000000, dll_characteristics 0000000000000000, name 000000000021F3D0, base 000000000021F3C8.
0034:trace:module:LdrGetDllHandleEx L"ntdll.dll" -> 0000000170000000 (load path (null))
0034:trace:module:LdrGetDllHandleEx flags 0x1, load_path 0000000000000000, dll_characteristics 0000000000000000, name 000000000021F970, base 000000000021F968.
0034:trace:module:LdrGetDllHandleEx L"ntdll.dll" -> 0000000170000000 (load path (null))
0034:trace:module:LdrGetDllHandleEx flags 0x1, load_path 0000000000000000, dll_characteristics 0000000000000000, name 000000000021F680, base 000000000021F678.
0034:trace:module:LdrGetDllHandleEx L"ntdll.dll" -> 0000000170000000 (load path (null))
0038:trace:module:MODULE_InitDLL (00000001C8DB0000 L"msvcrt.dll",THREAD_ATTACH,0000000000000000) 00000001C8E3E9D0 - CALL
0038:trace:module:MODULE_InitDLL (00000001C8DB0000,THREAD_ATTACH,0000000000000000) - RETURN 1
0038:trace:module:MODULE_InitDLL (00000003AF670000 L"ucrtbase.dll",THREAD_ATTACH,0000000000000000) 00000003AF71AC10 - CALL
0038:trace:module:MODULE_InitDLL (00000003AF670000,THREAD_ATTACH,0000000000000000) - RETURN 1
0038:trace:module:MODULE_InitDLL (0000000231AE0000 L"rpcrt4.dll",THREAD_ATTACH,0000000000000000) 0000000231B334D0 - CALL
0038:trace:module:MODULE_InitDLL (0000000231AE0000,THREAD_ATTACH,0000000000000000) - RETURN 1
0034:trace:module:LdrGetDllHandleEx flags 0x1, load_path 0000000000000000, dll_characteristics 0000000000000000, name 000000000021F920, base 000000000021F918.
0034:trace:module:LdrGetDllHandleEx L"ntdll.dll" -> 0000000170000000 (load path (null))
0034:trace:module:LdrGetDllHandleEx flags 0x1, load_path 0000000000000000, dll_characteristics 0000000000000000, name 000000000021F630, base 000000000021F628.
0034:trace:module:LdrGetDllHandleEx L"ntdll.dll" -> 0000000170000000 (load path (null))
0034:trace:module:GetBinaryTypeW L"C:\\windows\\system32\\drivers\\mountmgr.sys"
0034:trace:module:LdrGetDllHandleEx flags 0x1, load_path 0000000000000000, dll_characteristics 0000000000000000, name 000000000020E9F0, base 000000000020E9E8.
0034:trace:module:LdrGetDllHandleEx L"ntdll.dll" -> 0000000170000000 (load path (null))
0034:trace:module:LdrGetDllHandleEx flags 0x1, load_path 0000000000000000, dll_characteristics 0000000000000000, name 000000000020E940, base 000000000020E938.
0034:trace:module:LdrGetDllHandleEx L"ntdll.dll" -> 0000000170000000 (load path (null))
0034:trace:module:LdrGetDllHandleEx flags 0x1, load_path 0000000000000000, dll_characteristics 0000000000000000, name 000000000020EAD0, base 000000000020EAC8.
0034:trace:module:LdrGetDllHandleEx L"ntdll.dll" -> 0000000170000000 (load path (null))
0034:trace:module:LdrGetDllHandleEx flags 0x1, load_path 0000000000000000, dll_characteristics 0000000000000000, name 000000000020E7F0, base 000000000020E7E8.
0034:trace:module:LdrGetDllHandleEx L"ntdll.dll" -> 0000000170000000 (load path (null))
0040:trace:module:get_load_order looking for L"C:\\windows\\system32\\winedevice.exe"
0040:trace:module:get_load_order got hardcoded default for L"winedevice.exe"
0040:trace:module:get_load_order looking for L"C:\\windows\\system32\\winedevice.exe"
0040:trace:module:get_load_order got hardcoded default for L"winedevice.exe"
0040:trace:module:map_image_into_view mapping PE file L"\\??\\C:\\windows\\system32\\winedevice.exe" at 0x140000000-0x14000a000
0040:trace:module:map_image_into_view mapping L"\\??\\C:\\windows\\system32\\winedevice.exe" section .text at 0x140001000 off 1000 size 2000 virt 1d00 flags 60000020
0040:trace:module:map_image_into_view mapping L"\\??\\C:\\windows\\system32\\winedevice.exe" section .data at 0x140003000 off 3000 size 1000 virt 60 flags c0000040
0040:trace:module:map_image_into_view mapping L"\\??\\C:\\windows\\system32\\winedevice.exe" section .rdata at 0x140004000 off 4000 size 1000 virt 2e0 flags 40000040
0040:trace:module:map_image_into_view mapping L"\\??\\C:\\windows\\system32\\winedevice.exe" section .pdata at 0x140005000 off 5000 size 1000 virt c0 flags 40000040
0040:trace:module:map_image_into_view mapping L"\\??\\C:\\windows\\system32\\winedevice.exe" section .xdata at 0x140006000 off 6000 size 1000 virt e4 flags 40000040
0040:trace:module:map_image_into_view mapping L"\\??\\C:\\windows\\system32\\winedevice.exe" section .bss at 0x140007000 off 0 size 0 virt 160 flags c0000080
0040:trace:module:map_image_into_view mapping L"\\??\\C:\\windows\\system32\\winedevice.exe" section .idata at 0x140008000 off 7000 size 1000 virt 788 flags c0000040
0040:trace:module:map_image_into_view mapping L"\\??\\C:\\windows\\system32\\winedevice.exe" section .reloc at 0x140009000 off 8000 size 1000 virt 10 flags 42000040
0040:trace:module:map_image_into_view mapping PE file L"\\??\\C:\\windows\\system32\\ntdll.dll" at 0x170000000-0x1700b4000
0040:trace:module:map_image_into_view mapping L"\\??\\C:\\windows\\system32\\ntdll.dll" section .text at 0x170001000 off 1000 size 7b000 virt 7a540 flags 60000020
0040:trace:module:map_image_into_view mapping L"\\??\\C:\\windows\\system32\\ntdll.dll" section .data at 0x17007c000 off 7c000 size 1000 virt e80 flags c0000040
0040:trace:module:map_image_into_view mapping L"\\??\\C:\\windows\\system32\\ntdll.dll" section .rodata at 0x17007d000 off 7d000 size 2000 virt 1f48 flags c0000040
0040:trace:module:map_image_into_view mapping L"\\??\\C:\\windows\\system32\\ntdll.dll" section .rdata at 0x17007f000 off 7f000 size 13000 virt 12310 flags 40000040
0040:trace:module:map_image_into_view mapping L"\\??\\C:\\windows\\system32\\ntdll.dll" section .pdata at 0x170092000 off 92000 size 4000 virt 3030 flags 40000040
0040:trace:module:map_image_into_view mapping L"\\??\\C:\\windows\\system32\\ntdll.dll" section .xdata at 0x170096000 off 96000 size 4000 virt 33b4 flags 40000040
0040:trace:module:map_image_into_view mapping L"\\??\\C:\\windows\\system32\\ntdll.dll" section .bss at 0x17009a000 off 0 size 0 virt 34f0 flags c0000080
0040:trace:module:map_image_into_view mapping L"\\??\\C:\\windows\\system32\\ntdll.dll" section .edata at 0x17009e000 off 9a000 size 13000 virt 1211e flags 40000040
0040:trace:module:map_image_into_view mapping L"\\??\\C:\\windows\\system32\\ntdll.dll" section .idata at 0x1700b1000 off ad000 size 1000 virt 18 flags c0000040
0040:trace:module:map_image_into_view mapping L"\\??\\C:\\windows\\system32\\ntdll.dll" section .rsrc at 0x1700b2000 off ae000 size 1000 virt 3b0 flags 40000040
0040:trace:module:map_image_into_view mapping L"\\??\\C:\\windows\\system32\\ntdll.dll" section .reloc at 0x1700b3000 off af000 size 1000 virt 17c flags 42000040
0040:trace:module:load_apiset_dll loaded L"\\??\\C:\\windows\\system32\\apisetschema.dll" apiset at 0x321000
0040:trace:module:build_module loaded L"\\??\\C:\\windows\\system32\\winedevice.exe" 00000000003319C0 0000000140000000
0040:trace:loaddll:build_module Loaded L"C:\\windows\\system32\\winedevice.exe" at 0000000140000000: builtin
0040:trace:module:load_dll looking for L"kernel32.dll" in (null)
0040:trace:module:get_load_order looking for L"C:\\windows\\system32\\kernel32.dll"
0040:trace:module:get_load_order got hardcoded default for L"kernel32.dll"
0040:trace:module:map_image_into_view mapping PE file L"\\??\\C:\\windows\\system32\\kernel32.dll" at 0x7b600000-0x7b665000
0040:trace:module:map_image_into_view mapping L"\\??\\C:\\windows\\system32\\kernel32.dll" section .text at 0x7b601000 off 1000 size 37000 virt 36200 flags 60000020
0040:trace:module:map_image_into_view mapping L"\\??\\C:\\windows\\system32\\kernel32.dll" section .data at 0x7b638000 off 38000 size 1000 virt 280 flags c0000040
0040:trace:module:map_image_into_view mapping L"\\??\\C:\\windows\\system32\\kernel32.dll" section .rodata at 0x7b639000 off 39000 size 2000 virt 1cf0 flags c0000040
0040:trace:module:map_image_into_view mapping L"\\??\\C:\\windows\\system32\\kernel32.dll" section .rdata at 0x7b63b000 off 3b000 size 4000 virt 38e0 flags 40000040
0040:trace:module:map_image_into_view mapping L"\\??\\C:\\windows\\system32\\kernel32.dll" section .pdata at 0x7b63f000 off 3f000 size 2000 virt 15d8 flags 40000040
0040:trace:module:map_image_into_view mapping L"\\??\\C:\\windows\\system32\\kernel32.dll" section .xdata at 0x7b641000 off 41000 size 2000 virt 17a0 flags 40000040
0040:trace:module:map_image_into_view mapping L"\\??\\C:\\windows\\system32\\kernel32.dll" section .bss at 0x7b643000 off 0 size 0 virt 260 flags c0000080
0040:trace:module:map_image_into_view mapping L"\\??\\C:\\windows\\system32\\kernel32.dll" section .edata at 0x7b644000 off 43000 size e000 virt da78 flags 40000040
0040:trace:module:map_image_into_view mapping L"\\??\\C:\\windows\\system32\\kernel32.dll" section .idata at 0x7b652000 off 51000 size a000 virt 9054 flags c0000040
0040:trace:module:map_image_into_view mapping L"\\??\\C:\\windows\\system32\\kernel32.dll" section .rsrc at 0x7b65c000 off 5b000 size 8000 virt 7e00 flags 40000040
0040:trace:module:map_image_into_view mapping L"\\??\\C:\\windows\\system32\\kernel32.dll" section .reloc at 0x7b664000 off 63000 size 1000 virt 48 flags 42000040
0040:trace:module:load_dll looking for L"kernelbase.dll" in (null)
0040:trace:module:get_load_order looking for L"C:\\windows\\system32\\kernelbase.dll"
0040:trace:module:get_load_order got hardcoded default for L"kernelbase.dll"
0040:trace:module:map_image_into_view mapping PE file L"\\??\\C:\\windows\\system32\\kernelbase.dll" at 0x7b000000-0x7b266000
0040:trace:module:map_image_into_view mapping L"\\??\\C:\\windows\\system32\\kernelbase.dll" section .text at 0x7b001000 off 1000 size 99000 virt 98db0 flags 60000020
0040:trace:module:map_image_into_view mapping L"\\??\\C:\\windows\\system32\\kernelbase.dll" section .data at 0x7b09a000 off 9a000 size 2000 virt 1dc0 flags c0000040
0040:trace:module:map_image_into_view mapping L"\\??\\C:\\windows\\system32\\kernelbase.dll" section .rodata at 0x7b09c000 off 9c000 size 2000 virt 1d88 flags c0000040
0040:trace:module:map_image_into_view mapping L"\\??\\C:\\windows\\system32\\kernelbase.dll" section .rdata at 0x7b09e000 off 9e000 size 20000 virt 1f110 flags 40000040
0040:trace:module:map_image_into_view mapping L"\\??\\C:\\windows\\system32\\kernelbase.dll" section .pdata at 0x7b0be000 off be000 size 4000 virt 3f54 flags 40000040
0040:trace:module:map_image_into_view mapping L"\\??\\C:\\windows\\system32\\kernelbase.dll" section .xdata at 0x7b0c2000 off c2000 size 5000 virt 46c4 flags 40000040
0040:trace:module:map_image_into_view mapping L"\\??\\C:\\windows\\system32\\kernelbase.dll" section .bss at 0x7b0c7000 off 0 size 0 virt 28e0 flags c0000080
0040:trace:module:map_image_into_view mapping L"\\??\\C:\\windows\\system32\\kernelbase.dll" section .edata at 0x7b0ca000 off c7000 size 20000 virt 1f903 flags 40000040
0040:trace:module:map_image_into_view mapping L"\\??\\C:\\windows\\system32\\kernelbase.dll" section .idata at 0x7b0ea000 off e7000 size 5000 virt 43f4 flags c0000040
0040:trace:module:map_image_into_view mapping L"\\??\\C:\\windows\\system32\\kernelbase.dll" section .rsrc at 0x7b0ef000 off ec000 size 176000 virt 1757f0 flags 40000040
0040:trace:module:map_image_into_view mapping L"\\??\\C:\\windows\\system32\\kernelbase.dll" section .reloc at 0x7b265000 off 262000 size 1000 virt 23c flags 42000040
0040:trace:module:load_dll looking for L"ntdll.dll" in (null)
0040:trace:module:load_dll Found L"C:\\windows\\system32\\ntdll.dll" for L"ntdll.dll" at 0000000170000000, count=2
0040:trace:module:import_dll is not hybrid module
0040:trace:module:build_module loaded L"\\??\\C:\\windows\\system32\\kernelbase.dll" 00000000003320C0 000000007B000000
0040:trace:loaddll:build_module Loaded L"C:\\windows\\system32\\kernelbase.dll" at 000000007B000000: builtin
0040:trace:module:load_dll Loaded module L"\\??\\C:\\windows\\system32\\kernelbase.dll" at 000000007B000000
0040:trace:module:import_dll is not hybrid module
0040:trace:module:load_dll looking for L"ntdll.dll" in (null)
0040:trace:module:load_dll Found L"C:\\windows\\system32\\ntdll.dll" for L"ntdll.dll" at 0000000170000000, count=3
0040:trace:module:import_dll is not hybrid module
0040:trace:module:build_module loaded L"\\??\\C:\\windows\\system32\\kernel32.dll" 0000000000331DD0 000000007B600000
0040:trace:loaddll:build_module Loaded L"C:\\windows\\system32\\kernel32.dll" at 000000007B600000: builtin
0040:trace:module:load_dll Loaded module L"\\??\\C:\\windows\\system32\\kernel32.dll" at 000000007B600000
0040:trace:module:load_dll looking for L"advapi32.dll" in (null)
0040:trace:module:get_load_order looking for L"C:\\windows\\system32\\advapi32.dll"
0040:trace:module:get_load_order got hardcoded default for L"advapi32.dll"
0040:trace:module:map_image_into_view mapping PE file L"\\??\\C:\\windows\\system32\\advapi32.dll" at 0x330260000-0x3302a4000
0040:trace:module:map_image_into_view mapping L"\\??\\C:\\windows\\system32\\advapi32.dll" section .text at 0x330261000 off 1000 size 29000 virt 28090 flags 60000060
0040:trace:module:map_image_into_view mapping L"\\??\\C:\\windows\\system32\\advapi32.dll" section .data at 0x33028a000 off 2a000 size 1000 virt 1a0 flags c0000040
0040:trace:module:map_image_into_view mapping L"\\??\\C:\\windows\\system32\\advapi32.dll" section .rodata at 0x33028b000 off 2b000 size 1000 virt e3c flags c0000040
0040:trace:module:map_image_into_view mapping L"\\??\\C:\\windows\\system32\\advapi32.dll" section .rdata at 0x33028c000 off 2c000 size 6000 virt 5fa0 flags 40000040
0040:trace:module:map_image_into_view mapping L"\\??\\C:\\windows\\system32\\advapi32.dll" section .pdata at 0x330292000 off 32000 size 2000 virt 1260 flags 40000040
0040:trace:module:map_image_into_view mapping L"\\??\\C:\\windows\\system32\\advapi32.dll" section .xdata at 0x330294000 off 34000 size 2000 virt 159c flags 40000040
0040:trace:module:map_image_into_view mapping L"\\??\\C:\\windows\\system32\\advapi32.dll" section .bss at 0x330296000 off 0 size 0 virt da0 flags c0000080
0040:trace:module:map_image_into_view mapping L"\\??\\C:\\windows\\system32\\advapi32.dll" section .edata at 0x330297000 off 36000 size 8000 virt 74c5 flags 40000040
0040:trace:module:map_image_into_view mapping L"\\??\\C:\\windows\\system32\\advapi32.dll" section .idata at 0x33029f000 off 3e000 size 3000 virt 2f74 flags c0000040
0040:trace:module:map_image_into_view mapping L"\\??\\C:\\windows\\system32\\advapi32.dll" section .rsrc at 0x3302a2000 off 41000 size 1000 virt 3c8 flags 40000040
0040:trace:module:map_image_into_view mapping L"\\??\\C:\\windows\\system32\\advapi32.dll" section .reloc at 0x3302a3000 off 42000 size 1000 virt 138 flags 42000040
0040:trace:module:load_dll looking for L"kernel32.dll" in (null)
0040:trace:module:load_dll Found L"C:\\windows\\system32\\kernel32.dll" for L"kernel32.dll" at 000000007B600000, count=2
0040:trace:module:import_dll is not hybrid module
0040:trace:module:load_dll looking for L"kernelbase.dll" in (null)
0040:trace:module:load_dll Found L"C:\\windows\\system32\\kernelbase.dll" for L"kernelbase.dll" at 000000007B000000, count=2
0040:trace:module:import_dll is not hybrid module
0040:trace:module:load_dll looking for L"msvcrt.dll" in (null)
0040:trace:module:get_load_order looking for L"C:\\windows\\system32\\msvcrt.dll"
0040:trace:module:get_load_order got hardcoded default for L"msvcrt.dll"
0040:trace:module:map_image_into_view mapping PE file L"\\??\\C:\\windows\\system32\\msvcrt.dll" at 0x1c8db0000-0x1c8e6c000
0040:trace:module:map_image_into_view mapping L"\\??\\C:\\windows\\system32\\msvcrt.dll" section .text at 0x1c8db1000 off 1000 size 8f000 virt 8e220 flags 60000060
0040:trace:module:map_image_into_view mapping L"\\??\\C:\\windows\\system32\\msvcrt.dll" section .data at 0x1c8e40000 off 90000 size 2000 virt 1830 flags c0000040
0040:trace:module:map_image_into_view mapping L"\\??\\C:\\windows\\system32\\msvcrt.dll" section .rodata at 0x1c8e42000 off 92000 size 2000 virt 1394 flags c0000040
0040:trace:module:map_image_into_view mapping L"\\??\\C:\\windows\\system32\\msvcrt.dll" section .rdata at 0x1c8e44000 off 94000 size b000 virt aef0 flags 40000040
0040:trace:module:map_image_into_view mapping L"\\??\\C:\\windows\\system32\\msvcrt.dll" section .pdata at 0x1c8e4f000 off 9f000 size 5000 virt 4278 flags 40000040
0040:trace:module:map_image_into_view mapping L"\\??\\C:\\windows\\system32\\msvcrt.dll" section .xdata at 0x1c8e54000 off a4000 size 5000 virt 42d0 flags 40000040
0040:trace:module:map_image_into_view mapping L"\\??\\C:\\windows\\system32\\msvcrt.dll" section .bss at 0x1c8e59000 off 0 size 0 virt 1c60 flags c0000080
0040:trace:module:map_image_into_view mapping L"\\??\\C:\\windows\\system32\\msvcrt.dll" section .edata at 0x1c8e5b000 off a9000 size d000 virt ca71 flags 40000040
0040:trace:module:map_image_into_view mapping L"\\??\\C:\\windows\\system32\\msvcrt.dll" section .idata at 0x1c8e68000 off b6000 size 2000 virt 1868 flags c0000040
0040:trace:module:map_image_into_view mapping L"\\??\\C:\\windows\\system32\\msvcrt.dll" section .rsrc at 0x1c8e6a000 off b8000 size 1000 virt 398 flags 40000040
0040:trace:module:map_image_into_view mapping L"\\??\\C:\\windows\\system32\\msvcrt.dll" section .reloc at 0x1c8e6b000 off b9000 size 1000 virt 25c flags 42000040
0040:trace:module:load_dll looking for L"kernel32.dll" in (null)
0040:trace:module:load_dll Found L"C:\\windows\\system32\\kernel32.dll" for L"kernel32.dll" at 000000007B600000, count=3
0040:trace:module:import_dll is not hybrid module
0040:trace:module:load_dll looking for L"ntdll.dll" in (null)
0040:trace:module:load_dll Found L"C:\\windows\\system32\\ntdll.dll" for L"ntdll.dll" at 0000000170000000, count=4
0040:trace:module:import_dll is not hybrid module
0040:trace:module:build_module loaded L"\\??\\C:\\windows\\system32\\msvcrt.dll" 00000000003325D0 00000001C8DB0000
0040:trace:loaddll:build_module Loaded L"C:\\windows\\system32\\msvcrt.dll" at 00000001C8DB0000: builtin
0040:trace:module:load_dll Loaded module L"\\??\\C:\\windows\\system32\\msvcrt.dll" at 00000001C8DB0000
0040:trace:module:import_dll is not hybrid module
0040:trace:module:load_dll looking for L"ntdll.dll" in (null)
0040:trace:module:load_dll Found L"C:\\windows\\system32\\ntdll.dll" for L"ntdll.dll" at 0000000170000000, count=5
0040:trace:module:import_dll is not hybrid module
0040:trace:module:load_dll looking for L"sechost.dll" in (null)
0040:trace:module:get_load_order looking for L"C:\\windows\\system32\\sechost.dll"
0040:trace:module:get_load_order got hardcoded default for L"sechost.dll"
0040:trace:module:map_image_into_view mapping PE file L"\\??\\C:\\windows\\system32\\sechost.dll" at 0x32a700000-0x32a72d000
0040:trace:module:map_image_into_view mapping L"\\??\\C:\\windows\\system32\\sechost.dll" section .text at 0x32a701000 off 1000 size 1b000 virt 1aeb0 flags 60000060
0040:trace:module:map_image_into_view mapping L"\\??\\C:\\windows\\system32\\sechost.dll" section .data at 0x32a71c000 off 1c000 size 1000 virt 170 flags c0000040
0040:trace:module:map_image_into_view mapping L"\\??\\C:\\windows\\system32\\sechost.dll" section .rodata at 0x32a71d000 off 1d000 size 1000 virt ef0 flags c0000040
0040:trace:module:map_image_into_view mapping L"\\??\\C:\\windows\\system32\\sechost.dll" section .rdata at 0x32a71e000 off 1e000 size 4000 virt 38d0 flags 40000040
0040:trace:module:map_image_into_view mapping L"\\??\\C:\\windows\\system32\\sechost.dll" section .pdata at 0x32a722000 off 22000 size 1000 virt b64 flags 40000040
0040:trace:module:map_image_into_view mapping L"\\??\\C:\\windows\\system32\\sechost.dll" section .xdata at 0x32a723000 off 23000 size 1000 virt c00 flags 40000040
0040:trace:module:map_image_into_view mapping L"\\??\\C:\\windows\\system32\\sechost.dll" section .bss at 0x32a724000 off 0 size 0 virt 1a0 flags c0000080
0040:trace:module:map_image_into_view mapping L"\\??\\C:\\windows\\system32\\sechost.dll" section .edata at 0x32a725000 off 24000 size 5000 virt 46ae flags 40000040
0040:trace:module:map_image_into_view mapping L"\\??\\C:\\windows\\system32\\sechost.dll" section .idata at 0x32a72a000 off 29000 size 2000 virt 121c flags c0000040
0040:trace:module:map_image_into_view mapping L"\\??\\C:\\windows\\system32\\sechost.dll" section .reloc at 0x32a72c000 off 2b000 size 1000 virt f8 flags 42000040
0040:trace:module:load_dll looking for L"kernel32.dll" in (null)
0040:trace:module:load_dll Found L"C:\\windows\\system32\\kernel32.dll" for L"kernel32.dll" at 000000007B600000, count=4
0040:trace:module:import_dll is not hybrid module
0040:trace:module:load_dll looking for L"kernelbase.dll" in (null)
0040:trace:module:load_dll Found L"C:\\windows\\system32\\kernelbase.dll" for L"kernelbase.dll" at 000000007B000000, count=3
0040:trace:module:import_dll is not hybrid module
0040:trace:module:load_dll looking for L"ntdll.dll" in (null)
0040:trace:module:load_dll Found L"C:\\windows\\system32\\ntdll.dll" for L"ntdll.dll" at 0000000170000000, count=6
0040:trace:module:import_dll is not hybrid module
0040:trace:module:load_dll looking for L"ucrtbase.dll" in (null)
0040:trace:module:get_load_order looking for L"C:\\windows\\system32\\ucrtbase.dll"
0040:trace:module:get_load_order got hardcoded default for L"ucrtbase.dll"
0040:trace:module:map_image_into_view mapping PE file L"\\??\\C:\\windows\\system32\\ucrtbase.dll" at 0x3af670000-0x3af759000
0040:trace:module:map_image_into_view mapping L"\\??\\C:\\windows\\system32\\ucrtbase.dll" section .text at 0x3af671000 off 1000 size ab000 virt aa4c0 flags 60000060
0040:trace:module:map_image_into_view mapping L"\\??\\C:\\windows\\system32\\ucrtbase.dll" section .data at 0x3af71c000 off ac000 size 2000 virt 1ac0 flags c0000040
0040:trace:module:map_image_into_view mapping L"\\??\\C:\\windows\\system32\\ucrtbase.dll" section .rodata at 0x3af71e000 off ae000 size 4000 virt 3988 flags c0000040
0040:trace:module:map_image_into_view mapping L"\\??\\C:\\windows\\system32\\ucrtbase.dll" section .rdata at 0x3af722000 off b2000 size d000 virt cb50 flags 40000040
0040:trace:module:map_image_into_view mapping L"\\??\\C:\\windows\\system32\\ucrtbase.dll" section .pdata at 0x3af72f000 off bf000 size 5000 virt 4d10 flags 40000040
0040:trace:module:map_image_into_view mapping L"\\??\\C:\\windows\\system32\\ucrtbase.dll" section .xdata at 0x3af734000 off c4000 size 5000 virt 4cd0 flags 40000040
0040:trace:module:map_image_into_view mapping L"\\??\\C:\\windows\\system32\\ucrtbase.dll" section .bss at 0x3af739000 off 0 size 0 virt 20c0 flags c0000080
0040:trace:module:map_image_into_view mapping L"\\??\\C:\\windows\\system32\\ucrtbase.dll" section .edata at 0x3af73c000 off c9000 size 19000 virt 186cd flags 40000040
0040:trace:module:map_image_into_view mapping L"\\??\\C:\\windows\\system32\\ucrtbase.dll" section .idata at 0x3af755000 off e2000 size 2000 virt 1a84 flags c0000040
0040:trace:module:map_image_into_view mapping L"\\??\\C:\\windows\\system32\\ucrtbase.dll" section .rsrc at 0x3af757000 off e4000 size 1000 virt 3c8 flags 40000040
0040:trace:module:map_image_into_view mapping L"\\??\\C:\\windows\\system32\\ucrtbase.dll" section .reloc at 0x3af758000 off e5000 size 1000 virt 29c flags 42000040
0040:trace:module:load_dll looking for L"kernel32.dll" in (null)
0040:trace:module:load_dll Found L"C:\\windows\\system32\\kernel32.dll" for L"kernel32.dll" at 000000007B600000, count=5
0040:trace:module:import_dll is not hybrid module
0040:trace:module:load_dll looking for L"ntdll.dll" in (null)
0040:trace:module:load_dll Found L"C:\\windows\\system32\\ntdll.dll" for L"ntdll.dll" at 0000000170000000, count=7
0040:trace:module:import_dll is not hybrid module
0040:trace:module:build_module loaded L"\\??\\C:\\windows\\system32\\ucrtbase.dll" 0000000000332BB0 00000003AF670000
0040:trace:loaddll:build_module Loaded L"C:\\windows\\system32\\ucrtbase.dll" at 00000003AF670000: builtin
0040:trace:module:load_dll Loaded module L"\\??\\C:\\windows\\system32\\ucrtbase.dll" at 00000003AF670000
0040:trace:module:import_dll is not hybrid module
0040:trace:module:build_module loaded L"\\??\\C:\\windows\\system32\\sechost.dll" 00000000003328A0 000000032A700000
0040:trace:loaddll:build_module Loaded L"C:\\windows\\system32\\sechost.dll" at 000000032A700000: builtin
0040:trace:module:load_dll Loaded module L"\\??\\C:\\windows\\system32\\sechost.dll" at 000000032A700000
0040:trace:module:import_dll is not hybrid module
0040:trace:module:build_module loaded L"\\??\\C:\\windows\\system32\\advapi32.dll" 00000000003323C0 0000000330260000
0040:trace:loaddll:build_module Loaded L"C:\\windows\\system32\\advapi32.dll" at 0000000330260000: builtin
0040:trace:module:load_dll Loaded module L"\\??\\C:\\windows\\system32\\advapi32.dll" at 0000000330260000
0040:trace:module:import_dll is not hybrid module
0040:trace:module:load_dll looking for L"kernel32.dll" in (null)
0040:trace:module:load_dll Found L"C:\\windows\\system32\\kernel32.dll" for L"kernel32.dll" at 000000007B600000, count=6
0040:trace:module:import_dll is not hybrid module
0040:trace:module:load_dll looking for L"ntdll.dll" in (null)
0040:trace:module:load_dll Found L"C:\\windows\\system32\\ntdll.dll" for L"ntdll.dll" at 0000000170000000, count=8
0040:trace:module:import_dll is not hybrid module
0040:trace:module:load_dll looking for L"ntoskrnl.exe" in (null)
0040:trace:module:get_load_order looking for L"C:\\windows\\system32\\ntoskrnl.exe"
0040:trace:module:get_load_order got hardcoded default for L"ntoskrnl.exe"
0040:trace:module:map_image_into_view mapping PE file L"\\??\\C:\\windows\\system32\\ntoskrnl.exe" at 0x2279a0000-0x2279ff000
0040:trace:module:map_image_into_view mapping L"\\??\\C:\\windows\\system32\\ntoskrnl.exe" section .text at 0x2279a1000 off 1000 size 2b000 virt 2a100 flags 60000060
0040:trace:module:map_image_into_view mapping L"\\??\\C:\\windows\\system32\\ntoskrnl.exe" section .data at 0x2279cc000 off 2c000 size 1000 virt 530 flags c0000040
0040:trace:module:map_image_into_view mapping L"\\??\\C:\\windows\\system32\\ntoskrnl.exe" section .rodata at 0x2279cd000 off 2d000 size 6000 virt 5e74 flags c0000040
0040:trace:module:map_image_into_view mapping L"\\??\\C:\\windows\\system32\\ntoskrnl.exe" section .rdata at 0x2279d3000 off 33000 size 6000 virt 51c0 flags 40000040
0040:trace:module:map_image_into_view mapping L"\\??\\C:\\windows\\system32\\ntoskrnl.exe" section .pdata at 0x2279d9000 off 39000 size 2000 virt 1200 flags 40000040
0040:trace:module:map_image_into_view mapping L"\\??\\C:\\windows\\system32\\ntoskrnl.exe" section .xdata at 0x2279db000 off 3b000 size 2000 virt 119c flags 40000040
0040:trace:module:map_image_into_view mapping L"\\??\\C:\\windows\\system32\\ntoskrnl.exe" section .bss at 0x2279dd000 off 0 size 0 virt 620 flags c0000080
0040:trace:module:map_image_into_view mapping L"\\??\\C:\\windows\\system32\\ntoskrnl.exe" section .edata at 0x2279de000 off 3d000 size 18000 virt 1777e flags 40000040
0040:trace:module:map_image_into_view mapping L"\\??\\C:\\windows\\system32\\ntoskrnl.exe" section .idata at 0x2279f6000 off 55000 size 7000 virt 68c0 flags c0000040
0040:trace:module:map_image_into_view mapping L"\\??\\C:\\windows\\system32\\ntoskrnl.exe" section .rsrc at 0x2279fd000 off 5c000 size 1000 virt 3b8 flags 40000040
0040:trace:module:map_image_into_view mapping L"\\??\\C:\\windows\\system32\\ntoskrnl.exe" section .reloc at 0x2279fe000 off 5d000 size 1000 virt 154 flags 42000040
0040:trace:module:load_dll looking for L"advapi32.dll" in (null)
0040:trace:module:load_dll Found L"C:\\windows\\system32\\advapi32.dll" for L"advapi32.dll" at 0000000330260000, count=2
0040:trace:module:import_dll is not hybrid module
0040:trace:module:load_dll looking for L"kernel32.dll" in (null)
0040:trace:module:load_dll Found L"C:\\windows\\system32\\kernel32.dll" for L"kernel32.dll" at 000000007B600000, count=7
0040:trace:module:import_dll is not hybrid module
0040:trace:module:load_dll looking for L"msvcrt.dll" in (null)
0040:trace:module:load_dll Found L"C:\\windows\\system32\\msvcrt.dll" for L"msvcrt.dll" at 00000001C8DB0000, count=2
0040:trace:module:import_dll is not hybrid module
0040:trace:module:load_dll looking for L"ntdll.dll" in (null)
0040:trace:module:load_dll Found L"C:\\windows\\system32\\ntdll.dll" for L"ntdll.dll" at 0000000170000000, count=9
0040:trace:module:import_dll is not hybrid module
0040:trace:module:build_module loaded L"\\??\\C:\\windows\\system32\\ntoskrnl.exe" 0000000000332EA0 00000002279A0000
0040:trace:loaddll:build_module Loaded L"C:\\windows\\system32\\ntoskrnl.exe" at 00000002279A0000: builtin
0040:trace:module:load_dll Loaded module L"\\??\\C:\\windows\\system32\\ntoskrnl.exe" at 00000002279A0000
0040:trace:module:import_dll is not hybrid module
0040:trace:module:load_dll looking for L"ucrtbase.dll" in (null)
0040:trace:module:load_dll Found L"C:\\windows\\system32\\ucrtbase.dll" for L"ucrtbase.dll" at 00000003AF670000, count=2
0040:trace:module:import_dll is not hybrid module
0040:trace:module:process_attach (L"ntdll.dll",000000000021FB00) - START
0040:trace:module:MODULE_InitDLL (0000000170000000 L"ntdll.dll",PROCESS_ATTACH,000000000021FB00) 000000017007B180 - CALL
0040:trace:module:MODULE_InitDLL (0000000170000000,PROCESS_ATTACH,000000000021FB00) - RETURN 1
0040:trace:module:process_attach (L"ntdll.dll",000000000021FB00) - END
0040:trace:module:process_attach (L"kernel32.dll",000000000021FB00) - START
0040:trace:module:process_attach (L"kernelbase.dll",000000000021FB00) - START
0040:trace:module:MODULE_InitDLL (000000007B000000 L"kernelbase.dll",PROCESS_ATTACH,000000000021FB00) 000000007B04C9C0 - CALL
0040:trace:module:LdrGetDllHandleEx flags 0, load_path 0000000000335350, dll_characteristics 0000000000000000, name 000000000021EC00, base 000000000021EBA8.
0040:trace:module:LdrGetDllHandleEx L"C:\\windows\\system32\\tzres.dll" -> 0000000000000000 (load path L"C:\\windows\\system32;C:\\windows\\system32;C:\\windows\\system;C:\\windows;.;C:\\windows\\system32;C:\\windows;C:\\windows\\system32\\wbem;C:\\windows\\system32\\WindowsPowershell\\v1.0")
0040:trace:module:get_load_order looking for L"C:\\windows\\system32\\tzres.dll"
0040:trace:module:get_load_order got hardcoded default for L"tzres.dll"
0040:trace:module:map_image_into_view mapping PE file L"\\??\\C:\\windows\\system32\\tzres.dll" at 0x10000000-0x10073000
0040:trace:module:map_image_into_view mapping L"\\??\\C:\\windows\\system32\\tzres.dll" section .rsrc at 0x10001000 off 1000 size 72000 virt 71d74 flags 40000040
0040:trace:module:FindResourceExW 0000000010000002 #0006 #0786 0000
0040:trace:module:LoadResource 0000000010000002 000000001000B4B8
0040:trace:module:LdrGetDllHandleEx flags 0, load_path 0000000000335460, dll_characteristics 0000000000000000, name 000000000021EC00, base 000000000021EBA8.
0040:trace:module:LdrGetDllHandleEx L"C:\\windows\\system32\\tzres.dll" -> 0000000000000000 (load path L"C:\\windows\\system32;C:\\windows\\system32;C:\\windows\\system;C:\\windows;.;C:\\windows\\system32;C:\\windows;C:\\windows\\system32\\wbem;C:\\windows\\system32\\WindowsPowershell\\v1.0")
0040:trace:module:get_load_order looking for L"C:\\windows\\system32\\tzres.dll"
0040:trace:module:get_load_order got hardcoded default for L"tzres.dll"
0040:trace:module:map_image_into_view mapping PE file L"\\??\\C:\\windows\\system32\\tzres.dll" at 0x10000000-0x10073000
0040:trace:module:map_image_into_view mapping L"\\??\\C:\\windows\\system32\\tzres.dll" section .rsrc at 0x10001000 off 1000 size 72000 virt 71d74 flags 40000040
0040:trace:module:FindResourceExW 0000000010000002 #0006 #0786 0000
0040:trace:module:LoadResource 0000000010000002 000000001000B4B8
0040:trace:module:MODULE_InitDLL (000000007B000000,PROCESS_ATTACH,000000000021FB00) - RETURN 1
0040:trace:module:process_attach (L"kernelbase.dll",000000000021FB00) - END
0040:trace:module:MODULE_InitDLL (000000007B600000 L"kernel32.dll",PROCESS_ATTACH,000000000021FB00) 000000007B636E80 - CALL
0040:trace:module:MODULE_InitDLL (000000007B600000,PROCESS_ATTACH,000000000021FB00) - RETURN 1
0040:trace:module:process_attach (L"kernel32.dll",000000000021FB00) - END
0040:trace:module:process_attach (L"advapi32.dll",000000000021FB00) - START
0040:trace:module:process_attach (L"msvcrt.dll",000000000021FB00) - START
0040:trace:module:MODULE_InitDLL (00000001C8DB0000 L"msvcrt.dll",PROCESS_ATTACH,000000000021FB00) 00000001C8E3E9D0 - CALL
0040:trace:module:LdrGetDllFullName module 0000000000000000, name 000000000021F020.
0040:trace:module:GetModuleFileNameW L"C:\\windows\\system32\\winedevice.exe"
0040:trace:module:LdrGetDllFullName module 0000000000000000, name 000000000021F070.
0040:trace:module:GetModuleFileNameW L"C:\\windows\\system32\\winedevice.exe"
0040:trace:module:LdrAddRefDll (L"msvcrt.dll") ldr.LoadCount: -1
0040:trace:module:MODULE_InitDLL (00000001C8DB0000,PROCESS_ATTACH,000000000021FB00) - RETURN 1
0040:trace:module:process_attach (L"msvcrt.dll",000000000021FB00) - END
0040:trace:module:process_attach (L"sechost.dll",000000000021FB00) - START
0040:trace:module:process_attach (L"ucrtbase.dll",000000000021FB00) - START
0040:trace:module:MODULE_InitDLL (00000003AF670000 L"ucrtbase.dll",PROCESS_ATTACH,000000000021FB00) 00000003AF71AC10 - CALL
0040:trace:module:LdrGetDllFullName module 0000000000000000, name 000000000021EFA0.
0040:trace:module:GetModuleFileNameW L"C:\\windows\\system32\\winedevice.exe"
0040:trace:module:LdrGetDllFullName module 0000000000000000, name 000000000021EFF0.
0040:trace:module:GetModuleFileNameW L"C:\\windows\\system32\\winedevice.exe"
0040:trace:module:MODULE_InitDLL (00000003AF670000,PROCESS_ATTACH,000000000021FB00) - RETURN 1
0040:trace:module:process_attach (L"ucrtbase.dll",000000000021FB00) - END
0040:trace:module:MODULE_InitDLL (000000032A700000 L"sechost.dll",PROCESS_ATTACH,000000000021FB00) 000000032A71AF60 - CALL
0040:trace:module:MODULE_InitDLL (000000032A700000,PROCESS_ATTACH,000000000021FB00) - RETURN 1
0040:trace:module:process_attach (L"sechost.dll",000000000021FB00) - END
0040:trace:module:MODULE_InitDLL (0000000330260000 L"advapi32.dll",PROCESS_ATTACH,000000000021FB00) 0000000330288030 - CALL
0040:trace:module:MODULE_InitDLL (0000000330260000,PROCESS_ATTACH,000000000021FB00) - RETURN 1
0040:trace:module:process_attach (L"advapi32.dll",000000000021FB00) - END
0040:trace:module:process_attach (L"ntoskrnl.exe",000000000021FB00) - START
0040:trace:module:MODULE_InitDLL (00000002279A0000 L"ntoskrnl.exe",PROCESS_ATTACH,000000000021FB00) 00000002279C8F60 - CALL
0040:trace:module:LdrRegisterDllNotification (0, 00000002279AF720, 0000000000000000, 00000002279DD420)
0040:trace:module:MODULE_InitDLL (00000002279A0000,PROCESS_ATTACH,000000000021FB00) - RETURN 1
0040:trace:module:process_attach (L"ntoskrnl.exe",000000000021FB00) - END
0040:trace:module:LdrGetDllHandleEx flags 0x1, load_path 0000000000000000, dll_characteristics 0000000000000000, name 000000000021F850, base 000000000021F848.
0040:trace:module:LdrGetDllHandleEx L"ntdll.dll" -> 0000000170000000 (load path (null))
0040:trace:module:LdrResolveDelayLoadedAPI (000000032A700000, 000000032A71BE70, 0000000000000000, 000000007B60C510, 000000032A72A620, 0x00000000)
0040:trace:module:load_dll looking for L"rpcrt4.dll" in (null)
0040:trace:module:get_load_order looking for L"C:\\windows\\system32\\rpcrt4.dll"
0040:trace:module:get_load_order got hardcoded default for L"rpcrt4.dll"
0040:trace:module:map_image_into_view mapping PE file L"\\??\\C:\\windows\\system32\\rpcrt4.dll" at 0x231ae0000-0x231b70000
0040:trace:module:map_image_into_view mapping L"\\??\\C:\\windows\\system32\\rpcrt4.dll" section .text at 0x231ae1000 off 1000 size 54000 virt 53970 flags 60000060
0040:trace:module:map_image_into_view mapping L"\\??\\C:\\windows\\system32\\rpcrt4.dll" section .data at 0x231b35000 off 55000 size 1000 virt 710 flags c0000040
0040:trace:module:map_image_into_view mapping L"\\??\\C:\\windows\\system32\\rpcrt4.dll" section .rodata at 0x231b36000 off 56000 size 2000 virt 1b44 flags c0000040
0040:trace:module:map_image_into_view mapping L"\\??\\C:\\windows\\system32\\rpcrt4.dll" section .rdata at 0x231b38000 off 58000 size 16000 virt 153f0 flags 40000040
0040:trace:module:map_image_into_view mapping L"\\??\\C:\\windows\\system32\\rpcrt4.dll" section .pdata at 0x231b4e000 off 6e000 size 3000 virt 22f8 flags 40000040
0040:trace:module:map_image_into_view mapping L"\\??\\C:\\windows\\system32\\rpcrt4.dll" section .xdata at 0x231b51000 off 71000 size 3000 virt 2934 flags 40000040
0040:trace:module:map_image_into_view mapping L"\\??\\C:\\windows\\system32\\rpcrt4.dll" section .bss at 0x231b54000 off 0 size 0 virt 690 flags c0000080
0040:trace:module:map_image_into_view mapping L"\\??\\C:\\windows\\system32\\rpcrt4.dll" section .edata at 0x231b55000 off 74000 size 17000 virt 16730 flags 40000040
0040:trace:module:map_image_into_view mapping L"\\??\\C:\\windows\\system32\\rpcrt4.dll" section .idata at 0x231b6c000 off 8b000 size 2000 virt 19ac flags c0000040
0040:trace:module:map_image_into_view mapping L"\\??\\C:\\windows\\system32\\rpcrt4.dll" section .rsrc at 0x231b6e000 off 8d000 size 1000 virt 3a8 flags 40000040
0040:trace:module:map_image_into_view mapping L"\\??\\C:\\windows\\system32\\rpcrt4.dll" section .reloc at 0x231b6f000 off 8e000 size 1000 virt 504 flags 42000040
0040:trace:module:load_dll looking for L"advapi32.dll" in (null)
0040:trace:module:load_dll Found L"C:\\windows\\system32\\advapi32.dll" for L"advapi32.dll" at 0000000330260000, count=-1
0040:trace:module:import_dll is not hybrid module
0040:trace:module:load_dll looking for L"kernel32.dll" in (null)
0040:trace:module:load_dll Found L"C:\\windows\\system32\\kernel32.dll" for L"kernel32.dll" at 000000007B600000, count=-1
0040:trace:module:import_dll is not hybrid module
0040:trace:module:load_dll looking for L"ntdll.dll" in (null)
0040:trace:module:load_dll Found L"C:\\windows\\system32\\ntdll.dll" for L"ntdll.dll" at 0000000170000000, count=-1
0040:trace:module:import_dll is not hybrid module
0040:trace:module:load_dll looking for L"ucrtbase.dll" in (null)
0040:trace:module:load_dll Found L"C:\\windows\\system32\\ucrtbase.dll" for L"ucrtbase.dll" at 00000003AF670000, count=-1
0040:trace:module:import_dll is not hybrid module
0040:trace:module:build_module loaded L"\\??\\C:\\windows\\system32\\rpcrt4.dll" 000000000033B700 0000000231AE0000
0040:trace:loaddll:build_module Loaded L"C:\\windows\\system32\\rpcrt4.dll" at 0000000231AE0000: builtin
0040:trace:module:load_dll Loaded module L"\\??\\C:\\windows\\system32\\rpcrt4.dll" at 0000000231AE0000
0040:trace:module:process_attach (L"rpcrt4.dll",0000000000000000) - START
0040:trace:module:LdrGetDllHandleEx flags 0x1, load_path 0000000000000000, dll_characteristics 0000000000000000, name 000000000021EC20, base 000000000021EC18.
0040:trace:module:LdrGetDllHandleEx L"ntdll.dll" -> 0000000170000000 (load path (null))
0040:trace:module:LdrGetDllHandleEx flags 0x1, load_path 0000000000000000, dll_characteristics 0000000000000000, name 000000000021E7C0, base 000000000021E7B8.
0040:trace:module:LdrGetDllHandleEx L"ntdll.dll" -> 0000000170000000 (load path (null))
0040:trace:module:MODULE_InitDLL (0000000231AE0000 L"rpcrt4.dll",PROCESS_ATTACH,0000000000000000) 0000000231B334D0 - CALL
0040:trace:module:MODULE_InitDLL (0000000231AE0000,PROCESS_ATTACH,0000000000000000) - RETURN 1
0040:trace:module:process_attach (L"rpcrt4.dll",0000000000000000) - END
0040:trace:module:LdrGetDllHandleEx flags 0x1, load_path 0000000000000000, dll_characteristics 0000000000000000, name 000000000021ECC0, base 000000000021ECB8.
0040:trace:module:LdrGetDllHandleEx L"ntdll.dll" -> 0000000170000000 (load path (null))
0040:trace:module:LdrResolveDelayLoadedAPI (000000032A700000, 000000032A71BE70, 0000000000000000, 000000007B60C510, 000000032A72A700, 0x00000000)
0040:trace:module:LdrGetDllHandleEx flags 0x1, load_path 0000000000000000, dll_characteristics 0000000000000000, name 000000000021EED0, base 000000000021EEC8.
0040:trace:module:LdrGetDllHandleEx L"ntdll.dll" -> 0000000170000000 (load path (null))
0040:trace:module:LdrResolveDelayLoadedAPI (000000032A700000, 000000032A71BE70, 0000000000000000, 000000007B60C510, 000000032A72A6E8, 0x00000000)
0040:trace:module:LdrResolveDelayLoadedAPI (000000032A700000, 000000032A71BE70, 0000000000000000, 000000007B60C510, 000000032A72A710, 0x00000000)
0040:trace:module:LdrResolveDelayLoadedAPI (000000032A700000, 000000032A71BE70, 0000000000000000, 000000007B60C510, 000000032A72A6A0, 0x00000000)
0040:trace:module:LdrResolveDelayLoadedAPI (000000032A700000, 000000032A71BE70, 0000000000000000, 000000007B60C510, 000000032A72A680, 0x00000000)
0044:trace:module:MODULE_InitDLL (00000001C8DB0000 L"msvcrt.dll",THREAD_ATTACH,0000000000000000) 00000001C8E3E9D0 - CALL
0044:trace:module:MODULE_InitDLL (00000001C8DB0000,THREAD_ATTACH,0000000000000000) - RETURN 1
0044:trace:module:MODULE_InitDLL (00000003AF670000 L"ucrtbase.dll",THREAD_ATTACH,0000000000000000) 00000003AF71AC10 - CALL
0044:trace:module:MODULE_InitDLL (00000003AF670000,THREAD_ATTACH,0000000000000000) - RETURN 1
0044:trace:module:MODULE_InitDLL (0000000231AE0000 L"rpcrt4.dll",THREAD_ATTACH,0000000000000000) 0000000231B334D0 - CALL
0044:trace:module:MODULE_InitDLL (0000000231AE0000,THREAD_ATTACH,0000000000000000) - RETURN 1
0040:trace:module:LdrResolveDelayLoadedAPI (000000032A700000, 000000032A71BE70, 0000000000000000, 000000007B60C510, 000000032A72A6A8, 0x00000000)
0040:trace:module:LdrResolveDelayLoadedAPI (000000032A700000, 000000032A71BE70, 0000000000000000, 000000007B60C510, 000000032A72A6B8, 0x00000000)
0048:trace:module:MODULE_InitDLL (00000001C8DB0000 L"msvcrt.dll",THREAD_ATTACH,0000000000000000) 00000001C8E3E9D0 - CALL
0048:trace:module:MODULE_InitDLL (00000001C8DB0000,THREAD_ATTACH,0000000000000000) - RETURN 1
0048:trace:module:MODULE_InitDLL (00000003AF670000 L"ucrtbase.dll",THREAD_ATTACH,0000000000000000) 00000003AF71AC10 - CALL
0048:trace:module:MODULE_InitDLL (00000003AF670000,THREAD_ATTACH,0000000000000000) - RETURN 1
0048:trace:module:MODULE_InitDLL (0000000231AE0000 L"rpcrt4.dll",THREAD_ATTACH,0000000000000000) 0000000231B334D0 - CALL
0048:trace:module:MODULE_InitDLL (0000000231AE0000,THREAD_ATTACH,0000000000000000) - RETURN 1
0040:trace:module:LdrResolveDelayLoadedAPI (000000032A700000, 000000032A71BE70, 0000000000000000, 000000007B60C510, 000000032A72A618, 0x00000000)
0040:trace:module:LdrResolveDelayLoadedAPI (000000032A700000, 000000032A71BE70, 0000000000000000, 000000007B60C510, 000000032A72A678, 0x00000000)
0040:trace:module:LdrResolveDelayLoadedAPI (000000032A700000, 000000032A71BE70, 0000000000000000, 000000007B60C510, 000000032A72A6D8, 0x00000000)
004c:trace:module:MODULE_InitDLL (00000001C8DB0000 L"msvcrt.dll",THREAD_ATTACH,0000000000000000) 00000001C8E3E9D0 - CALL
004c:trace:module:MODULE_InitDLL (00000001C8DB0000,THREAD_ATTACH,0000000000000000) - RETURN 1
004c:trace:module:MODULE_InitDLL (00000003AF670000 L"ucrtbase.dll",THREAD_ATTACH,0000000000000000) 00000003AF71AC10 - CALL
004c:trace:module:MODULE_InitDLL (00000003AF670000,THREAD_ATTACH,0000000000000000) - RETURN 1
004c:trace:module:MODULE_InitDLL (0000000231AE0000 L"rpcrt4.dll",THREAD_ATTACH,0000000000000000) 0000000231B334D0 - CALL
004c:trace:module:MODULE_InitDLL (0000000231AE0000,THREAD_ATTACH,0000000000000000) - RETURN 1
004c:trace:module:LdrResolveDelayLoadedAPI (000000032A700000, 000000032A71BE70, 0000000000000000, 000000007B60C510, 000000032A72A608, 0x00000000)
004c:trace:module:LdrResolveDelayLoadedAPI (000000032A700000, 000000032A71BE70, 0000000000000000, 000000007B60C510, 000000032A72A658, 0x00000000)
004c:trace:module:LdrResolveDelayLoadedAPI (000000032A700000, 000000032A71BE70, 0000000000000000, 000000007B60C510, 000000032A72A610, 0x00000000)
004c:trace:module:LdrResolveDelayLoadedAPI (000000032A700000, 000000032A71BE70, 0000000000000000, 000000007B60C510, 000000032A72A660, 0x00000000)
0050:trace:module:MODULE_InitDLL (00000001C8DB0000 L"msvcrt.dll",THREAD_ATTACH,0000000000000000) 00000001C8E3E9D0 - CALL
0050:trace:module:MODULE_InitDLL (00000001C8DB0000,THREAD_ATTACH,0000000000000000) - RETURN 1
0050:trace:module:MODULE_InitDLL (00000003AF670000 L"ucrtbase.dll",THREAD_ATTACH,0000000000000000) 00000003AF71AC10 - CALL
0050:trace:module:MODULE_InitDLL (00000003AF670000,THREAD_ATTACH,0000000000000000) - RETURN 1
0050:trace:module:MODULE_InitDLL (0000000231AE0000 L"rpcrt4.dll",THREAD_ATTACH,0000000000000000) 0000000231B334D0 - CALL
0050:trace:module:MODULE_InitDLL (0000000231AE0000,THREAD_ATTACH,0000000000000000) - RETURN 1
0050:trace:module:LdrAddDllDirectory L"\\??\\C:\\windows\\system32\\drivers"
0050:trace:module:LdrGetDllHandleEx flags 0x1, load_path 0000000000000000, dll_characteristics 0000000000000000, name 00000000011CF980, base 00000000011CF978.
0050:trace:module:LdrGetDllHandleEx L"ntdll.dll" -> 0000000170000000 (load path (null))
0050:trace:module:LdrGetDllHandleEx flags 0x1, load_path 0000000000000000, dll_characteristics 0000000000000000, name 00000000011CF510, base 00000000011CF508.
0050:trace:module:LdrGetDllHandleEx L"ntdll.dll" -> 0000000170000000 (load path (null))
0050:trace:module:LdrResolveDelayLoadedAPI (000000032A700000, 000000032A71BE70, 0000000000000000, 000000007B60C510, 000000032A72A6C0, 0x00000000)
0050:trace:module:LdrResolveDelayLoadedAPI (00000002279A0000, 00000002279CB090, 0000000000000000, 000000007B60C510, 00000002279F8948, 0x00000000)
0050:trace:module:load_dll looking for L"rpcrt4.dll" in (null)
0050:trace:module:load_dll Found L"C:\\windows\\system32\\rpcrt4.dll" for L"rpcrt4.dll" at 0000000231AE0000, count=2
0050:trace:module:LdrResolveDelayLoadedAPI (00000002279A0000, 00000002279CB090, 0000000000000000, 000000007B60C510, 00000002279F8938, 0x00000000)
0050:trace:module:LdrResolveDelayLoadedAPI (00000002279A0000, 00000002279CB090, 0000000000000000, 000000007B60C510, 00000002279F8950, 0x00000000)
004c:trace:module:LdrResolveDelayLoadedAPI (000000032A700000, 000000032A71BE70, 0000000000000000, 000000007B60C510, 000000032A72A638, 0x00000000)
004c:trace:module:load_dll looking for L"C:\\windows\\system32\\drivers\\mountmgr.sys" in L"C:\\windows\\system32\\drivers;C:\\windows\\system32;C:\\windows\\system32\\drivers;C:\\windows\\system32\\"
004c:trace:module:get_load_order looking for L"C:\\windows\\system32\\drivers\\mountmgr.sys"
004c:trace:module:get_load_order got hardcoded default for L"C:\\windows\\system32\\drivers\\mountmgr.sys"
004c:trace:module:map_image_into_view mapping PE file L"\\??\\C:\\windows\\system32\\drivers\\mountmgr.sys" at 0x1fbac0000-0x1fbad6000
004c:trace:module:map_image_into_view mapping L"\\??\\C:\\windows\\system32\\drivers\\mountmgr.sys" section .text at 0x1fbac1000 off 1000 size c000 virt b640 flags 60000060
004c:trace:module:map_image_into_view mapping L"\\??\\C:\\windows\\system32\\drivers\\mountmgr.sys" section .data at 0x1fbacd000 off d000 size 1000 virt 100 flags c0000040
004c:trace:module:map_image_into_view mapping L"\\??\\C:\\windows\\system32\\drivers\\mountmgr.sys" section .rdata at 0x1fbace000 off e000 size 2000 virt 13f0 flags 40000040
004c:trace:module:map_image_into_view mapping L"\\??\\C:\\windows\\system32\\drivers\\mountmgr.sys" section .pdata at 0x1fbad0000 off 10000 size 1000 virt 300 flags 40000040
004c:trace:module:map_image_into_view mapping L"\\??\\C:\\windows\\system32\\drivers\\mountmgr.sys" section .xdata at 0x1fbad1000 off 11000 size 1000 virt 458 flags 40000040
004c:trace:module:map_image_into_view mapping L"\\??\\C:\\windows\\system32\\drivers\\mountmgr.sys" section .bss at 0x1fbad2000 off 0 size 0 virt 190 flags c0000080
004c:trace:module:map_image_into_view mapping L"\\??\\C:\\windows\\system32\\drivers\\mountmgr.sys" section .edata at 0x1fbad3000 off 12000 size 1000 virt 321 flags 40000040
004c:trace:module:map_image_into_view mapping L"\\??\\C:\\windows\\system32\\drivers\\mountmgr.sys" section .idata at 0x1fbad4000 off 13000 size 1000 virt bd0 flags c0000040
004c:trace:module:map_image_into_view mapping L"\\??\\C:\\windows\\system32\\drivers\\mountmgr.sys" section .reloc at 0x1fbad5000 off 14000 size 1000 virt 48 flags 42000040
004c:trace:module:load_dll looking for L"advapi32.dll" in L"C:\\windows\\system32\\drivers;C:\\windows\\system32;C:\\windows\\system32\\drivers;C:\\windows\\system32\\"
004c:trace:module:load_dll Found L"C:\\windows\\system32\\advapi32.dll" for L"advapi32.dll" at 0000000330260000, count=-1
004c:trace:module:import_dll is not hybrid module
004c:trace:module:load_dll looking for L"kernel32.dll" in L"C:\\windows\\system32\\drivers;C:\\windows\\system32;C:\\windows\\system32\\drivers;C:\\windows\\system32\\"
004c:trace:module:load_dll Found L"C:\\windows\\system32\\kernel32.dll" for L"kernel32.dll" at 000000007B600000, count=-1
004c:trace:module:import_dll is not hybrid module
004c:trace:module:load_dll looking for L"ntdll.dll" in L"C:\\windows\\system32\\drivers;C:\\windows\\system32;C:\\windows\\system32\\drivers;C:\\windows\\system32\\"
004c:trace:module:load_dll Found L"C:\\windows\\system32\\ntdll.dll" for L"ntdll.dll" at 0000000170000000, count=-1
004c:trace:module:import_dll is not hybrid module
004c:trace:module:load_dll looking for L"ntoskrnl.exe" in L"C:\\windows\\system32\\drivers;C:\\windows\\system32;C:\\windows\\system32\\drivers;C:\\windows\\system32\\"
004c:trace:module:load_dll Found L"C:\\windows\\system32\\ntoskrnl.exe" for L"ntoskrnl.exe" at 00000002279A0000, count=-1
004c:trace:module:import_dll is not hybrid module
004c:trace:module:load_dll looking for L"ucrtbase.dll" in L"C:\\windows\\system32\\drivers;C:\\windows\\system32;C:\\windows\\system32\\drivers;C:\\windows\\system32\\"
004c:trace:module:load_dll Found L"C:\\windows\\system32\\ucrtbase.dll" for L"ucrtbase.dll" at 00000003AF670000, count=-1
004c:trace:module:import_dll is not hybrid module
004c:trace:module:build_module loaded L"\\??\\C:\\windows\\system32\\drivers\\mountmgr.sys" 00000000003435A0 00000001FBAC0000
004c:trace:loaddll:build_module Loaded L"C:\\windows\\system32\\drivers\\mountmgr.sys" at 00000001FBAC0000: builtin
004c:trace:module:load_dll Loaded module L"\\??\\C:\\windows\\system32\\drivers\\mountmgr.sys" at 00000001FBAC0000
004c:trace:module:process_attach (L"mountmgr.sys",0000000000000000) - START
004c:trace:module:process_attach (L"mountmgr.sys",0000000000000000) - END
004c:trace:module:LdrGetDllHandleEx flags 0x1, load_path 0000000000000000, dll_characteristics 0000000000000000, name 0000000000ECF690, base 0000000000ECF688.
004c:trace:module:LdrGetDllHandleEx L"ntdll.dll" -> 0000000170000000 (load path (null))
004c:trace:module:LdrGetDllHandleEx flags 0x1, load_path 0000000000000000, dll_characteristics 0000000000000000, name 0000000000ECF220, base 0000000000ECF218.
004c:trace:module:LdrGetDllHandleEx L"ntdll.dll" -> 0000000170000000 (load path (null))
004c:trace:module:LdrGetDllHandleEx flags 0x1, load_path 0000000000000000, dll_characteristics 0000000000000000, name 0000000000ECD370, base 0000000000ECD368.
004c:trace:module:LdrGetDllHandleEx L"ntdll.dll" -> 0000000170000000 (load path (null))
0054:trace:module:MODULE_InitDLL (00000001C8DB0000 L"msvcrt.dll",THREAD_ATTACH,0000000000000000) 00000001C8E3E9D0 - CALL
0054:trace:module:MODULE_InitDLL (00000001C8DB0000,THREAD_ATTACH,0000000000000000) - RETURN 1
0054:trace:module:MODULE_InitDLL (00000003AF670000 L"ucrtbase.dll",THREAD_ATTACH,0000000000000000) 00000003AF71AC10 - CALL
0054:trace:module:MODULE_InitDLL (00000003AF670000,THREAD_ATTACH,0000000000000000) - RETURN 1
0054:trace:module:MODULE_InitDLL (0000000231AE0000 L"rpcrt4.dll",THREAD_ATTACH,0000000000000000) 0000000231B334D0 - CALL
0054:trace:module:MODULE_InitDLL (0000000231AE0000,THREAD_ATTACH,0000000000000000) - RETURN 1
0058:trace:module:MODULE_InitDLL (00000001C8DB0000 L"msvcrt.dll",THREAD_ATTACH,0000000000000000) 00000001C8E3E9D0 - CALL
0058:trace:module:MODULE_InitDLL (00000001C8DB0000,THREAD_ATTACH,0000000000000000) - RETURN 1
0058:trace:module:MODULE_InitDLL (00000003AF670000 L"ucrtbase.dll",THREAD_ATTACH,0000000000000000) 00000003AF71AC10 - CALL
0058:trace:module:MODULE_InitDLL (00000003AF670000,THREAD_ATTACH,0000000000000000) - RETURN 1
0058:trace:module:MODULE_InitDLL (0000000231AE0000 L"rpcrt4.dll",THREAD_ATTACH,0000000000000000) 0000000231B334D0 - CALL
0058:trace:module:MODULE_InitDLL (0000000231AE0000,THREAD_ATTACH,0000000000000000) - RETURN 1
004c:trace:module:LdrResolveDelayLoadedAPI (00000002279A0000, 00000002279CB0B0, 0000000000000000, 000000007B60C510, 00000002279F89A0, 0x00000000)
004c:trace:module:load_dll looking for L"setupapi.dll" in (null)
004c:trace:module:get_load_order looking for L"C:\\windows\\system32\\setupapi.dll"
004c:trace:module:get_load_order got hardcoded default for L"setupapi.dll"
004c:trace:module:map_image_into_view mapping PE file L"\\??\\C:\\windows\\system32\\setupapi.dll" at 0x21a7e0000-0x21a86a000
004c:trace:module:map_image_into_view mapping L"\\??\\C:\\windows\\system32\\setupapi.dll" section .text at 0x21a7e1000 off 1000 size 4b000 virt 4a2e0 flags 60000060
004c:trace:module:map_image_into_view mapping L"\\??\\C:\\windows\\system32\\setupapi.dll" section .data at 0x21a82c000 off 4c000 size 1000 virt 230 flags c0000040
004c:trace:module:map_image_into_view mapping L"\\??\\C:\\windows\\system32\\setupapi.dll" section .rodata at 0x21a82d000 off 4d000 size 3000 virt 244c flags c0000040
004c:trace:module:map_image_into_view mapping L"\\??\\C:\\windows\\system32\\setupapi.dll" section .rdata at 0x21a830000 off 50000 size e000 virt d130 flags 40000040
004c:trace:module:map_image_into_view mapping L"\\??\\C:\\windows\\system32\\setupapi.dll" section .pdata at 0x21a83e000 off 5e000 size 2000 virt 1758 flags 40000040
004c:trace:module:map_image_into_view mapping L"\\??\\C:\\windows\\system32\\setupapi.dll" section .xdata at 0x21a840000 off 60000 size 2000 virt 1dc4 flags 40000040
004c:trace:module:map_image_into_view mapping L"\\??\\C:\\windows\\system32\\setupapi.dll" section .bss at 0x21a842000 off 0 size 0 virt 720 flags c0000080
004c:trace:module:map_image_into_view mapping L"\\??\\C:\\windows\\system32\\setupapi.dll" section .edata at 0x21a843000 off 62000 size 18000 virt 171c8 flags 40000040
004c:trace:module:map_image_into_view mapping L"\\??\\C:\\windows\\system32\\setupapi.dll" section .idata at 0x21a85b000 off 7a000 size 2000 virt 1f34 flags c0000040
004c:trace:module:map_image_into_view mapping L"\\??\\C:\\windows\\system32\\setupapi.dll" section .rsrc at 0x21a85d000 off 7c000 size c000 virt bf00 flags 40000040
004c:trace:module:map_image_into_view mapping L"\\??\\C:\\windows\\system32\\setupapi.dll" section .reloc at 0x21a869000 off 88000 size 1000 virt d8 flags 42000040
004c:trace:module:load_dll looking for L"advapi32.dll" in (null)
004c:trace:module:load_dll Found L"C:\\windows\\system32\\advapi32.dll" for L"advapi32.dll" at 0000000330260000, count=-1
004c:trace:module:import_dll is not hybrid module
004c:trace:module:load_dll looking for L"kernel32.dll" in (null)
004c:trace:module:load_dll Found L"C:\\windows\\system32\\kernel32.dll" for L"kernel32.dll" at 000000007B600000, count=-1
004c:trace:module:import_dll is not hybrid module
004c:trace:module:load_dll looking for L"kernelbase.dll" in (null)
004c:trace:module:load_dll Found L"C:\\windows\\system32\\kernelbase.dll" for L"kernelbase.dll" at 000000007B000000, count=-1
004c:trace:module:import_dll is not hybrid module
004c:trace:module:load_dll looking for L"ntdll.dll" in (null)
004c:trace:module:load_dll Found L"C:\\windows\\system32\\ntdll.dll" for L"ntdll.dll" at 0000000170000000, count=-1
004c:trace:module:import_dll is not hybrid module
004c:trace:module:load_dll looking for L"rpcrt4.dll" in (null)
004c:trace:module:load_dll Found L"C:\\windows\\system32\\rpcrt4.dll" for L"rpcrt4.dll" at 0000000231AE0000, count=3
004c:trace:module:import_dll is not hybrid module
004c:trace:module:load_dll looking for L"ucrtbase.dll" in (null)
004c:trace:module:load_dll Found L"C:\\windows\\system32\\ucrtbase.dll" for L"ucrtbase.dll" at 00000003AF670000, count=-1
004c:trace:module:import_dll is not hybrid module
004c:trace:module:load_dll looking for L"version.dll" in (null)
004c:trace:module:get_load_order looking for L"C:\\windows\\system32\\version.dll"
004c:trace:module:get_load_order got hardcoded default for L"version.dll"
004c:trace:module:map_image_into_view mapping PE file L"\\??\\C:\\windows\\system32\\version.dll" at 0x2f1fa0000-0x2f1fae000
004c:trace:module:map_image_into_view mapping L"\\??\\C:\\windows\\system32\\version.dll" section .text at 0x2f1fa1000 off 1000 size 3000 virt 2990 flags 60000020
004c:trace:module:map_image_into_view mapping L"\\??\\C:\\windows\\system32\\version.dll" section .data at 0x2f1fa4000 off 4000 size 1000 virt 70 flags c0000040
004c:trace:module:map_image_into_view mapping L"\\??\\C:\\windows\\system32\\version.dll" section .rodata at 0x2f1fa5000 off 5000 size 1000 virt 84 flags c0000040
004c:trace:module:map_image_into_view mapping L"\\??\\C:\\windows\\system32\\version.dll" section .rdata at 0x2f1fa6000 off 6000 size 1000 virt 280 flags 40000040
004c:trace:module:map_image_into_view mapping L"\\??\\C:\\windows\\system32\\version.dll" section .pdata at 0x2f1fa7000 off 7000 size 1000 virt d8 flags 40000040
004c:trace:module:map_image_into_view mapping L"\\??\\C:\\windows\\system32\\version.dll" section .xdata at 0x2f1fa8000 off 8000 size 1000 virt 104 flags 40000040
004c:trace:module:map_image_into_view mapping L"\\??\\C:\\windows\\system32\\version.dll" section .bss at 0x2f1fa9000 off 0 size 0 virt 140 flags c0000080
004c:trace:module:map_image_into_view mapping L"\\??\\C:\\windows\\system32\\version.dll" section .edata at 0x2f1faa000 off 9000 size 1000 virt 327 flags 40000040
004c:trace:module:map_image_into_view mapping L"\\??\\C:\\windows\\system32\\version.dll" section .idata at 0x2f1fab000 off a000 size 1000 virt 78c flags c0000040
004c:trace:module:map_image_into_view mapping L"\\??\\C:\\windows\\system32\\version.dll" section .rsrc at 0x2f1fac000 off b000 size 1000 virt 3b8 flags 40000040
004c:trace:module:map_image_into_view mapping L"\\??\\C:\\windows\\system32\\version.dll" section .reloc at 0x2f1fad000 off c000 size 1000 virt 20 flags 42000040
004c:trace:module:load_dll looking for L"kernel32.dll" in (null)
004c:trace:module:load_dll Found L"C:\\windows\\system32\\kernel32.dll" for L"kernel32.dll" at 000000007B600000, count=-1
004c:trace:module:import_dll is not hybrid module
004c:trace:module:load_dll looking for L"kernelbase.dll" in (null)
004c:trace:module:load_dll Found L"C:\\windows\\system32\\kernelbase.dll" for L"kernelbase.dll" at 000000007B000000, count=-1
004c:trace:module:import_dll is not hybrid module
004c:trace:module:load_dll looking for L"ntdll.dll" in (null)
004c:trace:module:load_dll Found L"C:\\windows\\system32\\ntdll.dll" for L"ntdll.dll" at 0000000170000000, count=-1
004c:trace:module:import_dll is not hybrid module
004c:trace:module:load_dll looking for L"ucrtbase.dll" in (null)
004c:trace:module:load_dll Found L"C:\\windows\\system32\\ucrtbase.dll" for L"ucrtbase.dll" at 00000003AF670000, count=-1
004c:trace:module:import_dll is not hybrid module
004c:trace:module:build_module loaded L"\\??\\C:\\windows\\system32\\version.dll" 0000000000349660 00000002F1FA0000
004c:trace:loaddll:build_module Loaded L"C:\\windows\\system32\\version.dll" at 00000002F1FA0000: builtin
004c:trace:module:load_dll Loaded module L"\\??\\C:\\windows\\system32\\version.dll" at 00000002F1FA0000
004c:trace:module:import_dll is not hybrid module
004c:trace:module:build_module loaded L"\\??\\C:\\windows\\system32\\setupapi.dll" 0000000000349270 000000021A7E0000
004c:trace:loaddll:build_module Loaded L"C:\\windows\\system32\\setupapi.dll" at 000000021A7E0000: builtin
004c:trace:module:load_dll Loaded module L"\\??\\C:\\windows\\system32\\setupapi.dll" at 000000021A7E0000
004c:trace:module:process_attach (L"setupapi.dll",0000000000000000) - START
004c:trace:module:process_attach (L"version.dll",0000000000000000) - START
004c:trace:module:MODULE_InitDLL (00000002F1FA0000 L"version.dll",PROCESS_ATTACH,0000000000000000) 00000002F1FA2DE0 - CALL
004c:trace:module:MODULE_InitDLL (00000002F1FA0000,PROCESS_ATTACH,0000000000000000) - RETURN 1
004c:trace:module:process_attach (L"version.dll",0000000000000000) - END
004c:trace:module:MODULE_InitDLL (000000021A7E0000 L"setupapi.dll",PROCESS_ATTACH,0000000000000000) 000000021A82A460 - CALL
004c:trace:module:MODULE_InitDLL (000000021A7E0000,PROCESS_ATTACH,0000000000000000) - RETURN 1
004c:trace:module:process_attach (L"setupapi.dll",0000000000000000) - END
004c:trace:module:LdrGetDllHandleEx flags 0x1, load_path 0000000000000000, dll_characteristics 0000000000000000, name 0000000000ECF0B0, base 0000000000ECF0A8.
004c:trace:module:LdrGetDllHandleEx L"ntdll.dll" -> 0000000170000000 (load path (null))
004c:trace:module:LdrGetDllHandleEx flags 0x1, load_path 0000000000000000, dll_characteristics 0000000000000000, name 0000000000ECEDC0, base 0000000000ECEDB8.
004c:trace:module:LdrGetDllHandleEx L"ntdll.dll" -> 0000000170000000 (load path (null))
004c:trace:module:LdrResolveDelayLoadedAPI (00000002279A0000, 00000002279CB0B0, 0000000000000000, 000000007B60C510, 00000002279F8998, 0x00000000)
004c:trace:module:LdrResolveDelayLoadedAPI (00000002279A0000, 00000002279CB0B0, 0000000000000000, 000000007B60C510, 00000002279F89B8, 0x00000000)
004c:trace:module:LdrResolveDelayLoadedAPI (00000002279A0000, 00000002279CB0B0, 0000000000000000, 000000007B60C510, 00000002279F8990, 0x00000000)
0034:trace:module:GetBinaryTypeW L"C:\\windows\\system32\\drivers\\winebus.sys"
0060:trace:module:get_load_order looking for L"C:\\windows\\system32\\winedevice.exe"
0060:trace:module:get_load_order got hardcoded default for L"winedevice.exe"
0060:trace:module:get_load_order looking for L"C:\\windows\\system32\\winedevice.exe"
0060:trace:module:get_load_order got hardcoded default for L"winedevice.exe"
0060:trace:module:map_image_into_view mapping PE file L"\\??\\C:\\windows\\system32\\winedevice.exe" at 0x140000000-0x14000a000
0060:trace:module:map_image_into_view mapping L"\\??\\C:\\windows\\system32\\winedevice.exe" section .text at 0x140001000 off 1000 size 2000 virt 1d00 flags 60000020
0060:trace:module:map_image_into_view mapping L"\\??\\C:\\windows\\system32\\winedevice.exe" section .data at 0x140003000 off 3000 size 1000 virt 60 flags c0000040
0060:trace:module:map_image_into_view mapping L"\\??\\C:\\windows\\system32\\winedevice.exe" section .rdata at 0x140004000 off 4000 size 1000 virt 2e0 flags 40000040
0060:trace:module:map_image_into_view mapping L"\\??\\C:\\windows\\system32\\winedevice.exe" section .pdata at 0x140005000 off 5000 size 1000 virt c0 flags 40000040
0060:trace:module:map_image_into_view mapping L"\\??\\C:\\windows\\system32\\winedevice.exe" section .xdata at 0x140006000 off 6000 size 1000 virt e4 flags 40000040
0060:trace:module:map_image_into_view mapping L"\\??\\C:\\windows\\system32\\winedevice.exe" section .bss at 0x140007000 off 0 size 0 virt 160 flags c0000080
0060:trace:module:map_image_into_view mapping L"\\??\\C:\\windows\\system32\\winedevice.exe" section .idata at 0x140008000 off 7000 size 1000 virt 788 flags c0000040
0060:trace:module:map_image_into_view mapping L"\\??\\C:\\windows\\system32\\winedevice.exe" section .reloc at 0x140009000 off 8000 size 1000 virt 10 flags 42000040
0060:trace:module:map_image_into_view mapping PE file L"\\??\\C:\\windows\\system32\\ntdll.dll" at 0x170000000-0x1700b4000
0060:trace:module:map_image_into_view mapping L"\\??\\C:\\windows\\system32\\ntdll.dll" section .text at 0x170001000 off 1000 size 7b000 virt 7a540 flags 60000020
0060:trace:module:map_image_into_view mapping L"\\??\\C:\\windows\\system32\\ntdll.dll" section .data at 0x17007c000 off 7c000 size 1000 virt e80 flags c0000040
0060:trace:module:map_image_into_view mapping L"\\??\\C:\\windows\\system32\\ntdll.dll" section .rodata at 0x17007d000 off 7d000 size 2000 virt 1f48 flags c0000040
0060:trace:module:map_image_into_view mapping L"\\??\\C:\\windows\\system32\\ntdll.dll" section .rdata at 0x17007f000 off 7f000 size 13000 virt 12310 flags 40000040
0060:trace:module:map_image_into_view mapping L"\\??\\C:\\windows\\system32\\ntdll.dll" section .pdata at 0x170092000 off 92000 size 4000 virt 3030 flags 40000040
0060:trace:module:map_image_into_view mapping L"\\??\\C:\\windows\\system32\\ntdll.dll" section .xdata at 0x170096000 off 96000 size 4000 virt 33b4 flags 40000040
0060:trace:module:map_image_into_view mapping L"\\??\\C:\\windows\\system32\\ntdll.dll" section .bss at 0x17009a000 off 0 size 0 virt 34f0 flags c0000080
0060:trace:module:map_image_into_view mapping L"\\??\\C:\\windows\\system32\\ntdll.dll" section .edata at 0x17009e000 off 9a000 size 13000 virt 1211e flags 40000040
0060:trace:module:map_image_into_view mapping L"\\??\\C:\\windows\\system32\\ntdll.dll" section .idata at 0x1700b1000 off ad000 size 1000 virt 18 flags c0000040
0060:trace:module:map_image_into_view mapping L"\\??\\C:\\windows\\system32\\ntdll.dll" section .rsrc at 0x1700b2000 off ae000 size 1000 virt 3b0 flags 40000040
0060:trace:module:map_image_into_view mapping L"\\??\\C:\\windows\\system32\\ntdll.dll" section .reloc at 0x1700b3000 off af000 size 1000 virt 17c flags 42000040
0060:trace:module:load_apiset_dll loaded L"\\??\\C:\\windows\\system32\\apisetschema.dll" apiset at 0x321000
0060:trace:module:build_module loaded L"\\??\\C:\\windows\\system32\\winedevice.exe" 00000000003319C0 0000000140000000
0060:trace:loaddll:build_module Loaded L"C:\\windows\\system32\\winedevice.exe" at 0000000140000000: builtin
0060:trace:module:load_dll looking for L"kernel32.dll" in (null)
0060:trace:module:get_load_order looking for L"C:\\windows\\system32\\kernel32.dll"
0060:trace:module:get_load_order got hardcoded default for L"kernel32.dll"
0060:trace:module:map_image_into_view mapping PE file L"\\??\\C:\\windows\\system32\\kernel32.dll" at 0x7b600000-0x7b665000
0060:trace:module:map_image_into_view mapping L"\\??\\C:\\windows\\system32\\kernel32.dll" section .text at 0x7b601000 off 1000 size 37000 virt 36200 flags 60000020
0060:trace:module:map_image_into_view mapping L"\\??\\C:\\windows\\system32\\kernel32.dll" section .data at 0x7b638000 off 38000 size 1000 virt 280 flags c0000040
0060:trace:module:map_image_into_view mapping L"\\??\\C:\\windows\\system32\\kernel32.dll" section .rodata at 0x7b639000 off 39000 size 2000 virt 1cf0 flags c0000040
0060:trace:module:map_image_into_view mapping L"\\??\\C:\\windows\\system32\\kernel32.dll" section .rdata at 0x7b63b000 off 3b000 size 4000 virt 38e0 flags 40000040
0060:trace:module:map_image_into_view mapping L"\\??\\C:\\windows\\system32\\kernel32.dll" section .pdata at 0x7b63f000 off 3f000 size 2000 virt 15d8 flags 40000040
0060:trace:module:map_image_into_view mapping L"\\??\\C:\\windows\\system32\\kernel32.dll" section .xdata at 0x7b641000 off 41000 size 2000 virt 17a0 flags 40000040
0060:trace:module:map_image_into_view mapping L"\\??\\C:\\windows\\system32\\kernel32.dll" section .bss at 0x7b643000 off 0 size 0 virt 260 flags c0000080
0060:trace:module:map_image_into_view mapping L"\\??\\C:\\windows\\system32\\kernel32.dll" section .edata at 0x7b644000 off 43000 size e000 virt da78 flags 40000040
0060:trace:module:map_image_into_view mapping L"\\??\\C:\\windows\\system32\\kernel32.dll" section .idata at 0x7b652000 off 51000 size a000 virt 9054 flags c0000040
0060:trace:module:map_image_into_view mapping L"\\??\\C:\\windows\\system32\\kernel32.dll" section .rsrc at 0x7b65c000 off 5b000 size 8000 virt 7e00 flags 40000040
0060:trace:module:map_image_into_view mapping L"\\??\\C:\\windows\\system32\\kernel32.dll" section .reloc at 0x7b664000 off 63000 size 1000 virt 48 flags 42000040
0060:trace:module:load_dll looking for L"kernelbase.dll" in (null)
0060:trace:module:get_load_order looking for L"C:\\windows\\system32\\kernelbase.dll"
0060:trace:module:get_load_order got hardcoded default for L"kernelbase.dll"
0060:trace:module:map_image_into_view mapping PE file L"\\??\\C:\\windows\\system32\\kernelbase.dll" at 0x7b000000-0x7b266000
0060:trace:module:map_image_into_view mapping L"\\??\\C:\\windows\\system32\\kernelbase.dll" section .text at 0x7b001000 off 1000 size 99000 virt 98db0 flags 60000020
0060:trace:module:map_image_into_view mapping L"\\??\\C:\\windows\\system32\\kernelbase.dll" section .data at 0x7b09a000 off 9a000 size 2000 virt 1dc0 flags c0000040
0060:trace:module:map_image_into_view mapping L"\\??\\C:\\windows\\system32\\kernelbase.dll" section .rodata at 0x7b09c000 off 9c000 size 2000 virt 1d88 flags c0000040
0060:trace:module:map_image_into_view mapping L"\\??\\C:\\windows\\system32\\kernelbase.dll" section .rdata at 0x7b09e000 off 9e000 size 20000 virt 1f110 flags 40000040
0060:trace:module:map_image_into_view mapping L"\\??\\C:\\windows\\system32\\kernelbase.dll" section .pdata at 0x7b0be000 off be000 size 4000 virt 3f54 flags 40000040
0060:trace:module:map_image_into_view mapping L"\\??\\C:\\windows\\system32\\kernelbase.dll" section .xdata at 0x7b0c2000 off c2000 size 5000 virt 46c4 flags 40000040
0060:trace:module:map_image_into_view mapping L"\\??\\C:\\windows\\system32\\kernelbase.dll" section .bss at 0x7b0c7000 off 0 size 0 virt 28e0 flags c0000080
0060:trace:module:map_image_into_view mapping L"\\??\\C:\\windows\\system32\\kernelbase.dll" section .edata at 0x7b0ca000 off c7000 size 20000 virt 1f903 flags 40000040
0060:trace:module:map_image_into_view mapping L"\\??\\C:\\windows\\system32\\kernelbase.dll" section .idata at 0x7b0ea000 off e7000 size 5000 virt 43f4 flags c0000040
0060:trace:module:map_image_into_view mapping L"\\??\\C:\\windows\\system32\\kernelbase.dll" section .rsrc at 0x7b0ef000 off ec000 size 176000 virt 1757f0 flags 40000040
0060:trace:module:map_image_into_view mapping L"\\??\\C:\\windows\\system32\\kernelbase.dll" section .reloc at 0x7b265000 off 262000 size 1000 virt 23c flags 42000040
0060:trace:module:load_dll looking for L"ntdll.dll" in (null)
0060:trace:module:load_dll Found L"C:\\windows\\system32\\ntdll.dll" for L"ntdll.dll" at 0000000170000000, count=2
0060:trace:module:import_dll is not hybrid module
0060:trace:module:build_module loaded L"\\??\\C:\\windows\\system32\\kernelbase.dll" 00000000003320C0 000000007B000000
0060:trace:loaddll:build_module Loaded L"C:\\windows\\system32\\kernelbase.dll" at 000000007B000000: builtin
0060:trace:module:load_dll Loaded module L"\\??\\C:\\windows\\system32\\kernelbase.dll" at 000000007B000000
0060:trace:module:import_dll is not hybrid module
0060:trace:module:load_dll looking for L"ntdll.dll" in (null)
0060:trace:module:load_dll Found L"C:\\windows\\system32\\ntdll.dll" for L"ntdll.dll" at 0000000170000000, count=3
0060:trace:module:import_dll is not hybrid module
0060:trace:module:build_module loaded L"\\??\\C:\\windows\\system32\\kernel32.dll" 0000000000331DD0 000000007B600000
0060:trace:loaddll:build_module Loaded L"C:\\windows\\system32\\kernel32.dll" at 000000007B600000: builtin
0060:trace:module:load_dll Loaded module L"\\??\\C:\\windows\\system32\\kernel32.dll" at 000000007B600000
0060:trace:module:load_dll looking for L"advapi32.dll" in (null)
0060:trace:module:get_load_order looking for L"C:\\windows\\system32\\advapi32.dll"
0060:trace:module:get_load_order got hardcoded default for L"advapi32.dll"
0060:trace:module:map_image_into_view mapping PE file L"\\??\\C:\\windows\\system32\\advapi32.dll" at 0x330260000-0x3302a4000
0060:trace:module:map_image_into_view mapping L"\\??\\C:\\windows\\system32\\advapi32.dll" section .text at 0x330261000 off 1000 size 29000 virt 28090 flags 60000060
0060:trace:module:map_image_into_view mapping L"\\??\\C:\\windows\\system32\\advapi32.dll" section .data at 0x33028a000 off 2a000 size 1000 virt 1a0 flags c0000040
0060:trace:module:map_image_into_view mapping L"\\??\\C:\\windows\\system32\\advapi32.dll" section .rodata at 0x33028b000 off 2b000 size 1000 virt e3c flags c0000040
0060:trace:module:map_image_into_view mapping L"\\??\\C:\\windows\\system32\\advapi32.dll" section .rdata at 0x33028c000 off 2c000 size 6000 virt 5fa0 flags 40000040
0060:trace:module:map_image_into_view mapping L"\\??\\C:\\windows\\system32\\advapi32.dll" section .pdata at 0x330292000 off 32000 size 2000 virt 1260 flags 40000040
0060:trace:module:map_image_into_view mapping L"\\??\\C:\\windows\\system32\\advapi32.dll" section .xdata at 0x330294000 off 34000 size 2000 virt 159c flags 40000040
0060:trace:module:map_image_into_view mapping L"\\??\\C:\\windows\\system32\\advapi32.dll" section .bss at 0x330296000 off 0 size 0 virt da0 flags c0000080
0060:trace:module:map_image_into_view mapping L"\\??\\C:\\windows\\system32\\advapi32.dll" section .edata at 0x330297000 off 36000 size 8000 virt 74c5 flags 40000040
0060:trace:module:map_image_into_view mapping L"\\??\\C:\\windows\\system32\\advapi32.dll" section .idata at 0x33029f000 off 3e000 size 3000 virt 2f74 flags c0000040
0060:trace:module:map_image_into_view mapping L"\\??\\C:\\windows\\system32\\advapi32.dll" section .rsrc at 0x3302a2000 off 41000 size 1000 virt 3c8 flags 40000040
0060:trace:module:map_image_into_view mapping L"\\??\\C:\\windows\\system32\\advapi32.dll" section .reloc at 0x3302a3000 off 42000 size 1000 virt 138 flags 42000040
0060:trace:module:load_dll looking for L"kernel32.dll" in (null)
0060:trace:module:load_dll Found L"C:\\windows\\system32\\kernel32.dll" for L"kernel32.dll" at 000000007B600000, count=2
0060:trace:module:import_dll is not hybrid module
0060:trace:module:load_dll looking for L"kernelbase.dll" in (null)
0060:trace:module:load_dll Found L"C:\\windows\\system32\\kernelbase.dll" for L"kernelbase.dll" at 000000007B000000, count=2
0060:trace:module:import_dll is not hybrid module
0060:trace:module:load_dll looking for L"msvcrt.dll" in (null)
0060:trace:module:get_load_order looking for L"C:\\windows\\system32\\msvcrt.dll"
0060:trace:module:get_load_order got hardcoded default for L"msvcrt.dll"
0060:trace:module:map_image_into_view mapping PE file L"\\??\\C:\\windows\\system32\\msvcrt.dll" at 0x1c8db0000-0x1c8e6c000
0060:trace:module:map_image_into_view mapping L"\\??\\C:\\windows\\system32\\msvcrt.dll" section .text at 0x1c8db1000 off 1000 size 8f000 virt 8e220 flags 60000060
0060:trace:module:map_image_into_view mapping L"\\??\\C:\\windows\\system32\\msvcrt.dll" section .data at 0x1c8e40000 off 90000 size 2000 virt 1830 flags c0000040
0060:trace:module:map_image_into_view mapping L"\\??\\C:\\windows\\system32\\msvcrt.dll" section .rodata at 0x1c8e42000 off 92000 size 2000 virt 1394 flags c0000040
0060:trace:module:map_image_into_view mapping L"\\??\\C:\\windows\\system32\\msvcrt.dll" section .rdata at 0x1c8e44000 off 94000 size b000 virt aef0 flags 40000040
0060:trace:module:map_image_into_view mapping L"\\??\\C:\\windows\\system32\\msvcrt.dll" section .pdata at 0x1c8e4f000 off 9f000 size 5000 virt 4278 flags 40000040
0060:trace:module:map_image_into_view mapping L"\\??\\C:\\windows\\system32\\msvcrt.dll" section .xdata at 0x1c8e54000 off a4000 size 5000 virt 42d0 flags 40000040
0060:trace:module:map_image_into_view mapping L"\\??\\C:\\windows\\system32\\msvcrt.dll" section .bss at 0x1c8e59000 off 0 size 0 virt 1c60 flags c0000080
0060:trace:module:map_image_into_view mapping L"\\??\\C:\\windows\\system32\\msvcrt.dll" section .edata at 0x1c8e5b000 off a9000 size d000 virt ca71 flags 40000040
0060:trace:module:map_image_into_view mapping L"\\??\\C:\\windows\\system32\\msvcrt.dll" section .idata at 0x1c8e68000 off b6000 size 2000 virt 1868 flags c0000040
0060:trace:module:map_image_into_view mapping L"\\??\\C:\\windows\\system32\\msvcrt.dll" section .rsrc at 0x1c8e6a000 off b8000 size 1000 virt 398 flags 40000040
0060:trace:module:map_image_into_view mapping L"\\??\\C:\\windows\\system32\\msvcrt.dll" section .reloc at 0x1c8e6b000 off b9000 size 1000 virt 25c flags 42000040
0060:trace:module:load_dll looking for L"kernel32.dll" in (null)
0060:trace:module:load_dll Found L"C:\\windows\\system32\\kernel32.dll" for L"kernel32.dll" at 000000007B600000, count=3
0060:trace:module:import_dll is not hybrid module
0060:trace:module:load_dll looking for L"ntdll.dll" in (null)
0060:trace:module:load_dll Found L"C:\\windows\\system32\\ntdll.dll" for L"ntdll.dll" at 0000000170000000, count=4
0060:trace:module:import_dll is not hybrid module
0060:trace:module:build_module loaded L"\\??\\C:\\windows\\system32\\msvcrt.dll" 00000000003325D0 00000001C8DB0000
0060:trace:loaddll:build_module Loaded L"C:\\windows\\system32\\msvcrt.dll" at 00000001C8DB0000: builtin
0060:trace:module:load_dll Loaded module L"\\??\\C:\\windows\\system32\\msvcrt.dll" at 00000001C8DB0000
0060:trace:module:import_dll is not hybrid module
0060:trace:module:load_dll looking for L"ntdll.dll" in (null)
0060:trace:module:load_dll Found L"C:\\windows\\system32\\ntdll.dll" for L"ntdll.dll" at 0000000170000000, count=5
0060:trace:module:import_dll is not hybrid module
0060:trace:module:load_dll looking for L"sechost.dll" in (null)
0060:trace:module:get_load_order looking for L"C:\\windows\\system32\\sechost.dll"
0060:trace:module:get_load_order got hardcoded default for L"sechost.dll"
0060:trace:module:map_image_into_view mapping PE file L"\\??\\C:\\windows\\system32\\sechost.dll" at 0x32a700000-0x32a72d000
0060:trace:module:map_image_into_view mapping L"\\??\\C:\\windows\\system32\\sechost.dll" section .text at 0x32a701000 off 1000 size 1b000 virt 1aeb0 flags 60000060
0060:trace:module:map_image_into_view mapping L"\\??\\C:\\windows\\system32\\sechost.dll" section .data at 0x32a71c000 off 1c000 size 1000 virt 170 flags c0000040
0060:trace:module:map_image_into_view mapping L"\\??\\C:\\windows\\system32\\sechost.dll" section .rodata at 0x32a71d000 off 1d000 size 1000 virt ef0 flags c0000040
0060:trace:module:map_image_into_view mapping L"\\??\\C:\\windows\\system32\\sechost.dll" section .rdata at 0x32a71e000 off 1e000 size 4000 virt 38d0 flags 40000040
0060:trace:module:map_image_into_view mapping L"\\??\\C:\\windows\\system32\\sechost.dll" section .pdata at 0x32a722000 off 22000 size 1000 virt b64 flags 40000040
0060:trace:module:map_image_into_view mapping L"\\??\\C:\\windows\\system32\\sechost.dll" section .xdata at 0x32a723000 off 23000 size 1000 virt c00 flags 40000040
0060:trace:module:map_image_into_view mapping L"\\??\\C:\\windows\\system32\\sechost.dll" section .bss at 0x32a724000 off 0 size 0 virt 1a0 flags c0000080
0060:trace:module:map_image_into_view mapping L"\\??\\C:\\windows\\system32\\sechost.dll" section .edata at 0x32a725000 off 24000 size 5000 virt 46ae flags 40000040
0060:trace:module:map_image_into_view mapping L"\\??\\C:\\windows\\system32\\sechost.dll" section .idata at 0x32a72a000 off 29000 size 2000 virt 121c flags c0000040
0060:trace:module:map_image_into_view mapping L"\\??\\C:\\windows\\system32\\sechost.dll" section .reloc at 0x32a72c000 off 2b000 size 1000 virt f8 flags 42000040
0060:trace:module:load_dll looking for L"kernel32.dll" in (null)
0060:trace:module:load_dll Found L"C:\\windows\\system32\\kernel32.dll" for L"kernel32.dll" at 000000007B600000, count=4
0060:trace:module:import_dll is not hybrid module
0060:trace:module:load_dll looking for L"kernelbase.dll" in (null)
0060:trace:module:load_dll Found L"C:\\windows\\system32\\kernelbase.dll" for L"kernelbase.dll" at 000000007B000000, count=3
0060:trace:module:import_dll is not hybrid module
0060:trace:module:load_dll looking for L"ntdll.dll" in (null)
0060:trace:module:load_dll Found L"C:\\windows\\system32\\ntdll.dll" for L"ntdll.dll" at 0000000170000000, count=6
0060:trace:module:import_dll is not hybrid module
0060:trace:module:load_dll looking for L"ucrtbase.dll" in (null)
0060:trace:module:get_load_order looking for L"C:\\windows\\system32\\ucrtbase.dll"
0060:trace:module:get_load_order got hardcoded default for L"ucrtbase.dll"
0060:trace:module:map_image_into_view mapping PE file L"\\??\\C:\\windows\\system32\\ucrtbase.dll" at 0x3af670000-0x3af759000
0060:trace:module:map_image_into_view mapping L"\\??\\C:\\windows\\system32\\ucrtbase.dll" section .text at 0x3af671000 off 1000 size ab000 virt aa4c0 flags 60000060
0060:trace:module:map_image_into_view mapping L"\\??\\C:\\windows\\system32\\ucrtbase.dll" section .data at 0x3af71c000 off ac000 size 2000 virt 1ac0 flags c0000040
0060:trace:module:map_image_into_view mapping L"\\??\\C:\\windows\\system32\\ucrtbase.dll" section .rodata at 0x3af71e000 off ae000 size 4000 virt 3988 flags c0000040
0060:trace:module:map_image_into_view mapping L"\\??\\C:\\windows\\system32\\ucrtbase.dll" section .rdata at 0x3af722000 off b2000 size d000 virt cb50 flags 40000040
0060:trace:module:map_image_into_view mapping L"\\??\\C:\\windows\\system32\\ucrtbase.dll" section .pdata at 0x3af72f000 off bf000 size 5000 virt 4d10 flags 40000040
0060:trace:module:map_image_into_view mapping L"\\??\\C:\\windows\\system32\\ucrtbase.dll" section .xdata at 0x3af734000 off c4000 size 5000 virt 4cd0 flags 40000040
0060:trace:module:map_image_into_view mapping L"\\??\\C:\\windows\\system32\\ucrtbase.dll" section .bss at 0x3af739000 off 0 size 0 virt 20c0 flags c0000080
0060:trace:module:map_image_into_view mapping L"\\??\\C:\\windows\\system32\\ucrtbase.dll" section .edata at 0x3af73c000 off c9000 size 19000 virt 186cd flags 40000040
0060:trace:module:map_image_into_view mapping L"\\??\\C:\\windows\\system32\\ucrtbase.dll" section .idata at 0x3af755000 off e2000 size 2000 virt 1a84 flags c0000040
0060:trace:module:map_image_into_view mapping L"\\??\\C:\\windows\\system32\\ucrtbase.dll" section .rsrc at 0x3af757000 off e4000 size 1000 virt 3c8 flags 40000040
0060:trace:module:map_image_into_view mapping L"\\??\\C:\\windows\\system32\\ucrtbase.dll" section .reloc at 0x3af758000 off e5000 size 1000 virt 29c flags 42000040
0060:trace:module:load_dll looking for L"kernel32.dll" in (null)
0060:trace:module:load_dll Found L"C:\\windows\\system32\\kernel32.dll" for L"kernel32.dll" at 000000007B600000, count=5
0060:trace:module:import_dll is not hybrid module
0060:trace:module:load_dll looking for L"ntdll.dll" in (null)
0060:trace:module:load_dll Found L"C:\\windows\\system32\\ntdll.dll" for L"ntdll.dll" at 0000000170000000, count=7
0060:trace:module:import_dll is not hybrid module
0060:trace:module:build_module loaded L"\\??\\C:\\windows\\system32\\ucrtbase.dll" 0000000000332BB0 00000003AF670000
0060:trace:loaddll:build_module Loaded L"C:\\windows\\system32\\ucrtbase.dll" at 00000003AF670000: builtin
0060:trace:module:load_dll Loaded module L"\\??\\C:\\windows\\system32\\ucrtbase.dll" at 00000003AF670000
0060:trace:module:import_dll is not hybrid module
0060:trace:module:build_module loaded L"\\??\\C:\\windows\\system32\\sechost.dll" 00000000003328A0 000000032A700000
0060:trace:loaddll:build_module Loaded L"C:\\windows\\system32\\sechost.dll" at 000000032A700000: builtin
0060:trace:module:load_dll Loaded module L"\\??\\C:\\windows\\system32\\sechost.dll" at 000000032A700000
0060:trace:module:import_dll is not hybrid module
0060:trace:module:build_module loaded L"\\??\\C:\\windows\\system32\\advapi32.dll" 00000000003323C0 0000000330260000
0060:trace:loaddll:build_module Loaded L"C:\\windows\\system32\\advapi32.dll" at 0000000330260000: builtin
0060:trace:module:load_dll Loaded module L"\\??\\C:\\windows\\system32\\advapi32.dll" at 0000000330260000
0060:trace:module:import_dll is not hybrid module
0060:trace:module:load_dll looking for L"kernel32.dll" in (null)
0060:trace:module:load_dll Found L"C:\\windows\\system32\\kernel32.dll" for L"kernel32.dll" at 000000007B600000, count=6
0060:trace:module:import_dll is not hybrid module
0060:trace:module:load_dll looking for L"ntdll.dll" in (null)
0060:trace:module:load_dll Found L"C:\\windows\\system32\\ntdll.dll" for L"ntdll.dll" at 0000000170000000, count=8
0060:trace:module:import_dll is not hybrid module
0060:trace:module:load_dll looking for L"ntoskrnl.exe" in (null)
0060:trace:module:get_load_order looking for L"C:\\windows\\system32\\ntoskrnl.exe"
0060:trace:module:get_load_order got hardcoded default for L"ntoskrnl.exe"
0060:trace:module:map_image_into_view mapping PE file L"\\??\\C:\\windows\\system32\\ntoskrnl.exe" at 0x2279a0000-0x2279ff000
0060:trace:module:map_image_into_view mapping L"\\??\\C:\\windows\\system32\\ntoskrnl.exe" section .text at 0x2279a1000 off 1000 size 2b000 virt 2a100 flags 60000060
0060:trace:module:map_image_into_view mapping L"\\??\\C:\\windows\\system32\\ntoskrnl.exe" section .data at 0x2279cc000 off 2c000 size 1000 virt 530 flags c0000040
0060:trace:module:map_image_into_view mapping L"\\??\\C:\\windows\\system32\\ntoskrnl.exe" section .rodata at 0x2279cd000 off 2d000 size 6000 virt 5e74 flags c0000040
0060:trace:module:map_image_into_view mapping L"\\??\\C:\\windows\\system32\\ntoskrnl.exe" section .rdata at 0x2279d3000 off 33000 size 6000 virt 51c0 flags 40000040
0060:trace:module:map_image_into_view mapping L"\\??\\C:\\windows\\system32\\ntoskrnl.exe" section .pdata at 0x2279d9000 off 39000 size 2000 virt 1200 flags 40000040
0060:trace:module:map_image_into_view mapping L"\\??\\C:\\windows\\system32\\ntoskrnl.exe" section .xdata at 0x2279db000 off 3b000 size 2000 virt 119c flags 40000040
0060:trace:module:map_image_into_view mapping L"\\??\\C:\\windows\\system32\\ntoskrnl.exe" section .bss at 0x2279dd000 off 0 size 0 virt 620 flags c0000080
0060:trace:module:map_image_into_view mapping L"\\??\\C:\\windows\\system32\\ntoskrnl.exe" section .edata at 0x2279de000 off 3d000 size 18000 virt 1777e flags 40000040
0060:trace:module:map_image_into_view mapping L"\\??\\C:\\windows\\system32\\ntoskrnl.exe" section .idata at 0x2279f6000 off 55000 size 7000 virt 68c0 flags c0000040
0060:trace:module:map_image_into_view mapping L"\\??\\C:\\windows\\system32\\ntoskrnl.exe" section .rsrc at 0x2279fd000 off 5c000 size 1000 virt 3b8 flags 40000040
0060:trace:module:map_image_into_view mapping L"\\??\\C:\\windows\\system32\\ntoskrnl.exe" section .reloc at 0x2279fe000 off 5d000 size 1000 virt 154 flags 42000040
0060:trace:module:load_dll looking for L"advapi32.dll" in (null)
0060:trace:module:load_dll Found L"C:\\windows\\system32\\advapi32.dll" for L"advapi32.dll" at 0000000330260000, count=2
0060:trace:module:import_dll is not hybrid module
0060:trace:module:load_dll looking for L"kernel32.dll" in (null)
0060:trace:module:load_dll Found L"C:\\windows\\system32\\kernel32.dll" for L"kernel32.dll" at 000000007B600000, count=7
0060:trace:module:import_dll is not hybrid module
0060:trace:module:load_dll looking for L"msvcrt.dll" in (null)
0060:trace:module:load_dll Found L"C:\\windows\\system32\\msvcrt.dll" for L"msvcrt.dll" at 00000001C8DB0000, count=2
0060:trace:module:import_dll is not hybrid module
0060:trace:module:load_dll looking for L"ntdll.dll" in (null)
0060:trace:module:load_dll Found L"C:\\windows\\system32\\ntdll.dll" for L"ntdll.dll" at 0000000170000000, count=9
0060:trace:module:import_dll is not hybrid module
0060:trace:module:build_module loaded L"\\??\\C:\\windows\\system32\\ntoskrnl.exe" 0000000000332EA0 00000002279A0000
0060:trace:loaddll:build_module Loaded L"C:\\windows\\system32\\ntoskrnl.exe" at 00000002279A0000: builtin
0060:trace:module:load_dll Loaded module L"\\??\\C:\\windows\\system32\\ntoskrnl.exe" at 00000002279A0000
0060:trace:module:import_dll is not hybrid module
0060:trace:module:load_dll looking for L"ucrtbase.dll" in (null)
0060:trace:module:load_dll Found L"C:\\windows\\system32\\ucrtbase.dll" for L"ucrtbase.dll" at 00000003AF670000, count=2
0060:trace:module:import_dll is not hybrid module
0060:trace:module:process_attach (L"ntdll.dll",000000000021FB00) - START
0060:trace:module:MODULE_InitDLL (0000000170000000 L"ntdll.dll",PROCESS_ATTACH,000000000021FB00) 000000017007B180 - CALL
0060:trace:module:MODULE_InitDLL (0000000170000000,PROCESS_ATTACH,000000000021FB00) - RETURN 1
0060:trace:module:process_attach (L"ntdll.dll",000000000021FB00) - END
0060:trace:module:process_attach (L"kernel32.dll",000000000021FB00) - START
0060:trace:module:process_attach (L"kernelbase.dll",000000000021FB00) - START
0060:trace:module:MODULE_InitDLL (000000007B000000 L"kernelbase.dll",PROCESS_ATTACH,000000000021FB00) 000000007B04C9C0 - CALL
0060:trace:module:LdrGetDllHandleEx flags 0, load_path 0000000000335350, dll_characteristics 0000000000000000, name 000000000021EC00, base 000000000021EBA8.
0060:trace:module:LdrGetDllHandleEx L"C:\\windows\\system32\\tzres.dll" -> 0000000000000000 (load path L"C:\\windows\\system32;C:\\windows\\system32;C:\\windows\\system;C:\\windows;.;C:\\windows\\system32;C:\\windows;C:\\windows\\system32\\wbem;C:\\windows\\system32\\WindowsPowershell\\v1.0")
0060:trace:module:get_load_order looking for L"C:\\windows\\system32\\tzres.dll"
0060:trace:module:get_load_order got hardcoded default for L"tzres.dll"
0060:trace:module:map_image_into_view mapping PE file L"\\??\\C:\\windows\\system32\\tzres.dll" at 0x10000000-0x10073000
0060:trace:module:map_image_into_view mapping L"\\??\\C:\\windows\\system32\\tzres.dll" section .rsrc at 0x10001000 off 1000 size 72000 virt 71d74 flags 40000040
0060:trace:module:FindResourceExW 0000000010000002 #0006 #0786 0000
0060:trace:module:LoadResource 0000000010000002 000000001000B4B8
0060:trace:module:LdrGetDllHandleEx flags 0, load_path 0000000000335460, dll_characteristics 0000000000000000, name 000000000021EC00, base 000000000021EBA8.
0060:trace:module:LdrGetDllHandleEx L"C:\\windows\\system32\\tzres.dll" -> 0000000000000000 (load path L"C:\\windows\\system32;C:\\windows\\system32;C:\\windows\\system;C:\\windows;.;C:\\windows\\system32;C:\\windows;C:\\windows\\system32\\wbem;C:\\windows\\system32\\WindowsPowershell\\v1.0")
0060:trace:module:get_load_order looking for L"C:\\windows\\system32\\tzres.dll"
0060:trace:module:get_load_order got hardcoded default for L"tzres.dll"
0060:trace:module:map_image_into_view mapping PE file L"\\??\\C:\\windows\\system32\\tzres.dll" at 0x10000000-0x10073000
0060:trace:module:map_image_into_view mapping L"\\??\\C:\\windows\\system32\\tzres.dll" section .rsrc at 0x10001000 off 1000 size 72000 virt 71d74 flags 40000040
0060:trace:module:FindResourceExW 0000000010000002 #0006 #0786 0000
0060:trace:module:LoadResource 0000000010000002 000000001000B4B8
0060:trace:module:MODULE_InitDLL (000000007B000000,PROCESS_ATTACH,000000000021FB00) - RETURN 1
0060:trace:module:process_attach (L"kernelbase.dll",000000000021FB00) - END
0060:trace:module:MODULE_InitDLL (000000007B600000 L"kernel32.dll",PROCESS_ATTACH,000000000021FB00) 000000007B636E80 - CALL
0060:trace:module:MODULE_InitDLL (000000007B600000,PROCESS_ATTACH,000000000021FB00) - RETURN 1
0060:trace:module:process_attach (L"kernel32.dll",000000000021FB00) - END
0060:trace:module:process_attach (L"advapi32.dll",000000000021FB00) - START
0060:trace:module:process_attach (L"msvcrt.dll",000000000021FB00) - START
0060:trace:module:MODULE_InitDLL (00000001C8DB0000 L"msvcrt.dll",PROCESS_ATTACH,000000000021FB00) 00000001C8E3E9D0 - CALL
0060:trace:module:LdrGetDllFullName module 0000000000000000, name 000000000021F020.
0060:trace:module:GetModuleFileNameW L"C:\\windows\\system32\\winedevice.exe"
0060:trace:module:LdrGetDllFullName module 0000000000000000, name 000000000021F070.
0060:trace:module:GetModuleFileNameW L"C:\\windows\\system32\\winedevice.exe"
0060:trace:module:LdrAddRefDll (L"msvcrt.dll") ldr.LoadCount: -1
0060:trace:module:MODULE_InitDLL (00000001C8DB0000,PROCESS_ATTACH,000000000021FB00) - RETURN 1
0060:trace:module:process_attach (L"msvcrt.dll",000000000021FB00) - END
0060:trace:module:process_attach (L"sechost.dll",000000000021FB00) - START
0060:trace:module:process_attach (L"ucrtbase.dll",000000000021FB00) - START
0060:trace:module:MODULE_InitDLL (00000003AF670000 L"ucrtbase.dll",PROCESS_ATTACH,000000000021FB00) 00000003AF71AC10 - CALL
0060:trace:module:LdrGetDllFullName module 0000000000000000, name 000000000021EFA0.
0060:trace:module:GetModuleFileNameW L"C:\\windows\\system32\\winedevice.exe"
0060:trace:module:LdrGetDllFullName module 0000000000000000, name 000000000021EFF0.
0060:trace:module:GetModuleFileNameW L"C:\\windows\\system32\\winedevice.exe"
0060:trace:module:MODULE_InitDLL (00000003AF670000,PROCESS_ATTACH,000000000021FB00) - RETURN 1
0060:trace:module:process_attach (L"ucrtbase.dll",000000000021FB00) - END
0060:trace:module:MODULE_InitDLL (000000032A700000 L"sechost.dll",PROCESS_ATTACH,000000000021FB00) 000000032A71AF60 - CALL
0060:trace:module:MODULE_InitDLL (000000032A700000,PROCESS_ATTACH,000000000021FB00) - RETURN 1
0060:trace:module:process_attach (L"sechost.dll",000000000021FB00) - END
0060:trace:module:MODULE_InitDLL (0000000330260000 L"advapi32.dll",PROCESS_ATTACH,000000000021FB00) 0000000330288030 - CALL
0060:trace:module:MODULE_InitDLL (0000000330260000,PROCESS_ATTACH,000000000021FB00) - RETURN 1
0060:trace:module:process_attach (L"advapi32.dll",000000000021FB00) - END
0060:trace:module:process_attach (L"ntoskrnl.exe",000000000021FB00) - START
0060:trace:module:MODULE_InitDLL (00000002279A0000 L"ntoskrnl.exe",PROCESS_ATTACH,000000000021FB00) 00000002279C8F60 - CALL
0060:trace:module:LdrRegisterDllNotification (0, 00000002279AF720, 0000000000000000, 00000002279DD420)
0060:trace:module:MODULE_InitDLL (00000002279A0000,PROCESS_ATTACH,000000000021FB00) - RETURN 1
0060:trace:module:process_attach (L"ntoskrnl.exe",000000000021FB00) - END
0060:trace:module:LdrGetDllHandleEx flags 0x1, load_path 0000000000000000, dll_characteristics 0000000000000000, name 000000000021F850, base 000000000021F848.
0060:trace:module:LdrGetDllHandleEx L"ntdll.dll" -> 0000000170000000 (load path (null))
0060:trace:module:LdrResolveDelayLoadedAPI (000000032A700000, 000000032A71BE70, 0000000000000000, 000000007B60C510, 000000032A72A620, 0x00000000)
0060:trace:module:load_dll looking for L"rpcrt4.dll" in (null)
0060:trace:module:get_load_order looking for L"C:\\windows\\system32\\rpcrt4.dll"
0060:trace:module:get_load_order got hardcoded default for L"rpcrt4.dll"
0060:trace:module:map_image_into_view mapping PE file L"\\??\\C:\\windows\\system32\\rpcrt4.dll" at 0x231ae0000-0x231b70000
0060:trace:module:map_image_into_view mapping L"\\??\\C:\\windows\\system32\\rpcrt4.dll" section .text at 0x231ae1000 off 1000 size 54000 virt 53970 flags 60000060
0060:trace:module:map_image_into_view mapping L"\\??\\C:\\windows\\system32\\rpcrt4.dll" section .data at 0x231b35000 off 55000 size 1000 virt 710 flags c0000040
0060:trace:module:map_image_into_view mapping L"\\??\\C:\\windows\\system32\\rpcrt4.dll" section .rodata at 0x231b36000 off 56000 size 2000 virt 1b44 flags c0000040
0060:trace:module:map_image_into_view mapping L"\\??\\C:\\windows\\system32\\rpcrt4.dll" section .rdata at 0x231b38000 off 58000 size 16000 virt 153f0 flags 40000040
0060:trace:module:map_image_into_view mapping L"\\??\\C:\\windows\\system32\\rpcrt4.dll" section .pdata at 0x231b4e000 off 6e000 size 3000 virt 22f8 flags 40000040
0060:trace:module:map_image_into_view mapping L"\\??\\C:\\windows\\system32\\rpcrt4.dll" section .xdata at 0x231b51000 off 71000 size 3000 virt 2934 flags 40000040
0060:trace:module:map_image_into_view mapping L"\\??\\C:\\windows\\system32\\rpcrt4.dll" section .bss at 0x231b54000 off 0 size 0 virt 690 flags c0000080
0060:trace:module:map_image_into_view mapping L"\\??\\C:\\windows\\system32\\rpcrt4.dll" section .edata at 0x231b55000 off 74000 size 17000 virt 16730 flags 40000040
0060:trace:module:map_image_into_view mapping L"\\??\\C:\\windows\\system32\\rpcrt4.dll" section .idata at 0x231b6c000 off 8b000 size 2000 virt 19ac flags c0000040
0060:trace:module:map_image_into_view mapping L"\\??\\C:\\windows\\system32\\rpcrt4.dll" section .rsrc at 0x231b6e000 off 8d000 size 1000 virt 3a8 flags 40000040
0060:trace:module:map_image_into_view mapping L"\\??\\C:\\windows\\system32\\rpcrt4.dll" section .reloc at 0x231b6f000 off 8e000 size 1000 virt 504 flags 42000040
0060:trace:module:load_dll looking for L"advapi32.dll" in (null)
0060:trace:module:load_dll Found L"C:\\windows\\system32\\advapi32.dll" for L"advapi32.dll" at 0000000330260000, count=-1
0060:trace:module:import_dll is not hybrid module
0060:trace:module:load_dll looking for L"kernel32.dll" in (null)
0060:trace:module:load_dll Found L"C:\\windows\\system32\\kernel32.dll" for L"kernel32.dll" at 000000007B600000, count=-1
0060:trace:module:import_dll is not hybrid module
0060:trace:module:load_dll looking for L"ntdll.dll" in (null)
0060:trace:module:load_dll Found L"C:\\windows\\system32\\ntdll.dll" for L"ntdll.dll" at 0000000170000000, count=-1
0060:trace:module:import_dll is not hybrid module
0060:trace:module:load_dll looking for L"ucrtbase.dll" in (null)
0060:trace:module:load_dll Found L"C:\\windows\\system32\\ucrtbase.dll" for L"ucrtbase.dll" at 00000003AF670000, count=-1
0060:trace:module:import_dll is not hybrid module
0060:trace:module:build_module loaded L"\\??\\C:\\windows\\system32\\rpcrt4.dll" 000000000033B700 0000000231AE0000
0060:trace:loaddll:build_module Loaded L"C:\\windows\\system32\\rpcrt4.dll" at 0000000231AE0000: builtin
0060:trace:module:load_dll Loaded module L"\\??\\C:\\windows\\system32\\rpcrt4.dll" at 0000000231AE0000
0060:trace:module:process_attach (L"rpcrt4.dll",0000000000000000) - START
0060:trace:module:LdrGetDllHandleEx flags 0x1, load_path 0000000000000000, dll_characteristics 0000000000000000, name 000000000021EC20, base 000000000021EC18.
0060:trace:module:LdrGetDllHandleEx L"ntdll.dll" -> 0000000170000000 (load path (null))
0060:trace:module:LdrGetDllHandleEx flags 0x1, load_path 0000000000000000, dll_characteristics 0000000000000000, name 000000000021E7C0, base 000000000021E7B8.
0060:trace:module:LdrGetDllHandleEx L"ntdll.dll" -> 0000000170000000 (load path (null))
0060:trace:module:MODULE_InitDLL (0000000231AE0000 L"rpcrt4.dll",PROCESS_ATTACH,0000000000000000) 0000000231B334D0 - CALL
0060:trace:module:MODULE_InitDLL (0000000231AE0000,PROCESS_ATTACH,0000000000000000) - RETURN 1
0060:trace:module:process_attach (L"rpcrt4.dll",0000000000000000) - END
0060:trace:module:LdrGetDllHandleEx flags 0x1, load_path 0000000000000000, dll_characteristics 0000000000000000, name 000000000021ECC0, base 000000000021ECB8.
0060:trace:module:LdrGetDllHandleEx L"ntdll.dll" -> 0000000170000000 (load path (null))
0060:trace:module:LdrResolveDelayLoadedAPI (000000032A700000, 000000032A71BE70, 0000000000000000, 000000007B60C510, 000000032A72A700, 0x00000000)
0060:trace:module:LdrGetDllHandleEx flags 0x1, load_path 0000000000000000, dll_characteristics 0000000000000000, name 000000000021EED0, base 000000000021EEC8.
0060:trace:module:LdrGetDllHandleEx L"ntdll.dll" -> 0000000170000000 (load path (null))
0060:trace:module:LdrResolveDelayLoadedAPI (000000032A700000, 000000032A71BE70, 0000000000000000, 000000007B60C510, 000000032A72A6E8, 0x00000000)
0060:trace:module:LdrResolveDelayLoadedAPI (000000032A700000, 000000032A71BE70, 0000000000000000, 000000007B60C510, 000000032A72A710, 0x00000000)
0060:trace:module:LdrResolveDelayLoadedAPI (000000032A700000, 000000032A71BE70, 0000000000000000, 000000007B60C510, 000000032A72A6A0, 0x00000000)
0060:trace:module:LdrResolveDelayLoadedAPI (000000032A700000, 000000032A71BE70, 0000000000000000, 000000007B60C510, 000000032A72A680, 0x00000000)
0064:trace:module:MODULE_InitDLL (00000001C8DB0000 L"msvcrt.dll",THREAD_ATTACH,0000000000000000) 00000001C8E3E9D0 - CALL
0064:trace:module:MODULE_InitDLL (00000001C8DB0000,THREAD_ATTACH,0000000000000000) - RETURN 1
0064:trace:module:MODULE_InitDLL (00000003AF670000 L"ucrtbase.dll",THREAD_ATTACH,0000000000000000) 00000003AF71AC10 - CALL
0064:trace:module:MODULE_InitDLL (00000003AF670000,THREAD_ATTACH,0000000000000000) - RETURN 1
0064:trace:module:MODULE_InitDLL (0000000231AE0000 L"rpcrt4.dll",THREAD_ATTACH,0000000000000000) 0000000231B334D0 - CALL
0064:trace:module:MODULE_InitDLL (0000000231AE0000,THREAD_ATTACH,0000000000000000) - RETURN 1
0060:trace:module:LdrResolveDelayLoadedAPI (000000032A700000, 000000032A71BE70, 0000000000000000, 000000007B60C510, 000000032A72A6A8, 0x00000000)
0060:trace:module:LdrResolveDelayLoadedAPI (000000032A700000, 000000032A71BE70, 0000000000000000, 000000007B60C510, 000000032A72A6B8, 0x00000000)
0060:trace:module:LdrResolveDelayLoadedAPI (000000032A700000, 000000032A71BE70, 0000000000000000, 000000007B60C510, 000000032A72A618, 0x00000000)
0060:trace:module:LdrResolveDelayLoadedAPI (000000032A700000, 000000032A71BE70, 0000000000000000, 000000007B60C510, 000000032A72A678, 0x00000000)
0060:trace:module:LdrResolveDelayLoadedAPI (000000032A700000, 000000032A71BE70, 0000000000000000, 000000007B60C510, 000000032A72A6D8, 0x00000000)
0068:trace:module:MODULE_InitDLL (00000001C8DB0000 L"msvcrt.dll",THREAD_ATTACH,0000000000000000) 00000001C8E3E9D0 - CALL
0068:trace:module:MODULE_InitDLL (00000001C8DB0000,THREAD_ATTACH,0000000000000000) - RETURN 1
0068:trace:module:MODULE_InitDLL (00000003AF670000 L"ucrtbase.dll",THREAD_ATTACH,0000000000000000) 00000003AF71AC10 - CALL
0068:trace:module:MODULE_InitDLL (00000003AF670000,THREAD_ATTACH,0000000000000000) - RETURN 1
0068:trace:module:MODULE_InitDLL (0000000231AE0000 L"rpcrt4.dll",THREAD_ATTACH,0000000000000000) 0000000231B334D0 - CALL
0068:trace:module:MODULE_InitDLL (0000000231AE0000,THREAD_ATTACH,0000000000000000) - RETURN 1
0068:trace:module:LdrResolveDelayLoadedAPI (000000032A700000, 000000032A71BE70, 0000000000000000, 000000007B60C510, 000000032A72A608, 0x00000000)
0068:trace:module:LdrResolveDelayLoadedAPI (000000032A700000, 000000032A71BE70, 0000000000000000, 000000007B60C510, 000000032A72A658, 0x00000000)
0068:trace:module:LdrResolveDelayLoadedAPI (000000032A700000, 000000032A71BE70, 0000000000000000, 000000007B60C510, 000000032A72A610, 0x00000000)
0068:trace:module:LdrResolveDelayLoadedAPI (000000032A700000, 000000032A71BE70, 0000000000000000, 000000007B60C510, 000000032A72A660, 0x00000000)
006c:trace:module:MODULE_InitDLL (00000001C8DB0000 L"msvcrt.dll",THREAD_ATTACH,0000000000000000) 00000001C8E3E9D0 - CALL
006c:trace:module:MODULE_InitDLL (00000001C8DB0000,THREAD_ATTACH,0000000000000000) - RETURN 1
006c:trace:module:MODULE_InitDLL (00000003AF670000 L"ucrtbase.dll",THREAD_ATTACH,0000000000000000) 00000003AF71AC10 - CALL
006c:trace:module:MODULE_InitDLL (00000003AF670000,THREAD_ATTACH,0000000000000000) - RETURN 1
006c:trace:module:MODULE_InitDLL (0000000231AE0000 L"rpcrt4.dll",THREAD_ATTACH,0000000000000000) 0000000231B334D0 - CALL
006c:trace:module:MODULE_InitDLL (0000000231AE0000,THREAD_ATTACH,0000000000000000) - RETURN 1
006c:trace:module:LdrAddDllDirectory L"\\??\\C:\\windows\\system32\\drivers"
006c:trace:module:LdrGetDllHandleEx flags 0x1, load_path 0000000000000000, dll_characteristics 0000000000000000, name 00000000011CF980, base 00000000011CF978.
006c:trace:module:LdrGetDllHandleEx L"ntdll.dll" -> 0000000170000000 (load path (null))
006c:trace:module:LdrGetDllHandleEx flags 0x1, load_path 0000000000000000, dll_characteristics 0000000000000000, name 00000000011CF510, base 00000000011CF508.
006c:trace:module:LdrGetDllHandleEx L"ntdll.dll" -> 0000000170000000 (load path (null))
006c:trace:module:LdrResolveDelayLoadedAPI (000000032A700000, 000000032A71BE70, 0000000000000000, 000000007B60C510, 000000032A72A6C0, 0x00000000)
006c:trace:module:LdrResolveDelayLoadedAPI (00000002279A0000, 00000002279CB090, 0000000000000000, 000000007B60C510, 00000002279F8948, 0x00000000)
006c:trace:module:load_dll looking for L"rpcrt4.dll" in (null)
006c:trace:module:load_dll Found L"C:\\windows\\system32\\rpcrt4.dll" for L"rpcrt4.dll" at 0000000231AE0000, count=2
006c:trace:module:LdrResolveDelayLoadedAPI (00000002279A0000, 00000002279CB090, 0000000000000000, 000000007B60C510, 00000002279F8938, 0x00000000)
006c:trace:module:LdrResolveDelayLoadedAPI (00000002279A0000, 00000002279CB090, 0000000000000000, 000000007B60C510, 00000002279F8950, 0x00000000)
0068:trace:module:LdrResolveDelayLoadedAPI (000000032A700000, 000000032A71BE70, 0000000000000000, 000000007B60C510, 000000032A72A638, 0x00000000)
0068:trace:module:load_dll looking for L"C:\\windows\\system32\\drivers\\winebus.sys" in L"C:\\windows\\system32\\drivers;C:\\windows\\system32;C:\\windows\\system32\\drivers;C:\\windows\\system32\\"
0068:trace:module:get_load_order looking for L"C:\\windows\\system32\\drivers\\winebus.sys"
0068:trace:module:get_load_order got hardcoded default for L"C:\\windows\\system32\\drivers\\winebus.sys"
0068:trace:module:map_image_into_view mapping PE file L"\\??\\C:\\windows\\system32\\drivers\\winebus.sys" at 0x1c9230000-0x1c923f000
0068:trace:module:map_image_into_view mapping L"\\??\\C:\\windows\\system32\\drivers\\winebus.sys" section .text at 0x1c9231000 off 1000 size 5000 virt 43e0 flags 60000020
0068:trace:module:map_image_into_view mapping L"\\??\\C:\\windows\\system32\\drivers\\winebus.sys" section .data at 0x1c9236000 off 6000 size 1000 virt d0 flags c0000040
0068:trace:module:map_image_into_view mapping L"\\??\\C:\\windows\\system32\\drivers\\winebus.sys" section .rdata at 0x1c9237000 off 7000 size 1000 virt d20 flags 40000040
0068:trace:module:map_image_into_view mapping L"\\??\\C:\\windows\\system32\\drivers\\winebus.sys" section .pdata at 0x1c9238000 off 8000 size 1000 virt 15c flags 40000040
0068:trace:module:map_image_into_view mapping L"\\??\\C:\\windows\\system32\\drivers\\winebus.sys" section .xdata at 0x1c9239000 off 9000 size 1000 virt 16c flags 40000040
0068:trace:module:map_image_into_view mapping L"\\??\\C:\\windows\\system32\\drivers\\winebus.sys" section .bss at 0x1c923a000 off 0 size 0 virt 210 flags c0000080
0068:trace:module:map_image_into_view mapping L"\\??\\C:\\windows\\system32\\drivers\\winebus.sys" section .edata at 0x1c923b000 off a000 size 1000 virt 118 flags 40000040
0068:trace:module:map_image_into_view mapping L"\\??\\C:\\windows\\system32\\drivers\\winebus.sys" section .idata at 0x1c923c000 off b000 size 1000 virt 96c flags c0000040
0068:trace:module:map_image_into_view mapping L"\\??\\C:\\windows\\system32\\drivers\\winebus.sys" section .rsrc at 0x1c923d000 off c000 size 1000 virt 230 flags 40000040
0068:trace:module:map_image_into_view mapping L"\\??\\C:\\windows\\system32\\drivers\\winebus.sys" section .reloc at 0x1c923e000 off d000 size 1000 virt 28 flags 42000040
0068:trace:module:load_dll looking for L"hidparse.sys" in L"C:\\windows\\system32\\drivers;C:\\windows\\system32;C:\\windows\\system32\\drivers;C:\\windows\\system32\\"
0068:trace:module:get_load_order looking for L"C:\\windows\\system32\\drivers\\hidparse.sys"
0068:trace:module:get_load_order got hardcoded default for L"C:\\windows\\system32\\drivers\\hidparse.sys"
0068:trace:module:map_image_into_view mapping PE file L"\\??\\C:\\windows\\system32\\drivers\\hidparse.sys" at 0x2adf30000-0x2adf43000
0068:trace:module:map_image_into_view mapping L"\\??\\C:\\windows\\system32\\drivers\\hidparse.sys" section .text at 0x2adf31000 off 1000 size 8000 virt 7430 flags 60000020
0068:trace:module:map_image_into_view mapping L"\\??\\C:\\windows\\system32\\drivers\\hidparse.sys" section .data at 0x2adf39000 off 9000 size 1000 virt 80 flags c0000040
0068:trace:module:map_image_into_view mapping L"\\??\\C:\\windows\\system32\\drivers\\hidparse.sys" section .rodata at 0x2adf3a000 off a000 size 1000 virt 190 flags c0000040
0068:trace:module:map_image_into_view mapping L"\\??\\C:\\windows\\system32\\drivers\\hidparse.sys" section .rdata at 0x2adf3b000 off b000 size 2000 virt 1480 flags 40000040
0068:trace:module:map_image_into_view mapping L"\\??\\C:\\windows\\system32\\drivers\\hidparse.sys" section .pdata at 0x2adf3d000 off d000 size 1000 virt 210 flags 40000040
0068:trace:module:map_image_into_view mapping L"\\??\\C:\\windows\\system32\\drivers\\hidparse.sys" section .xdata at 0x2adf3e000 off e000 size 1000 virt 2f8 flags 40000040
0068:trace:module:map_image_into_view mapping L"\\??\\C:\\windows\\system32\\drivers\\hidparse.sys" section .bss at 0x2adf3f000 off 0 size 0 virt 140 flags c0000080
0068:trace:module:map_image_into_view mapping L"\\??\\C:\\windows\\system32\\drivers\\hidparse.sys" section .edata at 0x2adf40000 off f000 size 1000 virt a10 flags 40000040
0068:trace:module:map_image_into_view mapping L"\\??\\C:\\windows\\system32\\drivers\\hidparse.sys" section .idata at 0x2adf41000 off 10000 size 1000 virt 46c flags c0000040
0068:trace:module:map_image_into_view mapping L"\\??\\C:\\windows\\system32\\drivers\\hidparse.sys" section .reloc at 0x2adf42000 off 11000 size 1000 virt 20 flags 42000040
0068:trace:module:load_dll looking for L"kernel32.dll" in L"C:\\windows\\system32\\drivers;C:\\windows\\system32;C:\\windows\\system32\\drivers;C:\\windows\\system32\\"
0068:trace:module:load_dll Found L"C:\\windows\\system32\\kernel32.dll" for L"kernel32.dll" at 000000007B600000, count=-1
0068:trace:module:import_dll is not hybrid module
0068:trace:module:load_dll looking for L"ntdll.dll" in L"C:\\windows\\system32\\drivers;C:\\windows\\system32;C:\\windows\\system32\\drivers;C:\\windows\\system32\\"
0068:trace:module:load_dll Found L"C:\\windows\\system32\\ntdll.dll" for L"ntdll.dll" at 0000000170000000, count=-1
0068:trace:module:import_dll is not hybrid module
0068:trace:module:load_dll looking for L"ntoskrnl.exe" in L"C:\\windows\\system32\\drivers;C:\\windows\\system32;C:\\windows\\system32\\drivers;C:\\windows\\system32\\"
0068:trace:module:load_dll Found L"C:\\windows\\system32\\ntoskrnl.exe" for L"ntoskrnl.exe" at 00000002279A0000, count=-1
0068:trace:module:import_dll is not hybrid module
0068:trace:module:load_dll looking for L"ucrtbase.dll" in L"C:\\windows\\system32\\drivers;C:\\windows\\system32;C:\\windows\\system32\\drivers;C:\\windows\\system32\\"
0068:trace:module:load_dll Found L"C:\\windows\\system32\\ucrtbase.dll" for L"ucrtbase.dll" at 00000003AF670000, count=-1
0068:trace:module:import_dll is not hybrid module
0068:trace:module:build_module loaded L"\\??\\C:\\windows\\system32\\drivers\\hidparse.sys" 00000000003438F0 00000002ADF30000
0068:trace:loaddll:build_module Loaded L"C:\\windows\\system32\\drivers\\hidparse.sys" at 00000002ADF30000: builtin
0068:trace:module:load_dll Loaded module L"\\??\\C:\\windows\\system32\\drivers\\hidparse.sys" at 00000002ADF30000
0068:trace:module:import_dll is not hybrid module
0068:trace:module:load_dll looking for L"kernel32.dll" in L"C:\\windows\\system32\\drivers;C:\\windows\\system32;C:\\windows\\system32\\drivers;C:\\windows\\system32\\"
0068:trace:module:load_dll Found L"C:\\windows\\system32\\kernel32.dll" for L"kernel32.dll" at 000000007B600000, count=-1
0068:trace:module:import_dll is not hybrid module
0068:trace:module:load_dll looking for L"ntdll.dll" in L"C:\\windows\\system32\\drivers;C:\\windows\\system32;C:\\windows\\system32\\drivers;C:\\windows\\system32\\"
0068:trace:module:load_dll Found L"C:\\windows\\system32\\ntdll.dll" for L"ntdll.dll" at 0000000170000000, count=-1
0068:trace:module:import_dll is not hybrid module
0068:trace:module:load_dll looking for L"ntoskrnl.exe" in L"C:\\windows\\system32\\drivers;C:\\windows\\system32;C:\\windows\\system32\\drivers;C:\\windows\\system32\\"
0068:trace:module:load_dll Found L"C:\\windows\\system32\\ntoskrnl.exe" for L"ntoskrnl.exe" at 00000002279A0000, count=-1
0068:trace:module:import_dll is not hybrid module
0068:trace:module:load_dll looking for L"ucrtbase.dll" in L"C:\\windows\\system32\\drivers;C:\\windows\\system32;C:\\windows\\system32\\drivers;C:\\windows\\system32\\"
0068:trace:module:load_dll Found L"C:\\windows\\system32\\ucrtbase.dll" for L"ucrtbase.dll" at 00000003AF670000, count=-1
0068:trace:module:import_dll is not hybrid module
0068:trace:module:build_module loaded L"\\??\\C:\\windows\\system32\\drivers\\winebus.sys" 0000000000343590 00000001C9230000
0068:trace:loaddll:build_module Loaded L"C:\\windows\\system32\\drivers\\winebus.sys" at 00000001C9230000: builtin
0068:trace:module:load_dll Loaded module L"\\??\\C:\\windows\\system32\\drivers\\winebus.sys" at 00000001C9230000
0068:trace:module:process_attach (L"winebus.sys",0000000000000000) - START
0068:trace:module:process_attach (L"hidparse.sys",0000000000000000) - START
0068:trace:module:MODULE_InitDLL (00000002ADF30000 L"hidparse.sys",PROCESS_ATTACH,0000000000000000) 00000002ADF37860 - CALL
0068:trace:module:MODULE_InitDLL (00000002ADF30000,PROCESS_ATTACH,0000000000000000) - RETURN 1
0068:trace:module:process_attach (L"hidparse.sys",0000000000000000) - END
0068:trace:module:process_attach (L"winebus.sys",0000000000000000) - END
0068:trace:module:LdrGetDllHandleEx flags 0x1, load_path 0000000000000000, dll_characteristics 0000000000000000, name 0000000000ECF6C0, base 0000000000ECF6B8.
0068:trace:module:LdrGetDllHandleEx L"ntdll.dll" -> 0000000170000000 (load path (null))
0068:trace:module:LdrGetDllHandleEx flags 0x1, load_path 0000000000000000, dll_characteristics 0000000000000000, name 0000000000ECF260, base 0000000000ECF258.
0068:trace:module:LdrGetDllHandleEx L"ntdll.dll" -> 0000000170000000 (load path (null))
0068:trace:module:LdrResolveDelayLoadedAPI (00000002279A0000, 00000002279CB0B0, 0000000000000000, 000000007B60C510, 00000002279F89A0, 0x00000000)
0068:trace:module:load_dll looking for L"setupapi.dll" in (null)
0068:trace:module:get_load_order looking for L"C:\\windows\\system32\\setupapi.dll"
0068:trace:module:get_load_order got hardcoded default for L"setupapi.dll"
0068:trace:module:map_image_into_view mapping PE file L"\\??\\C:\\windows\\system32\\setupapi.dll" at 0x21a7e0000-0x21a86a000
0068:trace:module:map_image_into_view mapping L"\\??\\C:\\windows\\system32\\setupapi.dll" section .text at 0x21a7e1000 off 1000 size 4b000 virt 4a2e0 flags 60000060
0068:trace:module:map_image_into_view mapping L"\\??\\C:\\windows\\system32\\setupapi.dll" section .data at 0x21a82c000 off 4c000 size 1000 virt 230 flags c0000040
0068:trace:module:map_image_into_view mapping L"\\??\\C:\\windows\\system32\\setupapi.dll" section .rodata at 0x21a82d000 off 4d000 size 3000 virt 244c flags c0000040
0068:trace:module:map_image_into_view mapping L"\\??\\C:\\windows\\system32\\setupapi.dll" section .rdata at 0x21a830000 off 50000 size e000 virt d130 flags 40000040
0068:trace:module:map_image_into_view mapping L"\\??\\C:\\windows\\system32\\setupapi.dll" section .pdata at 0x21a83e000 off 5e000 size 2000 virt 1758 flags 40000040
0068:trace:module:map_image_into_view mapping L"\\??\\C:\\windows\\system32\\setupapi.dll" section .xdata at 0x21a840000 off 60000 size 2000 virt 1dc4 flags 40000040
0068:trace:module:map_image_into_view mapping L"\\??\\C:\\windows\\system32\\setupapi.dll" section .bss at 0x21a842000 off 0 size 0 virt 720 flags c0000080
0068:trace:module:map_image_into_view mapping L"\\??\\C:\\windows\\system32\\setupapi.dll" section .edata at 0x21a843000 off 62000 size 18000 virt 171c8 flags 40000040
0068:trace:module:map_image_into_view mapping L"\\??\\C:\\windows\\system32\\setupapi.dll" section .idata at 0x21a85b000 off 7a000 size 2000 virt 1f34 flags c0000040
0068:trace:module:map_image_into_view mapping L"\\??\\C:\\windows\\system32\\setupapi.dll" section .rsrc at 0x21a85d000 off 7c000 size c000 virt bf00 flags 40000040
0068:trace:module:map_image_into_view mapping L"\\??\\C:\\windows\\system32\\setupapi.dll" section .reloc at 0x21a869000 off 88000 size 1000 virt d8 flags 42000040
0068:trace:module:load_dll looking for L"advapi32.dll" in (null)
0068:trace:module:load_dll Found L"C:\\windows\\system32\\advapi32.dll" for L"advapi32.dll" at 0000000330260000, count=-1
0068:trace:module:import_dll is not hybrid module
0068:trace:module:load_dll looking for L"kernel32.dll" in (null)
0068:trace:module:load_dll Found L"C:\\windows\\system32\\kernel32.dll" for L"kernel32.dll" at 000000007B600000, count=-1
0068:trace:module:import_dll is not hybrid module
0068:trace:module:load_dll looking for L"kernelbase.dll" in (null)
0068:trace:module:load_dll Found L"C:\\windows\\system32\\kernelbase.dll" for L"kernelbase.dll" at 000000007B000000, count=-1
0068:trace:module:import_dll is not hybrid module
0068:trace:module:load_dll looking for L"ntdll.dll" in (null)
0068:trace:module:load_dll Found L"C:\\windows\\system32\\ntdll.dll" for L"ntdll.dll" at 0000000170000000, count=-1
0068:trace:module:import_dll is not hybrid module
0068:trace:module:load_dll looking for L"rpcrt4.dll" in (null)
0068:trace:module:load_dll Found L"C:\\windows\\system32\\rpcrt4.dll" for L"rpcrt4.dll" at 0000000231AE0000, count=3
0068:trace:module:import_dll is not hybrid module
0068:trace:module:load_dll looking for L"ucrtbase.dll" in (null)
0068:trace:module:load_dll Found L"C:\\windows\\system32\\ucrtbase.dll" for L"ucrtbase.dll" at 00000003AF670000, count=-1
0068:trace:module:import_dll is not hybrid module
0068:trace:module:load_dll looking for L"version.dll" in (null)
0068:trace:module:get_load_order looking for L"C:\\windows\\system32\\version.dll"
0068:trace:module:get_load_order got hardcoded default for L"version.dll"
0068:trace:module:map_image_into_view mapping PE file L"\\??\\C:\\windows\\system32\\version.dll" at 0x2f1fa0000-0x2f1fae000
0068:trace:module:map_image_into_view mapping L"\\??\\C:\\windows\\system32\\version.dll" section .text at 0x2f1fa1000 off 1000 size 3000 virt 2990 flags 60000020
0068:trace:module:map_image_into_view mapping L"\\??\\C:\\windows\\system32\\version.dll" section .data at 0x2f1fa4000 off 4000 size 1000 virt 70 flags c0000040
0068:trace:module:map_image_into_view mapping L"\\??\\C:\\windows\\system32\\version.dll" section .rodata at 0x2f1fa5000 off 5000 size 1000 virt 84 flags c0000040
0068:trace:module:map_image_into_view mapping L"\\??\\C:\\windows\\system32\\version.dll" section .rdata at 0x2f1fa6000 off 6000 size 1000 virt 280 flags 40000040
0068:trace:module:map_image_into_view mapping L"\\??\\C:\\windows\\system32\\version.dll" section .pdata at 0x2f1fa7000 off 7000 size 1000 virt d8 flags 40000040
0068:trace:module:map_image_into_view mapping L"\\??\\C:\\windows\\system32\\version.dll" section .xdata at 0x2f1fa8000 off 8000 size 1000 virt 104 flags 40000040
0068:trace:module:map_image_into_view mapping L"\\??\\C:\\windows\\system32\\version.dll" section .bss at 0x2f1fa9000 off 0 size 0 virt 140 flags c0000080
0068:trace:module:map_image_into_view mapping L"\\??\\C:\\windows\\system32\\version.dll" section .edata at 0x2f1faa000 off 9000 size 1000 virt 327 flags 40000040
0068:trace:module:map_image_into_view mapping L"\\??\\C:\\windows\\system32\\version.dll" section .idata at 0x2f1fab000 off a000 size 1000 virt 78c flags c0000040
0068:trace:module:map_image_into_view mapping L"\\??\\C:\\windows\\system32\\version.dll" section .rsrc at 0x2f1fac000 off b000 size 1000 virt 3b8 flags 40000040
0068:trace:module:map_image_into_view mapping L"\\??\\C:\\windows\\system32\\version.dll" section .reloc at 0x2f1fad000 off c000 size 1000 virt 20 flags 42000040
0068:trace:module:load_dll looking for L"kernel32.dll" in (null)
0068:trace:module:load_dll Found L"C:\\windows\\system32\\kernel32.dll" for L"kernel32.dll" at 000000007B600000, count=-1
0068:trace:module:import_dll is not hybrid module
0068:trace:module:load_dll looking for L"kernelbase.dll" in (null)
0068:trace:module:load_dll Found L"C:\\windows\\system32\\kernelbase.dll" for L"kernelbase.dll" at 000000007B000000, count=-1
0068:trace:module:import_dll is not hybrid module
0068:trace:module:load_dll looking for L"ntdll.dll" in (null)
0068:trace:module:load_dll Found L"C:\\windows\\system32\\ntdll.dll" for L"ntdll.dll" at 0000000170000000, count=-1
0068:trace:module:import_dll is not hybrid module
0068:trace:module:load_dll looking for L"ucrtbase.dll" in (null)
0068:trace:module:load_dll Found L"C:\\windows\\system32\\ucrtbase.dll" for L"ucrtbase.dll" at 00000003AF670000, count=-1
0068:trace:module:import_dll is not hybrid module
0068:trace:module:build_module loaded L"\\??\\C:\\windows\\system32\\version.dll" 0000000000343C30 00000002F1FA0000
0068:trace:loaddll:build_module Loaded L"C:\\windows\\system32\\version.dll" at 00000002F1FA0000: builtin
0068:trace:module:load_dll Loaded module L"\\??\\C:\\windows\\system32\\version.dll" at 00000002F1FA0000
0068:trace:module:import_dll is not hybrid module
0068:trace:module:build_module loaded L"\\??\\C:\\windows\\system32\\setupapi.dll" 0000000000343A50 000000021A7E0000
0068:trace:loaddll:build_module Loaded L"C:\\windows\\system32\\setupapi.dll" at 000000021A7E0000: builtin
0068:trace:module:load_dll Loaded module L"\\??\\C:\\windows\\system32\\setupapi.dll" at 000000021A7E0000
0068:trace:module:process_attach (L"setupapi.dll",0000000000000000) - START
0068:trace:module:process_attach (L"version.dll",0000000000000000) - START
0068:trace:module:MODULE_InitDLL (00000002F1FA0000 L"version.dll",PROCESS_ATTACH,0000000000000000) 00000002F1FA2DE0 - CALL
0068:trace:module:MODULE_InitDLL (00000002F1FA0000,PROCESS_ATTACH,0000000000000000) - RETURN 1
0068:trace:module:process_attach (L"version.dll",0000000000000000) - END
0068:trace:module:MODULE_InitDLL (000000021A7E0000 L"setupapi.dll",PROCESS_ATTACH,0000000000000000) 000000021A82A460 - CALL
0068:trace:module:MODULE_InitDLL (000000021A7E0000,PROCESS_ATTACH,0000000000000000) - RETURN 1
0068:trace:module:process_attach (L"setupapi.dll",0000000000000000) - END
0068:trace:module:LdrGetDllHandleEx flags 0x1, load_path 0000000000000000, dll_characteristics 0000000000000000, name 0000000000ECF0B0, base 0000000000ECF0A8.
0068:trace:module:LdrGetDllHandleEx L"ntdll.dll" -> 0000000170000000 (load path (null))
0068:trace:module:LdrGetDllHandleEx flags 0x1, load_path 0000000000000000, dll_characteristics 0000000000000000, name 0000000000ECEDC0, base 0000000000ECEDB8.
0068:trace:module:LdrGetDllHandleEx L"ntdll.dll" -> 0000000170000000 (load path (null))
0068:trace:module:LdrResolveDelayLoadedAPI (00000002279A0000, 00000002279CB0B0, 0000000000000000, 000000007B60C510, 00000002279F8998, 0x00000000)
0068:trace:module:LdrResolveDelayLoadedAPI (00000002279A0000, 00000002279CB0B0, 0000000000000000, 000000007B60C510, 00000002279F89B8, 0x00000000)
0068:trace:module:LdrResolveDelayLoadedAPI (00000002279A0000, 00000002279CB0B0, 0000000000000000, 000000007B60C510, 00000002279F89A8, 0x00000000)
0068:trace:module:LdrGetDllHandleEx flags 0x1, load_path 0000000000000000, dll_characteristics 0000000000000000, name 0000000000ECEA80, base 0000000000ECEA78.
0068:trace:module:LdrGetDllHandleEx L"ntdll.dll" -> 0000000170000000 (load path (null))
0068:trace:module:LdrResolveDelayLoadedAPI (00000002279A0000, 00000002279CB0B0, 0000000000000000, 000000007B60C510, 00000002279F8978, 0x00000000)
0068:trace:module:LdrResolveDelayLoadedAPI (00000002279A0000, 00000002279CB0B0, 0000000000000000, 000000007B60C510, 00000002279F8980, 0x00000000)
0068:trace:module:LdrResolveDelayLoadedAPI (00000002279A0000, 00000002279CB0B0, 0000000000000000, 000000007B60C510, 00000002279F89C8, 0x00000000)
0068:trace:module:LdrResolveDelayLoadedAPI (00000002279A0000, 00000002279CB0B0, 0000000000000000, 000000007B60C510, 00000002279F89C0, 0x00000000)
0068:trace:module:load_dll looking for L"C:\\windows\\system32\\drivers\\winehid.sys" in L"C:\\windows\\system32\\drivers;C:\\windows\\system32;C:\\windows\\system32\\drivers;C:\\windows\\system32\\"
0068:trace:module:get_load_order looking for L"C:\\windows\\system32\\drivers\\winehid.sys"
0068:trace:module:get_load_order got hardcoded default for L"C:\\windows\\system32\\drivers\\winehid.sys"
0068:trace:module:map_image_into_view mapping PE file L"\\??\\C:\\windows\\system32\\drivers\\winehid.sys" at 0x3ba2a0000-0x3ba2ac000
0068:trace:module:map_image_into_view mapping L"\\??\\C:\\windows\\system32\\drivers\\winehid.sys" section .text at 0x3ba2a1000 off 1000 size 2000 virt 10f0 flags 60000020
0068:trace:module:map_image_into_view mapping L"\\??\\C:\\windows\\system32\\drivers\\winehid.sys" section .data at 0x3ba2a3000 off 3000 size 1000 virt 40 flags c0000040
0068:trace:module:map_image_into_view mapping L"\\??\\C:\\windows\\system32\\drivers\\winehid.sys" section .rdata at 0x3ba2a4000 off 4000 size 1000 virt 1c0 flags 40000040
0068:trace:module:map_image_into_view mapping L"\\??\\C:\\windows\\system32\\drivers\\winehid.sys" section .pdata at 0x3ba2a5000 off 5000 size 1000 virt c0 flags 40000040
0068:trace:module:map_image_into_view mapping L"\\??\\C:\\windows\\system32\\drivers\\winehid.sys" section .xdata at 0x3ba2a6000 off 6000 size 1000 virt d8 flags 40000040
0068:trace:module:map_image_into_view mapping L"\\??\\C:\\windows\\system32\\drivers\\winehid.sys" section .bss at 0x3ba2a7000 off 0 size 0 virt 140 flags c0000080
0068:trace:module:map_image_into_view mapping L"\\??\\C:\\windows\\system32\\drivers\\winehid.sys" section .edata at 0x3ba2a8000 off 7000 size 1000 virt fd flags 40000040
0068:trace:module:map_image_into_view mapping L"\\??\\C:\\windows\\system32\\drivers\\winehid.sys" section .idata at 0x3ba2a9000 off 8000 size 1000 virt 408 flags c0000040
0068:trace:module:map_image_into_view mapping L"\\??\\C:\\windows\\system32\\drivers\\winehid.sys" section .rsrc at 0x3ba2aa000 off 9000 size 1000 virt 238 flags 40000040
0068:trace:module:map_image_into_view mapping L"\\??\\C:\\windows\\system32\\drivers\\winehid.sys" section .reloc at 0x3ba2ab000 off a000 size 1000 virt 10 flags 42000040
0068:trace:module:load_dll looking for L"hidclass.sys" in L"C:\\windows\\system32\\drivers;C:\\windows\\system32;C:\\windows\\system32\\drivers;C:\\windows\\system32\\"
0068:trace:module:get_load_order looking for L"C:\\windows\\system32\\drivers\\hidclass.sys"
0068:trace:module:get_load_order got hardcoded default for L"C:\\windows\\system32\\drivers\\hidclass.sys"
0068:trace:module:map_image_into_view mapping PE file L"\\??\\C:\\windows\\system32\\drivers\\hidclass.sys" at 0x31df10000-0x31df25000
0068:trace:module:map_image_into_view mapping L"\\??\\C:\\windows\\system32\\drivers\\hidclass.sys" section .text at 0x31df11000 off 1000 size 5000 virt 4390 flags 60000020
0068:trace:module:map_image_into_view mapping L"\\??\\C:\\windows\\system32\\drivers\\hidclass.sys" section .data at 0x31df16000 off 6000 size 1000 virt a0 flags c0000040
0068:trace:module:map_image_into_view mapping L"\\??\\C:\\windows\\system32\\drivers\\hidclass.sys" section .rodata at 0x31df17000 off 7000 size 1000 virt 8 flags c0000040
0068:trace:module:map_image_into_view mapping L"\\??\\C:\\windows\\system32\\drivers\\hidclass.sys" section .rdata at 0x31df18000 off 8000 size 3000 virt 2b70 flags 40000040
0068:trace:module:map_image_into_view mapping L"\\??\\C:\\windows\\system32\\drivers\\hidclass.sys" section .pdata at 0x31df1b000 off b000 size 1000 virt 1e0 flags 40000040
0068:trace:module:map_image_into_view mapping L"\\??\\C:\\windows\\system32\\drivers\\hidclass.sys" section .xdata at 0x31df1c000 off c000 size 1000 virt 268 flags 40000040
0068:trace:module:map_image_into_view mapping L"\\??\\C:\\windows\\system32\\drivers\\hidclass.sys" section .bss at 0x31df1d000 off 0 size 0 virt 140 flags c0000080
0068:trace:module:map_image_into_view mapping L"\\??\\C:\\windows\\system32\\drivers\\hidclass.sys" section .edata at 0x31df1e000 off d000 size 4000 virt 3138 flags 40000040
0068:trace:module:map_image_into_view mapping L"\\??\\C:\\windows\\system32\\drivers\\hidclass.sys" section .idata at 0x31df22000 off 11000 size 1000 virt a88 flags c0000040
0068:trace:module:map_image_into_view mapping L"\\??\\C:\\windows\\system32\\drivers\\hidclass.sys" section .rsrc at 0x31df23000 off 12000 size 1000 virt 160 flags 40000040
0068:trace:module:map_image_into_view mapping L"\\??\\C:\\windows\\system32\\drivers\\hidclass.sys" section .reloc at 0x31df24000 off 13000 size 1000 virt 70 flags 42000040
0068:trace:module:load_dll looking for L"hidparse.sys" in L"C:\\windows\\system32\\drivers;C:\\windows\\system32;C:\\windows\\system32\\drivers;C:\\windows\\system32\\"
0068:trace:module:load_dll Found L"C:\\windows\\system32\\drivers\\hidparse.sys" for L"hidparse.sys" at 00000002ADF30000, count=2
0068:trace:module:import_dll is not hybrid module
0068:trace:module:load_dll looking for L"kernel32.dll" in L"C:\\windows\\system32\\drivers;C:\\windows\\system32;C:\\windows\\system32\\drivers;C:\\windows\\system32\\"
0068:trace:module:load_dll Found L"C:\\windows\\system32\\kernel32.dll" for L"kernel32.dll" at 000000007B600000, count=-1
0068:trace:module:import_dll is not hybrid module
0068:trace:module:load_dll looking for L"ntdll.dll" in L"C:\\windows\\system32\\drivers;C:\\windows\\system32;C:\\windows\\system32\\drivers;C:\\windows\\system32\\"
0068:trace:module:load_dll Found L"C:\\windows\\system32\\ntdll.dll" for L"ntdll.dll" at 0000000170000000, count=-1
0068:trace:module:import_dll is not hybrid module
0068:trace:module:load_dll looking for L"ntoskrnl.exe" in L"C:\\windows\\system32\\drivers;C:\\windows\\system32;C:\\windows\\system32\\drivers;C:\\windows\\system32\\"
0068:trace:module:load_dll Found L"C:\\windows\\system32\\ntoskrnl.exe" for L"ntoskrnl.exe" at 00000002279A0000, count=-1
0068:trace:module:import_dll is not hybrid module
0068:trace:module:load_dll looking for L"ucrtbase.dll" in L"C:\\windows\\system32\\drivers;C:\\windows\\system32;C:\\windows\\system32\\drivers;C:\\windows\\system32\\"
0068:trace:module:load_dll Found L"C:\\windows\\system32\\ucrtbase.dll" for L"ucrtbase.dll" at 00000003AF670000, count=-1
0068:trace:module:import_dll is not hybrid module
0068:trace:module:load_dll looking for L"win32u.dll" in L"C:\\windows\\system32\\drivers;C:\\windows\\system32;C:\\windows\\system32\\drivers;C:\\windows\\system32\\"
0068:trace:module:get_load_order looking for L"C:\\windows\\system32\\win32u.dll"
0068:trace:module:get_load_order got hardcoded default for L"win32u.dll"
0068:trace:module:load_builtin L"\\??\\C:\\windows\\system32\\win32u.dll" is a fake Wine dll
0068:trace:module:load_dll looking for L"kernel32.dll" in L"C:\\windows\\system32\\drivers;C:\\windows\\system32;C:\\windows\\system32\\drivers;C:\\windows\\system32\\"
0068:trace:module:load_dll Found L"C:\\windows\\system32\\kernel32.dll" for L"kernel32.dll" at 000000007B600000, count=-1
0068:trace:module:import_dll is not hybrid module
0068:trace:module:load_dll looking for L"ntdll.dll" in L"C:\\windows\\system32\\drivers;C:\\windows\\system32;C:\\windows\\system32\\drivers;C:\\windows\\system32\\"
0068:trace:module:load_dll Found L"C:\\windows\\system32\\ntdll.dll" for L"ntdll.dll" at 0000000170000000, count=-1
0068:trace:module:import_dll is not hybrid module
0068:trace:module:build_module loaded L"\\??\\C:\\windows\\system32\\win32u.dll" 0000000000347A60 000000006D980000
0068:trace:loaddll:build_module Loaded L"C:\\windows\\system32\\win32u.dll" at 000000006D980000: builtin
0068:trace:module:load_dll Loaded module L"\\??\\C:\\windows\\system32\\win32u.dll" at 000000006D980000
0068:trace:module:import_dll is not hybrid module
0068:trace:module:build_module loaded L"\\??\\C:\\windows\\system32\\drivers\\hidclass.sys" 0000000000347750 000000031DF10000
0068:trace:loaddll:build_module Loaded L"C:\\windows\\system32\\drivers\\hidclass.sys" at 000000031DF10000: builtin
0068:trace:module:load_dll Loaded module L"\\??\\C:\\windows\\system32\\drivers\\hidclass.sys" at 000000031DF10000
0068:trace:module:import_dll is not hybrid module
0068:trace:module:load_dll looking for L"kernel32.dll" in L"C:\\windows\\system32\\drivers;C:\\windows\\system32;C:\\windows\\system32\\drivers;C:\\windows\\system32\\"
0068:trace:module:load_dll Found L"C:\\windows\\system32\\kernel32.dll" for L"kernel32.dll" at 000000007B600000, count=-1
0068:trace:module:import_dll is not hybrid module
0068:trace:module:load_dll looking for L"ntdll.dll" in L"C:\\windows\\system32\\drivers;C:\\windows\\system32;C:\\windows\\system32\\drivers;C:\\windows\\system32\\"
0068:trace:module:load_dll Found L"C:\\windows\\system32\\ntdll.dll" for L"ntdll.dll" at 0000000170000000, count=-1
0068:trace:module:import_dll is not hybrid module
0068:trace:module:load_dll looking for L"ntoskrnl.exe" in L"C:\\windows\\system32\\drivers;C:\\windows\\system32;C:\\windows\\system32\\drivers;C:\\windows\\system32\\"
0068:trace:module:load_dll Found L"C:\\windows\\system32\\ntoskrnl.exe" for L"ntoskrnl.exe" at 00000002279A0000, count=-1
0068:trace:module:import_dll is not hybrid module
0068:trace:module:load_dll looking for L"ucrtbase.dll" in L"C:\\windows\\system32\\drivers;C:\\windows\\system32;C:\\windows\\system32\\drivers;C:\\windows\\system32\\"
0068:trace:module:load_dll Found L"C:\\windows\\system32\\ucrtbase.dll" for L"ucrtbase.dll" at 00000003AF670000, count=-1
0068:trace:module:import_dll is not hybrid module
0068:trace:module:build_module loaded L"\\??\\C:\\windows\\system32\\drivers\\winehid.sys" 00000000003473F0 00000003BA2A0000
0068:trace:loaddll:build_module Loaded L"C:\\windows\\system32\\drivers\\winehid.sys" at 00000003BA2A0000: builtin
0068:trace:module:load_dll Loaded module L"\\??\\C:\\windows\\system32\\drivers\\winehid.sys" at 00000003BA2A0000
0068:trace:module:process_attach (L"winehid.sys",0000000000000000) - START
0068:trace:module:process_attach (L"hidclass.sys",0000000000000000) - START
0068:trace:module:process_attach (L"win32u.dll",0000000000000000) - START
0068:trace:module:MODULE_InitDLL (000000006D980000 L"win32u.dll",PROCESS_ATTACH,0000000000000000) 000000006DA44570 - CALL
0068:trace:module:MODULE_InitDLL (000000006D980000,PROCESS_ATTACH,0000000000000000) - RETURN 1
0068:trace:module:process_attach (L"win32u.dll",0000000000000000) - END
0068:trace:module:MODULE_InitDLL (000000031DF10000 L"hidclass.sys",PROCESS_ATTACH,0000000000000000) 000000031DF14780 - CALL
0068:trace:module:MODULE_InitDLL (000000031DF10000,PROCESS_ATTACH,0000000000000000) - RETURN 1
0068:trace:module:process_attach (L"hidclass.sys",0000000000000000) - END
0068:trace:module:process_attach (L"winehid.sys",0000000000000000) - END
0068:trace:module:LdrGetDllHandleEx flags 0x1, load_path 0000000000000000, dll_characteristics 0000000000000000, name 0000000000ECDB00, base 0000000000ECDAF8.
0068:trace:module:LdrGetDllHandleEx L"ntdll.dll" -> 0000000170000000 (load path (null))
0068:trace:module:LdrGetDllHandleEx flags 0x1, load_path 0000000000000000, dll_characteristics 0000000000000000, name 0000000000ECD690, base 0000000000ECD688.
0068:trace:module:LdrGetDllHandleEx L"ntdll.dll" -> 0000000170000000 (load path (null))
0068:trace:module:LdrResolveDelayLoadedAPI (00000002279A0000, 00000002279CB0B0, 0000000000000000, 000000007B60C510, 00000002279F8990, 0x00000000)
0068:trace:module:LdrGetDllHandleEx flags 0x1, load_path 0000000000000000, dll_characteristics 0000000000000000, name 0000000000ECDA90, base 0000000000ECDA88.
0068:trace:module:LdrGetDllHandleEx L"ntdll.dll" -> 0000000170000000 (load path (null))
0068:trace:module:LdrGetDllHandleEx flags 0x1, load_path 0000000000000000, dll_characteristics 0000000000000000, name 0000000000ECD620, base 0000000000ECD618.
0068:trace:module:LdrGetDllHandleEx L"ntdll.dll" -> 0000000170000000 (load path (null))
0068:trace:module:LdrGetDllHandleEx flags 0x1, load_path 0000000000000000, dll_characteristics 0000000000000000, name 0000000000ECD090, base 0000000000ECD088.
0068:trace:module:LdrGetDllHandleEx L"ntdll.dll" -> 0000000170000000 (load path (null))
0068:trace:module:LdrResolveDelayLoadedAPI (000000021A7E0000, 000000021A82B2A0, 0000000000000000, 000000007B60C510, 000000021A85BDB0, 0x00000000)
0068:trace:module:load_dll looking for L"user32.dll" in (null)
0068:trace:module:get_load_order looking for L"C:\\windows\\system32\\user32.dll"
0068:trace:module:get_load_order got hardcoded default for L"user32.dll"
0068:trace:module:map_image_into_view mapping PE file L"\\??\\C:\\windows\\system32\\user32.dll" at 0x23d820000-0x23da1d000
0068:trace:module:map_image_into_view mapping L"\\??\\C:\\windows\\system32\\user32.dll" section .text at 0x23d821000 off 1000 size d7000 virt d6f50 flags 60000060
0068:trace:module:map_image_into_view mapping L"\\??\\C:\\windows\\system32\\user32.dll" section .data at 0x23d8f8000 off d8000 size 1000 virt 780 flags c0000040
0068:trace:module:map_image_into_view mapping L"\\??\\C:\\windows\\system32\\user32.dll" section .rodata at 0x23d8f9000 off d9000 size 1000 virt ed0 flags c0000040
0068:trace:module:map_image_into_view mapping L"\\??\\C:\\windows\\system32\\user32.dll" section .rdata at 0x23d8fa000 off da000 size 19000 virt 18b90 flags 40000040
0068:trace:module:map_image_into_view mapping L"\\??\\C:\\windows\\system32\\user32.dll" section .pdata at 0x23d913000 off f3000 size 6000 virt 5004 flags 40000040
0068:trace:module:map_image_into_view mapping L"\\??\\C:\\windows\\system32\\user32.dll" section .xdata at 0x23d919000 off f9000 size 6000 virt 5a24 flags 40000040
0068:trace:module:map_image_into_view mapping L"\\??\\C:\\windows\\system32\\user32.dll" section .bss at 0x23d91f000 off 0 size 0 virt 410 flags c0000080
0068:trace:module:map_image_into_view mapping L"\\??\\C:\\windows\\system32\\user32.dll" section .edata at 0x23d920000 off ff000 size 12000 virt 110f3 flags 40000040
0068:trace:module:map_image_into_view mapping L"\\??\\C:\\windows\\system32\\user32.dll" section .idata at 0x23d932000 off 111000 size 5000 virt 4e5c flags c0000040
0068:trace:module:map_image_into_view mapping L"\\??\\C:\\windows\\system32\\user32.dll" section .rsrc at 0x23d937000 off 116000 size e5000 virt e4818 flags 40000040
0068:trace:module:map_image_into_view mapping L"\\??\\C:\\windows\\system32\\user32.dll" section .reloc at 0x23da1c000 off 1fb000 size 1000 virt 304 flags 42000040
0068:trace:module:load_dll looking for L"advapi32.dll" in (null)
0068:trace:module:load_dll Found L"C:\\windows\\system32\\advapi32.dll" for L"advapi32.dll" at 0000000330260000, count=-1
0068:trace:module:import_dll is not hybrid module
0068:trace:module:load_dll looking for L"gdi32.dll" in (null)
0068:trace:module:get_load_order looking for L"C:\\windows\\system32\\gdi32.dll"
0068:trace:module:get_load_order got hardcoded default for L"gdi32.dll"
0068:trace:module:map_image_into_view mapping PE file L"\\??\\C:\\windows\\system32\\gdi32.dll" at 0x26b4c0000-0x26b550000
0068:trace:module:map_image_into_view mapping L"\\??\\C:\\windows\\system32\\gdi32.dll" section .text at 0x26b4c1000 off 1000 size 5f000 virt 5e630 flags 60000060
0068:trace:module:map_image_into_view mapping L"\\??\\C:\\windows\\system32\\gdi32.dll" section .data at 0x26b520000 off 60000 size 1000 virt 960 flags c0000040
0068:trace:module:map_image_into_view mapping L"\\??\\C:\\windows\\system32\\gdi32.dll" section .rodata at 0x26b521000 off 61000 size 1000 virt d88 flags c0000040
0068:trace:module:map_image_into_view mapping L"\\??\\C:\\windows\\system32\\gdi32.dll" section .rdata at 0x26b522000 off 62000 size 15000 virt 14d40 flags 40000040
0068:trace:module:map_image_into_view mapping L"\\??\\C:\\windows\\system32\\gdi32.dll" section .pdata at 0x26b537000 off 77000 size 3000 virt 2160 flags 40000040
0068:trace:module:map_image_into_view mapping L"\\??\\C:\\windows\\system32\\gdi32.dll" section .xdata at 0x26b53a000 off 7a000 size 3000 virt 29b4 flags 40000040
0068:trace:module:map_image_into_view mapping L"\\??\\C:\\windows\\system32\\gdi32.dll" section .bss at 0x26b53d000 off 0 size 0 virt 1c0 flags c0000080
0068:trace:module:map_image_into_view mapping L"\\??\\C:\\windows\\system32\\gdi32.dll" section .edata at 0x26b53e000 off 7d000 size 9000 virt 8565 flags 40000040
0068:trace:module:map_image_into_view mapping L"\\??\\C:\\windows\\system32\\gdi32.dll" section .idata at 0x26b547000 off 86000 size 3000 virt 292c flags c0000040
0068:trace:module:map_image_into_view mapping L"\\??\\C:\\windows\\system32\\gdi32.dll" section .rsrc at 0x26b54a000 off 89000 size 5000 virt 4230 flags 40000040
0068:trace:module:map_image_into_view mapping L"\\??\\C:\\windows\\system32\\gdi32.dll" section .reloc at 0x26b54f000 off 8e000 size 1000 virt 4b0 flags 42000040
0068:trace:module:load_dll looking for L"advapi32.dll" in (null)
0068:trace:module:load_dll Found L"C:\\windows\\system32\\advapi32.dll" for L"advapi32.dll" at 0000000330260000, count=-1
0068:trace:module:import_dll is not hybrid module
0068:trace:module:load_dll looking for L"kernel32.dll" in (null)
0068:trace:module:load_dll Found L"C:\\windows\\system32\\kernel32.dll" for L"kernel32.dll" at 000000007B600000, count=-1
0068:trace:module:import_dll is not hybrid module
0068:trace:module:load_dll looking for L"ntdll.dll" in (null)
0068:trace:module:load_dll Found L"C:\\windows\\system32\\ntdll.dll" for L"ntdll.dll" at 0000000170000000, count=-1
0068:trace:module:import_dll is not hybrid module
0068:trace:module:load_dll looking for L"ucrtbase.dll" in (null)
0068:trace:module:load_dll Found L"C:\\windows\\system32\\ucrtbase.dll" for L"ucrtbase.dll" at 00000003AF670000, count=-1
0068:trace:module:import_dll is not hybrid module
0068:trace:module:load_dll looking for L"user32.dll" in (null)
0068:trace:module:load_dll Found L"C:\\windows\\system32\\user32.dll" for L"user32.dll" at 000000023D820000, count=2
0068:trace:module:import_dll is not hybrid module
0068:trace:module:load_dll looking for L"win32u.dll" in (null)
0068:trace:module:load_dll Found L"C:\\windows\\system32\\win32u.dll" for L"win32u.dll" at 000000006D980000, count=2
0068:trace:module:import_dll is not hybrid module
0068:trace:module:build_module loaded L"\\??\\C:\\windows\\system32\\gdi32.dll" 0000000000349140 000000026B4C0000
0068:trace:loaddll:build_module Loaded L"C:\\windows\\system32\\gdi32.dll" at 000000026B4C0000: builtin
0068:trace:module:load_dll Loaded module L"\\??\\C:\\windows\\system32\\gdi32.dll" at 000000026B4C0000
0068:trace:module:import_dll is not hybrid module
0068:trace:module:load_dll looking for L"kernel32.dll" in (null)
0068:trace:module:load_dll Found L"C:\\windows\\system32\\kernel32.dll" for L"kernel32.dll" at 000000007B600000, count=-1
0068:trace:module:import_dll is not hybrid module
0068:trace:module:load_dll looking for L"kernelbase.dll" in (null)
0068:trace:module:load_dll Found L"C:\\windows\\system32\\kernelbase.dll" for L"kernelbase.dll" at 000000007B000000, count=-1
0068:trace:module:import_dll is not hybrid module
0068:trace:module:load_dll looking for L"ntdll.dll" in (null)
0068:trace:module:load_dll Found L"C:\\windows\\system32\\ntdll.dll" for L"ntdll.dll" at 0000000170000000, count=-1
0068:trace:module:import_dll is not hybrid module
0068:trace:module:load_dll looking for L"sechost.dll" in (null)
0068:trace:module:load_dll Found L"C:\\windows\\system32\\sechost.dll" for L"sechost.dll" at 000000032A700000, count=-1
0068:trace:module:import_dll is not hybrid module
0068:trace:module:load_dll looking for L"ucrtbase.dll" in (null)
0068:trace:module:load_dll Found L"C:\\windows\\system32\\ucrtbase.dll" for L"ucrtbase.dll" at 00000003AF670000, count=-1
0068:trace:module:import_dll is not hybrid module
0068:trace:module:load_dll looking for L"version.dll" in (null)
0068:trace:module:load_dll Found L"C:\\windows\\system32\\version.dll" for L"version.dll" at 00000002F1FA0000, count=2
0068:trace:module:import_dll is not hybrid module
0068:trace:module:load_dll looking for L"win32u.dll" in (null)
0068:trace:module:load_dll Found L"C:\\windows\\system32\\win32u.dll" for L"win32u.dll" at 000000006D980000, count=3
0068:trace:module:import_dll is not hybrid module
0068:trace:module:build_module loaded L"\\??\\C:\\windows\\system32\\user32.dll" 0000000000348E90 000000023D820000
0068:trace:loaddll:build_module Loaded L"C:\\windows\\system32\\user32.dll" at 000000023D820000: builtin
0068:trace:module:load_dll Loaded module L"\\??\\C:\\windows\\system32\\user32.dll" at 000000023D820000
0068:trace:module:process_attach (L"user32.dll",0000000000000000) - START
0068:trace:module:process_attach (L"gdi32.dll",0000000000000000) - START
0068:trace:module:MODULE_InitDLL (000000026B4C0000 L"gdi32.dll",PROCESS_ATTACH,0000000000000000) 000000026B51E670 - CALL
0068:trace:module:MODULE_InitDLL (000000026B4C0000,PROCESS_ATTACH,0000000000000000) - RETURN 1
0068:trace:module:process_attach (L"gdi32.dll",0000000000000000) - END
0068:trace:module:MODULE_InitDLL (000000023D820000 L"user32.dll",PROCESS_ATTACH,0000000000000000) 000000023D8F6990 - CALL
0068:trace:module:load_dll looking for L"imm32.dll" in L"C:\\windows\\system32;C:\\windows\\system32;C:\\windows\\system;C:\\windows;.;C:\\windows\\system32;C:\\windows;C:\\windows\\system32\\wbem;C:\\windows\\system32\\WindowsPowershell\\v1.0"
0068:trace:module:get_load_order looking for L"C:\\windows\\system32\\imm32.dll"
0068:trace:module:get_load_order got hardcoded default for L"imm32.dll"
0068:trace:module:map_image_into_view mapping PE file L"\\??\\C:\\windows\\system32\\imm32.dll" at 0x3afd00000-0x3afd1b000
0068:trace:module:map_image_into_view mapping L"\\??\\C:\\windows\\system32\\imm32.dll" section .text at 0x3afd01000 off 1000 size d000 virt cae0 flags 60000060
0068:trace:module:map_image_into_view mapping L"\\??\\C:\\windows\\system32\\imm32.dll" section .data at 0x3afd0e000 off e000 size 1000 virt 120 flags c0000040
0068:trace:module:map_image_into_view mapping L"\\??\\C:\\windows\\system32\\imm32.dll" section .rodata at 0x3afd0f000 off f000 size 1000 virt 3ec flags c0000040
0068:trace:module:map_image_into_view mapping L"\\??\\C:\\windows\\system32\\imm32.dll" section .rdata at 0x3afd10000 off 10000 size 2000 virt 1cd0 flags 40000040
0068:trace:module:map_image_into_view mapping L"\\??\\C:\\windows\\system32\\imm32.dll" section .pdata at 0x3afd12000 off 12000 size 1000 virt 5e8 flags 40000040
0068:trace:module:map_image_into_view mapping L"\\??\\C:\\windows\\system32\\imm32.dll" section .xdata at 0x3afd13000 off 13000 size 1000 virt 6fc flags 40000040
0068:trace:module:map_image_into_view mapping L"\\??\\C:\\windows\\system32\\imm32.dll" section .bss at 0x3afd14000 off 0 size 0 virt 160 flags c0000080
0068:trace:module:map_image_into_view mapping L"\\??\\C:\\windows\\system32\\imm32.dll" section .edata at 0x3afd15000 off 14000 size 3000 virt 2b29 flags 40000040
0068:trace:module:map_image_into_view mapping L"\\??\\C:\\windows\\system32\\imm32.dll" section .idata at 0x3afd18000 off 17000 size 1000 virt cb8 flags c0000040
0068:trace:module:map_image_into_view mapping L"\\??\\C:\\windows\\system32\\imm32.dll" section .rsrc at 0x3afd19000 off 18000 size 1000 virt 3a8 flags 40000040
0068:trace:module:map_image_into_view mapping L"\\??\\C:\\windows\\system32\\imm32.dll" section .reloc at 0x3afd1a000 off 19000 size 1000 virt 50 flags 42000040
0068:trace:module:load_dll looking for L"advapi32.dll" in L"C:\\windows\\system32;C:\\windows\\system32;C:\\windows\\system;C:\\windows;.;C:\\windows\\system32;C:\\windows;C:\\windows\\system32\\wbem;C:\\windows\\system32\\WindowsPowershell\\v1.0"
0068:trace:module:load_dll Found L"C:\\windows\\system32\\advapi32.dll" for L"advapi32.dll" at 0000000330260000, count=-1
0068:trace:module:import_dll is not hybrid module
0068:trace:module:load_dll looking for L"kernel32.dll" in L"C:\\windows\\system32;C:\\windows\\system32;C:\\windows\\system;C:\\windows;.;C:\\windows\\system32;C:\\windows;C:\\windows\\system32\\wbem;C:\\windows\\system32\\WindowsPowershell\\v1.0"
0068:trace:module:load_dll Found L"C:\\windows\\system32\\kernel32.dll" for L"kernel32.dll" at 000000007B600000, count=-1
0068:trace:module:import_dll is not hybrid module
0068:trace:module:load_dll looking for L"ntdll.dll" in L"C:\\windows\\system32;C:\\windows\\system32;C:\\windows\\system;C:\\windows;.;C:\\windows\\system32;C:\\windows;C:\\windows\\system32\\wbem;C:\\windows\\system32\\WindowsPowershell\\v1.0"
0068:trace:module:load_dll Found L"C:\\windows\\system32\\ntdll.dll" for L"ntdll.dll" at 0000000170000000, count=-1
0068:trace:module:import_dll is not hybrid module
0068:trace:module:load_dll looking for L"ucrtbase.dll" in L"C:\\windows\\system32;C:\\windows\\system32;C:\\windows\\system;C:\\windows;.;C:\\windows\\system32;C:\\windows;C:\\windows\\system32\\wbem;C:\\windows\\system32\\WindowsPowershell\\v1.0"
0068:trace:module:load_dll Found L"C:\\windows\\system32\\ucrtbase.dll" for L"ucrtbase.dll" at 00000003AF670000, count=-1
0068:trace:module:import_dll is not hybrid module
0068:trace:module:load_dll looking for L"user32.dll" in L"C:\\windows\\system32;C:\\windows\\system32;C:\\windows\\system;C:\\windows;.;C:\\windows\\system32;C:\\windows;C:\\windows\\system32\\wbem;C:\\windows\\system32\\WindowsPowershell\\v1.0"
0068:trace:module:load_dll Found L"C:\\windows\\system32\\user32.dll" for L"user32.dll" at 000000023D820000, count=2
0068:trace:module:import_dll is not hybrid module
0068:trace:module:build_module loaded L"\\??\\C:\\windows\\system32\\imm32.dll" 00000000003497D0 00000003AFD00000
0068:trace:loaddll:build_module Loaded L"C:\\windows\\system32\\imm32.dll" at 00000003AFD00000: builtin
0068:trace:module:load_dll Loaded module L"\\??\\C:\\windows\\system32\\imm32.dll" at 00000003AFD00000
0068:trace:module:process_attach (L"imm32.dll",0000000000000000) - START
0068:trace:module:MODULE_InitDLL (00000003AFD00000 L"imm32.dll",PROCESS_ATTACH,0000000000000000) 00000003AFD0CE20 - CALL
0068:trace:module:LdrGetDllHandleEx flags 0x1, load_path 0000000000000000, dll_characteristics 0000000000000000, name 0000000000ECAF50, base 0000000000ECAF48.
0068:trace:module:LdrGetDllHandleEx L"ntdll.dll" -> 0000000170000000 (load path (null))
0068:trace:module:LdrGetDllHandleEx flags 0x1, load_path 0000000000000000, dll_characteristics 0000000000000000, name 0000000000ECB3C0, base 0000000000ECB3B8.
0068:trace:module:LdrGetDllHandleEx L"imm32.dll" -> 00000003AFD00000 (load path (null))
0068:trace:module:LdrGetDllHandleEx flags 0x1, load_path 0000000000000000, dll_characteristics 0000000000000000, name 0000000000ECAF00, base 0000000000ECAEF8.
0068:trace:module:LdrGetDllHandleEx L"ntdll.dll" -> 0000000170000000 (load path (null))
0068:trace:module:MODULE_InitDLL (00000003AFD00000,PROCESS_ATTACH,0000000000000000) - RETURN 1
0068:trace:module:process_attach (L"imm32.dll",0000000000000000) - END
0068:trace:module:MODULE_InitDLL (000000023D820000,PROCESS_ATTACH,0000000000000000) - RETURN 1
0068:trace:module:process_attach (L"user32.dll",0000000000000000) - END
0068:trace:module:LdrResolveDelayLoadedAPI (00000002279A0000, 00000002279CB0B0, 0000000000000000, 000000007B60C510, 00000002279F8988, 0x00000000)
0068:trace:module:LdrResolveDelayLoadedAPI (00000002279A0000, 00000002279CB0B0, 0000000000000000, 000000007B60C510, 00000002279F89B0, 0x00000000)
0068:trace:module:LdrResolveDelayLoadedAPI (00000002279A0000, 00000002279CB090, 0000000000000000, 000000007B60C510, 00000002279F88F0, 0x00000000)
0068:trace:module:LdrResolveDelayLoadedAPI (00000002279A0000, 00000002279CB090, 0000000000000000, 000000007B60C510, 00000002279F88F8, 0x00000000)
0068:trace:module:LdrResolveDelayLoadedAPI (00000002279A0000, 00000002279CB090, 0000000000000000, 000000007B60C510, 00000002279F8918, 0x00000000)
0068:trace:module:LdrResolveDelayLoadedAPI (00000002279A0000, 00000002279CB090, 0000000000000000, 000000007B60C510, 00000002279F88D0, 0x00000000)
0068:trace:module:LdrResolveDelayLoadedAPI (00000002279A0000, 00000002279CB090, 0000000000000000, 000000007B60C510, 00000002279F8910, 0x00000000)
0068:trace:module:LdrResolveDelayLoadedAPI (00000002279A0000, 00000002279CB0B0, 0000000000000000, 000000007B60C510, 00000002279F89D0, 0x00000000)
0070:trace:module:MODULE_InitDLL (00000001C8DB0000 L"msvcrt.dll",THREAD_ATTACH,0000000000000000) 00000001C8E3E9D0 - CALL
0070:trace:module:MODULE_InitDLL (00000001C8DB0000,THREAD_ATTACH,0000000000000000) - RETURN 1
0070:trace:module:MODULE_InitDLL (00000003AF670000 L"ucrtbase.dll",THREAD_ATTACH,0000000000000000) 00000003AF71AC10 - CALL
0070:trace:module:MODULE_InitDLL (00000003AF670000,THREAD_ATTACH,0000000000000000) - RETURN 1
0070:trace:module:MODULE_InitDLL (0000000231AE0000 L"rpcrt4.dll",THREAD_ATTACH,0000000000000000) 0000000231B334D0 - CALL
0070:trace:module:MODULE_InitDLL (0000000231AE0000,THREAD_ATTACH,0000000000000000) - RETURN 1
0070:trace:module:MODULE_InitDLL (000000023D820000 L"user32.dll",THREAD_ATTACH,0000000000000000) 000000023D8F6990 - CALL
0070:trace:module:MODULE_InitDLL (000000023D820000,THREAD_ATTACH,0000000000000000) - RETURN 1
0070:trace:module:MODULE_InitDLL (00000003AFD00000 L"imm32.dll",THREAD_ATTACH,0000000000000000) 00000003AFD0CE20 - CALL
0070:trace:module:MODULE_InitDLL (00000003AFD00000,THREAD_ATTACH,0000000000000000) - RETURN 1
0074:trace:module:MODULE_InitDLL (00000001C8DB0000 L"msvcrt.dll",THREAD_ATTACH,0000000000000000) 00000001C8E3E9D0 - CALL
0074:trace:module:MODULE_InitDLL (00000001C8DB0000,THREAD_ATTACH,0000000000000000) - RETURN 1
0074:trace:module:MODULE_InitDLL (00000003AF670000 L"ucrtbase.dll",THREAD_ATTACH,0000000000000000) 00000003AF71AC10 - CALL
0074:trace:module:MODULE_InitDLL (00000003AF670000,THREAD_ATTACH,0000000000000000) - RETURN 1
0074:trace:module:MODULE_InitDLL (0000000231AE0000 L"rpcrt4.dll",THREAD_ATTACH,0000000000000000) 0000000231B334D0 - CALL
0074:trace:module:MODULE_InitDLL (0000000231AE0000,THREAD_ATTACH,0000000000000000) - RETURN 1
0074:trace:module:MODULE_InitDLL (000000023D820000 L"user32.dll",THREAD_ATTACH,0000000000000000) 000000023D8F6990 - CALL
0074:trace:module:MODULE_InitDLL (000000023D820000,THREAD_ATTACH,0000000000000000) - RETURN 1
0074:trace:module:MODULE_InitDLL (00000003AFD00000 L"imm32.dll",THREAD_ATTACH,0000000000000000) 00000003AFD0CE20 - CALL
0074:trace:module:MODULE_InitDLL (00000003AFD00000,THREAD_ATTACH,0000000000000000) - RETURN 1
0078:trace:module:MODULE_InitDLL (00000001C8DB0000 L"msvcrt.dll",THREAD_ATTACH,0000000000000000) 00000001C8E3E9D0 - CALL
0078:trace:module:MODULE_InitDLL (00000001C8DB0000,THREAD_ATTACH,0000000000000000) - RETURN 1
0078:trace:module:MODULE_InitDLL (00000003AF670000 L"ucrtbase.dll",THREAD_ATTACH,0000000000000000) 00000003AF71AC10 - CALL
0078:trace:module:MODULE_InitDLL (00000003AF670000,THREAD_ATTACH,0000000000000000) - RETURN 1
0078:trace:module:MODULE_InitDLL (0000000231AE0000 L"rpcrt4.dll",THREAD_ATTACH,0000000000000000) 0000000231B334D0 - CALL
0078:trace:module:MODULE_InitDLL (0000000231AE0000,THREAD_ATTACH,0000000000000000) - RETURN 1
0078:trace:module:MODULE_InitDLL (000000023D820000 L"user32.dll",THREAD_ATTACH,0000000000000000) 000000023D8F6990 - CALL
0078:trace:module:MODULE_InitDLL (000000023D820000,THREAD_ATTACH,0000000000000000) - RETURN 1
0078:trace:module:MODULE_InitDLL (00000003AFD00000 L"imm32.dll",THREAD_ATTACH,0000000000000000) 00000003AFD0CE20 - CALL
0078:trace:module:MODULE_InitDLL (00000003AFD00000,THREAD_ATTACH,0000000000000000) - RETURN 1
007c:trace:module:MODULE_InitDLL (00000001C8DB0000 L"msvcrt.dll",THREAD_ATTACH,0000000000000000) 00000001C8E3E9D0 - CALL
007c:trace:module:MODULE_InitDLL (00000001C8DB0000,THREAD_ATTACH,0000000000000000) - RETURN 1
007c:trace:module:MODULE_InitDLL (00000003AF670000 L"ucrtbase.dll",THREAD_ATTACH,0000000000000000) 00000003AF71AC10 - CALL
007c:trace:module:MODULE_InitDLL (00000003AF670000,THREAD_ATTACH,0000000000000000) - RETURN 1
007c:trace:module:MODULE_InitDLL (0000000231AE0000 L"rpcrt4.dll",THREAD_ATTACH,0000000000000000) 0000000231B334D0 - CALL
007c:trace:module:MODULE_InitDLL (0000000231AE0000,THREAD_ATTACH,0000000000000000) - RETURN 1
007c:trace:module:MODULE_InitDLL (000000023D820000 L"user32.dll",THREAD_ATTACH,0000000000000000) 000000023D8F6990 - CALL
007c:trace:module:MODULE_InitDLL (000000023D820000,THREAD_ATTACH,0000000000000000) - RETURN 1
007c:trace:module:MODULE_InitDLL (00000003AFD00000 L"imm32.dll",THREAD_ATTACH,0000000000000000) 00000003AFD0CE20 - CALL
007c:trace:module:MODULE_InitDLL (00000003AFD00000,THREAD_ATTACH,0000000000000000) - RETURN 1
007c:trace:module:LdrShutdownThread ()
007c:trace:module:MODULE_InitDLL (00000003AFD00000 L"imm32.dll",THREAD_DETACH,0000000000000000) 00000003AFD0CE20 - CALL
007c:trace:module:MODULE_InitDLL (00000003AFD00000,THREAD_DETACH,0000000000000000) - RETURN 1
007c:trace:module:MODULE_InitDLL (000000023D820000 L"user32.dll",THREAD_DETACH,0000000000000000) 000000023D8F6990 - CALL
007c:trace:module:MODULE_InitDLL (000000023D820000,THREAD_DETACH,0000000000000000) - RETURN 1
007c:trace:module:MODULE_InitDLL (0000000231AE0000 L"rpcrt4.dll",THREAD_DETACH,0000000000000000) 0000000231B334D0 - CALL
007c:trace:module:MODULE_InitDLL (0000000231AE0000,THREAD_DETACH,0000000000000000) - RETURN 1
007c:trace:module:MODULE_InitDLL (00000003AF670000 L"ucrtbase.dll",THREAD_DETACH,0000000000000000) 00000003AF71AC10 - CALL
007c:trace:module:MODULE_InitDLL (00000003AF670000,THREAD_DETACH,0000000000000000) - RETURN 1
007c:trace:module:MODULE_InitDLL (00000001C8DB0000 L"msvcrt.dll",THREAD_DETACH,0000000000000000) 00000001C8E3E9D0 - CALL
007c:trace:module:MODULE_InitDLL (00000001C8DB0000,THREAD_DETACH,0000000000000000) - RETURN 1
0084:trace:module:get_load_order looking for L"C:\\windows\\system32\\plugplay.exe"
0084:trace:module:get_load_order got hardcoded default for L"plugplay.exe"
0084:trace:module:get_load_order looking for L"C:\\windows\\system32\\plugplay.exe"
0084:trace:module:get_load_order got hardcoded default for L"plugplay.exe"
0084:trace:module:map_image_into_view mapping PE file L"\\??\\C:\\windows\\system32\\plugplay.exe" at 0x140000000-0x14000b000
0084:trace:module:map_image_into_view mapping L"\\??\\C:\\windows\\system32\\plugplay.exe" section .text at 0x140001000 off 1000 size 3000 virt 22f0 flags 60000020
0084:trace:module:map_image_into_view mapping L"\\??\\C:\\windows\\system32\\plugplay.exe" section .data at 0x140004000 off 4000 size 1000 virt 150 flags c0000040
0084:trace:module:map_image_into_view mapping L"\\??\\C:\\windows\\system32\\plugplay.exe" section .rdata at 0x140005000 off 5000 size 1000 virt 580 flags 40000040
0084:trace:module:map_image_into_view mapping L"\\??\\C:\\windows\\system32\\plugplay.exe" section .pdata at 0x140006000 off 6000 size 1000 virt 210 flags 40000040
0084:trace:module:map_image_into_view mapping L"\\??\\C:\\windows\\system32\\plugplay.exe" section .xdata at 0x140007000 off 7000 size 1000 virt 1e4 flags 40000040
0084:trace:module:map_image_into_view mapping L"\\??\\C:\\windows\\system32\\plugplay.exe" section .bss at 0x140008000 off 0 size 0 virt 160 flags c0000080
0084:trace:module:map_image_into_view mapping L"\\??\\C:\\windows\\system32\\plugplay.exe" section .idata at 0x140009000 off 8000 size 1000 virt a54 flags c0000040
0084:trace:module:map_image_into_view mapping L"\\??\\C:\\windows\\system32\\plugplay.exe" section .reloc at 0x14000a000 off 9000 size 1000 virt 64 flags 42000040
0084:trace:module:map_image_into_view mapping PE file L"\\??\\C:\\windows\\system32\\ntdll.dll" at 0x170000000-0x1700b4000
0084:trace:module:map_image_into_view mapping L"\\??\\C:\\windows\\system32\\ntdll.dll" section .text at 0x170001000 off 1000 size 7b000 virt 7a540 flags 60000020
0084:trace:module:map_image_into_view mapping L"\\??\\C:\\windows\\system32\\ntdll.dll" section .data at 0x17007c000 off 7c000 size 1000 virt e80 flags c0000040
0084:trace:module:map_image_into_view mapping L"\\??\\C:\\windows\\system32\\ntdll.dll" section .rodata at 0x17007d000 off 7d000 size 2000 virt 1f48 flags c0000040
0084:trace:module:map_image_into_view mapping L"\\??\\C:\\windows\\system32\\ntdll.dll" section .rdata at 0x17007f000 off 7f000 size 13000 virt 12310 flags 40000040
0084:trace:module:map_image_into_view mapping L"\\??\\C:\\windows\\system32\\ntdll.dll" section .pdata at 0x170092000 off 92000 size 4000 virt 3030 flags 40000040
0084:trace:module:map_image_into_view mapping L"\\??\\C:\\windows\\system32\\ntdll.dll" section .xdata at 0x170096000 off 96000 size 4000 virt 33b4 flags 40000040
0084:trace:module:map_image_into_view mapping L"\\??\\C:\\windows\\system32\\ntdll.dll" section .bss at 0x17009a000 off 0 size 0 virt 34f0 flags c0000080
0084:trace:module:map_image_into_view mapping L"\\??\\C:\\windows\\system32\\ntdll.dll" section .edata at 0x17009e000 off 9a000 size 13000 virt 1211e flags 40000040
0084:trace:module:map_image_into_view mapping L"\\??\\C:\\windows\\system32\\ntdll.dll" section .idata at 0x1700b1000 off ad000 size 1000 virt 18 flags c0000040
0084:trace:module:map_image_into_view mapping L"\\??\\C:\\windows\\system32\\ntdll.dll" section .rsrc at 0x1700b2000 off ae000 size 1000 virt 3b0 flags 40000040
0084:trace:module:map_image_into_view mapping L"\\??\\C:\\windows\\system32\\ntdll.dll" section .reloc at 0x1700b3000 off af000 size 1000 virt 17c flags 42000040
0084:trace:module:load_apiset_dll loaded L"\\??\\C:\\windows\\system32\\apisetschema.dll" apiset at 0x321000
0084:trace:module:build_module loaded L"\\??\\C:\\windows\\system32\\plugplay.exe" 00000000003319C0 0000000140000000
0084:trace:loaddll:build_module Loaded L"C:\\windows\\system32\\plugplay.exe" at 0000000140000000: builtin
0084:trace:module:load_dll looking for L"kernel32.dll" in (null)
0084:trace:module:get_load_order looking for L"C:\\windows\\system32\\kernel32.dll"
0084:trace:module:get_load_order got hardcoded default for L"kernel32.dll"
0084:trace:module:map_image_into_view mapping PE file L"\\??\\C:\\windows\\system32\\kernel32.dll" at 0x7b600000-0x7b665000
0084:trace:module:map_image_into_view mapping L"\\??\\C:\\windows\\system32\\kernel32.dll" section .text at 0x7b601000 off 1000 size 37000 virt 36200 flags 60000020
0084:trace:module:map_image_into_view mapping L"\\??\\C:\\windows\\system32\\kernel32.dll" section .data at 0x7b638000 off 38000 size 1000 virt 280 flags c0000040
0084:trace:module:map_image_into_view mapping L"\\??\\C:\\windows\\system32\\kernel32.dll" section .rodata at 0x7b639000 off 39000 size 2000 virt 1cf0 flags c0000040
0084:trace:module:map_image_into_view mapping L"\\??\\C:\\windows\\system32\\kernel32.dll" section .rdata at 0x7b63b000 off 3b000 size 4000 virt 38e0 flags 40000040
0084:trace:module:map_image_into_view mapping L"\\??\\C:\\windows\\system32\\kernel32.dll" section .pdata at 0x7b63f000 off 3f000 size 2000 virt 15d8 flags 40000040
0084:trace:module:map_image_into_view mapping L"\\??\\C:\\windows\\system32\\kernel32.dll" section .xdata at 0x7b641000 off 41000 size 2000 virt 17a0 flags 40000040
0084:trace:module:map_image_into_view mapping L"\\??\\C:\\windows\\system32\\kernel32.dll" section .bss at 0x7b643000 off 0 size 0 virt 260 flags c0000080
0084:trace:module:map_image_into_view mapping L"\\??\\C:\\windows\\system32\\kernel32.dll" section .edata at 0x7b644000 off 43000 size e000 virt da78 flags 40000040
0084:trace:module:map_image_into_view mapping L"\\??\\C:\\windows\\system32\\kernel32.dll" section .idata at 0x7b652000 off 51000 size a000 virt 9054 flags c0000040
0084:trace:module:map_image_into_view mapping L"\\??\\C:\\windows\\system32\\kernel32.dll" section .rsrc at 0x7b65c000 off 5b000 size 8000 virt 7e00 flags 40000040
0084:trace:module:map_image_into_view mapping L"\\??\\C:\\windows\\system32\\kernel32.dll" section .reloc at 0x7b664000 off 63000 size 1000 virt 48 flags 42000040
0084:trace:module:load_dll looking for L"kernelbase.dll" in (null)
0084:trace:module:get_load_order looking for L"C:\\windows\\system32\\kernelbase.dll"
0084:trace:module:get_load_order got hardcoded default for L"kernelbase.dll"
0084:trace:module:map_image_into_view mapping PE file L"\\??\\C:\\windows\\system32\\kernelbase.dll" at 0x7b000000-0x7b266000
0084:trace:module:map_image_into_view mapping L"\\??\\C:\\windows\\system32\\kernelbase.dll" section .text at 0x7b001000 off 1000 size 99000 virt 98db0 flags 60000020
0084:trace:module:map_image_into_view mapping L"\\??\\C:\\windows\\system32\\kernelbase.dll" section .data at 0x7b09a000 off 9a000 size 2000 virt 1dc0 flags c0000040
0084:trace:module:map_image_into_view mapping L"\\??\\C:\\windows\\system32\\kernelbase.dll" section .rodata at 0x7b09c000 off 9c000 size 2000 virt 1d88 flags c0000040
0084:trace:module:map_image_into_view mapping L"\\??\\C:\\windows\\system32\\kernelbase.dll" section .rdata at 0x7b09e000 off 9e000 size 20000 virt 1f110 flags 40000040
0084:trace:module:map_image_into_view mapping L"\\??\\C:\\windows\\system32\\kernelbase.dll" section .pdata at 0x7b0be000 off be000 size 4000 virt 3f54 flags 40000040
0084:trace:module:map_image_into_view mapping L"\\??\\C:\\windows\\system32\\kernelbase.dll" section .xdata at 0x7b0c2000 off c2000 size 5000 virt 46c4 flags 40000040
0084:trace:module:map_image_into_view mapping L"\\??\\C:\\windows\\system32\\kernelbase.dll" section .bss at 0x7b0c7000 off 0 size 0 virt 28e0 flags c0000080
0084:trace:module:map_image_into_view mapping L"\\??\\C:\\windows\\system32\\kernelbase.dll" section .edata at 0x7b0ca000 off c7000 size 20000 virt 1f903 flags 40000040
0084:trace:module:map_image_into_view mapping L"\\??\\C:\\windows\\system32\\kernelbase.dll" section .idata at 0x7b0ea000 off e7000 size 5000 virt 43f4 flags c0000040
0084:trace:module:map_image_into_view mapping L"\\??\\C:\\windows\\system32\\kernelbase.dll" section .rsrc at 0x7b0ef000 off ec000 size 176000 virt 1757f0 flags 40000040
0084:trace:module:map_image_into_view mapping L"\\??\\C:\\windows\\system32\\kernelbase.dll" section .reloc at 0x7b265000 off 262000 size 1000 virt 23c flags 42000040
0084:trace:module:load_dll looking for L"ntdll.dll" in (null)
0084:trace:module:load_dll Found L"C:\\windows\\system32\\ntdll.dll" for L"ntdll.dll" at 0000000170000000, count=2
0084:trace:module:import_dll is not hybrid module
0084:trace:module:build_module loaded L"\\??\\C:\\windows\\system32\\kernelbase.dll" 00000000003320C0 000000007B000000
0084:trace:loaddll:build_module Loaded L"C:\\windows\\system32\\kernelbase.dll" at 000000007B000000: builtin
0084:trace:module:load_dll Loaded module L"\\??\\C:\\windows\\system32\\kernelbase.dll" at 000000007B000000
0084:trace:module:import_dll is not hybrid module
0084:trace:module:load_dll looking for L"ntdll.dll" in (null)
0084:trace:module:load_dll Found L"C:\\windows\\system32\\ntdll.dll" for L"ntdll.dll" at 0000000170000000, count=3
0084:trace:module:import_dll is not hybrid module
0084:trace:module:build_module loaded L"\\??\\C:\\windows\\system32\\kernel32.dll" 0000000000331DD0 000000007B600000
0084:trace:loaddll:build_module Loaded L"C:\\windows\\system32\\kernel32.dll" at 000000007B600000: builtin
0084:trace:module:load_dll Loaded module L"\\??\\C:\\windows\\system32\\kernel32.dll" at 000000007B600000
0084:trace:module:load_dll looking for L"advapi32.dll" in (null)
0084:trace:module:get_load_order looking for L"C:\\windows\\system32\\advapi32.dll"
0084:trace:module:get_load_order got hardcoded default for L"advapi32.dll"
0084:trace:module:map_image_into_view mapping PE file L"\\??\\C:\\windows\\system32\\advapi32.dll" at 0x330260000-0x3302a4000
0084:trace:module:map_image_into_view mapping L"\\??\\C:\\windows\\system32\\advapi32.dll" section .text at 0x330261000 off 1000 size 29000 virt 28090 flags 60000060
0084:trace:module:map_image_into_view mapping L"\\??\\C:\\windows\\system32\\advapi32.dll" section .data at 0x33028a000 off 2a000 size 1000 virt 1a0 flags c0000040
0084:trace:module:map_image_into_view mapping L"\\??\\C:\\windows\\system32\\advapi32.dll" section .rodata at 0x33028b000 off 2b000 size 1000 virt e3c flags c0000040
0084:trace:module:map_image_into_view mapping L"\\??\\C:\\windows\\system32\\advapi32.dll" section .rdata at 0x33028c000 off 2c000 size 6000 virt 5fa0 flags 40000040
0084:trace:module:map_image_into_view mapping L"\\??\\C:\\windows\\system32\\advapi32.dll" section .pdata at 0x330292000 off 32000 size 2000 virt 1260 flags 40000040
0084:trace:module:map_image_into_view mapping L"\\??\\C:\\windows\\system32\\advapi32.dll" section .xdata at 0x330294000 off 34000 size 2000 virt 159c flags 40000040
0084:trace:module:map_image_into_view mapping L"\\??\\C:\\windows\\system32\\advapi32.dll" section .bss at 0x330296000 off 0 size 0 virt da0 flags c0000080
0084:trace:module:map_image_into_view mapping L"\\??\\C:\\windows\\system32\\advapi32.dll" section .edata at 0x330297000 off 36000 size 8000 virt 74c5 flags 40000040
0084:trace:module:map_image_into_view mapping L"\\??\\C:\\windows\\system32\\advapi32.dll" section .idata at 0x33029f000 off 3e000 size 3000 virt 2f74 flags c0000040
0084:trace:module:map_image_into_view mapping L"\\??\\C:\\windows\\system32\\advapi32.dll" section .rsrc at 0x3302a2000 off 41000 size 1000 virt 3c8 flags 40000040
0084:trace:module:map_image_into_view mapping L"\\??\\C:\\windows\\system32\\advapi32.dll" section .reloc at 0x3302a3000 off 42000 size 1000 virt 138 flags 42000040
0084:trace:module:load_dll looking for L"kernel32.dll" in (null)
0084:trace:module:load_dll Found L"C:\\windows\\system32\\kernel32.dll" for L"kernel32.dll" at 000000007B600000, count=2
0084:trace:module:import_dll is not hybrid module
0084:trace:module:load_dll looking for L"kernelbase.dll" in (null)
0084:trace:module:load_dll Found L"C:\\windows\\system32\\kernelbase.dll" for L"kernelbase.dll" at 000000007B000000, count=2
0084:trace:module:import_dll is not hybrid module
0084:trace:module:load_dll looking for L"msvcrt.dll" in (null)
0084:trace:module:get_load_order looking for L"C:\\windows\\system32\\msvcrt.dll"
0084:trace:module:get_load_order got hardcoded default for L"msvcrt.dll"
0084:trace:module:map_image_into_view mapping PE file L"\\??\\C:\\windows\\system32\\msvcrt.dll" at 0x1c8db0000-0x1c8e6c000
0084:trace:module:map_image_into_view mapping L"\\??\\C:\\windows\\system32\\msvcrt.dll" section .text at 0x1c8db1000 off 1000 size 8f000 virt 8e220 flags 60000060
0084:trace:module:map_image_into_view mapping L"\\??\\C:\\windows\\system32\\msvcrt.dll" section .data at 0x1c8e40000 off 90000 size 2000 virt 1830 flags c0000040
0084:trace:module:map_image_into_view mapping L"\\??\\C:\\windows\\system32\\msvcrt.dll" section .rodata at 0x1c8e42000 off 92000 size 2000 virt 1394 flags c0000040
0084:trace:module:map_image_into_view mapping L"\\??\\C:\\windows\\system32\\msvcrt.dll" section .rdata at 0x1c8e44000 off 94000 size b000 virt aef0 flags 40000040
0084:trace:module:map_image_into_view mapping L"\\??\\C:\\windows\\system32\\msvcrt.dll" section .pdata at 0x1c8e4f000 off 9f000 size 5000 virt 4278 flags 40000040
0084:trace:module:map_image_into_view mapping L"\\??\\C:\\windows\\system32\\msvcrt.dll" section .xdata at 0x1c8e54000 off a4000 size 5000 virt 42d0 flags 40000040
0084:trace:module:map_image_into_view mapping L"\\??\\C:\\windows\\system32\\msvcrt.dll" section .bss at 0x1c8e59000 off 0 size 0 virt 1c60 flags c0000080
0084:trace:module:map_image_into_view mapping L"\\??\\C:\\windows\\system32\\msvcrt.dll" section .edata at 0x1c8e5b000 off a9000 size d000 virt ca71 flags 40000040
0084:trace:module:map_image_into_view mapping L"\\??\\C:\\windows\\system32\\msvcrt.dll" section .idata at 0x1c8e68000 off b6000 size 2000 virt 1868 flags c0000040
0084:trace:module:map_image_into_view mapping L"\\??\\C:\\windows\\system32\\msvcrt.dll" section .rsrc at 0x1c8e6a000 off b8000 size 1000 virt 398 flags 40000040
0084:trace:module:map_image_into_view mapping L"\\??\\C:\\windows\\system32\\msvcrt.dll" section .reloc at 0x1c8e6b000 off b9000 size 1000 virt 25c flags 42000040
0084:trace:module:load_dll looking for L"kernel32.dll" in (null)
0084:trace:module:load_dll Found L"C:\\windows\\system32\\kernel32.dll" for L"kernel32.dll" at 000000007B600000, count=3
0084:trace:module:import_dll is not hybrid module
0084:trace:module:load_dll looking for L"ntdll.dll" in (null)
0084:trace:module:load_dll Found L"C:\\windows\\system32\\ntdll.dll" for L"ntdll.dll" at 0000000170000000, count=4
0084:trace:module:import_dll is not hybrid module
0084:trace:module:build_module loaded L"\\??\\C:\\windows\\system32\\msvcrt.dll" 00000000003325D0 00000001C8DB0000
0084:trace:loaddll:build_module Loaded L"C:\\windows\\system32\\msvcrt.dll" at 00000001C8DB0000: builtin
0084:trace:module:load_dll Loaded module L"\\??\\C:\\windows\\system32\\msvcrt.dll" at 00000001C8DB0000
0084:trace:module:import_dll is not hybrid module
0084:trace:module:load_dll looking for L"ntdll.dll" in (null)
0084:trace:module:load_dll Found L"C:\\windows\\system32\\ntdll.dll" for L"ntdll.dll" at 0000000170000000, count=5
0084:trace:module:import_dll is not hybrid module
0084:trace:module:load_dll looking for L"sechost.dll" in (null)
0084:trace:module:get_load_order looking for L"C:\\windows\\system32\\sechost.dll"
0084:trace:module:get_load_order got hardcoded default for L"sechost.dll"
0084:trace:module:map_image_into_view mapping PE file L"\\??\\C:\\windows\\system32\\sechost.dll" at 0x32a700000-0x32a72d000
0084:trace:module:map_image_into_view mapping L"\\??\\C:\\windows\\system32\\sechost.dll" section .text at 0x32a701000 off 1000 size 1b000 virt 1aeb0 flags 60000060
0084:trace:module:map_image_into_view mapping L"\\??\\C:\\windows\\system32\\sechost.dll" section .data at 0x32a71c000 off 1c000 size 1000 virt 170 flags c0000040
0084:trace:module:map_image_into_view mapping L"\\??\\C:\\windows\\system32\\sechost.dll" section .rodata at 0x32a71d000 off 1d000 size 1000 virt ef0 flags c0000040
0084:trace:module:map_image_into_view mapping L"\\??\\C:\\windows\\system32\\sechost.dll" section .rdata at 0x32a71e000 off 1e000 size 4000 virt 38d0 flags 40000040
0084:trace:module:map_image_into_view mapping L"\\??\\C:\\windows\\system32\\sechost.dll" section .pdata at 0x32a722000 off 22000 size 1000 virt b64 flags 40000040
0084:trace:module:map_image_into_view mapping L"\\??\\C:\\windows\\system32\\sechost.dll" section .xdata at 0x32a723000 off 23000 size 1000 virt c00 flags 40000040
0084:trace:module:map_image_into_view mapping L"\\??\\C:\\windows\\system32\\sechost.dll" section .bss at 0x32a724000 off 0 size 0 virt 1a0 flags c0000080
0084:trace:module:map_image_into_view mapping L"\\??\\C:\\windows\\system32\\sechost.dll" section .edata at 0x32a725000 off 24000 size 5000 virt 46ae flags 40000040
0084:trace:module:map_image_into_view mapping L"\\??\\C:\\windows\\system32\\sechost.dll" section .idata at 0x32a72a000 off 29000 size 2000 virt 121c flags c0000040
0084:trace:module:map_image_into_view mapping L"\\??\\C:\\windows\\system32\\sechost.dll" section .reloc at 0x32a72c000 off 2b000 size 1000 virt f8 flags 42000040
0084:trace:module:load_dll looking for L"kernel32.dll" in (null)
0084:trace:module:load_dll Found L"C:\\windows\\system32\\kernel32.dll" for L"kernel32.dll" at 000000007B600000, count=4
0084:trace:module:import_dll is not hybrid module
0084:trace:module:load_dll looking for L"kernelbase.dll" in (null)
0084:trace:module:load_dll Found L"C:\\windows\\system32\\kernelbase.dll" for L"kernelbase.dll" at 000000007B000000, count=3
0084:trace:module:import_dll is not hybrid module
0084:trace:module:load_dll looking for L"ntdll.dll" in (null)
0084:trace:module:load_dll Found L"C:\\windows\\system32\\ntdll.dll" for L"ntdll.dll" at 0000000170000000, count=6
0084:trace:module:import_dll is not hybrid module
0084:trace:module:load_dll looking for L"ucrtbase.dll" in (null)
0084:trace:module:get_load_order looking for L"C:\\windows\\system32\\ucrtbase.dll"
0084:trace:module:get_load_order got hardcoded default for L"ucrtbase.dll"
0084:trace:module:map_image_into_view mapping PE file L"\\??\\C:\\windows\\system32\\ucrtbase.dll" at 0x3af670000-0x3af759000
0084:trace:module:map_image_into_view mapping L"\\??\\C:\\windows\\system32\\ucrtbase.dll" section .text at 0x3af671000 off 1000 size ab000 virt aa4c0 flags 60000060
0084:trace:module:map_image_into_view mapping L"\\??\\C:\\windows\\system32\\ucrtbase.dll" section .data at 0x3af71c000 off ac000 size 2000 virt 1ac0 flags c0000040
0084:trace:module:map_image_into_view mapping L"\\??\\C:\\windows\\system32\\ucrtbase.dll" section .rodata at 0x3af71e000 off ae000 size 4000 virt 3988 flags c0000040
0084:trace:module:map_image_into_view mapping L"\\??\\C:\\windows\\system32\\ucrtbase.dll" section .rdata at 0x3af722000 off b2000 size d000 virt cb50 flags 40000040
0084:trace:module:map_image_into_view mapping L"\\??\\C:\\windows\\system32\\ucrtbase.dll" section .pdata at 0x3af72f000 off bf000 size 5000 virt 4d10 flags 40000040
0084:trace:module:map_image_into_view mapping L"\\??\\C:\\windows\\system32\\ucrtbase.dll" section .xdata at 0x3af734000 off c4000 size 5000 virt 4cd0 flags 40000040
0084:trace:module:map_image_into_view mapping L"\\??\\C:\\windows\\system32\\ucrtbase.dll" section .bss at 0x3af739000 off 0 size 0 virt 20c0 flags c0000080
0084:trace:module:map_image_into_view mapping L"\\??\\C:\\windows\\system32\\ucrtbase.dll" section .edata at 0x3af73c000 off c9000 size 19000 virt 186cd flags 40000040
0084:trace:module:map_image_into_view mapping L"\\??\\C:\\windows\\system32\\ucrtbase.dll" section .idata at 0x3af755000 off e2000 size 2000 virt 1a84 flags c0000040
0084:trace:module:map_image_into_view mapping L"\\??\\C:\\windows\\system32\\ucrtbase.dll" section .rsrc at 0x3af757000 off e4000 size 1000 virt 3c8 flags 40000040
0084:trace:module:map_image_into_view mapping L"\\??\\C:\\windows\\system32\\ucrtbase.dll" section .reloc at 0x3af758000 off e5000 size 1000 virt 29c flags 42000040
0084:trace:module:load_dll looking for L"kernel32.dll" in (null)
0084:trace:module:load_dll Found L"C:\\windows\\system32\\kernel32.dll" for L"kernel32.dll" at 000000007B600000, count=5
0084:trace:module:import_dll is not hybrid module
0084:trace:module:load_dll looking for L"ntdll.dll" in (null)
0084:trace:module:load_dll Found L"C:\\windows\\system32\\ntdll.dll" for L"ntdll.dll" at 0000000170000000, count=7
0084:trace:module:import_dll is not hybrid module
0084:trace:module:build_module loaded L"\\??\\C:\\windows\\system32\\ucrtbase.dll" 0000000000332BB0 00000003AF670000
0084:trace:loaddll:build_module Loaded L"C:\\windows\\system32\\ucrtbase.dll" at 00000003AF670000: builtin
0084:trace:module:load_dll Loaded module L"\\??\\C:\\windows\\system32\\ucrtbase.dll" at 00000003AF670000
0084:trace:module:import_dll is not hybrid module
0084:trace:module:build_module loaded L"\\??\\C:\\windows\\system32\\sechost.dll" 00000000003328A0 000000032A700000
0084:trace:loaddll:build_module Loaded L"C:\\windows\\system32\\sechost.dll" at 000000032A700000: builtin
0084:trace:module:load_dll Loaded module L"\\??\\C:\\windows\\system32\\sechost.dll" at 000000032A700000
0084:trace:module:import_dll is not hybrid module
0084:trace:module:build_module loaded L"\\??\\C:\\windows\\system32\\advapi32.dll" 00000000003323C0 0000000330260000
0084:trace:loaddll:build_module Loaded L"C:\\windows\\system32\\advapi32.dll" at 0000000330260000: builtin
0084:trace:module:load_dll Loaded module L"\\??\\C:\\windows\\system32\\advapi32.dll" at 0000000330260000
0084:trace:module:import_dll is not hybrid module
0084:trace:module:load_dll looking for L"kernel32.dll" in (null)
0084:trace:module:load_dll Found L"C:\\windows\\system32\\kernel32.dll" for L"kernel32.dll" at 000000007B600000, count=6
0084:trace:module:import_dll is not hybrid module
0084:trace:module:load_dll looking for L"ntdll.dll" in (null)
0084:trace:module:load_dll Found L"C:\\windows\\system32\\ntdll.dll" for L"ntdll.dll" at 0000000170000000, count=8
0084:trace:module:import_dll is not hybrid module
0084:trace:module:load_dll looking for L"rpcrt4.dll" in (null)
0084:trace:module:get_load_order looking for L"C:\\windows\\system32\\rpcrt4.dll"
0084:trace:module:get_load_order got hardcoded default for L"rpcrt4.dll"
0084:trace:module:map_image_into_view mapping PE file L"\\??\\C:\\windows\\system32\\rpcrt4.dll" at 0x231ae0000-0x231b70000
0084:trace:module:map_image_into_view mapping L"\\??\\C:\\windows\\system32\\rpcrt4.dll" section .text at 0x231ae1000 off 1000 size 54000 virt 53970 flags 60000060
0084:trace:module:map_image_into_view mapping L"\\??\\C:\\windows\\system32\\rpcrt4.dll" section .data at 0x231b35000 off 55000 size 1000 virt 710 flags c0000040
0084:trace:module:map_image_into_view mapping L"\\??\\C:\\windows\\system32\\rpcrt4.dll" section .rodata at 0x231b36000 off 56000 size 2000 virt 1b44 flags c0000040
0084:trace:module:map_image_into_view mapping L"\\??\\C:\\windows\\system32\\rpcrt4.dll" section .rdata at 0x231b38000 off 58000 size 16000 virt 153f0 flags 40000040
0084:trace:module:map_image_into_view mapping L"\\??\\C:\\windows\\system32\\rpcrt4.dll" section .pdata at 0x231b4e000 off 6e000 size 3000 virt 22f8 flags 40000040
0084:trace:module:map_image_into_view mapping L"\\??\\C:\\windows\\system32\\rpcrt4.dll" section .xdata at 0x231b51000 off 71000 size 3000 virt 2934 flags 40000040
0084:trace:module:map_image_into_view mapping L"\\??\\C:\\windows\\system32\\rpcrt4.dll" section .bss at 0x231b54000 off 0 size 0 virt 690 flags c0000080
0084:trace:module:map_image_into_view mapping L"\\??\\C:\\windows\\system32\\rpcrt4.dll" section .edata at 0x231b55000 off 74000 size 17000 virt 16730 flags 40000040
0084:trace:module:map_image_into_view mapping L"\\??\\C:\\windows\\system32\\rpcrt4.dll" section .idata at 0x231b6c000 off 8b000 size 2000 virt 19ac flags c0000040
0084:trace:module:map_image_into_view mapping L"\\??\\C:\\windows\\system32\\rpcrt4.dll" section .rsrc at 0x231b6e000 off 8d000 size 1000 virt 3a8 flags 40000040
0084:trace:module:map_image_into_view mapping L"\\??\\C:\\windows\\system32\\rpcrt4.dll" section .reloc at 0x231b6f000 off 8e000 size 1000 virt 504 flags 42000040
0084:trace:module:load_dll looking for L"advapi32.dll" in (null)
0084:trace:module:load_dll Found L"C:\\windows\\system32\\advapi32.dll" for L"advapi32.dll" at 0000000330260000, count=2
0084:trace:module:import_dll is not hybrid module
0084:trace:module:load_dll looking for L"kernel32.dll" in (null)
0084:trace:module:load_dll Found L"C:\\windows\\system32\\kernel32.dll" for L"kernel32.dll" at 000000007B600000, count=7
0084:trace:module:import_dll is not hybrid module
0084:trace:module:load_dll looking for L"ntdll.dll" in (null)
0084:trace:module:load_dll Found L"C:\\windows\\system32\\ntdll.dll" for L"ntdll.dll" at 0000000170000000, count=9
0084:trace:module:import_dll is not hybrid module
0084:trace:module:load_dll looking for L"ucrtbase.dll" in (null)
0084:trace:module:load_dll Found L"C:\\windows\\system32\\ucrtbase.dll" for L"ucrtbase.dll" at 00000003AF670000, count=2
0084:trace:module:import_dll is not hybrid module
0084:trace:module:build_module loaded L"\\??\\C:\\windows\\system32\\rpcrt4.dll" 0000000000332EA0 0000000231AE0000
0084:trace:loaddll:build_module Loaded L"C:\\windows\\system32\\rpcrt4.dll" at 0000000231AE0000: builtin
0084:trace:module:load_dll Loaded module L"\\??\\C:\\windows\\system32\\rpcrt4.dll" at 0000000231AE0000
0084:trace:module:import_dll is not hybrid module
0084:trace:module:load_dll looking for L"ucrtbase.dll" in (null)
0084:trace:module:load_dll Found L"C:\\windows\\system32\\ucrtbase.dll" for L"ucrtbase.dll" at 00000003AF670000, count=3
0084:trace:module:import_dll is not hybrid module
0084:trace:module:load_dll looking for L"user32.dll" in (null)
0084:trace:module:get_load_order looking for L"C:\\windows\\system32\\user32.dll"
0084:trace:module:get_load_order got hardcoded default for L"user32.dll"
0084:trace:module:map_image_into_view mapping PE file L"\\??\\C:\\windows\\system32\\user32.dll" at 0x23d820000-0x23da1d000
0084:trace:module:map_image_into_view mapping L"\\??\\C:\\windows\\system32\\user32.dll" section .text at 0x23d821000 off 1000 size d7000 virt d6f50 flags 60000060
0084:trace:module:map_image_into_view mapping L"\\??\\C:\\windows\\system32\\user32.dll" section .data at 0x23d8f8000 off d8000 size 1000 virt 780 flags c0000040
0084:trace:module:map_image_into_view mapping L"\\??\\C:\\windows\\system32\\user32.dll" section .rodata at 0x23d8f9000 off d9000 size 1000 virt ed0 flags c0000040
0084:trace:module:map_image_into_view mapping L"\\??\\C:\\windows\\system32\\user32.dll" section .rdata at 0x23d8fa000 off da000 size 19000 virt 18b90 flags 40000040
0084:trace:module:map_image_into_view mapping L"\\??\\C:\\windows\\system32\\user32.dll" section .pdata at 0x23d913000 off f3000 size 6000 virt 5004 flags 40000040
0084:trace:module:map_image_into_view mapping L"\\??\\C:\\windows\\system32\\user32.dll" section .xdata at 0x23d919000 off f9000 size 6000 virt 5a24 flags 40000040
0084:trace:module:map_image_into_view mapping L"\\??\\C:\\windows\\system32\\user32.dll" section .bss at 0x23d91f000 off 0 size 0 virt 410 flags c0000080
0084:trace:module:map_image_into_view mapping L"\\??\\C:\\windows\\system32\\user32.dll" section .edata at 0x23d920000 off ff000 size 12000 virt 110f3 flags 40000040
0084:trace:module:map_image_into_view mapping L"\\??\\C:\\windows\\system32\\user32.dll" section .idata at 0x23d932000 off 111000 size 5000 virt 4e5c flags c0000040
0084:trace:module:map_image_into_view mapping L"\\??\\C:\\windows\\system32\\user32.dll" section .rsrc at 0x23d937000 off 116000 size e5000 virt e4818 flags 40000040
0084:trace:module:map_image_into_view mapping L"\\??\\C:\\windows\\system32\\user32.dll" section .reloc at 0x23da1c000 off 1fb000 size 1000 virt 304 flags 42000040
0084:trace:module:load_dll looking for L"advapi32.dll" in (null)
0084:trace:module:load_dll Found L"C:\\windows\\system32\\advapi32.dll" for L"advapi32.dll" at 0000000330260000, count=3
0084:trace:module:import_dll is not hybrid module
0084:trace:module:load_dll looking for L"gdi32.dll" in (null)
0084:trace:module:get_load_order looking for L"C:\\windows\\system32\\gdi32.dll"
0084:trace:module:get_load_order got hardcoded default for L"gdi32.dll"
0084:trace:module:map_image_into_view mapping PE file L"\\??\\C:\\windows\\system32\\gdi32.dll" at 0x26b4c0000-0x26b550000
0084:trace:module:map_image_into_view mapping L"\\??\\C:\\windows\\system32\\gdi32.dll" section .text at 0x26b4c1000 off 1000 size 5f000 virt 5e630 flags 60000060
0084:trace:module:map_image_into_view mapping L"\\??\\C:\\windows\\system32\\gdi32.dll" section .data at 0x26b520000 off 60000 size 1000 virt 960 flags c0000040
0084:trace:module:map_image_into_view mapping L"\\??\\C:\\windows\\system32\\gdi32.dll" section .rodata at 0x26b521000 off 61000 size 1000 virt d88 flags c0000040
0084:trace:module:map_image_into_view mapping L"\\??\\C:\\windows\\system32\\gdi32.dll" section .rdata at 0x26b522000 off 62000 size 15000 virt 14d40 flags 40000040
0084:trace:module:map_image_into_view mapping L"\\??\\C:\\windows\\system32\\gdi32.dll" section .pdata at 0x26b537000 off 77000 size 3000 virt 2160 flags 40000040
0084:trace:module:map_image_into_view mapping L"\\??\\C:\\windows\\system32\\gdi32.dll" section .xdata at 0x26b53a000 off 7a000 size 3000 virt 29b4 flags 40000040
0084:trace:module:map_image_into_view mapping L"\\??\\C:\\windows\\system32\\gdi32.dll" section .bss at 0x26b53d000 off 0 size 0 virt 1c0 flags c0000080
0084:trace:module:map_image_into_view mapping L"\\??\\C:\\windows\\system32\\gdi32.dll" section .edata at 0x26b53e000 off 7d000 size 9000 virt 8565 flags 40000040
0084:trace:module:map_image_into_view mapping L"\\??\\C:\\windows\\system32\\gdi32.dll" section .idata at 0x26b547000 off 86000 size 3000 virt 292c flags c0000040
0084:trace:module:map_image_into_view mapping L"\\??\\C:\\windows\\system32\\gdi32.dll" section .rsrc at 0x26b54a000 off 89000 size 5000 virt 4230 flags 40000040
0084:trace:module:map_image_into_view mapping L"\\??\\C:\\windows\\system32\\gdi32.dll" section .reloc at 0x26b54f000 off 8e000 size 1000 virt 4b0 flags 42000040
0084:trace:module:load_dll looking for L"advapi32.dll" in (null)
0084:trace:module:load_dll Found L"C:\\windows\\system32\\advapi32.dll" for L"advapi32.dll" at 0000000330260000, count=4
0084:trace:module:import_dll is not hybrid module
0084:trace:module:load_dll looking for L"kernel32.dll" in (null)
0084:trace:module:load_dll Found L"C:\\windows\\system32\\kernel32.dll" for L"kernel32.dll" at 000000007B600000, count=8
0084:trace:module:import_dll is not hybrid module
0084:trace:module:load_dll looking for L"ntdll.dll" in (null)
0084:trace:module:load_dll Found L"C:\\windows\\system32\\ntdll.dll" for L"ntdll.dll" at 0000000170000000, count=10
0084:trace:module:import_dll is not hybrid module
0084:trace:module:load_dll looking for L"ucrtbase.dll" in (null)
0084:trace:module:load_dll Found L"C:\\windows\\system32\\ucrtbase.dll" for L"ucrtbase.dll" at 00000003AF670000, count=4
0084:trace:module:import_dll is not hybrid module
0084:trace:module:load_dll looking for L"user32.dll" in (null)
0084:trace:module:load_dll Found L"C:\\windows\\system32\\user32.dll" for L"user32.dll" at 000000023D820000, count=2
0084:trace:module:import_dll is not hybrid module
0084:trace:module:load_dll looking for L"win32u.dll" in (null)
0084:trace:module:get_load_order looking for L"C:\\windows\\system32\\win32u.dll"
0084:trace:module:get_load_order got hardcoded default for L"win32u.dll"
0084:trace:module:load_builtin L"\\??\\C:\\windows\\system32\\win32u.dll" is a fake Wine dll
0084:trace:module:load_dll looking for L"kernel32.dll" in (null)
0084:trace:module:load_dll Found L"C:\\windows\\system32\\kernel32.dll" for L"kernel32.dll" at 000000007B600000, count=9
0084:trace:module:import_dll is not hybrid module
0084:trace:module:load_dll looking for L"ntdll.dll" in (null)
0084:trace:module:load_dll Found L"C:\\windows\\system32\\ntdll.dll" for L"ntdll.dll" at 0000000170000000, count=11
0084:trace:module:import_dll is not hybrid module
0084:trace:module:build_module loaded L"\\??\\C:\\windows\\system32\\win32u.dll" 00000000003337F0 000000006D980000
0084:trace:loaddll:build_module Loaded L"C:\\windows\\system32\\win32u.dll" at 000000006D980000: builtin
0084:trace:module:load_dll Loaded module L"\\??\\C:\\windows\\system32\\win32u.dll" at 000000006D980000
0084:trace:module:import_dll is not hybrid module
0084:trace:module:build_module loaded L"\\??\\C:\\windows\\system32\\gdi32.dll" 0000000000333460 000000026B4C0000
0084:trace:loaddll:build_module Loaded L"C:\\windows\\system32\\gdi32.dll" at 000000026B4C0000: builtin
0084:trace:module:load_dll Loaded module L"\\??\\C:\\windows\\system32\\gdi32.dll" at 000000026B4C0000
0084:trace:module:import_dll is not hybrid module
0084:trace:module:load_dll looking for L"kernel32.dll" in (null)
0084:trace:module:load_dll Found L"C:\\windows\\system32\\kernel32.dll" for L"kernel32.dll" at 000000007B600000, count=10
0084:trace:module:import_dll is not hybrid module
0084:trace:module:load_dll looking for L"kernelbase.dll" in (null)
0084:trace:module:load_dll Found L"C:\\windows\\system32\\kernelbase.dll" for L"kernelbase.dll" at 000000007B000000, count=4
0084:trace:module:import_dll is not hybrid module
0084:trace:module:load_dll looking for L"ntdll.dll" in (null)
0084:trace:module:load_dll Found L"C:\\windows\\system32\\ntdll.dll" for L"ntdll.dll" at 0000000170000000, count=12
0084:trace:module:import_dll is not hybrid module
0084:trace:module:load_dll looking for L"sechost.dll" in (null)
0084:trace:module:load_dll Found L"C:\\windows\\system32\\sechost.dll" for L"sechost.dll" at 000000032A700000, count=2
0084:trace:module:import_dll is not hybrid module
0084:trace:module:load_dll looking for L"ucrtbase.dll" in (null)
0084:trace:module:load_dll Found L"C:\\windows\\system32\\ucrtbase.dll" for L"ucrtbase.dll" at 00000003AF670000, count=5
0084:trace:module:import_dll is not hybrid module
0084:trace:module:load_dll looking for L"version.dll" in (null)
0084:trace:module:get_load_order looking for L"C:\\windows\\system32\\version.dll"
0084:trace:module:get_load_order got hardcoded default for L"version.dll"
0084:trace:module:map_image_into_view mapping PE file L"\\??\\C:\\windows\\system32\\version.dll" at 0x2f1fa0000-0x2f1fae000
0084:trace:module:map_image_into_view mapping L"\\??\\C:\\windows\\system32\\version.dll" section .text at 0x2f1fa1000 off 1000 size 3000 virt 2990 flags 60000020
0084:trace:module:map_image_into_view mapping L"\\??\\C:\\windows\\system32\\version.dll" section .data at 0x2f1fa4000 off 4000 size 1000 virt 70 flags c0000040
0084:trace:module:map_image_into_view mapping L"\\??\\C:\\windows\\system32\\version.dll" section .rodata at 0x2f1fa5000 off 5000 size 1000 virt 84 flags c0000040
0084:trace:module:map_image_into_view mapping L"\\??\\C:\\windows\\system32\\version.dll" section .rdata at 0x2f1fa6000 off 6000 size 1000 virt 280 flags 40000040
0084:trace:module:map_image_into_view mapping L"\\??\\C:\\windows\\system32\\version.dll" section .pdata at 0x2f1fa7000 off 7000 size 1000 virt d8 flags 40000040
0084:trace:module:map_image_into_view mapping L"\\??\\C:\\windows\\system32\\version.dll" section .xdata at 0x2f1fa8000 off 8000 size 1000 virt 104 flags 40000040
0084:trace:module:map_image_into_view mapping L"\\??\\C:\\windows\\system32\\version.dll" section .bss at 0x2f1fa9000 off 0 size 0 virt 140 flags c0000080
0084:trace:module:map_image_into_view mapping L"\\??\\C:\\windows\\system32\\version.dll" section .edata at 0x2f1faa000 off 9000 size 1000 virt 327 flags 40000040
0084:trace:module:map_image_into_view mapping L"\\??\\C:\\windows\\system32\\version.dll" section .idata at 0x2f1fab000 off a000 size 1000 virt 78c flags c0000040
0084:trace:module:map_image_into_view mapping L"\\??\\C:\\windows\\system32\\version.dll" section .rsrc at 0x2f1fac000 off b000 size 1000 virt 3b8 flags 40000040
0084:trace:module:map_image_into_view mapping L"\\??\\C:\\windows\\system32\\version.dll" section .reloc at 0x2f1fad000 off c000 size 1000 virt 20 flags 42000040
0084:trace:module:load_dll looking for L"kernel32.dll" in (null)
0084:trace:module:load_dll Found L"C:\\windows\\system32\\kernel32.dll" for L"kernel32.dll" at 000000007B600000, count=11
0084:trace:module:import_dll is not hybrid module
0084:trace:module:load_dll looking for L"kernelbase.dll" in (null)
0084:trace:module:load_dll Found L"C:\\windows\\system32\\kernelbase.dll" for L"kernelbase.dll" at 000000007B000000, count=5
0084:trace:module:import_dll is not hybrid module
0084:trace:module:load_dll looking for L"ntdll.dll" in (null)
0084:trace:module:load_dll Found L"C:\\windows\\system32\\ntdll.dll" for L"ntdll.dll" at 0000000170000000, count=13
0084:trace:module:import_dll is not hybrid module
0084:trace:module:load_dll looking for L"ucrtbase.dll" in (null)
0084:trace:module:load_dll Found L"C:\\windows\\system32\\ucrtbase.dll" for L"ucrtbase.dll" at 00000003AF670000, count=6
0084:trace:module:import_dll is not hybrid module
0084:trace:module:build_module loaded L"\\??\\C:\\windows\\system32\\version.dll" 0000000000333B80 00000002F1FA0000
0084:trace:loaddll:build_module Loaded L"C:\\windows\\system32\\version.dll" at 00000002F1FA0000: builtin
0084:trace:module:load_dll Loaded module L"\\??\\C:\\windows\\system32\\version.dll" at 00000002F1FA0000
0084:trace:module:import_dll is not hybrid module
0084:trace:module:load_dll looking for L"win32u.dll" in (null)
0084:trace:module:load_dll Found L"C:\\windows\\system32\\win32u.dll" for L"win32u.dll" at 000000006D980000, count=2
0084:trace:module:import_dll is not hybrid module
0084:trace:module:build_module loaded L"\\??\\C:\\windows\\system32\\user32.dll" 0000000000333150 000000023D820000
0084:trace:loaddll:build_module Loaded L"C:\\windows\\system32\\user32.dll" at 000000023D820000: builtin
0084:trace:module:load_dll Loaded module L"\\??\\C:\\windows\\system32\\user32.dll" at 000000023D820000
0084:trace:module:import_dll is not hybrid module
0084:trace:module:process_attach (L"ntdll.dll",000000000021FB00) - START
0084:trace:module:MODULE_InitDLL (0000000170000000 L"ntdll.dll",PROCESS_ATTACH,000000000021FB00) 000000017007B180 - CALL
0084:trace:module:MODULE_InitDLL (0000000170000000,PROCESS_ATTACH,000000000021FB00) - RETURN 1
0084:trace:module:process_attach (L"ntdll.dll",000000000021FB00) - END
0084:trace:module:process_attach (L"kernel32.dll",000000000021FB00) - START
0084:trace:module:process_attach (L"kernelbase.dll",000000000021FB00) - START
0084:trace:module:MODULE_InitDLL (000000007B000000 L"kernelbase.dll",PROCESS_ATTACH,000000000021FB00) 000000007B04C9C0 - CALL
0084:trace:module:LdrGetDllHandleEx flags 0, load_path 0000000000336100, dll_characteristics 0000000000000000, name 000000000021EC00, base 000000000021EBA8.
0084:trace:module:LdrGetDllHandleEx L"C:\\windows\\system32\\tzres.dll" -> 0000000000000000 (load path L"C:\\windows\\system32;C:\\windows\\system32;C:\\windows\\system;C:\\windows;.;C:\\windows\\system32;C:\\windows;C:\\windows\\system32\\wbem;C:\\windows\\system32\\WindowsPowershell\\v1.0")
0084:trace:module:get_load_order looking for L"C:\\windows\\system32\\tzres.dll"
0084:trace:module:get_load_order got hardcoded default for L"tzres.dll"
0084:trace:module:map_image_into_view mapping PE file L"\\??\\C:\\windows\\system32\\tzres.dll" at 0x10000000-0x10073000
0084:trace:module:map_image_into_view mapping L"\\??\\C:\\windows\\system32\\tzres.dll" section .rsrc at 0x10001000 off 1000 size 72000 virt 71d74 flags 40000040
0084:trace:module:FindResourceExW 0000000010000002 #0006 #0786 0000
0084:trace:module:LoadResource 0000000010000002 000000001000B4B8
0084:trace:module:LdrGetDllHandleEx flags 0, load_path 0000000000336210, dll_characteristics 0000000000000000, name 000000000021EC00, base 000000000021EBA8.
0084:trace:module:LdrGetDllHandleEx L"C:\\windows\\system32\\tzres.dll" -> 0000000000000000 (load path L"C:\\windows\\system32;C:\\windows\\system32;C:\\windows\\system;C:\\windows;.;C:\\windows\\system32;C:\\windows;C:\\windows\\system32\\wbem;C:\\windows\\system32\\WindowsPowershell\\v1.0")
0084:trace:module:get_load_order looking for L"C:\\windows\\system32\\tzres.dll"
0084:trace:module:get_load_order got hardcoded default for L"tzres.dll"
0084:trace:module:map_image_into_view mapping PE file L"\\??\\C:\\windows\\system32\\tzres.dll" at 0x10000000-0x10073000
0084:trace:module:map_image_into_view mapping L"\\??\\C:\\windows\\system32\\tzres.dll" section .rsrc at 0x10001000 off 1000 size 72000 virt 71d74 flags 40000040
0084:trace:module:FindResourceExW 0000000010000002 #0006 #0786 0000
0084:trace:module:LoadResource 0000000010000002 000000001000B4B8
0084:trace:module:MODULE_InitDLL (000000007B000000,PROCESS_ATTACH,000000000021FB00) - RETURN 1
0084:trace:module:process_attach (L"kernelbase.dll",000000000021FB00) - END
0084:trace:module:MODULE_InitDLL (000000007B600000 L"kernel32.dll",PROCESS_ATTACH,000000000021FB00) 000000007B636E80 - CALL
0084:trace:module:MODULE_InitDLL (000000007B600000,PROCESS_ATTACH,000000000021FB00) - RETURN 1
0084:trace:module:process_attach (L"kernel32.dll",000000000021FB00) - END
0084:trace:module:process_attach (L"advapi32.dll",000000000021FB00) - START
0084:trace:module:process_attach (L"msvcrt.dll",000000000021FB00) - START
0084:trace:module:MODULE_InitDLL (00000001C8DB0000 L"msvcrt.dll",PROCESS_ATTACH,000000000021FB00) 00000001C8E3E9D0 - CALL
0084:trace:module:LdrGetDllFullName module 0000000000000000, name 000000000021F020.
0084:trace:module:GetModuleFileNameW L"C:\\windows\\system32\\plugplay.exe"
0084:trace:module:LdrGetDllFullName module 0000000000000000, name 000000000021F070.
0084:trace:module:GetModuleFileNameW L"C:\\windows\\system32\\plugplay.exe"
0084:trace:module:LdrAddRefDll (L"msvcrt.dll") ldr.LoadCount: -1
0084:trace:module:MODULE_InitDLL (00000001C8DB0000,PROCESS_ATTACH,000000000021FB00) - RETURN 1
0084:trace:module:process_attach (L"msvcrt.dll",000000000021FB00) - END
0084:trace:module:process_attach (L"sechost.dll",000000000021FB00) - START
0084:trace:module:process_attach (L"ucrtbase.dll",000000000021FB00) - START
0084:trace:module:MODULE_InitDLL (00000003AF670000 L"ucrtbase.dll",PROCESS_ATTACH,000000000021FB00) 00000003AF71AC10 - CALL
0084:trace:module:LdrGetDllFullName module 0000000000000000, name 000000000021EFA0.
0084:trace:module:GetModuleFileNameW L"C:\\windows\\system32\\plugplay.exe"
0084:trace:module:LdrGetDllFullName module 0000000000000000, name 000000000021EFF0.
0084:trace:module:GetModuleFileNameW L"C:\\windows\\system32\\plugplay.exe"
0084:trace:module:MODULE_InitDLL (00000003AF670000,PROCESS_ATTACH,000000000021FB00) - RETURN 1
0084:trace:module:process_attach (L"ucrtbase.dll",000000000021FB00) - END
0084:trace:module:MODULE_InitDLL (000000032A700000 L"sechost.dll",PROCESS_ATTACH,000000000021FB00) 000000032A71AF60 - CALL
0084:trace:module:MODULE_InitDLL (000000032A700000,PROCESS_ATTACH,000000000021FB00) - RETURN 1
0084:trace:module:process_attach (L"sechost.dll",000000000021FB00) - END
0084:trace:module:MODULE_InitDLL (0000000330260000 L"advapi32.dll",PROCESS_ATTACH,000000000021FB00) 0000000330288030 - CALL
0084:trace:module:MODULE_InitDLL (0000000330260000,PROCESS_ATTACH,000000000021FB00) - RETURN 1
0084:trace:module:process_attach (L"advapi32.dll",000000000021FB00) - END
0084:trace:module:process_attach (L"rpcrt4.dll",000000000021FB00) - START
0084:trace:module:MODULE_InitDLL (0000000231AE0000 L"rpcrt4.dll",PROCESS_ATTACH,000000000021FB00) 0000000231B334D0 - CALL
0084:trace:module:MODULE_InitDLL (0000000231AE0000,PROCESS_ATTACH,000000000021FB00) - RETURN 1
0084:trace:module:process_attach (L"rpcrt4.dll",000000000021FB00) - END
0084:trace:module:process_attach (L"user32.dll",000000000021FB00) - START
0084:trace:module:process_attach (L"gdi32.dll",000000000021FB00) - START
0084:trace:module:process_attach (L"win32u.dll",000000000021FB00) - START
0084:trace:module:MODULE_InitDLL (000000006D980000 L"win32u.dll",PROCESS_ATTACH,000000000021FB00) 000000006DA44570 - CALL
0084:trace:module:MODULE_InitDLL (000000006D980000,PROCESS_ATTACH,000000000021FB00) - RETURN 1
0084:trace:module:process_attach (L"win32u.dll",000000000021FB00) - END
0084:trace:module:MODULE_InitDLL (000000026B4C0000 L"gdi32.dll",PROCESS_ATTACH,000000000021FB00) 000000026B51E670 - CALL
0084:trace:module:MODULE_InitDLL (000000026B4C0000,PROCESS_ATTACH,000000000021FB00) - RETURN 1
0084:trace:module:process_attach (L"gdi32.dll",000000000021FB00) - END
0084:trace:module:process_attach (L"version.dll",000000000021FB00) - START
0084:trace:module:MODULE_InitDLL (00000002F1FA0000 L"version.dll",PROCESS_ATTACH,000000000021FB00) 00000002F1FA2DE0 - CALL
0084:trace:module:MODULE_InitDLL (00000002F1FA0000,PROCESS_ATTACH,000000000021FB00) - RETURN 1
0084:trace:module:process_attach (L"version.dll",000000000021FB00) - END
0084:trace:module:MODULE_InitDLL (000000023D820000 L"user32.dll",PROCESS_ATTACH,000000000021FB00) 000000023D8F6990 - CALL
0084:trace:module:load_dll looking for L"imm32.dll" in L"C:\\windows\\system32;C:\\windows\\system32;C:\\windows\\system;C:\\windows;.;C:\\windows\\system32;C:\\windows;C:\\windows\\system32\\wbem;C:\\windows\\system32\\WindowsPowershell\\v1.0"
0084:trace:module:get_load_order looking for L"C:\\windows\\system32\\imm32.dll"
0084:trace:module:get_load_order got hardcoded default for L"imm32.dll"
0084:trace:module:map_image_into_view mapping PE file L"\\??\\C:\\windows\\system32\\imm32.dll" at 0x3afd00000-0x3afd1b000
0084:trace:module:map_image_into_view mapping L"\\??\\C:\\windows\\system32\\imm32.dll" section .text at 0x3afd01000 off 1000 size d000 virt cae0 flags 60000060
0084:trace:module:map_image_into_view mapping L"\\??\\C:\\windows\\system32\\imm32.dll" section .data at 0x3afd0e000 off e000 size 1000 virt 120 flags c0000040
0084:trace:module:map_image_into_view mapping L"\\??\\C:\\windows\\system32\\imm32.dll" section .rodata at 0x3afd0f000 off f000 size 1000 virt 3ec flags c0000040
0084:trace:module:map_image_into_view mapping L"\\??\\C:\\windows\\system32\\imm32.dll" section .rdata at 0x3afd10000 off 10000 size 2000 virt 1cd0 flags 40000040
0084:trace:module:map_image_into_view mapping L"\\??\\C:\\windows\\system32\\imm32.dll" section .pdata at 0x3afd12000 off 12000 size 1000 virt 5e8 flags 40000040
0084:trace:module:map_image_into_view mapping L"\\??\\C:\\windows\\system32\\imm32.dll" section .xdata at 0x3afd13000 off 13000 size 1000 virt 6fc flags 40000040
0084:trace:module:map_image_into_view mapping L"\\??\\C:\\windows\\system32\\imm32.dll" section .bss at 0x3afd14000 off 0 size 0 virt 160 flags c0000080
0084:trace:module:map_image_into_view mapping L"\\??\\C:\\windows\\system32\\imm32.dll" section .edata at 0x3afd15000 off 14000 size 3000 virt 2b29 flags 40000040
0084:trace:module:map_image_into_view mapping L"\\??\\C:\\windows\\system32\\imm32.dll" section .idata at 0x3afd18000 off 17000 size 1000 virt cb8 flags c0000040
0084:trace:module:map_image_into_view mapping L"\\??\\C:\\windows\\system32\\imm32.dll" section .rsrc at 0x3afd19000 off 18000 size 1000 virt 3a8 flags 40000040
0084:trace:module:map_image_into_view mapping L"\\??\\C:\\windows\\system32\\imm32.dll" section .reloc at 0x3afd1a000 off 19000 size 1000 virt 50 flags 42000040
0084:trace:module:load_dll looking for L"advapi32.dll" in L"C:\\windows\\system32;C:\\windows\\system32;C:\\windows\\system;C:\\windows;.;C:\\windows\\system32;C:\\windows;C:\\windows\\system32\\wbem;C:\\windows\\system32\\WindowsPowershell\\v1.0"
0084:trace:module:load_dll Found L"C:\\windows\\system32\\advapi32.dll" for L"advapi32.dll" at 0000000330260000, count=-1
0084:trace:module:import_dll is not hybrid module
0084:trace:module:load_dll looking for L"kernel32.dll" in L"C:\\windows\\system32;C:\\windows\\system32;C:\\windows\\system;C:\\windows;.;C:\\windows\\system32;C:\\windows;C:\\windows\\system32\\wbem;C:\\windows\\system32\\WindowsPowershell\\v1.0"
0084:trace:module:load_dll Found L"C:\\windows\\system32\\kernel32.dll" for L"kernel32.dll" at 000000007B600000, count=-1
0084:trace:module:import_dll is not hybrid module
0084:trace:module:load_dll looking for L"ntdll.dll" in L"C:\\windows\\system32;C:\\windows\\system32;C:\\windows\\system;C:\\windows;.;C:\\windows\\system32;C:\\windows;C:\\windows\\system32\\wbem;C:\\windows\\system32\\WindowsPowershell\\v1.0"
0084:trace:module:load_dll Found L"C:\\windows\\system32\\ntdll.dll" for L"ntdll.dll" at 0000000170000000, count=-1
0084:trace:module:import_dll is not hybrid module
0084:trace:module:load_dll looking for L"ucrtbase.dll" in L"C:\\windows\\system32;C:\\windows\\system32;C:\\windows\\system;C:\\windows;.;C:\\windows\\system32;C:\\windows;C:\\windows\\system32\\wbem;C:\\windows\\system32\\WindowsPowershell\\v1.0"
0084:trace:module:load_dll Found L"C:\\windows\\system32\\ucrtbase.dll" for L"ucrtbase.dll" at 00000003AF670000, count=-1
0084:trace:module:import_dll is not hybrid module
0084:trace:module:load_dll looking for L"user32.dll" in L"C:\\windows\\system32;C:\\windows\\system32;C:\\windows\\system;C:\\windows;.;C:\\windows\\system32;C:\\windows;C:\\windows\\system32\\wbem;C:\\windows\\system32\\WindowsPowershell\\v1.0"
0084:trace:module:load_dll Found L"C:\\windows\\system32\\user32.dll" for L"user32.dll" at 000000023D820000, count=-1
0084:trace:module:import_dll is not hybrid module
0084:trace:module:build_module loaded L"\\??\\C:\\windows\\system32\\imm32.dll" 000000000033C440 00000003AFD00000
0084:trace:loaddll:build_module Loaded L"C:\\windows\\system32\\imm32.dll" at 00000003AFD00000: builtin
0084:trace:module:load_dll Loaded module L"\\??\\C:\\windows\\system32\\imm32.dll" at 00000003AFD00000
0084:trace:module:process_attach (L"imm32.dll",0000000000000000) - START
0084:trace:module:MODULE_InitDLL (00000003AFD00000 L"imm32.dll",PROCESS_ATTACH,0000000000000000) 00000003AFD0CE20 - CALL
0084:trace:module:LdrGetDllHandleEx flags 0x1, load_path 0000000000000000, dll_characteristics 0000000000000000, name 000000000021E5B0, base 000000000021E5A8.
0084:trace:module:LdrGetDllHandleEx L"ntdll.dll" -> 0000000170000000 (load path (null))
0084:trace:module:LdrGetDllHandleEx flags 0x1, load_path 0000000000000000, dll_characteristics 0000000000000000, name 000000000021EA20, base 000000000021EA18.
0084:trace:module:LdrGetDllHandleEx L"imm32.dll" -> 00000003AFD00000 (load path (null))
0084:trace:module:LdrGetDllHandleEx flags 0x1, load_path 0000000000000000, dll_characteristics 0000000000000000, name 000000000021E560, base 000000000021E558.
0084:trace:module:LdrGetDllHandleEx L"ntdll.dll" -> 0000000170000000 (load path (null))
0084:trace:module:MODULE_InitDLL (00000003AFD00000,PROCESS_ATTACH,0000000000000000) - RETURN 1
0084:trace:module:process_attach (L"imm32.dll",0000000000000000) - END
0084:trace:module:MODULE_InitDLL (000000023D820000,PROCESS_ATTACH,000000000021FB00) - RETURN 1
0084:trace:module:process_attach (L"user32.dll",000000000021FB00) - END
0084:trace:module:LdrGetDllHandleEx flags 0x1, load_path 0000000000000000, dll_characteristics 0000000000000000, name 000000000021F870, base 000000000021F868.
0084:trace:module:LdrGetDllHandleEx L"ntdll.dll" -> 0000000170000000 (load path (null))
0084:trace:module:LdrResolveDelayLoadedAPI (000000032A700000, 000000032A71BE70, 0000000000000000, 000000007B60C510, 000000032A72A620, 0x00000000)
0084:trace:module:load_dll looking for L"rpcrt4.dll" in (null)
0084:trace:module:load_dll Found L"C:\\windows\\system32\\rpcrt4.dll" for L"rpcrt4.dll" at 0000000231AE0000, count=-1
0084:trace:module:LdrGetDllHandleEx flags 0x1, load_path 0000000000000000, dll_characteristics 0000000000000000, name 000000000021ECE0, base 000000000021ECD8.
0084:trace:module:LdrGetDllHandleEx L"ntdll.dll" -> 0000000170000000 (load path (null))
0084:trace:module:LdrResolveDelayLoadedAPI (000000032A700000, 000000032A71BE70, 0000000000000000, 000000007B60C510, 000000032A72A700, 0x00000000)
0084:trace:module:LdrGetDllHandleEx flags 0x1, load_path 0000000000000000, dll_characteristics 0000000000000000, name 000000000021EEF0, base 000000000021EEE8.
0084:trace:module:LdrGetDllHandleEx L"ntdll.dll" -> 0000000170000000 (load path (null))
0084:trace:module:LdrResolveDelayLoadedAPI (000000032A700000, 000000032A71BE70, 0000000000000000, 000000007B60C510, 000000032A72A6E8, 0x00000000)
0084:trace:module:LdrResolveDelayLoadedAPI (000000032A700000, 000000032A71BE70, 0000000000000000, 000000007B60C510, 000000032A72A710, 0x00000000)
0084:trace:module:LdrResolveDelayLoadedAPI (000000032A700000, 000000032A71BE70, 0000000000000000, 000000007B60C510, 000000032A72A6A0, 0x00000000)
0084:trace:module:LdrResolveDelayLoadedAPI (000000032A700000, 000000032A71BE70, 0000000000000000, 000000007B60C510, 000000032A72A680, 0x00000000)
0088:trace:module:MODULE_InitDLL (00000001C8DB0000 L"msvcrt.dll",THREAD_ATTACH,0000000000000000) 00000001C8E3E9D0 - CALL
0088:trace:module:MODULE_InitDLL (00000001C8DB0000,THREAD_ATTACH,0000000000000000) - RETURN 1
0088:trace:module:MODULE_InitDLL (00000003AF670000 L"ucrtbase.dll",THREAD_ATTACH,0000000000000000) 00000003AF71AC10 - CALL
0088:trace:module:MODULE_InitDLL (00000003AF670000,THREAD_ATTACH,0000000000000000) - RETURN 1
0088:trace:module:MODULE_InitDLL (0000000231AE0000 L"rpcrt4.dll",THREAD_ATTACH,0000000000000000) 0000000231B334D0 - CALL
0088:trace:module:MODULE_InitDLL (0000000231AE0000,THREAD_ATTACH,0000000000000000) - RETURN 1
0084:trace:module:LdrResolveDelayLoadedAPI (000000032A700000, 000000032A71BE70, 0000000000000000, 000000007B60C510, 000000032A72A6A8, 0x00000000)
0084:trace:module:LdrResolveDelayLoadedAPI (000000032A700000, 000000032A71BE70, 0000000000000000, 000000007B60C510, 000000032A72A6B8, 0x00000000)
0084:trace:module:LdrResolveDelayLoadedAPI (000000032A700000, 000000032A71BE70, 0000000000000000, 000000007B60C510, 000000032A72A618, 0x00000000)
0084:trace:module:LdrResolveDelayLoadedAPI (000000032A700000, 000000032A71BE70, 0000000000000000, 000000007B60C510, 000000032A72A678, 0x00000000)
0084:trace:module:LdrResolveDelayLoadedAPI (000000032A700000, 000000032A71BE70, 0000000000000000, 000000007B60C510, 000000032A72A6D8, 0x00000000)
008c:trace:module:MODULE_InitDLL (00000001C8DB0000 L"msvcrt.dll",THREAD_ATTACH,0000000000000000) 00000001C8E3E9D0 - CALL
008c:trace:module:MODULE_InitDLL (00000001C8DB0000,THREAD_ATTACH,0000000000000000) - RETURN 1
008c:trace:module:MODULE_InitDLL (00000003AF670000 L"ucrtbase.dll",THREAD_ATTACH,0000000000000000) 00000003AF71AC10 - CALL
008c:trace:module:MODULE_InitDLL (00000003AF670000,THREAD_ATTACH,0000000000000000) - RETURN 1
008c:trace:module:MODULE_InitDLL (0000000231AE0000 L"rpcrt4.dll",THREAD_ATTACH,0000000000000000) 0000000231B334D0 - CALL
008c:trace:module:MODULE_InitDLL (0000000231AE0000,THREAD_ATTACH,0000000000000000) - RETURN 1
008c:trace:module:MODULE_InitDLL (000000023D820000 L"user32.dll",THREAD_ATTACH,0000000000000000) 000000023D8F6990 - CALL
008c:trace:module:MODULE_InitDLL (000000023D820000,THREAD_ATTACH,0000000000000000) - RETURN 1
008c:trace:module:MODULE_InitDLL (00000003AFD00000 L"imm32.dll",THREAD_ATTACH,0000000000000000) 00000003AFD0CE20 - CALL
008c:trace:module:MODULE_InitDLL (00000003AFD00000,THREAD_ATTACH,0000000000000000) - RETURN 1
008c:trace:module:LdrResolveDelayLoadedAPI (000000032A700000, 000000032A71BE70, 0000000000000000, 000000007B60C510, 000000032A72A608, 0x00000000)
008c:trace:module:LdrResolveDelayLoadedAPI (000000032A700000, 000000032A71BE70, 0000000000000000, 000000007B60C510, 000000032A72A658, 0x00000000)
008c:trace:module:LdrResolveDelayLoadedAPI (000000032A700000, 000000032A71BE70, 0000000000000000, 000000007B60C510, 000000032A72A610, 0x00000000)
008c:trace:module:LdrResolveDelayLoadedAPI (000000032A700000, 000000032A71BE70, 0000000000000000, 000000007B60C510, 000000032A72A660, 0x00000000)
0090:trace:module:MODULE_InitDLL (00000001C8DB0000 L"msvcrt.dll",THREAD_ATTACH,0000000000000000) 00000001C8E3E9D0 - CALL
0090:trace:module:MODULE_InitDLL (00000001C8DB0000,THREAD_ATTACH,0000000000000000) - RETURN 1
0090:trace:module:MODULE_InitDLL (00000003AF670000 L"ucrtbase.dll",THREAD_ATTACH,0000000000000000) 00000003AF71AC10 - CALL
0090:trace:module:MODULE_InitDLL (00000003AF670000,THREAD_ATTACH,0000000000000000) - RETURN 1
0090:trace:module:MODULE_InitDLL (0000000231AE0000 L"rpcrt4.dll",THREAD_ATTACH,0000000000000000) 0000000231B334D0 - CALL
0090:trace:module:MODULE_InitDLL (0000000231AE0000,THREAD_ATTACH,0000000000000000) - RETURN 1
0090:trace:module:MODULE_InitDLL (000000023D820000 L"user32.dll",THREAD_ATTACH,0000000000000000) 000000023D8F6990 - CALL
0090:trace:module:MODULE_InitDLL (000000023D820000,THREAD_ATTACH,0000000000000000) - RETURN 1
0090:trace:module:MODULE_InitDLL (00000003AFD00000 L"imm32.dll",THREAD_ATTACH,0000000000000000) 00000003AFD0CE20 - CALL
0090:trace:module:MODULE_InitDLL (00000003AFD00000,THREAD_ATTACH,0000000000000000) - RETURN 1
0090:trace:module:LdrGetDllHandleEx flags 0x1, load_path 0000000000000000, dll_characteristics 0000000000000000, name 00000000012DF820, base 00000000012DF818.
0090:trace:module:LdrGetDllHandleEx L"ntdll.dll" -> 0000000170000000 (load path (null))
0094:trace:module:MODULE_InitDLL (00000001C8DB0000 L"msvcrt.dll",THREAD_ATTACH,0000000000000000) 00000001C8E3E9D0 - CALL
0094:trace:module:MODULE_InitDLL (00000001C8DB0000,THREAD_ATTACH,0000000000000000) - RETURN 1
0094:trace:module:MODULE_InitDLL (00000003AF670000 L"ucrtbase.dll",THREAD_ATTACH,0000000000000000) 00000003AF71AC10 - CALL
0094:trace:module:MODULE_InitDLL (00000003AF670000,THREAD_ATTACH,0000000000000000) - RETURN 1
0094:trace:module:MODULE_InitDLL (0000000231AE0000 L"rpcrt4.dll",THREAD_ATTACH,0000000000000000) 0000000231B334D0 - CALL
0094:trace:module:MODULE_InitDLL (0000000231AE0000,THREAD_ATTACH,0000000000000000) - RETURN 1
0094:trace:module:MODULE_InitDLL (000000023D820000 L"user32.dll",THREAD_ATTACH,0000000000000000) 000000023D8F6990 - CALL
0094:trace:module:MODULE_InitDLL (000000023D820000,THREAD_ATTACH,0000000000000000) - RETURN 1
0094:trace:module:MODULE_InitDLL (00000003AFD00000 L"imm32.dll",THREAD_ATTACH,0000000000000000) 00000003AFD0CE20 - CALL
0094:trace:module:MODULE_InitDLL (00000003AFD00000,THREAD_ATTACH,0000000000000000) - RETURN 1
0090:trace:module:LdrResolveDelayLoadedAPI (000000032A700000, 000000032A71BE70, 0000000000000000, 000000007B60C510, 000000032A72A6C0, 0x00000000)
009c:trace:module:get_load_order looking for L"C:\\windows\\system32\\svchost.exe"
009c:trace:module:get_load_order got hardcoded default for L"svchost.exe"
009c:trace:module:get_load_order looking for L"C:\\windows\\system32\\svchost.exe"
009c:trace:module:get_load_order got hardcoded default for L"svchost.exe"
009c:trace:module:map_image_into_view mapping PE file L"\\??\\C:\\windows\\system32\\svchost.exe" at 0x140000000-0x14000a000
009c:trace:module:map_image_into_view mapping L"\\??\\C:\\windows\\system32\\svchost.exe" section .text at 0x140001000 off 1000 size 2000 virt 1d80 flags 60000020
009c:trace:module:map_image_into_view mapping L"\\??\\C:\\windows\\system32\\svchost.exe" section .data at 0x140003000 off 3000 size 1000 virt 40 flags c0000040
009c:trace:module:map_image_into_view mapping L"\\??\\C:\\windows\\system32\\svchost.exe" section .rdata at 0x140004000 off 4000 size 1000 virt 580 flags 40000040
009c:trace:module:map_image_into_view mapping L"\\??\\C:\\windows\\system32\\svchost.exe" section .pdata at 0x140005000 off 5000 size 1000 virt c0 flags 40000040
009c:trace:module:map_image_into_view mapping L"\\??\\C:\\windows\\system32\\svchost.exe" section .xdata at 0x140006000 off 6000 size 1000 virt f0 flags 40000040
009c:trace:module:map_image_into_view mapping L"\\??\\C:\\windows\\system32\\svchost.exe" section .bss at 0x140007000 off 0 size 0 virt 140 flags c0000080
009c:trace:module:map_image_into_view mapping L"\\??\\C:\\windows\\system32\\svchost.exe" section .idata at 0x140008000 off 7000 size 1000 virt 5f8 flags c0000040
009c:trace:module:map_image_into_view mapping L"\\??\\C:\\windows\\system32\\svchost.exe" section .reloc at 0x140009000 off 8000 size 1000 virt 10 flags 42000040
009c:trace:module:map_image_into_view mapping PE file L"\\??\\C:\\windows\\system32\\ntdll.dll" at 0x170000000-0x1700b4000
009c:trace:module:map_image_into_view mapping L"\\??\\C:\\windows\\system32\\ntdll.dll" section .text at 0x170001000 off 1000 size 7b000 virt 7a540 flags 60000020
009c:trace:module:map_image_into_view mapping L"\\??\\C:\\windows\\system32\\ntdll.dll" section .data at 0x17007c000 off 7c000 size 1000 virt e80 flags c0000040
009c:trace:module:map_image_into_view mapping L"\\??\\C:\\windows\\system32\\ntdll.dll" section .rodata at 0x17007d000 off 7d000 size 2000 virt 1f48 flags c0000040
009c:trace:module:map_image_into_view mapping L"\\??\\C:\\windows\\system32\\ntdll.dll" section .rdata at 0x17007f000 off 7f000 size 13000 virt 12310 flags 40000040
009c:trace:module:map_image_into_view mapping L"\\??\\C:\\windows\\system32\\ntdll.dll" section .pdata at 0x170092000 off 92000 size 4000 virt 3030 flags 40000040
009c:trace:module:map_image_into_view mapping L"\\??\\C:\\windows\\system32\\ntdll.dll" section .xdata at 0x170096000 off 96000 size 4000 virt 33b4 flags 40000040
009c:trace:module:map_image_into_view mapping L"\\??\\C:\\windows\\system32\\ntdll.dll" section .bss at 0x17009a000 off 0 size 0 virt 34f0 flags c0000080
009c:trace:module:map_image_into_view mapping L"\\??\\C:\\windows\\system32\\ntdll.dll" section .edata at 0x17009e000 off 9a000 size 13000 virt 1211e flags 40000040
009c:trace:module:map_image_into_view mapping L"\\??\\C:\\windows\\system32\\ntdll.dll" section .idata at 0x1700b1000 off ad000 size 1000 virt 18 flags c0000040
009c:trace:module:map_image_into_view mapping L"\\??\\C:\\windows\\system32\\ntdll.dll" section .rsrc at 0x1700b2000 off ae000 size 1000 virt 3b0 flags 40000040
009c:trace:module:map_image_into_view mapping L"\\??\\C:\\windows\\system32\\ntdll.dll" section .reloc at 0x1700b3000 off af000 size 1000 virt 17c flags 42000040
009c:trace:module:load_apiset_dll loaded L"\\??\\C:\\windows\\system32\\apisetschema.dll" apiset at 0x321000
009c:trace:module:build_module loaded L"\\??\\C:\\windows\\system32\\svchost.exe" 00000000003319E0 0000000140000000
009c:trace:loaddll:build_module Loaded L"C:\\windows\\system32\\svchost.exe" at 0000000140000000: builtin
009c:trace:module:load_dll looking for L"kernel32.dll" in (null)
009c:trace:module:get_load_order looking for L"C:\\windows\\system32\\kernel32.dll"
009c:trace:module:get_load_order got hardcoded default for L"kernel32.dll"
009c:trace:module:map_image_into_view mapping PE file L"\\??\\C:\\windows\\system32\\kernel32.dll" at 0x7b600000-0x7b665000
009c:trace:module:map_image_into_view mapping L"\\??\\C:\\windows\\system32\\kernel32.dll" section .text at 0x7b601000 off 1000 size 37000 virt 36200 flags 60000020
009c:trace:module:map_image_into_view mapping L"\\??\\C:\\windows\\system32\\kernel32.dll" section .data at 0x7b638000 off 38000 size 1000 virt 280 flags c0000040
009c:trace:module:map_image_into_view mapping L"\\??\\C:\\windows\\system32\\kernel32.dll" section .rodata at 0x7b639000 off 39000 size 2000 virt 1cf0 flags c0000040
009c:trace:module:map_image_into_view mapping L"\\??\\C:\\windows\\system32\\kernel32.dll" section .rdata at 0x7b63b000 off 3b000 size 4000 virt 38e0 flags 40000040
009c:trace:module:map_image_into_view mapping L"\\??\\C:\\windows\\system32\\kernel32.dll" section .pdata at 0x7b63f000 off 3f000 size 2000 virt 15d8 flags 40000040
009c:trace:module:map_image_into_view mapping L"\\??\\C:\\windows\\system32\\kernel32.dll" section .xdata at 0x7b641000 off 41000 size 2000 virt 17a0 flags 40000040
009c:trace:module:map_image_into_view mapping L"\\??\\C:\\windows\\system32\\kernel32.dll" section .bss at 0x7b643000 off 0 size 0 virt 260 flags c0000080
009c:trace:module:map_image_into_view mapping L"\\??\\C:\\windows\\system32\\kernel32.dll" section .edata at 0x7b644000 off 43000 size e000 virt da78 flags 40000040
009c:trace:module:map_image_into_view mapping L"\\??\\C:\\windows\\system32\\kernel32.dll" section .idata at 0x7b652000 off 51000 size a000 virt 9054 flags c0000040
009c:trace:module:map_image_into_view mapping L"\\??\\C:\\windows\\system32\\kernel32.dll" section .rsrc at 0x7b65c000 off 5b000 size 8000 virt 7e00 flags 40000040
009c:trace:module:map_image_into_view mapping L"\\??\\C:\\windows\\system32\\kernel32.dll" section .reloc at 0x7b664000 off 63000 size 1000 virt 48 flags 42000040
009c:trace:module:load_dll looking for L"kernelbase.dll" in (null)
009c:trace:module:get_load_order looking for L"C:\\windows\\system32\\kernelbase.dll"
009c:trace:module:get_load_order got hardcoded default for L"kernelbase.dll"
009c:trace:module:map_image_into_view mapping PE file L"\\??\\C:\\windows\\system32\\kernelbase.dll" at 0x7b000000-0x7b266000
009c:trace:module:map_image_into_view mapping L"\\??\\C:\\windows\\system32\\kernelbase.dll" section .text at 0x7b001000 off 1000 size 99000 virt 98db0 flags 60000020
009c:trace:module:map_image_into_view mapping L"\\??\\C:\\windows\\system32\\kernelbase.dll" section .data at 0x7b09a000 off 9a000 size 2000 virt 1dc0 flags c0000040
009c:trace:module:map_image_into_view mapping L"\\??\\C:\\windows\\system32\\kernelbase.dll" section .rodata at 0x7b09c000 off 9c000 size 2000 virt 1d88 flags c0000040
009c:trace:module:map_image_into_view mapping L"\\??\\C:\\windows\\system32\\kernelbase.dll" section .rdata at 0x7b09e000 off 9e000 size 20000 virt 1f110 flags 40000040
009c:trace:module:map_image_into_view mapping L"\\??\\C:\\windows\\system32\\kernelbase.dll" section .pdata at 0x7b0be000 off be000 size 4000 virt 3f54 flags 40000040
009c:trace:module:map_image_into_view mapping L"\\??\\C:\\windows\\system32\\kernelbase.dll" section .xdata at 0x7b0c2000 off c2000 size 5000 virt 46c4 flags 40000040
009c:trace:module:map_image_into_view mapping L"\\??\\C:\\windows\\system32\\kernelbase.dll" section .bss at 0x7b0c7000 off 0 size 0 virt 28e0 flags c0000080
009c:trace:module:map_image_into_view mapping L"\\??\\C:\\windows\\system32\\kernelbase.dll" section .edata at 0x7b0ca000 off c7000 size 20000 virt 1f903 flags 40000040
009c:trace:module:map_image_into_view mapping L"\\??\\C:\\windows\\system32\\kernelbase.dll" section .idata at 0x7b0ea000 off e7000 size 5000 virt 43f4 flags c0000040
009c:trace:module:map_image_into_view mapping L"\\??\\C:\\windows\\system32\\kernelbase.dll" section .rsrc at 0x7b0ef000 off ec000 size 176000 virt 1757f0 flags 40000040
009c:trace:module:map_image_into_view mapping L"\\??\\C:\\windows\\system32\\kernelbase.dll" section .reloc at 0x7b265000 off 262000 size 1000 virt 23c flags 42000040
009c:trace:module:load_dll looking for L"ntdll.dll" in (null)
009c:trace:module:load_dll Found L"C:\\windows\\system32\\ntdll.dll" for L"ntdll.dll" at 0000000170000000, count=2
009c:trace:module:import_dll is not hybrid module
009c:trace:module:build_module loaded L"\\??\\C:\\windows\\system32\\kernelbase.dll" 00000000003320D0 000000007B000000
009c:trace:loaddll:build_module Loaded L"C:\\windows\\system32\\kernelbase.dll" at 000000007B000000: builtin
009c:trace:module:load_dll Loaded module L"\\??\\C:\\windows\\system32\\kernelbase.dll" at 000000007B000000
009c:trace:module:import_dll is not hybrid module
009c:trace:module:load_dll looking for L"ntdll.dll" in (null)
009c:trace:module:load_dll Found L"C:\\windows\\system32\\ntdll.dll" for L"ntdll.dll" at 0000000170000000, count=3
009c:trace:module:import_dll is not hybrid module
009c:trace:module:build_module loaded L"\\??\\C:\\windows\\system32\\kernel32.dll" 0000000000331DE0 000000007B600000
009c:trace:loaddll:build_module Loaded L"C:\\windows\\system32\\kernel32.dll" at 000000007B600000: builtin
009c:trace:module:load_dll Loaded module L"\\??\\C:\\windows\\system32\\kernel32.dll" at 000000007B600000
009c:trace:module:load_dll looking for L"advapi32.dll" in (null)
009c:trace:module:get_load_order looking for L"C:\\windows\\system32\\advapi32.dll"
009c:trace:module:get_load_order got hardcoded default for L"advapi32.dll"
009c:trace:module:map_image_into_view mapping PE file L"\\??\\C:\\windows\\system32\\advapi32.dll" at 0x330260000-0x3302a4000
009c:trace:module:map_image_into_view mapping L"\\??\\C:\\windows\\system32\\advapi32.dll" section .text at 0x330261000 off 1000 size 29000 virt 28090 flags 60000060
009c:trace:module:map_image_into_view mapping L"\\??\\C:\\windows\\system32\\advapi32.dll" section .data at 0x33028a000 off 2a000 size 1000 virt 1a0 flags c0000040
009c:trace:module:map_image_into_view mapping L"\\??\\C:\\windows\\system32\\advapi32.dll" section .rodata at 0x33028b000 off 2b000 size 1000 virt e3c flags c0000040
009c:trace:module:map_image_into_view mapping L"\\??\\C:\\windows\\system32\\advapi32.dll" section .rdata at 0x33028c000 off 2c000 size 6000 virt 5fa0 flags 40000040
009c:trace:module:map_image_into_view mapping L"\\??\\C:\\windows\\system32\\advapi32.dll" section .pdata at 0x330292000 off 32000 size 2000 virt 1260 flags 40000040
009c:trace:module:map_image_into_view mapping L"\\??\\C:\\windows\\system32\\advapi32.dll" section .xdata at 0x330294000 off 34000 size 2000 virt 159c flags 40000040
009c:trace:module:map_image_into_view mapping L"\\??\\C:\\windows\\system32\\advapi32.dll" section .bss at 0x330296000 off 0 size 0 virt da0 flags c0000080
009c:trace:module:map_image_into_view mapping L"\\??\\C:\\windows\\system32\\advapi32.dll" section .edata at 0x330297000 off 36000 size 8000 virt 74c5 flags 40000040
009c:trace:module:map_image_into_view mapping L"\\??\\C:\\windows\\system32\\advapi32.dll" section .idata at 0x33029f000 off 3e000 size 3000 virt 2f74 flags c0000040
009c:trace:module:map_image_into_view mapping L"\\??\\C:\\windows\\system32\\advapi32.dll" section .rsrc at 0x3302a2000 off 41000 size 1000 virt 3c8 flags 40000040
009c:trace:module:map_image_into_view mapping L"\\??\\C:\\windows\\system32\\advapi32.dll" section .reloc at 0x3302a3000 off 42000 size 1000 virt 138 flags 42000040
009c:trace:module:load_dll looking for L"kernel32.dll" in (null)
009c:trace:module:load_dll Found L"C:\\windows\\system32\\kernel32.dll" for L"kernel32.dll" at 000000007B600000, count=2
009c:trace:module:import_dll is not hybrid module
009c:trace:module:load_dll looking for L"kernelbase.dll" in (null)
009c:trace:module:load_dll Found L"C:\\windows\\system32\\kernelbase.dll" for L"kernelbase.dll" at 000000007B000000, count=2
009c:trace:module:import_dll is not hybrid module
009c:trace:module:load_dll looking for L"msvcrt.dll" in (null)
009c:trace:module:get_load_order looking for L"C:\\windows\\system32\\msvcrt.dll"
009c:trace:module:get_load_order got hardcoded default for L"msvcrt.dll"
009c:trace:module:map_image_into_view mapping PE file L"\\??\\C:\\windows\\system32\\msvcrt.dll" at 0x1c8db0000-0x1c8e6c000
009c:trace:module:map_image_into_view mapping L"\\??\\C:\\windows\\system32\\msvcrt.dll" section .text at 0x1c8db1000 off 1000 size 8f000 virt 8e220 flags 60000060
009c:trace:module:map_image_into_view mapping L"\\??\\C:\\windows\\system32\\msvcrt.dll" section .data at 0x1c8e40000 off 90000 size 2000 virt 1830 flags c0000040
009c:trace:module:map_image_into_view mapping L"\\??\\C:\\windows\\system32\\msvcrt.dll" section .rodata at 0x1c8e42000 off 92000 size 2000 virt 1394 flags c0000040
009c:trace:module:map_image_into_view mapping L"\\??\\C:\\windows\\system32\\msvcrt.dll" section .rdata at 0x1c8e44000 off 94000 size b000 virt aef0 flags 40000040
009c:trace:module:map_image_into_view mapping L"\\??\\C:\\windows\\system32\\msvcrt.dll" section .pdata at 0x1c8e4f000 off 9f000 size 5000 virt 4278 flags 40000040
009c:trace:module:map_image_into_view mapping L"\\??\\C:\\windows\\system32\\msvcrt.dll" section .xdata at 0x1c8e54000 off a4000 size 5000 virt 42d0 flags 40000040
009c:trace:module:map_image_into_view mapping L"\\??\\C:\\windows\\system32\\msvcrt.dll" section .bss at 0x1c8e59000 off 0 size 0 virt 1c60 flags c0000080
009c:trace:module:map_image_into_view mapping L"\\??\\C:\\windows\\system32\\msvcrt.dll" section .edata at 0x1c8e5b000 off a9000 size d000 virt ca71 flags 40000040
009c:trace:module:map_image_into_view mapping L"\\??\\C:\\windows\\system32\\msvcrt.dll" section .idata at 0x1c8e68000 off b6000 size 2000 virt 1868 flags c0000040
009c:trace:module:map_image_into_view mapping L"\\??\\C:\\windows\\system32\\msvcrt.dll" section .rsrc at 0x1c8e6a000 off b8000 size 1000 virt 398 flags 40000040
009c:trace:module:map_image_into_view mapping L"\\??\\C:\\windows\\system32\\msvcrt.dll" section .reloc at 0x1c8e6b000 off b9000 size 1000 virt 25c flags 42000040
009c:trace:module:load_dll looking for L"kernel32.dll" in (null)
009c:trace:module:load_dll Found L"C:\\windows\\system32\\kernel32.dll" for L"kernel32.dll" at 000000007B600000, count=3
009c:trace:module:import_dll is not hybrid module
009c:trace:module:load_dll looking for L"ntdll.dll" in (null)
009c:trace:module:load_dll Found L"C:\\windows\\system32\\ntdll.dll" for L"ntdll.dll" at 0000000170000000, count=4
009c:trace:module:import_dll is not hybrid module
009c:trace:module:build_module loaded L"\\??\\C:\\windows\\system32\\msvcrt.dll" 00000000003325E0 00000001C8DB0000
009c:trace:loaddll:build_module Loaded L"C:\\windows\\system32\\msvcrt.dll" at 00000001C8DB0000: builtin
009c:trace:module:load_dll Loaded module L"\\??\\C:\\windows\\system32\\msvcrt.dll" at 00000001C8DB0000
009c:trace:module:import_dll is not hybrid module
009c:trace:module:load_dll looking for L"ntdll.dll" in (null)
009c:trace:module:load_dll Found L"C:\\windows\\system32\\ntdll.dll" for L"ntdll.dll" at 0000000170000000, count=5
009c:trace:module:import_dll is not hybrid module
009c:trace:module:load_dll looking for L"sechost.dll" in (null)
009c:trace:module:get_load_order looking for L"C:\\windows\\system32\\sechost.dll"
009c:trace:module:get_load_order got hardcoded default for L"sechost.dll"
009c:trace:module:map_image_into_view mapping PE file L"\\??\\C:\\windows\\system32\\sechost.dll" at 0x32a700000-0x32a72d000
009c:trace:module:map_image_into_view mapping L"\\??\\C:\\windows\\system32\\sechost.dll" section .text at 0x32a701000 off 1000 size 1b000 virt 1aeb0 flags 60000060
009c:trace:module:map_image_into_view mapping L"\\??\\C:\\windows\\system32\\sechost.dll" section .data at 0x32a71c000 off 1c000 size 1000 virt 170 flags c0000040
009c:trace:module:map_image_into_view mapping L"\\??\\C:\\windows\\system32\\sechost.dll" section .rodata at 0x32a71d000 off 1d000 size 1000 virt ef0 flags c0000040
009c:trace:module:map_image_into_view mapping L"\\??\\C:\\windows\\system32\\sechost.dll" section .rdata at 0x32a71e000 off 1e000 size 4000 virt 38d0 flags 40000040
009c:trace:module:map_image_into_view mapping L"\\??\\C:\\windows\\system32\\sechost.dll" section .pdata at 0x32a722000 off 22000 size 1000 virt b64 flags 40000040
009c:trace:module:map_image_into_view mapping L"\\??\\C:\\windows\\system32\\sechost.dll" section .xdata at 0x32a723000 off 23000 size 1000 virt c00 flags 40000040
009c:trace:module:map_image_into_view mapping L"\\??\\C:\\windows\\system32\\sechost.dll" section .bss at 0x32a724000 off 0 size 0 virt 1a0 flags c0000080
009c:trace:module:map_image_into_view mapping L"\\??\\C:\\windows\\system32\\sechost.dll" section .edata at 0x32a725000 off 24000 size 5000 virt 46ae flags 40000040
009c:trace:module:map_image_into_view mapping L"\\??\\C:\\windows\\system32\\sechost.dll" section .idata at 0x32a72a000 off 29000 size 2000 virt 121c flags c0000040
009c:trace:module:map_image_into_view mapping L"\\??\\C:\\windows\\system32\\sechost.dll" section .reloc at 0x32a72c000 off 2b000 size 1000 virt f8 flags 42000040
009c:trace:module:load_dll looking for L"kernel32.dll" in (null)
009c:trace:module:load_dll Found L"C:\\windows\\system32\\kernel32.dll" for L"kernel32.dll" at 000000007B600000, count=4
009c:trace:module:import_dll is not hybrid module
009c:trace:module:load_dll looking for L"kernelbase.dll" in (null)
009c:trace:module:load_dll Found L"C:\\windows\\system32\\kernelbase.dll" for L"kernelbase.dll" at 000000007B000000, count=3
009c:trace:module:import_dll is not hybrid module
009c:trace:module:load_dll looking for L"ntdll.dll" in (null)
009c:trace:module:load_dll Found L"C:\\windows\\system32\\ntdll.dll" for L"ntdll.dll" at 0000000170000000, count=6
009c:trace:module:import_dll is not hybrid module
009c:trace:module:load_dll looking for L"ucrtbase.dll" in (null)
009c:trace:module:get_load_order looking for L"C:\\windows\\system32\\ucrtbase.dll"
009c:trace:module:get_load_order got hardcoded default for L"ucrtbase.dll"
009c:trace:module:map_image_into_view mapping PE file L"\\??\\C:\\windows\\system32\\ucrtbase.dll" at 0x3af670000-0x3af759000
009c:trace:module:map_image_into_view mapping L"\\??\\C:\\windows\\system32\\ucrtbase.dll" section .text at 0x3af671000 off 1000 size ab000 virt aa4c0 flags 60000060
009c:trace:module:map_image_into_view mapping L"\\??\\C:\\windows\\system32\\ucrtbase.dll" section .data at 0x3af71c000 off ac000 size 2000 virt 1ac0 flags c0000040
009c:trace:module:map_image_into_view mapping L"\\??\\C:\\windows\\system32\\ucrtbase.dll" section .rodata at 0x3af71e000 off ae000 size 4000 virt 3988 flags c0000040
009c:trace:module:map_image_into_view mapping L"\\??\\C:\\windows\\system32\\ucrtbase.dll" section .rdata at 0x3af722000 off b2000 size d000 virt cb50 flags 40000040
009c:trace:module:map_image_into_view mapping L"\\??\\C:\\windows\\system32\\ucrtbase.dll" section .pdata at 0x3af72f000 off bf000 size 5000 virt 4d10 flags 40000040
009c:trace:module:map_image_into_view mapping L"\\??\\C:\\windows\\system32\\ucrtbase.dll" section .xdata at 0x3af734000 off c4000 size 5000 virt 4cd0 flags 40000040
009c:trace:module:map_image_into_view mapping L"\\??\\C:\\windows\\system32\\ucrtbase.dll" section .bss at 0x3af739000 off 0 size 0 virt 20c0 flags c0000080
009c:trace:module:map_image_into_view mapping L"\\??\\C:\\windows\\system32\\ucrtbase.dll" section .edata at 0x3af73c000 off c9000 size 19000 virt 186cd flags 40000040
009c:trace:module:map_image_into_view mapping L"\\??\\C:\\windows\\system32\\ucrtbase.dll" section .idata at 0x3af755000 off e2000 size 2000 virt 1a84 flags c0000040
009c:trace:module:map_image_into_view mapping L"\\??\\C:\\windows\\system32\\ucrtbase.dll" section .rsrc at 0x3af757000 off e4000 size 1000 virt 3c8 flags 40000040
009c:trace:module:map_image_into_view mapping L"\\??\\C:\\windows\\system32\\ucrtbase.dll" section .reloc at 0x3af758000 off e5000 size 1000 virt 29c flags 42000040
009c:trace:module:load_dll looking for L"kernel32.dll" in (null)
009c:trace:module:load_dll Found L"C:\\windows\\system32\\kernel32.dll" for L"kernel32.dll" at 000000007B600000, count=5
009c:trace:module:import_dll is not hybrid module
009c:trace:module:load_dll looking for L"ntdll.dll" in (null)
009c:trace:module:load_dll Found L"C:\\windows\\system32\\ntdll.dll" for L"ntdll.dll" at 0000000170000000, count=7
009c:trace:module:import_dll is not hybrid module
009c:trace:module:build_module loaded L"\\??\\C:\\windows\\system32\\ucrtbase.dll" 0000000000332BC0 00000003AF670000
009c:trace:loaddll:build_module Loaded L"C:\\windows\\system32\\ucrtbase.dll" at 00000003AF670000: builtin
009c:trace:module:load_dll Loaded module L"\\??\\C:\\windows\\system32\\ucrtbase.dll" at 00000003AF670000
009c:trace:module:import_dll is not hybrid module
009c:trace:module:build_module loaded L"\\??\\C:\\windows\\system32\\sechost.dll" 00000000003328B0 000000032A700000
009c:trace:loaddll:build_module Loaded L"C:\\windows\\system32\\sechost.dll" at 000000032A700000: builtin
009c:trace:module:load_dll Loaded module L"\\??\\C:\\windows\\system32\\sechost.dll" at 000000032A700000
009c:trace:module:import_dll is not hybrid module
009c:trace:module:build_module loaded L"\\??\\C:\\windows\\system32\\advapi32.dll" 00000000003323D0 0000000330260000
009c:trace:loaddll:build_module Loaded L"C:\\windows\\system32\\advapi32.dll" at 0000000330260000: builtin
009c:trace:module:load_dll Loaded module L"\\??\\C:\\windows\\system32\\advapi32.dll" at 0000000330260000
009c:trace:module:import_dll is not hybrid module
009c:trace:module:load_dll looking for L"kernel32.dll" in (null)
009c:trace:module:load_dll Found L"C:\\windows\\system32\\kernel32.dll" for L"kernel32.dll" at 000000007B600000, count=6
009c:trace:module:import_dll is not hybrid module
009c:trace:module:load_dll looking for L"ntdll.dll" in (null)
009c:trace:module:load_dll Found L"C:\\windows\\system32\\ntdll.dll" for L"ntdll.dll" at 0000000170000000, count=8
009c:trace:module:import_dll is not hybrid module
009c:trace:module:load_dll looking for L"ucrtbase.dll" in (null)
009c:trace:module:load_dll Found L"C:\\windows\\system32\\ucrtbase.dll" for L"ucrtbase.dll" at 00000003AF670000, count=2
009c:trace:module:import_dll is not hybrid module
009c:trace:module:process_attach (L"ntdll.dll",000000000021FB00) - START
009c:trace:module:MODULE_InitDLL (0000000170000000 L"ntdll.dll",PROCESS_ATTACH,000000000021FB00) 000000017007B180 - CALL
009c:trace:module:MODULE_InitDLL (0000000170000000,PROCESS_ATTACH,000000000021FB00) - RETURN 1
009c:trace:module:process_attach (L"ntdll.dll",000000000021FB00) - END
009c:trace:module:process_attach (L"kernel32.dll",000000000021FB00) - START
009c:trace:module:process_attach (L"kernelbase.dll",000000000021FB00) - START
009c:trace:module:MODULE_InitDLL (000000007B000000 L"kernelbase.dll",PROCESS_ATTACH,000000000021FB00) 000000007B04C9C0 - CALL
009c:trace:module:LdrGetDllHandleEx flags 0, load_path 00000000003350A0, dll_characteristics 0000000000000000, name 000000000021EC00, base 000000000021EBA8.
009c:trace:module:LdrGetDllHandleEx L"C:\\windows\\system32\\tzres.dll" -> 0000000000000000 (load path L"C:\\windows\\system32;C:\\windows\\system32;C:\\windows\\system;C:\\windows;.;C:\\windows\\system32;C:\\windows;C:\\windows\\system32\\wbem;C:\\windows\\system32\\WindowsPowershell\\v1.0")
009c:trace:module:get_load_order looking for L"C:\\windows\\system32\\tzres.dll"
009c:trace:module:get_load_order got hardcoded default for L"tzres.dll"
009c:trace:module:map_image_into_view mapping PE file L"\\??\\C:\\windows\\system32\\tzres.dll" at 0x10000000-0x10073000
009c:trace:module:map_image_into_view mapping L"\\??\\C:\\windows\\system32\\tzres.dll" section .rsrc at 0x10001000 off 1000 size 72000 virt 71d74 flags 40000040
009c:trace:module:FindResourceExW 0000000010000002 #0006 #0786 0000
009c:trace:module:LoadResource 0000000010000002 000000001000B4B8
009c:trace:module:LdrGetDllHandleEx flags 0, load_path 00000000003351B0, dll_characteristics 0000000000000000, name 000000000021EC00, base 000000000021EBA8.
009c:trace:module:LdrGetDllHandleEx L"C:\\windows\\system32\\tzres.dll" -> 0000000000000000 (load path L"C:\\windows\\system32;C:\\windows\\system32;C:\\windows\\system;C:\\windows;.;C:\\windows\\system32;C:\\windows;C:\\windows\\system32\\wbem;C:\\windows\\system32\\WindowsPowershell\\v1.0")
009c:trace:module:get_load_order looking for L"C:\\windows\\system32\\tzres.dll"
009c:trace:module:get_load_order got hardcoded default for L"tzres.dll"
009c:trace:module:map_image_into_view mapping PE file L"\\??\\C:\\windows\\system32\\tzres.dll" at 0x10000000-0x10073000
009c:trace:module:map_image_into_view mapping L"\\??\\C:\\windows\\system32\\tzres.dll" section .rsrc at 0x10001000 off 1000 size 72000 virt 71d74 flags 40000040
009c:trace:module:FindResourceExW 0000000010000002 #0006 #0786 0000
009c:trace:module:LoadResource 0000000010000002 000000001000B4B8
009c:trace:module:MODULE_InitDLL (000000007B000000,PROCESS_ATTACH,000000000021FB00) - RETURN 1
009c:trace:module:process_attach (L"kernelbase.dll",000000000021FB00) - END
009c:trace:module:MODULE_InitDLL (000000007B600000 L"kernel32.dll",PROCESS_ATTACH,000000000021FB00) 000000007B636E80 - CALL
009c:trace:module:MODULE_InitDLL (000000007B600000,PROCESS_ATTACH,000000000021FB00) - RETURN 1
009c:trace:module:process_attach (L"kernel32.dll",000000000021FB00) - END
009c:trace:module:process_attach (L"advapi32.dll",000000000021FB00) - START
009c:trace:module:process_attach (L"msvcrt.dll",000000000021FB00) - START
009c:trace:module:MODULE_InitDLL (00000001C8DB0000 L"msvcrt.dll",PROCESS_ATTACH,000000000021FB00) 00000001C8E3E9D0 - CALL
009c:trace:module:LdrGetDllFullName module 0000000000000000, name 000000000021F020.
009c:trace:module:GetModuleFileNameW L"C:\\windows\\system32\\svchost.exe"
009c:trace:module:LdrGetDllFullName module 0000000000000000, name 000000000021F070.
009c:trace:module:GetModuleFileNameW L"C:\\windows\\system32\\svchost.exe"
009c:trace:module:LdrAddRefDll (L"msvcrt.dll") ldr.LoadCount: -1
009c:trace:module:MODULE_InitDLL (00000001C8DB0000,PROCESS_ATTACH,000000000021FB00) - RETURN 1
009c:trace:module:process_attach (L"msvcrt.dll",000000000021FB00) - END
009c:trace:module:process_attach (L"sechost.dll",000000000021FB00) - START
009c:trace:module:process_attach (L"ucrtbase.dll",000000000021FB00) - START
009c:trace:module:MODULE_InitDLL (00000003AF670000 L"ucrtbase.dll",PROCESS_ATTACH,000000000021FB00) 00000003AF71AC10 - CALL
009c:trace:module:LdrGetDllFullName module 0000000000000000, name 000000000021EFA0.
009c:trace:module:GetModuleFileNameW L"C:\\windows\\system32\\svchost.exe"
009c:trace:module:LdrGetDllFullName module 0000000000000000, name 000000000021EFF0.
009c:trace:module:GetModuleFileNameW L"C:\\windows\\system32\\svchost.exe"
009c:trace:module:MODULE_InitDLL (00000003AF670000,PROCESS_ATTACH,000000000021FB00) - RETURN 1
009c:trace:module:process_attach (L"ucrtbase.dll",000000000021FB00) - END
009c:trace:module:MODULE_InitDLL (000000032A700000 L"sechost.dll",PROCESS_ATTACH,000000000021FB00) 000000032A71AF60 - CALL
009c:trace:module:MODULE_InitDLL (000000032A700000,PROCESS_ATTACH,000000000021FB00) - RETURN 1
009c:trace:module:process_attach (L"sechost.dll",000000000021FB00) - END
009c:trace:module:MODULE_InitDLL (0000000330260000 L"advapi32.dll",PROCESS_ATTACH,000000000021FB00) 0000000330288030 - CALL
009c:trace:module:MODULE_InitDLL (0000000330260000,PROCESS_ATTACH,000000000021FB00) - RETURN 1
009c:trace:module:process_attach (L"advapi32.dll",000000000021FB00) - END
009c:trace:module:LdrGetDllHandleEx flags 0x1, load_path 0000000000000000, dll_characteristics 0000000000000000, name 000000000021F830, base 000000000021F828.
009c:trace:module:LdrGetDllHandleEx L"ntdll.dll" -> 0000000170000000 (load path (null))
009c:trace:module:load_dll looking for L"C:\\windows\\system32\\wevtsvc.dll" in L"C:\\windows\\system32;C:\\windows\\system32;C:\\windows\\system;C:\\windows;.;C:\\windows\\system32;C:\\windows;C:\\windows\\system32\\wbem;C:\\windows\\system32\\WindowsPowershell\\v1.0"
009c:trace:module:get_load_order looking for L"C:\\windows\\system32\\wevtsvc.dll"
009c:trace:module:get_load_order got hardcoded default for L"wevtsvc.dll"
009c:trace:module:map_image_into_view mapping PE file L"\\??\\C:\\windows\\system32\\wevtsvc.dll" at 0x2eba70000-0x2eba7b000
009c:trace:module:map_image_into_view mapping L"\\??\\C:\\windows\\system32\\wevtsvc.dll" section .text at 0x2eba71000 off 1000 size 1000 virt e70 flags 60000020
009c:trace:module:map_image_into_view mapping L"\\??\\C:\\windows\\system32\\wevtsvc.dll" section .data at 0x2eba72000 off 2000 size 1000 virt 70 flags c0000040
009c:trace:module:map_image_into_view mapping L"\\??\\C:\\windows\\system32\\wevtsvc.dll" section .rodata at 0x2eba73000 off 3000 size 1000 virt 8 flags c0000040
009c:trace:module:map_image_into_view mapping L"\\??\\C:\\windows\\system32\\wevtsvc.dll" section .rdata at 0x2eba74000 off 4000 size 1000 virt 220 flags 40000040
009c:trace:module:map_image_into_view mapping L"\\??\\C:\\windows\\system32\\wevtsvc.dll" section .pdata at 0x2eba75000 off 5000 size 1000 virt b4 flags 40000040
009c:trace:module:map_image_into_view mapping L"\\??\\C:\\windows\\system32\\wevtsvc.dll" section .xdata at 0x2eba76000 off 6000 size 1000 virt b8 flags 40000040
009c:trace:module:map_image_into_view mapping L"\\??\\C:\\windows\\system32\\wevtsvc.dll" section .bss at 0x2eba77000 off 0 size 0 virt 160 flags c0000080
009c:trace:module:map_image_into_view mapping L"\\??\\C:\\windows\\system32\\wevtsvc.dll" section .edata at 0x2eba78000 off 7000 size 1000 virt 119 flags 40000040
009c:trace:module:map_image_into_view mapping L"\\??\\C:\\windows\\system32\\wevtsvc.dll" section .idata at 0x2eba79000 off 8000 size 1000 virt 454 flags c0000040
009c:trace:module:map_image_into_view mapping L"\\??\\C:\\windows\\system32\\wevtsvc.dll" section .reloc at 0x2eba7a000 off 9000 size 1000 virt 20 flags 42000040
009c:trace:module:load_dll looking for L"advapi32.dll" in L"C:\\windows\\system32;C:\\windows\\system32;C:\\windows\\system;C:\\windows;.;C:\\windows\\system32;C:\\windows;C:\\windows\\system32\\wbem;C:\\windows\\system32\\WindowsPowershell\\v1.0"
009c:trace:module:load_dll Found L"C:\\windows\\system32\\advapi32.dll" for L"advapi32.dll" at 0000000330260000, count=-1
009c:trace:module:import_dll is not hybrid module
009c:trace:module:load_dll looking for L"kernel32.dll" in L"C:\\windows\\system32;C:\\windows\\system32;C:\\windows\\system;C:\\windows;.;C:\\windows\\system32;C:\\windows;C:\\windows\\system32\\wbem;C:\\windows\\system32\\WindowsPowershell\\v1.0"
009c:trace:module:load_dll Found L"C:\\windows\\system32\\kernel32.dll" for L"kernel32.dll" at 000000007B600000, count=-1
009c:trace:module:import_dll is not hybrid module
009c:trace:module:load_dll looking for L"ntdll.dll" in L"C:\\windows\\system32;C:\\windows\\system32;C:\\windows\\system;C:\\windows;.;C:\\windows\\system32;C:\\windows;C:\\windows\\system32\\wbem;C:\\windows\\system32\\WindowsPowershell\\v1.0"
009c:trace:module:load_dll Found L"C:\\windows\\system32\\ntdll.dll" for L"ntdll.dll" at 0000000170000000, count=-1
009c:trace:module:import_dll is not hybrid module
009c:trace:module:load_dll looking for L"ucrtbase.dll" in L"C:\\windows\\system32;C:\\windows\\system32;C:\\windows\\system;C:\\windows;.;C:\\windows\\system32;C:\\windows;C:\\windows\\system32\\wbem;C:\\windows\\system32\\WindowsPowershell\\v1.0"
009c:trace:module:load_dll Found L"C:\\windows\\system32\\ucrtbase.dll" for L"ucrtbase.dll" at 00000003AF670000, count=-1
009c:trace:module:import_dll is not hybrid module
009c:trace:module:build_module loaded L"\\??\\C:\\windows\\system32\\wevtsvc.dll" 000000000033B7D0 00000002EBA70000
009c:trace:loaddll:build_module Loaded L"C:\\windows\\system32\\wevtsvc.dll" at 00000002EBA70000: builtin
009c:trace:module:load_dll Loaded module L"\\??\\C:\\windows\\system32\\wevtsvc.dll" at 00000002EBA70000
009c:trace:module:process_attach (L"wevtsvc.dll",0000000000000000) - START
009c:trace:module:MODULE_InitDLL (00000002EBA70000 L"wevtsvc.dll",PROCESS_ATTACH,0000000000000000) 00000002EBA712E0 - CALL
009c:trace:module:MODULE_InitDLL (00000002EBA70000,PROCESS_ATTACH,0000000000000000) - RETURN 1
009c:trace:module:process_attach (L"wevtsvc.dll",0000000000000000) - END
009c:trace:module:LdrGetDllHandleEx flags 0x1, load_path 0000000000000000, dll_characteristics 0000000000000000, name 000000000021F7B0, base 000000000021F7A8.
009c:trace:module:LdrGetDllHandleEx L"ntdll.dll" -> 0000000170000000 (load path (null))
009c:trace:module:LdrResolveDelayLoadedAPI (000000032A700000, 000000032A71BE70, 0000000000000000, 000000007B60C510, 000000032A72A620, 0x00000000)
009c:trace:module:load_dll looking for L"rpcrt4.dll" in (null)
009c:trace:module:get_load_order looking for L"C:\\windows\\system32\\rpcrt4.dll"
009c:trace:module:get_load_order got hardcoded default for L"rpcrt4.dll"
009c:trace:module:map_image_into_view mapping PE file L"\\??\\C:\\windows\\system32\\rpcrt4.dll" at 0x231ae0000-0x231b70000
009c:trace:module:map_image_into_view mapping L"\\??\\C:\\windows\\system32\\rpcrt4.dll" section .text at 0x231ae1000 off 1000 size 54000 virt 53970 flags 60000060
009c:trace:module:map_image_into_view mapping L"\\??\\C:\\windows\\system32\\rpcrt4.dll" section .data at 0x231b35000 off 55000 size 1000 virt 710 flags c0000040
009c:trace:module:map_image_into_view mapping L"\\??\\C:\\windows\\system32\\rpcrt4.dll" section .rodata at 0x231b36000 off 56000 size 2000 virt 1b44 flags c0000040
009c:trace:module:map_image_into_view mapping L"\\??\\C:\\windows\\system32\\rpcrt4.dll" section .rdata at 0x231b38000 off 58000 size 16000 virt 153f0 flags 40000040
009c:trace:module:map_image_into_view mapping L"\\??\\C:\\windows\\system32\\rpcrt4.dll" section .pdata at 0x231b4e000 off 6e000 size 3000 virt 22f8 flags 40000040
009c:trace:module:map_image_into_view mapping L"\\??\\C:\\windows\\system32\\rpcrt4.dll" section .xdata at 0x231b51000 off 71000 size 3000 virt 2934 flags 40000040
009c:trace:module:map_image_into_view mapping L"\\??\\C:\\windows\\system32\\rpcrt4.dll" section .bss at 0x231b54000 off 0 size 0 virt 690 flags c0000080
009c:trace:module:map_image_into_view mapping L"\\??\\C:\\windows\\system32\\rpcrt4.dll" section .edata at 0x231b55000 off 74000 size 17000 virt 16730 flags 40000040
009c:trace:module:map_image_into_view mapping L"\\??\\C:\\windows\\system32\\rpcrt4.dll" section .idata at 0x231b6c000 off 8b000 size 2000 virt 19ac flags c0000040
009c:trace:module:map_image_into_view mapping L"\\??\\C:\\windows\\system32\\rpcrt4.dll" section .rsrc at 0x231b6e000 off 8d000 size 1000 virt 3a8 flags 40000040
009c:trace:module:map_image_into_view mapping L"\\??\\C:\\windows\\system32\\rpcrt4.dll" section .reloc at 0x231b6f000 off 8e000 size 1000 virt 504 flags 42000040
009c:trace:module:load_dll looking for L"advapi32.dll" in (null)
009c:trace:module:load_dll Found L"C:\\windows\\system32\\advapi32.dll" for L"advapi32.dll" at 0000000330260000, count=-1
009c:trace:module:import_dll is not hybrid module
009c:trace:module:load_dll looking for L"kernel32.dll" in (null)
009c:trace:module:load_dll Found L"C:\\windows\\system32\\kernel32.dll" for L"kernel32.dll" at 000000007B600000, count=-1
009c:trace:module:import_dll is not hybrid module
009c:trace:module:load_dll looking for L"ntdll.dll" in (null)
009c:trace:module:load_dll Found L"C:\\windows\\system32\\ntdll.dll" for L"ntdll.dll" at 0000000170000000, count=-1
009c:trace:module:import_dll is not hybrid module
009c:trace:module:load_dll looking for L"ucrtbase.dll" in (null)
009c:trace:module:load_dll Found L"C:\\windows\\system32\\ucrtbase.dll" for L"ucrtbase.dll" at 00000003AF670000, count=-1
009c:trace:module:import_dll is not hybrid module
009c:trace:module:build_module loaded L"\\??\\C:\\windows\\system32\\rpcrt4.dll" 000000000033B590 0000000231AE0000
009c:trace:loaddll:build_module Loaded L"C:\\windows\\system32\\rpcrt4.dll" at 0000000231AE0000: builtin
009c:trace:module:load_dll Loaded module L"\\??\\C:\\windows\\system32\\rpcrt4.dll" at 0000000231AE0000
009c:trace:module:process_attach (L"rpcrt4.dll",0000000000000000) - START
009c:trace:module:MODULE_InitDLL (0000000231AE0000 L"rpcrt4.dll",PROCESS_ATTACH,0000000000000000) 0000000231B334D0 - CALL
009c:trace:module:MODULE_InitDLL (0000000231AE0000,PROCESS_ATTACH,0000000000000000) - RETURN 1
009c:trace:module:process_attach (L"rpcrt4.dll",0000000000000000) - END
009c:trace:module:LdrGetDllHandleEx flags 0x1, load_path 0000000000000000, dll_characteristics 0000000000000000, name 000000000021EC20, base 000000000021EC18.
009c:trace:module:LdrGetDllHandleEx L"ntdll.dll" -> 0000000170000000 (load path (null))
009c:trace:module:LdrResolveDelayLoadedAPI (000000032A700000, 000000032A71BE70, 0000000000000000, 000000007B60C510, 000000032A72A700, 0x00000000)
009c:trace:module:LdrGetDllHandleEx flags 0x1, load_path 0000000000000000, dll_characteristics 0000000000000000, name 000000000021EE30, base 000000000021EE28.
009c:trace:module:LdrGetDllHandleEx L"ntdll.dll" -> 0000000170000000 (load path (null))
009c:trace:module:LdrResolveDelayLoadedAPI (000000032A700000, 000000032A71BE70, 0000000000000000, 000000007B60C510, 000000032A72A6E8, 0x00000000)
009c:trace:module:LdrResolveDelayLoadedAPI (000000032A700000, 000000032A71BE70, 0000000000000000, 000000007B60C510, 000000032A72A710, 0x00000000)
009c:trace:module:LdrResolveDelayLoadedAPI (000000032A700000, 000000032A71BE70, 0000000000000000, 000000007B60C510, 000000032A72A6A0, 0x00000000)
009c:trace:module:LdrResolveDelayLoadedAPI (000000032A700000, 000000032A71BE70, 0000000000000000, 000000007B60C510, 000000032A72A680, 0x00000000)
00a0:trace:module:MODULE_InitDLL (00000001C8DB0000 L"msvcrt.dll",THREAD_ATTACH,0000000000000000) 00000001C8E3E9D0 - CALL
00a0:trace:module:MODULE_InitDLL (00000001C8DB0000,THREAD_ATTACH,0000000000000000) - RETURN 1
00a0:trace:module:MODULE_InitDLL (00000003AF670000 L"ucrtbase.dll",THREAD_ATTACH,0000000000000000) 00000003AF71AC10 - CALL
00a0:trace:module:MODULE_InitDLL (00000003AF670000,THREAD_ATTACH,0000000000000000) - RETURN 1
00a0:trace:module:MODULE_InitDLL (0000000231AE0000 L"rpcrt4.dll",THREAD_ATTACH,0000000000000000) 0000000231B334D0 - CALL
00a0:trace:module:MODULE_InitDLL (0000000231AE0000,THREAD_ATTACH,0000000000000000) - RETURN 1
009c:trace:module:LdrResolveDelayLoadedAPI (000000032A700000, 000000032A71BE70, 0000000000000000, 000000007B60C510, 000000032A72A6A8, 0x00000000)
009c:trace:module:LdrResolveDelayLoadedAPI (000000032A700000, 000000032A71BE70, 0000000000000000, 000000007B60C510, 000000032A72A6B8, 0x00000000)
009c:trace:module:LdrResolveDelayLoadedAPI (000000032A700000, 000000032A71BE70, 0000000000000000, 000000007B60C510, 000000032A72A618, 0x00000000)
009c:trace:module:LdrResolveDelayLoadedAPI (000000032A700000, 000000032A71BE70, 0000000000000000, 000000007B60C510, 000000032A72A678, 0x00000000)
009c:trace:module:LdrResolveDelayLoadedAPI (000000032A700000, 000000032A71BE70, 0000000000000000, 000000007B60C510, 000000032A72A6D8, 0x00000000)
00a4:trace:module:MODULE_InitDLL (00000001C8DB0000 L"msvcrt.dll",THREAD_ATTACH,0000000000000000) 00000001C8E3E9D0 - CALL
00a4:trace:module:MODULE_InitDLL (00000001C8DB0000,THREAD_ATTACH,0000000000000000) - RETURN 1
00a4:trace:module:MODULE_InitDLL (00000003AF670000 L"ucrtbase.dll",THREAD_ATTACH,0000000000000000) 00000003AF71AC10 - CALL
00a4:trace:module:MODULE_InitDLL (00000003AF670000,THREAD_ATTACH,0000000000000000) - RETURN 1
00a4:trace:module:MODULE_InitDLL (0000000231AE0000 L"rpcrt4.dll",THREAD_ATTACH,0000000000000000) 0000000231B334D0 - CALL
00a4:trace:module:MODULE_InitDLL (0000000231AE0000,THREAD_ATTACH,0000000000000000) - RETURN 1
00a4:trace:module:LdrResolveDelayLoadedAPI (000000032A700000, 000000032A71BE70, 0000000000000000, 000000007B60C510, 000000032A72A608, 0x00000000)
00a4:trace:module:LdrResolveDelayLoadedAPI (000000032A700000, 000000032A71BE70, 0000000000000000, 000000007B60C510, 000000032A72A658, 0x00000000)
00a4:trace:module:LdrResolveDelayLoadedAPI (000000032A700000, 000000032A71BE70, 0000000000000000, 000000007B60C510, 000000032A72A610, 0x00000000)
00a4:trace:module:LdrResolveDelayLoadedAPI (000000032A700000, 000000032A71BE70, 0000000000000000, 000000007B60C510, 000000032A72A660, 0x00000000)
00a8:trace:module:MODULE_InitDLL (00000001C8DB0000 L"msvcrt.dll",THREAD_ATTACH,0000000000000000) 00000001C8E3E9D0 - CALL
00a8:trace:module:MODULE_InitDLL (00000001C8DB0000,THREAD_ATTACH,0000000000000000) - RETURN 1
00a8:trace:module:MODULE_InitDLL (00000003AF670000 L"ucrtbase.dll",THREAD_ATTACH,0000000000000000) 00000003AF71AC10 - CALL
00a8:trace:module:MODULE_InitDLL (00000003AF670000,THREAD_ATTACH,0000000000000000) - RETURN 1
00a8:trace:module:MODULE_InitDLL (0000000231AE0000 L"rpcrt4.dll",THREAD_ATTACH,0000000000000000) 0000000231B334D0 - CALL
00a8:trace:module:MODULE_InitDLL (0000000231AE0000,THREAD_ATTACH,0000000000000000) - RETURN 1
00a8:trace:module:LdrGetDllHandleEx flags 0x1, load_path 0000000000000000, dll_characteristics 0000000000000000, name 00000000010BF860, base 00000000010BF858.
00a8:trace:module:LdrGetDllHandleEx L"ntdll.dll" -> 0000000170000000 (load path (null))
00a8:trace:module:LdrResolveDelayLoadedAPI (000000032A700000, 000000032A71BE70, 0000000000000000, 000000007B60C510, 000000032A72A6C0, 0x00000000)
0034:trace:module:GetBinaryTypeW L"C:\\windows\\system32\\drivers\\nsiproxy.sys"
004c:trace:module:load_dll looking for L"C:\\windows\\system32\\drivers\\nsiproxy.sys" in L"C:\\windows\\system32\\drivers;C:\\windows\\system32;C:\\windows\\system32\\drivers;C:\\windows\\system32\\"
004c:trace:module:get_load_order looking for L"C:\\windows\\system32\\drivers\\nsiproxy.sys"
004c:trace:module:get_load_order got hardcoded default for L"C:\\windows\\system32\\drivers\\nsiproxy.sys"
004c:trace:module:map_image_into_view mapping PE file L"\\??\\C:\\windows\\system32\\drivers\\nsiproxy.sys" at 0x229880000-0x22988b000
004c:trace:module:map_image_into_view mapping L"\\??\\C:\\windows\\system32\\drivers\\nsiproxy.sys" section .text at 0x229881000 off 1000 size 2000 virt 1af0 flags 60000020
004c:trace:module:map_image_into_view mapping L"\\??\\C:\\windows\\system32\\drivers\\nsiproxy.sys" section .data at 0x229883000 off 3000 size 1000 virt d0 flags c0000040
004c:trace:module:map_image_into_view mapping L"\\??\\C:\\windows\\system32\\drivers\\nsiproxy.sys" section .rdata at 0x229884000 off 4000 size 1000 virt 3c0 flags 40000040
004c:trace:module:map_image_into_view mapping L"\\??\\C:\\windows\\system32\\drivers\\nsiproxy.sys" section .pdata at 0x229885000 off 5000 size 1000 virt fc flags 40000040
004c:trace:module:map_image_into_view mapping L"\\??\\C:\\windows\\system32\\drivers\\nsiproxy.sys" section .xdata at 0x229886000 off 6000 size 1000 virt 12c flags 40000040
004c:trace:module:map_image_into_view mapping L"\\??\\C:\\windows\\system32\\drivers\\nsiproxy.sys" section .bss at 0x229887000 off 0 size 0 virt 170 flags c0000080
004c:trace:module:map_image_into_view mapping L"\\??\\C:\\windows\\system32\\drivers\\nsiproxy.sys" section .edata at 0x229888000 off 7000 size 1000 virt 11d flags 40000040
004c:trace:module:map_image_into_view mapping L"\\??\\C:\\windows\\system32\\drivers\\nsiproxy.sys" section .idata at 0x229889000 off 8000 size 1000 virt 5bc flags c0000040
004c:trace:module:map_image_into_view mapping L"\\??\\C:\\windows\\system32\\drivers\\nsiproxy.sys" section .reloc at 0x22988a000 off 9000 size 1000 virt 28 flags 42000040
004c:trace:module:load_dll looking for L"kernel32.dll" in L"C:\\windows\\system32\\drivers;C:\\windows\\system32;C:\\windows\\system32\\drivers;C:\\windows\\system32\\"
004c:trace:module:load_dll Found L"C:\\windows\\system32\\kernel32.dll" for L"kernel32.dll" at 000000007B600000, count=-1
004c:trace:module:import_dll is not hybrid module
004c:trace:module:load_dll looking for L"ntdll.dll" in L"C:\\windows\\system32\\drivers;C:\\windows\\system32;C:\\windows\\system32\\drivers;C:\\windows\\system32\\"
004c:trace:module:load_dll Found L"C:\\windows\\system32\\ntdll.dll" for L"ntdll.dll" at 0000000170000000, count=-1
004c:trace:module:import_dll is not hybrid module
004c:trace:module:load_dll looking for L"ntoskrnl.exe" in L"C:\\windows\\system32\\drivers;C:\\windows\\system32;C:\\windows\\system32\\drivers;C:\\windows\\system32\\"
004c:trace:module:load_dll Found L"C:\\windows\\system32\\ntoskrnl.exe" for L"ntoskrnl.exe" at 00000002279A0000, count=-1
004c:trace:module:import_dll is not hybrid module
004c:trace:module:load_dll looking for L"ucrtbase.dll" in L"C:\\windows\\system32\\drivers;C:\\windows\\system32;C:\\windows\\system32\\drivers;C:\\windows\\system32\\"
004c:trace:module:load_dll Found L"C:\\windows\\system32\\ucrtbase.dll" for L"ucrtbase.dll" at 00000003AF670000, count=-1
004c:trace:module:import_dll is not hybrid module
004c:trace:module:build_module loaded L"\\??\\C:\\windows\\system32\\drivers\\nsiproxy.sys" 0000000000355930 0000000229880000
004c:trace:loaddll:build_module Loaded L"C:\\windows\\system32\\drivers\\nsiproxy.sys" at 0000000229880000: builtin
004c:trace:module:load_dll Loaded module L"\\??\\C:\\windows\\system32\\drivers\\nsiproxy.sys" at 0000000229880000
004c:trace:module:process_attach (L"nsiproxy.sys",0000000000000000) - START
004c:trace:module:process_attach (L"nsiproxy.sys",0000000000000000) - END
004c:trace:module:LdrGetDllHandleEx flags 0x1, load_path 0000000000000000, dll_characteristics 0000000000000000, name 0000000000ECF660, base 0000000000ECF658.
004c:trace:module:LdrGetDllHandleEx L"ntdll.dll" -> 0000000170000000 (load path (null))
004c:trace:module:LdrGetDllHandleEx flags 0x1, load_path 0000000000000000, dll_characteristics 0000000000000000, name 0000000000ECF370, base 0000000000ECF368.
004c:trace:module:LdrGetDllHandleEx L"ntdll.dll" -> 0000000170000000 (load path (null))
00ac:trace:module:MODULE_InitDLL (00000001C8DB0000 L"msvcrt.dll",THREAD_ATTACH,0000000000000000) 00000001C8E3E9D0 - CALL
00ac:trace:module:MODULE_InitDLL (00000001C8DB0000,THREAD_ATTACH,0000000000000000) - RETURN 1
00ac:trace:module:MODULE_InitDLL (00000003AF670000 L"ucrtbase.dll",THREAD_ATTACH,0000000000000000) 00000003AF71AC10 - CALL
00ac:trace:module:MODULE_InitDLL (00000003AF670000,THREAD_ATTACH,0000000000000000) - RETURN 1
00ac:trace:module:MODULE_InitDLL (0000000231AE0000 L"rpcrt4.dll",THREAD_ATTACH,0000000000000000) 0000000231B334D0 - CALL
00ac:trace:module:MODULE_InitDLL (0000000231AE0000,THREAD_ATTACH,0000000000000000) - RETURN 1
0034:trace:module:GetBinaryTypeW L"C:\\windows\\system32\\drivers\\ndis.sys"
004c:trace:module:load_dll looking for L"C:\\windows\\system32\\drivers\\ndis.sys" in L"C:\\windows\\system32\\drivers;C:\\windows\\system32;C:\\windows\\system32\\drivers;C:\\windows\\system32\\"
004c:trace:module:get_load_order looking for L"C:\\windows\\system32\\drivers\\ndis.sys"
004c:trace:module:get_load_order got hardcoded default for L"C:\\windows\\system32\\drivers\\ndis.sys"
004c:trace:module:map_image_into_view mapping PE file L"\\??\\C:\\windows\\system32\\drivers\\ndis.sys" at 0x1dc4b0000-0x1dc4c4000
004c:trace:module:map_image_into_view mapping L"\\??\\C:\\windows\\system32\\drivers\\ndis.sys" section .text at 0x1dc4b1000 off 1000 size 4000 virt 3120 flags 60000020
004c:trace:module:map_image_into_view mapping L"\\??\\C:\\windows\\system32\\drivers\\ndis.sys" section .data at 0x1dc4b5000 off 5000 size 1000 virt 70 flags c0000040
004c:trace:module:map_image_into_view mapping L"\\??\\C:\\windows\\system32\\drivers\\ndis.sys" section .rodata at 0x1dc4b6000 off 6000 size 2000 virt 1d98 flags c0000040
004c:trace:module:map_image_into_view mapping L"\\??\\C:\\windows\\system32\\drivers\\ndis.sys" section .rdata at 0x1dc4b8000 off 8000 size 1000 virt 440 flags 40000040
004c:trace:module:map_image_into_view mapping L"\\??\\C:\\windows\\system32\\drivers\\ndis.sys" section .pdata at 0x1dc4b9000 off 9000 size 1000 virt 108 flags 40000040
004c:trace:module:map_image_into_view mapping L"\\??\\C:\\windows\\system32\\drivers\\ndis.sys" section .xdata at 0x1dc4ba000 off a000 size 1000 virt 118 flags 40000040
004c:trace:module:map_image_into_view mapping L"\\??\\C:\\windows\\system32\\drivers\\ndis.sys" section .bss at 0x1dc4bb000 off 0 size 0 virt 140 flags c0000080
004c:trace:module:map_image_into_view mapping L"\\??\\C:\\windows\\system32\\drivers\\ndis.sys" section .edata at 0x1dc4bc000 off b000 size 6000 virt 56b2 flags 40000040
004c:trace:module:map_image_into_view mapping L"\\??\\C:\\windows\\system32\\drivers\\ndis.sys" section .idata at 0x1dc4c2000 off 11000 size 1000 virt 5d0 flags c0000040
004c:trace:module:map_image_into_view mapping L"\\??\\C:\\windows\\system32\\drivers\\ndis.sys" section .reloc at 0x1dc4c3000 off 12000 size 1000 virt 20 flags 42000040
004c:trace:module:load_dll looking for L"advapi32.dll" in L"C:\\windows\\system32\\drivers;C:\\windows\\system32;C:\\windows\\system32\\drivers;C:\\windows\\system32\\"
004c:trace:module:load_dll Found L"C:\\windows\\system32\\advapi32.dll" for L"advapi32.dll" at 0000000330260000, count=-1
004c:trace:module:import_dll is not hybrid module
004c:trace:module:load_dll looking for L"iphlpapi.dll" in L"C:\\windows\\system32\\drivers;C:\\windows\\system32;C:\\windows\\system32\\drivers;C:\\windows\\system32\\"
004c:trace:module:get_load_order looking for L"C:\\windows\\system32\\iphlpapi.dll"
004c:trace:module:get_load_order got hardcoded default for L"iphlpapi.dll"
004c:trace:module:map_image_into_view mapping PE file L"\\??\\C:\\windows\\system32\\iphlpapi.dll" at 0x240030000-0x240064000
004c:trace:module:map_image_into_view mapping L"\\??\\C:\\windows\\system32\\iphlpapi.dll" section .text at 0x240031000 off 1000 size 14000 virt 13940 flags 60000020
004c:trace:module:map_image_into_view mapping L"\\??\\C:\\windows\\system32\\iphlpapi.dll" section .data at 0x240045000 off 15000 size 1000 virt 70 flags c0000040
004c:trace:module:map_image_into_view mapping L"\\??\\C:\\windows\\system32\\iphlpapi.dll" section .rodata at 0x240046000 off 16000 size 1000 virt 854 flags c0000040
004c:trace:module:map_image_into_view mapping L"\\??\\C:\\windows\\system32\\iphlpapi.dll" section .rdata at 0x240047000 off 17000 size 8000 virt 77f0 flags 40000040
004c:trace:module:map_image_into_view mapping L"\\??\\C:\\windows\\system32\\iphlpapi.dll" section .pdata at 0x24004f000 off 1f000 size 1000 virt 6d8 flags 40000040
004c:trace:module:map_image_into_view mapping L"\\??\\C:\\windows\\system32\\iphlpapi.dll" section .xdata at 0x240050000 off 20000 size 1000 virt 84c flags 40000040
004c:trace:module:map_image_into_view mapping L"\\??\\C:\\windows\\system32\\iphlpapi.dll" section .bss at 0x240051000 off 0 size 0 virt 160 flags c0000080
004c:trace:module:map_image_into_view mapping L"\\??\\C:\\windows\\system32\\iphlpapi.dll" section .edata at 0x240052000 off 21000 size f000 virt ec66 flags 40000040
004c:trace:module:map_image_into_view mapping L"\\??\\C:\\windows\\system32\\iphlpapi.dll" section .idata at 0x240061000 off 30000 size 1000 virt 99c flags c0000040
004c:trace:module:map_image_into_view mapping L"\\??\\C:\\windows\\system32\\iphlpapi.dll" section .rsrc at 0x240062000 off 31000 size 1000 virt 3b0 flags 40000040
004c:trace:module:map_image_into_view mapping L"\\??\\C:\\windows\\system32\\iphlpapi.dll" section .reloc at 0x240063000 off 32000 size 1000 virt 4c flags 42000040
004c:trace:module:load_dll looking for L"advapi32.dll" in L"C:\\windows\\system32\\drivers;C:\\windows\\system32;C:\\windows\\system32\\drivers;C:\\windows\\system32\\"
004c:trace:module:load_dll Found L"C:\\windows\\system32\\advapi32.dll" for L"advapi32.dll" at 0000000330260000, count=-1
004c:trace:module:import_dll is not hybrid module
004c:trace:module:load_dll looking for L"dnsapi.dll" in L"C:\\windows\\system32\\drivers;C:\\windows\\system32;C:\\windows\\system32\\drivers;C:\\windows\\system32\\"
004c:trace:module:get_load_order looking for L"C:\\windows\\system32\\dnsapi.dll"
004c:trace:module:get_load_order got hardcoded default for L"dnsapi.dll"
004c:trace:module:map_image_into_view mapping PE file L"\\??\\C:\\windows\\system32\\dnsapi.dll" at 0x29cfc0000-0x29cfd6000
004c:trace:module:map_image_into_view mapping L"\\??\\C:\\windows\\system32\\dnsapi.dll" section .text at 0x29cfc1000 off 1000 size 8000 virt 7d60 flags 60000060
004c:trace:module:map_image_into_view mapping L"\\??\\C:\\windows\\system32\\dnsapi.dll" section .data at 0x29cfc9000 off 9000 size 1000 virt b0 flags c0000040
004c:trace:module:map_image_into_view mapping L"\\??\\C:\\windows\\system32\\dnsapi.dll" section .rodata at 0x29cfca000 off a000 size 1000 virt b48 flags c0000040
004c:trace:module:map_image_into_view mapping L"\\??\\C:\\windows\\system32\\dnsapi.dll" section .rdata at 0x29cfcb000 off b000 size 2000 virt 1360 flags 40000040
004c:trace:module:map_image_into_view mapping L"\\??\\C:\\windows\\system32\\dnsapi.dll" section .pdata at 0x29cfcd000 off d000 size 1000 virt 36c flags 40000040
004c:trace:module:map_image_into_view mapping L"\\??\\C:\\windows\\system32\\dnsapi.dll" section .xdata at 0x29cfce000 off e000 size 1000 virt 3f0 flags 40000040
004c:trace:module:map_image_into_view mapping L"\\??\\C:\\windows\\system32\\dnsapi.dll" section .bss at 0x29cfcf000 off 0 size 0 virt 170 flags c0000080
004c:trace:module:map_image_into_view mapping L"\\??\\C:\\windows\\system32\\dnsapi.dll" section .edata at 0x29cfd0000 off f000 size 3000 virt 2898 flags 40000040
004c:trace:module:map_image_into_view mapping L"\\??\\C:\\windows\\system32\\dnsapi.dll" section .idata at 0x29cfd3000 off 12000 size 1000 virt 638 flags c0000040
004c:trace:module:map_image_into_view mapping L"\\??\\C:\\windows\\system32\\dnsapi.dll" section .rsrc at 0x29cfd4000 off 13000 size 1000 virt 398 flags 40000040
004c:trace:module:map_image_into_view mapping L"\\??\\C:\\windows\\system32\\dnsapi.dll" section .reloc at 0x29cfd5000 off 14000 size 1000 virt 30 flags 42000040
004c:trace:module:load_dll looking for L"kernel32.dll" in L"C:\\windows\\system32\\drivers;C:\\windows\\system32;C:\\windows\\system32\\drivers;C:\\windows\\system32\\"
004c:trace:module:load_dll Found L"C:\\windows\\system32\\kernel32.dll" for L"kernel32.dll" at 000000007B600000, count=-1
004c:trace:module:import_dll is not hybrid module
004c:trace:module:load_dll looking for L"ntdll.dll" in L"C:\\windows\\system32\\drivers;C:\\windows\\system32;C:\\windows\\system32\\drivers;C:\\windows\\system32\\"
004c:trace:module:load_dll Found L"C:\\windows\\system32\\ntdll.dll" for L"ntdll.dll" at 0000000170000000, count=-1
004c:trace:module:import_dll is not hybrid module
004c:trace:module:load_dll looking for L"ucrtbase.dll" in L"C:\\windows\\system32\\drivers;C:\\windows\\system32;C:\\windows\\system32\\drivers;C:\\windows\\system32\\"
004c:trace:module:load_dll Found L"C:\\windows\\system32\\ucrtbase.dll" for L"ucrtbase.dll" at 00000003AF670000, count=-1
004c:trace:module:import_dll is not hybrid module
004c:trace:module:build_module loaded L"\\??\\C:\\windows\\system32\\dnsapi.dll" 0000000000358960 000000029CFC0000
004c:trace:loaddll:build_module Loaded L"C:\\windows\\system32\\dnsapi.dll" at 000000029CFC0000: builtin
004c:trace:module:load_dll Loaded module L"\\??\\C:\\windows\\system32\\dnsapi.dll" at 000000029CFC0000
004c:trace:module:import_dll is not hybrid module
004c:trace:module:load_dll looking for L"kernel32.dll" in L"C:\\windows\\system32\\drivers;C:\\windows\\system32;C:\\windows\\system32\\drivers;C:\\windows\\system32\\"
004c:trace:module:load_dll Found L"C:\\windows\\system32\\kernel32.dll" for L"kernel32.dll" at 000000007B600000, count=-1
004c:trace:module:import_dll is not hybrid module
004c:trace:module:load_dll looking for L"nsi.dll" in L"C:\\windows\\system32\\drivers;C:\\windows\\system32;C:\\windows\\system32\\drivers;C:\\windows\\system32\\"
004c:trace:module:get_load_order looking for L"C:\\windows\\system32\\nsi.dll"
004c:trace:module:get_load_order got hardcoded default for L"nsi.dll"
004c:trace:module:map_image_into_view mapping PE file L"\\??\\C:\\windows\\system32\\nsi.dll" at 0x28dfa0000-0x28dfad000
004c:trace:module:map_image_into_view mapping L"\\??\\C:\\windows\\system32\\nsi.dll" section .text at 0x28dfa1000 off 1000 size 3000 virt 2820 flags 60000020
004c:trace:module:map_image_into_view mapping L"\\??\\C:\\windows\\system32\\nsi.dll" section .data at 0x28dfa4000 off 4000 size 1000 virt 70 flags c0000040
004c:trace:module:map_image_into_view mapping L"\\??\\C:\\windows\\system32\\nsi.dll" section .rodata at 0x28dfa5000 off 5000 size 1000 virt 29c flags c0000040
004c:trace:module:map_image_into_view mapping L"\\??\\C:\\windows\\system32\\nsi.dll" section .rdata at 0x28dfa6000 off 6000 size 1000 virt 2e0 flags 40000040
004c:trace:module:map_image_into_view mapping L"\\??\\C:\\windows\\system32\\nsi.dll" section .pdata at 0x28dfa7000 off 7000 size 1000 virt 108 flags 40000040
004c:trace:module:map_image_into_view mapping L"\\??\\C:\\windows\\system32\\nsi.dll" section .xdata at 0x28dfa8000 off 8000 size 1000 virt 17c flags 40000040
004c:trace:module:map_image_into_view mapping L"\\??\\C:\\windows\\system32\\nsi.dll" section .bss at 0x28dfa9000 off 0 size 0 virt 140 flags c0000080
004c:trace:module:map_image_into_view mapping L"\\??\\C:\\windows\\system32\\nsi.dll" section .edata at 0x28dfaa000 off 9000 size 1000 virt 98a flags 40000040
004c:trace:module:map_image_into_view mapping L"\\??\\C:\\windows\\system32\\nsi.dll" section .idata at 0x28dfab000 off a000 size 1000 virt 400 flags c0000040
004c:trace:module:map_image_into_view mapping L"\\??\\C:\\windows\\system32\\nsi.dll" section .reloc at 0x28dfac000 off b000 size 1000 virt 20 flags 42000040
004c:trace:module:load_dll looking for L"kernel32.dll" in L"C:\\windows\\system32\\drivers;C:\\windows\\system32;C:\\windows\\system32\\drivers;C:\\windows\\system32\\"
004c:trace:module:load_dll Found L"C:\\windows\\system32\\kernel32.dll" for L"kernel32.dll" at 000000007B600000, count=-1
004c:trace:module:import_dll is not hybrid module
004c:trace:module:load_dll looking for L"ntdll.dll" in L"C:\\windows\\system32\\drivers;C:\\windows\\system32;C:\\windows\\system32\\drivers;C:\\windows\\system32\\"
004c:trace:module:load_dll Found L"C:\\windows\\system32\\ntdll.dll" for L"ntdll.dll" at 0000000170000000, count=-1
004c:trace:module:import_dll is not hybrid module
004c:trace:module:load_dll looking for L"ucrtbase.dll" in L"C:\\windows\\system32\\drivers;C:\\windows\\system32;C:\\windows\\system32\\drivers;C:\\windows\\system32\\"
004c:trace:module:load_dll Found L"C:\\windows\\system32\\ucrtbase.dll" for L"ucrtbase.dll" at 00000003AF670000, count=-1
004c:trace:module:import_dll is not hybrid module
004c:trace:module:build_module loaded L"\\??\\C:\\windows\\system32\\nsi.dll" 0000000000358AC0 000000028DFA0000
004c:trace:loaddll:build_module Loaded L"C:\\windows\\system32\\nsi.dll" at 000000028DFA0000: builtin
004c:trace:module:load_dll Loaded module L"\\??\\C:\\windows\\system32\\nsi.dll" at 000000028DFA0000
004c:trace:module:import_dll is not hybrid module
004c:trace:module:load_dll looking for L"ntdll.dll" in L"C:\\windows\\system32\\drivers;C:\\windows\\system32;C:\\windows\\system32\\drivers;C:\\windows\\system32\\"
004c:trace:module:load_dll Found L"C:\\windows\\system32\\ntdll.dll" for L"ntdll.dll" at 0000000170000000, count=-1
004c:trace:module:import_dll is not hybrid module
004c:trace:module:load_dll looking for L"ucrtbase.dll" in L"C:\\windows\\system32\\drivers;C:\\windows\\system32;C:\\windows\\system32\\drivers;C:\\windows\\system32\\"
004c:trace:module:load_dll Found L"C:\\windows\\system32\\ucrtbase.dll" for L"ucrtbase.dll" at 00000003AF670000, count=-1
004c:trace:module:import_dll is not hybrid module
004c:trace:module:build_module loaded L"\\??\\C:\\windows\\system32\\iphlpapi.dll" 0000000000358690 0000000240030000
004c:trace:loaddll:build_module Loaded L"C:\\windows\\system32\\iphlpapi.dll" at 0000000240030000: builtin
004c:trace:module:load_dll Loaded module L"\\??\\C:\\windows\\system32\\iphlpapi.dll" at 0000000240030000
004c:trace:module:import_dll is not hybrid module
004c:trace:module:load_dll looking for L"kernel32.dll" in L"C:\\windows\\system32\\drivers;C:\\windows\\system32;C:\\windows\\system32\\drivers;C:\\windows\\system32\\"
004c:trace:module:load_dll Found L"C:\\windows\\system32\\kernel32.dll" for L"kernel32.dll" at 000000007B600000, count=-1
004c:trace:module:import_dll is not hybrid module
004c:trace:module:load_dll looking for L"ntdll.dll" in L"C:\\windows\\system32\\drivers;C:\\windows\\system32;C:\\windows\\system32\\drivers;C:\\windows\\system32\\"
004c:trace:module:load_dll Found L"C:\\windows\\system32\\ntdll.dll" for L"ntdll.dll" at 0000000170000000, count=-1
004c:trace:module:import_dll is not hybrid module
004c:trace:module:load_dll looking for L"ntoskrnl.exe" in L"C:\\windows\\system32\\drivers;C:\\windows\\system32;C:\\windows\\system32\\drivers;C:\\windows\\system32\\"
004c:trace:module:load_dll Found L"C:\\windows\\system32\\ntoskrnl.exe" for L"ntoskrnl.exe" at 00000002279A0000, count=-1
004c:trace:module:import_dll is not hybrid module
004c:trace:module:load_dll looking for L"ucrtbase.dll" in L"C:\\windows\\system32\\drivers;C:\\windows\\system32;C:\\windows\\system32\\drivers;C:\\windows\\system32\\"
004c:trace:module:load_dll Found L"C:\\windows\\system32\\ucrtbase.dll" for L"ucrtbase.dll" at 00000003AF670000, count=-1
004c:trace:module:import_dll is not hybrid module
004c:trace:module:build_module loaded L"\\??\\C:\\windows\\system32\\drivers\\ndis.sys" 0000000000358340 00000001DC4B0000
004c:trace:loaddll:build_module Loaded L"C:\\windows\\system32\\drivers\\ndis.sys" at 00000001DC4B0000: builtin
004c:trace:module:load_dll Loaded module L"\\??\\C:\\windows\\system32\\drivers\\ndis.sys" at 00000001DC4B0000
004c:trace:module:process_attach (L"ndis.sys",0000000000000000) - START
004c:trace:module:process_attach (L"iphlpapi.dll",0000000000000000) - START
004c:trace:module:process_attach (L"dnsapi.dll",0000000000000000) - START
004c:trace:module:MODULE_InitDLL (000000029CFC0000 L"dnsapi.dll",PROCESS_ATTACH,0000000000000000) 000000029CFC8040 - CALL
004c:trace:module:LdrGetDllHandleEx flags 0x1, load_path 0000000000000000, dll_characteristics 0000000000000000, name 0000000000ECE820, base 0000000000ECE818.
004c:trace:module:LdrGetDllHandleEx L"ntdll.dll" -> 0000000170000000 (load path (null))
004c:trace:module:MODULE_InitDLL (000000029CFC0000,PROCESS_ATTACH,0000000000000000) - RETURN 1
004c:trace:module:process_attach (L"dnsapi.dll",0000000000000000) - END
004c:trace:module:process_attach (L"nsi.dll",0000000000000000) - START
004c:trace:module:MODULE_InitDLL (000000028DFA0000 L"nsi.dll",PROCESS_ATTACH,0000000000000000) 000000028DFA2C30 - CALL
004c:trace:module:MODULE_InitDLL (000000028DFA0000,PROCESS_ATTACH,0000000000000000) - RETURN 1
004c:trace:module:process_attach (L"nsi.dll",0000000000000000) - END
004c:trace:module:MODULE_InitDLL (0000000240030000 L"iphlpapi.dll",PROCESS_ATTACH,0000000000000000) 0000000240043C60 - CALL
004c:trace:module:MODULE_InitDLL (0000000240030000,PROCESS_ATTACH,0000000000000000) - RETURN 1
004c:trace:module:process_attach (L"iphlpapi.dll",0000000000000000) - END
004c:trace:module:process_attach (L"ndis.sys",0000000000000000) - END
004c:trace:module:LdrGetDllHandleEx flags 0x1, load_path 0000000000000000, dll_characteristics 0000000000000000, name 0000000000ECF6C0, base 0000000000ECF6B8.
004c:trace:module:LdrGetDllHandleEx L"ntdll.dll" -> 0000000170000000 (load path (null))
004c:trace:module:LdrGetDllHandleEx flags 0x1, load_path 0000000000000000, dll_characteristics 0000000000000000, name 0000000000ECF3D0, base 0000000000ECF3C8.
004c:trace:module:LdrGetDllHandleEx L"ntdll.dll" -> 0000000170000000 (load path (null))
004c:trace:module:LdrGetDllHandleEx flags 0x1, load_path 0000000000000000, dll_characteristics 0000000000000000, name 0000000000ECF100, base 0000000000ECF0F8.
004c:trace:module:LdrGetDllHandleEx L"ntdll.dll" -> 0000000170000000 (load path (null))
004c:trace:module:LdrGetDllHandleEx flags 0x1, load_path 0000000000000000, dll_characteristics 0000000000000000, name 0000000000ECEE30, base 0000000000ECEE28.
004c:trace:module:LdrGetDllHandleEx L"ntdll.dll" -> 0000000170000000 (load path (null))
0050:trace:module:LdrGetDllHandleEx flags 0x1, load_path 0000000000000000, dll_characteristics 0000000000000000, name 00000000011CF5D0, base 00000000011CF5C8.
0050:trace:module:LdrGetDllHandleEx L"ntdll.dll" -> 0000000170000000 (load path (null))
002c:trace:module:LdrResolveDelayLoadedAPI (0000000140000000, 00000001400055C0, 0000000000000000, 000000007B60C510, 00000001400158D8, 0x00000000)
002c:trace:module:load_dll looking for L"shell32.dll" in (null)
002c:trace:module:get_load_order looking for L"C:\\windows\\system32\\shell32.dll"
002c:trace:module:get_load_order got hardcoded default for L"shell32.dll"
002c:trace:module:map_image_into_view mapping PE file L"\\??\\C:\\windows\\system32\\shell32.dll" at 0x1c69e0000-0x1c732b000
002c:trace:module:map_image_into_view mapping L"\\??\\C:\\windows\\system32\\shell32.dll" section .text at 0x1c69e1000 off 1000 size b4000 virt b32f0 flags 60000060
002c:trace:module:map_image_into_view mapping L"\\??\\C:\\windows\\system32\\shell32.dll" section .data at 0x1c6a95000 off b5000 size 2000 virt 13e0 flags c0000040
002c:trace:module:map_image_into_view mapping L"\\??\\C:\\windows\\system32\\shell32.dll" section .rodata at 0x1c6a97000 off b7000 size 2000 virt 18ec flags c0000040
002c:trace:module:map_image_into_view mapping L"\\??\\C:\\windows\\system32\\shell32.dll" section .rdata at 0x1c6a99000 off b9000 size 2a000 virt 29cf0 flags 40000040
002c:trace:module:map_image_into_view mapping L"\\??\\C:\\windows\\system32\\shell32.dll" section .pdata at 0x1c6ac3000 off e3000 size 6000 virt 57fc flags 40000040
002c:trace:module:map_image_into_view mapping L"\\??\\C:\\windows\\system32\\shell32.dll" section .xdata at 0x1c6ac9000 off e9000 size 7000 virt 6178 flags 40000040
002c:trace:module:map_image_into_view mapping L"\\??\\C:\\windows\\system32\\shell32.dll" section .bss at 0x1c6ad0000 off 0 size 0 virt 570 flags c0000080
002c:trace:module:map_image_into_view mapping L"\\??\\C:\\windows\\system32\\shell32.dll" section .edata at 0x1c6ad1000 off f0000 size 15000 virt 14070 flags 40000040
002c:trace:module:map_image_into_view mapping L"\\??\\C:\\windows\\system32\\shell32.dll" section .idata at 0x1c6ae6000 off 105000 size 5000 virt 4aa0 flags c0000040
002c:trace:module:map_image_into_view mapping L"\\??\\C:\\windows\\system32\\shell32.dll" section .rsrc at 0x1c6aeb000 off 10a000 size 83e000 virt 83d918 flags 40000040
002c:trace:module:map_image_into_view mapping L"\\??\\C:\\windows\\system32\\shell32.dll" section .reloc at 0x1c7329000 off 948000 size 2000 virt 12a4 flags 42000040
002c:trace:module:load_dll looking for L"advapi32.dll" in (null)
002c:trace:module:load_dll Found L"C:\\windows\\system32\\advapi32.dll" for L"advapi32.dll" at 0000000330260000, count=-1
002c:trace:module:import_dll is not hybrid module
002c:trace:module:load_dll looking for L"gdi32.dll" in (null)
002c:trace:module:get_load_order looking for L"C:\\windows\\system32\\gdi32.dll"
002c:trace:module:get_load_order got hardcoded default for L"gdi32.dll"
002c:trace:module:map_image_into_view mapping PE file L"\\??\\C:\\windows\\system32\\gdi32.dll" at 0x26b4c0000-0x26b550000
002c:trace:module:map_image_into_view mapping L"\\??\\C:\\windows\\system32\\gdi32.dll" section .text at 0x26b4c1000 off 1000 size 5f000 virt 5e630 flags 60000060
002c:trace:module:map_image_into_view mapping L"\\??\\C:\\windows\\system32\\gdi32.dll" section .data at 0x26b520000 off 60000 size 1000 virt 960 flags c0000040
002c:trace:module:map_image_into_view mapping L"\\??\\C:\\windows\\system32\\gdi32.dll" section .rodata at 0x26b521000 off 61000 size 1000 virt d88 flags c0000040
002c:trace:module:map_image_into_view mapping L"\\??\\C:\\windows\\system32\\gdi32.dll" section .rdata at 0x26b522000 off 62000 size 15000 virt 14d40 flags 40000040
002c:trace:module:map_image_into_view mapping L"\\??\\C:\\windows\\system32\\gdi32.dll" section .pdata at 0x26b537000 off 77000 size 3000 virt 2160 flags 40000040
002c:trace:module:map_image_into_view mapping L"\\??\\C:\\windows\\system32\\gdi32.dll" section .xdata at 0x26b53a000 off 7a000 size 3000 virt 29b4 flags 40000040
002c:trace:module:map_image_into_view mapping L"\\??\\C:\\windows\\system32\\gdi32.dll" section .bss at 0x26b53d000 off 0 size 0 virt 1c0 flags c0000080
002c:trace:module:map_image_into_view mapping L"\\??\\C:\\windows\\system32\\gdi32.dll" section .edata at 0x26b53e000 off 7d000 size 9000 virt 8565 flags 40000040
002c:trace:module:map_image_into_view mapping L"\\??\\C:\\windows\\system32\\gdi32.dll" section .idata at 0x26b547000 off 86000 size 3000 virt 292c flags c0000040
002c:trace:module:map_image_into_view mapping L"\\??\\C:\\windows\\system32\\gdi32.dll" section .rsrc at 0x26b54a000 off 89000 size 5000 virt 4230 flags 40000040
002c:trace:module:map_image_into_view mapping L"\\??\\C:\\windows\\system32\\gdi32.dll" section .reloc at 0x26b54f000 off 8e000 size 1000 virt 4b0 flags 42000040
002c:trace:module:load_dll looking for L"advapi32.dll" in (null)
002c:trace:module:load_dll Found L"C:\\windows\\system32\\advapi32.dll" for L"advapi32.dll" at 0000000330260000, count=-1
002c:trace:module:import_dll is not hybrid module
002c:trace:module:load_dll looking for L"kernel32.dll" in (null)
002c:trace:module:load_dll Found L"C:\\windows\\system32\\kernel32.dll" for L"kernel32.dll" at 000000007B600000, count=-1
002c:trace:module:import_dll is not hybrid module
002c:trace:module:load_dll looking for L"ntdll.dll" in (null)
002c:trace:module:load_dll Found L"C:\\windows\\system32\\ntdll.dll" for L"ntdll.dll" at 0000000170000000, count=-1
002c:trace:module:import_dll is not hybrid module
002c:trace:module:load_dll looking for L"ucrtbase.dll" in (null)
002c:trace:module:load_dll Found L"C:\\windows\\system32\\ucrtbase.dll" for L"ucrtbase.dll" at 00000003AF670000, count=-1
002c:trace:module:import_dll is not hybrid module
002c:trace:module:load_dll looking for L"user32.dll" in (null)
002c:trace:module:get_load_order looking for L"C:\\windows\\system32\\user32.dll"
002c:trace:module:get_load_order got hardcoded default for L"user32.dll"
002c:trace:module:map_image_into_view mapping PE file L"\\??\\C:\\windows\\system32\\user32.dll" at 0x23d820000-0x23da1d000
002c:trace:module:map_image_into_view mapping L"\\??\\C:\\windows\\system32\\user32.dll" section .text at 0x23d821000 off 1000 size d7000 virt d6f50 flags 60000060
002c:trace:module:map_image_into_view mapping L"\\??\\C:\\windows\\system32\\user32.dll" section .data at 0x23d8f8000 off d8000 size 1000 virt 780 flags c0000040
002c:trace:module:map_image_into_view mapping L"\\??\\C:\\windows\\system32\\user32.dll" section .rodata at 0x23d8f9000 off d9000 size 1000 virt ed0 flags c0000040
002c:trace:module:map_image_into_view mapping L"\\??\\C:\\windows\\system32\\user32.dll" section .rdata at 0x23d8fa000 off da000 size 19000 virt 18b90 flags 40000040
002c:trace:module:map_image_into_view mapping L"\\??\\C:\\windows\\system32\\user32.dll" section .pdata at 0x23d913000 off f3000 size 6000 virt 5004 flags 40000040
002c:trace:module:map_image_into_view mapping L"\\??\\C:\\windows\\system32\\user32.dll" section .xdata at 0x23d919000 off f9000 size 6000 virt 5a24 flags 40000040
002c:trace:module:map_image_into_view mapping L"\\??\\C:\\windows\\system32\\user32.dll" section .bss at 0x23d91f000 off 0 size 0 virt 410 flags c0000080
002c:trace:module:map_image_into_view mapping L"\\??\\C:\\windows\\system32\\user32.dll" section .edata at 0x23d920000 off ff000 size 12000 virt 110f3 flags 40000040
002c:trace:module:map_image_into_view mapping L"\\??\\C:\\windows\\system32\\user32.dll" section .idata at 0x23d932000 off 111000 size 5000 virt 4e5c flags c0000040
002c:trace:module:map_image_into_view mapping L"\\??\\C:\\windows\\system32\\user32.dll" section .rsrc at 0x23d937000 off 116000 size e5000 virt e4818 flags 40000040
002c:trace:module:map_image_into_view mapping L"\\??\\C:\\windows\\system32\\user32.dll" section .reloc at 0x23da1c000 off 1fb000 size 1000 virt 304 flags 42000040
002c:trace:module:load_dll looking for L"advapi32.dll" in (null)
002c:trace:module:load_dll Found L"C:\\windows\\system32\\advapi32.dll" for L"advapi32.dll" at 0000000330260000, count=-1
002c:trace:module:import_dll is not hybrid module
002c:trace:module:load_dll looking for L"gdi32.dll" in (null)
002c:trace:module:load_dll Found L"C:\\windows\\system32\\gdi32.dll" for L"gdi32.dll" at 000000026B4C0000, count=2
002c:trace:module:import_dll is not hybrid module
002c:trace:module:load_dll looking for L"kernel32.dll" in (null)
002c:trace:module:load_dll Found L"C:\\windows\\system32\\kernel32.dll" for L"kernel32.dll" at 000000007B600000, count=-1
002c:trace:module:import_dll is not hybrid module
002c:trace:module:load_dll looking for L"kernelbase.dll" in (null)
002c:trace:module:load_dll Found L"C:\\windows\\system32\\kernelbase.dll" for L"kernelbase.dll" at 000000007B000000, count=-1
002c:trace:module:import_dll is not hybrid module
002c:trace:module:load_dll looking for L"ntdll.dll" in (null)
002c:trace:module:load_dll Found L"C:\\windows\\system32\\ntdll.dll" for L"ntdll.dll" at 0000000170000000, count=-1
002c:trace:module:import_dll is not hybrid module
002c:trace:module:load_dll looking for L"sechost.dll" in (null)
002c:trace:module:load_dll Found L"C:\\windows\\system32\\sechost.dll" for L"sechost.dll" at 000000032A700000, count=-1
002c:trace:module:import_dll is not hybrid module
002c:trace:module:load_dll looking for L"ucrtbase.dll" in (null)
002c:trace:module:load_dll Found L"C:\\windows\\system32\\ucrtbase.dll" for L"ucrtbase.dll" at 00000003AF670000, count=-1
002c:trace:module:import_dll is not hybrid module
002c:trace:module:load_dll looking for L"version.dll" in (null)
002c:trace:module:get_load_order looking for L"C:\\windows\\system32\\version.dll"
002c:trace:module:get_load_order got hardcoded default for L"version.dll"
002c:trace:module:map_image_into_view mapping PE file L"\\??\\C:\\windows\\system32\\version.dll" at 0x2f1fa0000-0x2f1fae000
002c:trace:module:map_image_into_view mapping L"\\??\\C:\\windows\\system32\\version.dll" section .text at 0x2f1fa1000 off 1000 size 3000 virt 2990 flags 60000020
002c:trace:module:map_image_into_view mapping L"\\??\\C:\\windows\\system32\\version.dll" section .data at 0x2f1fa4000 off 4000 size 1000 virt 70 flags c0000040
002c:trace:module:map_image_into_view mapping L"\\??\\C:\\windows\\system32\\version.dll" section .rodata at 0x2f1fa5000 off 5000 size 1000 virt 84 flags c0000040
002c:trace:module:map_image_into_view mapping L"\\??\\C:\\windows\\system32\\version.dll" section .rdata at 0x2f1fa6000 off 6000 size 1000 virt 280 flags 40000040
002c:trace:module:map_image_into_view mapping L"\\??\\C:\\windows\\system32\\version.dll" section .pdata at 0x2f1fa7000 off 7000 size 1000 virt d8 flags 40000040
002c:trace:module:map_image_into_view mapping L"\\??\\C:\\windows\\system32\\version.dll" section .xdata at 0x2f1fa8000 off 8000 size 1000 virt 104 flags 40000040
002c:trace:module:map_image_into_view mapping L"\\??\\C:\\windows\\system32\\version.dll" section .bss at 0x2f1fa9000 off 0 size 0 virt 140 flags c0000080
002c:trace:module:map_image_into_view mapping L"\\??\\C:\\windows\\system32\\version.dll" section .edata at 0x2f1faa000 off 9000 size 1000 virt 327 flags 40000040
002c:trace:module:map_image_into_view mapping L"\\??\\C:\\windows\\system32\\version.dll" section .idata at 0x2f1fab000 off a000 size 1000 virt 78c flags c0000040
002c:trace:module:map_image_into_view mapping L"\\??\\C:\\windows\\system32\\version.dll" section .rsrc at 0x2f1fac000 off b000 size 1000 virt 3b8 flags 40000040
002c:trace:module:map_image_into_view mapping L"\\??\\C:\\windows\\system32\\version.dll" section .reloc at 0x2f1fad000 off c000 size 1000 virt 20 flags 42000040
002c:trace:module:load_dll looking for L"kernel32.dll" in (null)
002c:trace:module:load_dll Found L"C:\\windows\\system32\\kernel32.dll" for L"kernel32.dll" at 000000007B600000, count=-1
002c:trace:module:import_dll is not hybrid module
002c:trace:module:load_dll looking for L"kernelbase.dll" in (null)
002c:trace:module:load_dll Found L"C:\\windows\\system32\\kernelbase.dll" for L"kernelbase.dll" at 000000007B000000, count=-1
002c:trace:module:import_dll is not hybrid module
002c:trace:module:load_dll looking for L"ntdll.dll" in (null)
002c:trace:module:load_dll Found L"C:\\windows\\system32\\ntdll.dll" for L"ntdll.dll" at 0000000170000000, count=-1
002c:trace:module:import_dll is not hybrid module
002c:trace:module:load_dll looking for L"ucrtbase.dll" in (null)
002c:trace:module:load_dll Found L"C:\\windows\\system32\\ucrtbase.dll" for L"ucrtbase.dll" at 00000003AF670000, count=-1
002c:trace:module:import_dll is not hybrid module
002c:trace:module:build_module loaded L"\\??\\C:\\windows\\system32\\version.dll" 0000000000347B90 00000002F1FA0000
002c:trace:loaddll:build_module Loaded L"C:\\windows\\system32\\version.dll" at 00000002F1FA0000: builtin
002c:trace:module:load_dll Loaded module L"\\??\\C:\\windows\\system32\\version.dll" at 00000002F1FA0000
002c:trace:module:import_dll is not hybrid module
002c:trace:module:load_dll looking for L"win32u.dll" in (null)
002c:trace:module:get_load_order looking for L"C:\\windows\\system32\\win32u.dll"
002c:trace:module:get_load_order got hardcoded default for L"win32u.dll"
002c:trace:module:load_builtin L"\\??\\C:\\windows\\system32\\win32u.dll" is a fake Wine dll
002c:trace:module:load_dll looking for L"kernel32.dll" in (null)
002c:trace:module:load_dll Found L"C:\\windows\\system32\\kernel32.dll" for L"kernel32.dll" at 000000007B600000, count=-1
002c:trace:module:import_dll is not hybrid module
002c:trace:module:load_dll looking for L"ntdll.dll" in (null)
002c:trace:module:load_dll Found L"C:\\windows\\system32\\ntdll.dll" for L"ntdll.dll" at 0000000170000000, count=-1
002c:trace:module:import_dll is not hybrid module
002c:trace:module:build_module loaded L"\\??\\C:\\windows\\system32\\win32u.dll" 0000000000347EE0 000000006D980000
002c:trace:loaddll:build_module Loaded L"C:\\windows\\system32\\win32u.dll" at 000000006D980000: builtin
002c:trace:module:load_dll Loaded module L"\\??\\C:\\windows\\system32\\win32u.dll" at 000000006D980000
002c:trace:module:import_dll is not hybrid module
002c:trace:module:build_module loaded L"\\??\\C:\\windows\\system32\\user32.dll" 0000000000347780 000000023D820000
002c:trace:loaddll:build_module Loaded L"C:\\windows\\system32\\user32.dll" at 000000023D820000: builtin
002c:trace:module:load_dll Loaded module L"\\??\\C:\\windows\\system32\\user32.dll" at 000000023D820000
002c:trace:module:import_dll is not hybrid module
002c:trace:module:load_dll looking for L"win32u.dll" in (null)
002c:trace:module:load_dll Found L"C:\\windows\\system32\\win32u.dll" for L"win32u.dll" at 000000006D980000, count=2
002c:trace:module:import_dll is not hybrid module
002c:trace:module:build_module loaded L"\\??\\C:\\windows\\system32\\gdi32.dll" 0000000000347430 000000026B4C0000
002c:trace:loaddll:build_module Loaded L"C:\\windows\\system32\\gdi32.dll" at 000000026B4C0000: builtin
002c:trace:module:load_dll Loaded module L"\\??\\C:\\windows\\system32\\gdi32.dll" at 000000026B4C0000
002c:trace:module:import_dll is not hybrid module
002c:trace:module:load_dll looking for L"kernel32.dll" in (null)
002c:trace:module:load_dll Found L"C:\\windows\\system32\\kernel32.dll" for L"kernel32.dll" at 000000007B600000, count=-1
002c:trace:module:import_dll is not hybrid module
002c:trace:module:load_dll looking for L"ntdll.dll" in (null)
002c:trace:module:load_dll Found L"C:\\windows\\system32\\ntdll.dll" for L"ntdll.dll" at 0000000170000000, count=-1
002c:trace:module:import_dll is not hybrid module
002c:trace:module:load_dll looking for L"shlwapi.dll" in (null)
002c:trace:module:get_load_order looking for L"C:\\windows\\system32\\shlwapi.dll"
002c:trace:module:get_load_order got hardcoded default for L"shlwapi.dll"
002c:trace:module:map_image_into_view mapping PE file L"\\??\\C:\\windows\\system32\\shlwapi.dll" at 0x2e3540000-0x2e359a000
002c:trace:module:map_image_into_view mapping L"\\??\\C:\\windows\\system32\\shlwapi.dll" section .text at 0x2e3541000 off 1000 size 27000 virt 26130 flags 60000060
002c:trace:module:map_image_into_view mapping L"\\??\\C:\\windows\\system32\\shlwapi.dll" section .data at 0x2e3568000 off 28000 size 1000 virt 210 flags c0000040
002c:trace:module:map_image_into_view mapping L"\\??\\C:\\windows\\system32\\shlwapi.dll" section .rodata at 0x2e3569000 off 29000 size 2000 virt 18fc flags c0000040
002c:trace:module:map_image_into_view mapping L"\\??\\C:\\windows\\system32\\shlwapi.dll" section .rdata at 0x2e356b000 off 2b000 size b000 virt a550 flags 40000040
002c:trace:module:map_image_into_view mapping L"\\??\\C:\\windows\\system32\\shlwapi.dll" section .pdata at 0x2e3576000 off 36000 size 2000 virt 1188 flags 40000040
002c:trace:module:map_image_into_view mapping L"\\??\\C:\\windows\\system32\\shlwapi.dll" section .xdata at 0x2e3578000 off 38000 size 2000 virt 14c0 flags 40000040
002c:trace:module:map_image_into_view mapping L"\\??\\C:\\windows\\system32\\shlwapi.dll" section .bss at 0x2e357a000 off 0 size 0 virt 1c0 flags c0000080
002c:trace:module:map_image_into_view mapping L"\\??\\C:\\windows\\system32\\shlwapi.dll" section .edata at 0x2e357b000 off 3a000 size 14000 virt 13ab5 flags 40000040
002c:trace:module:map_image_into_view mapping L"\\??\\C:\\windows\\system32\\shlwapi.dll" section .idata at 0x2e358f000 off 4e000 size 5000 virt 4414 flags c0000040
002c:trace:module:map_image_into_view mapping L"\\??\\C:\\windows\\system32\\shlwapi.dll" section .rsrc at 0x2e3594000 off 53000 size 5000 virt 4ed0 flags 40000040
002c:trace:module:map_image_into_view mapping L"\\??\\C:\\windows\\system32\\shlwapi.dll" section .reloc at 0x2e3599000 off 58000 size 1000 virt d8 flags 42000040
002c:trace:module:load_dll looking for L"advapi32.dll" in (null)
002c:trace:module:load_dll Found L"C:\\windows\\system32\\advapi32.dll" for L"advapi32.dll" at 0000000330260000, count=-1
002c:trace:module:import_dll is not hybrid module
002c:trace:module:load_dll looking for L"gdi32.dll" in (null)
002c:trace:module:load_dll Found L"C:\\windows\\system32\\gdi32.dll" for L"gdi32.dll" at 000000026B4C0000, count=2
002c:trace:module:import_dll is not hybrid module
002c:trace:module:load_dll looking for L"kernel32.dll" in (null)
002c:trace:module:load_dll Found L"C:\\windows\\system32\\kernel32.dll" for L"kernel32.dll" at 000000007B600000, count=-1
002c:trace:module:import_dll is not hybrid module
002c:trace:module:load_dll looking for L"kernelbase.dll" in (null)
002c:trace:module:load_dll Found L"C:\\windows\\system32\\kernelbase.dll" for L"kernelbase.dll" at 000000007B000000, count=-1
002c:trace:module:import_dll is not hybrid module
002c:trace:module:load_dll looking for L"ntdll.dll" in (null)
002c:trace:module:load_dll Found L"C:\\windows\\system32\\ntdll.dll" for L"ntdll.dll" at 0000000170000000, count=-1
002c:trace:module:import_dll is not hybrid module
002c:trace:module:load_dll looking for L"shcore.dll" in (null)
002c:trace:module:get_load_order looking for L"C:\\windows\\system32\\shcore.dll"
002c:trace:module:get_load_order got hardcoded default for L"shcore.dll"
002c:trace:module:map_image_into_view mapping PE file L"\\??\\C:\\windows\\system32\\shcore.dll" at 0x3126f0000-0x31270b000
002c:trace:module:map_image_into_view mapping L"\\??\\C:\\windows\\system32\\shcore.dll" section .text at 0x3126f1000 off 1000 size b000 virt a310 flags 60000020
002c:trace:module:map_image_into_view mapping L"\\??\\C:\\windows\\system32\\shcore.dll" section .data at 0x3126fc000 off c000 size 1000 virt b0 flags c0000040
002c:trace:module:map_image_into_view mapping L"\\??\\C:\\windows\\system32\\shcore.dll" section .rodata at 0x3126fd000 off d000 size 1000 virt fb4 flags c0000040
002c:trace:module:map_image_into_view mapping L"\\??\\C:\\windows\\system32\\shcore.dll" section .rdata at 0x3126fe000 off e000 size 3000 virt 2360 flags 40000040
002c:trace:module:map_image_into_view mapping L"\\??\\C:\\windows\\system32\\shcore.dll" section .pdata at 0x312701000 off 11000 size 1000 virt 570 flags 40000040
002c:trace:module:map_image_into_view mapping L"\\??\\C:\\windows\\system32\\shcore.dll" section .xdata at 0x312702000 off 12000 size 1000 virt 654 flags 40000040
002c:trace:module:map_image_into_view mapping L"\\??\\C:\\windows\\system32\\shcore.dll" section .bss at 0x312703000 off 0 size 0 virt 160 flags c0000080
002c:trace:module:map_image_into_view mapping L"\\??\\C:\\windows\\system32\\shcore.dll" section .edata at 0x312704000 off 13000 size 5000 virt 480e flags 40000040
002c:trace:module:map_image_into_view mapping L"\\??\\C:\\windows\\system32\\shcore.dll" section .idata at 0x312709000 off 18000 size 1000 virt c5c flags c0000040
002c:trace:module:map_image_into_view mapping L"\\??\\C:\\windows\\system32\\shcore.dll" section .reloc at 0x31270a000 off 19000 size 1000 virt a8 flags 42000040
002c:trace:module:load_dll looking for L"advapi32.dll" in (null)
002c:trace:module:load_dll Found L"C:\\windows\\system32\\advapi32.dll" for L"advapi32.dll" at 0000000330260000, count=-1
002c:trace:module:import_dll is not hybrid module
002c:trace:module:load_dll looking for L"kernel32.dll" in (null)
002c:trace:module:load_dll Found L"C:\\windows\\system32\\kernel32.dll" for L"kernel32.dll" at 000000007B600000, count=-1
002c:trace:module:import_dll is not hybrid module
002c:trace:module:load_dll looking for L"ntdll.dll" in (null)
002c:trace:module:load_dll Found L"C:\\windows\\system32\\ntdll.dll" for L"ntdll.dll" at 0000000170000000, count=-1
002c:trace:module:import_dll is not hybrid module
002c:trace:module:load_dll looking for L"ole32.dll" in (null)
002c:trace:module:get_load_order looking for L"C:\\windows\\system32\\ole32.dll"
002c:trace:module:get_load_order got hardcoded default for L"ole32.dll"
002c:trace:module:map_image_into_view mapping PE file L"\\??\\C:\\windows\\system32\\ole32.dll" at 0x2e8f10000-0x2e9039000
002c:trace:module:map_image_into_view mapping L"\\??\\C:\\windows\\system32\\ole32.dll" section .text at 0x2e8f11000 off 1000 size b6000 virt b5ab0 flags 60000060
002c:trace:module:map_image_into_view mapping L"\\??\\C:\\windows\\system32\\ole32.dll" section .data at 0x2e8fc7000 off b7000 size 1000 virt 480 flags c0000040
002c:trace:module:map_image_into_view mapping L"\\??\\C:\\windows\\system32\\ole32.dll" section .rodata at 0x2e8fc8000 off b8000 size 1000 virt 778 flags c0000040
002c:trace:module:map_image_into_view mapping L"\\??\\C:\\windows\\system32\\ole32.dll" section .rdata at 0x2e8fc9000 off b9000 size 1e000 virt 1db90 flags 40000040
002c:trace:module:map_image_into_view mapping L"\\??\\C:\\windows\\system32\\ole32.dll" section .pdata at 0x2e8fe7000 off d7000 size 7000 virt 699c flags 40000040
002c:trace:module:map_image_into_view mapping L"\\??\\C:\\windows\\system32\\ole32.dll" section .xdata at 0x2e8fee000 off de000 size 7000 virt 680c flags 40000040
002c:trace:module:map_image_into_view mapping L"\\??\\C:\\windows\\system32\\ole32.dll" section .bss at 0x2e8ff5000 off 0 size 0 virt 210 flags c0000080
002c:trace:module:map_image_into_view mapping L"\\??\\C:\\windows\\system32\\ole32.dll" section .edata at 0x2e8ff6000 off e5000 size 18000 virt 17412 flags 40000040
002c:trace:module:map_image_into_view mapping L"\\??\\C:\\windows\\system32\\ole32.dll" section .idata at 0x2e900e000 off fd000 size 4000 virt 367c flags c0000040
002c:trace:module:map_image_into_view mapping L"\\??\\C:\\windows\\system32\\ole32.dll" section .rsrc at 0x2e9012000 off 101000 size 25000 virt 24bc0 flags 40000040
002c:trace:module:map_image_into_view mapping L"\\??\\C:\\windows\\system32\\ole32.dll" section .reloc at 0x2e9037000 off 126000 size 2000 virt 181c flags 42000040
002c:trace:module:load_dll looking for L"advapi32.dll" in (null)
002c:trace:module:load_dll Found L"C:\\windows\\system32\\advapi32.dll" for L"advapi32.dll" at 0000000330260000, count=-1
002c:trace:module:import_dll is not hybrid module
002c:trace:module:load_dll looking for L"combase.dll" in (null)
002c:trace:module:get_load_order looking for L"C:\\windows\\system32\\combase.dll"
002c:trace:module:get_load_order got hardcoded default for L"combase.dll"
002c:trace:module:map_image_into_view mapping PE file L"\\??\\C:\\windows\\system32\\combase.dll" at 0x327020000-0x327079000
002c:trace:module:map_image_into_view mapping L"\\??\\C:\\windows\\system32\\combase.dll" section .text at 0x327021000 off 1000 size 2c000 virt 2bef0 flags 60000060
002c:trace:module:map_image_into_view mapping L"\\??\\C:\\windows\\system32\\combase.dll" section .data at 0x32704d000 off 2d000 size 1000 virt 580 flags c0000040
002c:trace:module:map_image_into_view mapping L"\\??\\C:\\windows\\system32\\combase.dll" section .rodata at 0x32704e000 off 2e000 size 2000 virt 16c0 flags c0000040
002c:trace:module:map_image_into_view mapping L"\\??\\C:\\windows\\system32\\combase.dll" section .rdata at 0x327050000 off 30000 size e000 virt d2d0 flags 40000040
002c:trace:module:map_image_into_view mapping L"\\??\\C:\\windows\\system32\\combase.dll" section .pdata at 0x32705e000 off 3e000 size 2000 virt 1710 flags 40000040
002c:trace:module:map_image_into_view mapping L"\\??\\C:\\windows\\system32\\combase.dll" section .xdata at 0x327060000 off 40000 size 2000 virt 1910 flags 40000040
002c:trace:module:map_image_into_view mapping L"\\??\\C:\\windows\\system32\\combase.dll" section .bss at 0x327062000 off 0 size 0 virt 1a0 flags c0000080
002c:trace:module:map_image_into_view mapping L"\\??\\C:\\windows\\system32\\combase.dll" section .edata at 0x327063000 off 42000 size 13000 virt 12d6e flags 40000040
002c:trace:module:map_image_into_view mapping L"\\??\\C:\\windows\\system32\\combase.dll" section .idata at 0x327076000 off 55000 size 2000 virt 17e8 flags c0000040
002c:trace:module:map_image_into_view mapping L"\\??\\C:\\windows\\system32\\combase.dll" section .reloc at 0x327078000 off 57000 size 1000 virt 250 flags 42000040
002c:trace:module:load_dll looking for L"advapi32.dll" in (null)
002c:trace:module:load_dll Found L"C:\\windows\\system32\\advapi32.dll" for L"advapi32.dll" at 0000000330260000, count=-1
002c:trace:module:import_dll is not hybrid module
002c:trace:module:load_dll looking for L"gdi32.dll" in (null)
002c:trace:module:load_dll Found L"C:\\windows\\system32\\gdi32.dll" for L"gdi32.dll" at 000000026B4C0000, count=3
002c:trace:module:import_dll is not hybrid module
002c:trace:module:load_dll looking for L"kernel32.dll" in (null)
002c:trace:module:load_dll Found L"C:\\windows\\system32\\kernel32.dll" for L"kernel32.dll" at 000000007B600000, count=-1
002c:trace:module:import_dll is not hybrid module
002c:trace:module:load_dll looking for L"ntdll.dll" in (null)
002c:trace:module:load_dll Found L"C:\\windows\\system32\\ntdll.dll" for L"ntdll.dll" at 0000000170000000, count=-1
002c:trace:module:import_dll is not hybrid module
002c:trace:module:load_dll looking for L"ole32.dll" in (null)
002c:trace:module:load_dll Found L"C:\\windows\\system32\\ole32.dll" for L"ole32.dll" at 00000002E8F10000, count=2
002c:trace:module:import_dll is not hybrid module
002c:trace:module:load_dll looking for L"rpcrt4.dll" in (null)
002c:trace:module:get_load_order looking for L"C:\\windows\\system32\\rpcrt4.dll"
002c:trace:module:get_load_order got hardcoded default for L"rpcrt4.dll"
002c:trace:module:map_image_into_view mapping PE file L"\\??\\C:\\windows\\system32\\rpcrt4.dll" at 0x231ae0000-0x231b70000
002c:trace:module:map_image_into_view mapping L"\\??\\C:\\windows\\system32\\rpcrt4.dll" section .text at 0x231ae1000 off 1000 size 54000 virt 53970 flags 60000060
002c:trace:module:map_image_into_view mapping L"\\??\\C:\\windows\\system32\\rpcrt4.dll" section .data at 0x231b35000 off 55000 size 1000 virt 710 flags c0000040
002c:trace:module:map_image_into_view mapping L"\\??\\C:\\windows\\system32\\rpcrt4.dll" section .rodata at 0x231b36000 off 56000 size 2000 virt 1b44 flags c0000040
002c:trace:module:map_image_into_view mapping L"\\??\\C:\\windows\\system32\\rpcrt4.dll" section .rdata at 0x231b38000 off 58000 size 16000 virt 153f0 flags 40000040
002c:trace:module:map_image_into_view mapping L"\\??\\C:\\windows\\system32\\rpcrt4.dll" section .pdata at 0x231b4e000 off 6e000 size 3000 virt 22f8 flags 40000040
002c:trace:module:map_image_into_view mapping L"\\??\\C:\\windows\\system32\\rpcrt4.dll" section .xdata at 0x231b51000 off 71000 size 3000 virt 2934 flags 40000040
002c:trace:module:map_image_into_view mapping L"\\??\\C:\\windows\\system32\\rpcrt4.dll" section .bss at 0x231b54000 off 0 size 0 virt 690 flags c0000080
002c:trace:module:map_image_into_view mapping L"\\??\\C:\\windows\\system32\\rpcrt4.dll" section .edata at 0x231b55000 off 74000 size 17000 virt 16730 flags 40000040
002c:trace:module:map_image_into_view mapping L"\\??\\C:\\windows\\system32\\rpcrt4.dll" section .idata at 0x231b6c000 off 8b000 size 2000 virt 19ac flags c0000040
002c:trace:module:map_image_into_view mapping L"\\??\\C:\\windows\\system32\\rpcrt4.dll" section .rsrc at 0x231b6e000 off 8d000 size 1000 virt 3a8 flags 40000040
002c:trace:module:map_image_into_view mapping L"\\??\\C:\\windows\\system32\\rpcrt4.dll" section .reloc at 0x231b6f000 off 8e000 size 1000 virt 504 flags 42000040
002c:trace:module:load_dll looking for L"advapi32.dll" in (null)
002c:trace:module:load_dll Found L"C:\\windows\\system32\\advapi32.dll" for L"advapi32.dll" at 0000000330260000, count=-1
002c:trace:module:import_dll is not hybrid module
002c:trace:module:load_dll looking for L"kernel32.dll" in (null)
002c:trace:module:load_dll Found L"C:\\windows\\system32\\kernel32.dll" for L"kernel32.dll" at 000000007B600000, count=-1
002c:trace:module:import_dll is not hybrid module
002c:trace:module:load_dll looking for L"ntdll.dll" in (null)
002c:trace:module:load_dll Found L"C:\\windows\\system32\\ntdll.dll" for L"ntdll.dll" at 0000000170000000, count=-1
002c:trace:module:import_dll is not hybrid module
002c:trace:module:load_dll looking for L"ucrtbase.dll" in (null)
002c:trace:module:load_dll Found L"C:\\windows\\system32\\ucrtbase.dll" for L"ucrtbase.dll" at 00000003AF670000, count=-1
002c:trace:module:import_dll is not hybrid module
002c:trace:module:build_module loaded L"\\??\\C:\\windows\\system32\\rpcrt4.dll" 0000000000348F30 0000000231AE0000
002c:trace:loaddll:build_module Loaded L"C:\\windows\\system32\\rpcrt4.dll" at 0000000231AE0000: builtin
002c:trace:module:load_dll Loaded module L"\\??\\C:\\windows\\system32\\rpcrt4.dll" at 0000000231AE0000
002c:trace:module:import_dll is not hybrid module
002c:trace:module:load_dll looking for L"ucrtbase.dll" in (null)
002c:trace:module:load_dll Found L"C:\\windows\\system32\\ucrtbase.dll" for L"ucrtbase.dll" at 00000003AF670000, count=-1
002c:trace:module:import_dll is not hybrid module
002c:trace:module:load_dll looking for L"user32.dll" in (null)
002c:trace:module:load_dll Found L"C:\\windows\\system32\\user32.dll" for L"user32.dll" at 000000023D820000, count=2
002c:trace:module:import_dll is not hybrid module
002c:trace:module:build_module loaded L"\\??\\C:\\windows\\system32\\combase.dll" 0000000000348BA0 0000000327020000
002c:trace:loaddll:build_module Loaded L"C:\\windows\\system32\\combase.dll" at 0000000327020000: builtin
002c:trace:module:load_dll Loaded module L"\\??\\C:\\windows\\system32\\combase.dll" at 0000000327020000
002c:trace:module:import_dll is not hybrid module
002c:trace:module:load_dll looking for L"gdi32.dll" in (null)
002c:trace:module:load_dll Found L"C:\\windows\\system32\\gdi32.dll" for L"gdi32.dll" at 000000026B4C0000, count=4
002c:trace:module:import_dll is not hybrid module
002c:trace:module:load_dll looking for L"kernel32.dll" in (null)
002c:trace:module:load_dll Found L"C:\\windows\\system32\\kernel32.dll" for L"kernel32.dll" at 000000007B600000, count=-1
002c:trace:module:import_dll is not hybrid module
002c:trace:module:load_dll looking for L"kernelbase.dll" in (null)
002c:trace:module:load_dll Found L"C:\\windows\\system32\\kernelbase.dll" for L"kernelbase.dll" at 000000007B000000, count=-1
002c:trace:module:import_dll is not hybrid module
002c:trace:module:load_dll looking for L"ntdll.dll" in (null)
002c:trace:module:load_dll Found L"C:\\windows\\system32\\ntdll.dll" for L"ntdll.dll" at 0000000170000000, count=-1
002c:trace:module:import_dll is not hybrid module
002c:trace:module:load_dll looking for L"rpcrt4.dll" in (null)
002c:trace:module:load_dll Found L"C:\\windows\\system32\\rpcrt4.dll" for L"rpcrt4.dll" at 0000000231AE0000, count=2
002c:trace:module:import_dll is not hybrid module
002c:trace:module:load_dll looking for L"ucrtbase.dll" in (null)
002c:trace:module:load_dll Found L"C:\\windows\\system32\\ucrtbase.dll" for L"ucrtbase.dll" at 00000003AF670000, count=-1
002c:trace:module:import_dll is not hybrid module
002c:trace:module:load_dll looking for L"user32.dll" in (null)
002c:trace:module:load_dll Found L"C:\\windows\\system32\\user32.dll" for L"user32.dll" at 000000023D820000, count=3
002c:trace:module:import_dll is not hybrid module
002c:trace:module:build_module loaded L"\\??\\C:\\windows\\system32\\ole32.dll" 0000000000348890 00000002E8F10000
002c:trace:loaddll:build_module Loaded L"C:\\windows\\system32\\ole32.dll" at 00000002E8F10000: builtin
002c:trace:module:load_dll Loaded module L"\\??\\C:\\windows\\system32\\ole32.dll" at 00000002E8F10000
002c:trace:module:import_dll is not hybrid module
002c:trace:module:load_dll looking for L"ucrtbase.dll" in (null)
002c:trace:module:load_dll Found L"C:\\windows\\system32\\ucrtbase.dll" for L"ucrtbase.dll" at 00000003AF670000, count=-1
002c:trace:module:import_dll is not hybrid module
002c:trace:module:load_dll looking for L"user32.dll" in (null)
002c:trace:module:load_dll Found L"C:\\windows\\system32\\user32.dll" for L"user32.dll" at 000000023D820000, count=4
002c:trace:module:import_dll is not hybrid module
002c:trace:module:build_module loaded L"\\??\\C:\\windows\\system32\\shcore.dll" 0000000000348580 00000003126F0000
002c:trace:loaddll:build_module Loaded L"C:\\windows\\system32\\shcore.dll" at 00000003126F0000: builtin
002c:trace:module:load_dll Loaded module L"\\??\\C:\\windows\\system32\\shcore.dll" at 00000003126F0000
002c:trace:module:import_dll is not hybrid module
002c:trace:module:load_dll looking for L"ucrtbase.dll" in (null)
002c:trace:module:load_dll Found L"C:\\windows\\system32\\ucrtbase.dll" for L"ucrtbase.dll" at 00000003AF670000, count=-1
002c:trace:module:import_dll is not hybrid module
002c:trace:module:load_dll looking for L"user32.dll" in (null)
002c:trace:module:load_dll Found L"C:\\windows\\system32\\user32.dll" for L"user32.dll" at 000000023D820000, count=5
002c:trace:module:import_dll is not hybrid module
002c:trace:module:build_module loaded L"\\??\\C:\\windows\\system32\\shlwapi.dll" 00000000003481F0 00000002E3540000
002c:trace:loaddll:build_module Loaded L"C:\\windows\\system32\\shlwapi.dll" at 00000002E3540000: builtin
002c:trace:module:load_dll Loaded module L"\\??\\C:\\windows\\system32\\shlwapi.dll" at 00000002E3540000
002c:trace:module:import_dll is not hybrid module
002c:trace:module:load_dll looking for L"ucrtbase.dll" in (null)
002c:trace:module:load_dll Found L"C:\\windows\\system32\\ucrtbase.dll" for L"ucrtbase.dll" at 00000003AF670000, count=-1
002c:trace:module:import_dll is not hybrid module
002c:trace:module:load_dll looking for L"user32.dll" in (null)
002c:trace:module:load_dll Found L"C:\\windows\\system32\\user32.dll" for L"user32.dll" at 000000023D820000, count=6
002c:trace:module:import_dll is not hybrid module
002c:trace:module:build_module loaded L"\\??\\C:\\windows\\system32\\shell32.dll" 0000000000347120 00000001C69E0000
002c:trace:loaddll:build_module Loaded L"C:\\windows\\system32\\shell32.dll" at 00000001C69E0000: builtin
002c:trace:module:load_dll Loaded module L"\\??\\C:\\windows\\system32\\shell32.dll" at 00000001C69E0000
002c:trace:module:process_attach (L"shell32.dll",0000000000000000) - START
002c:trace:module:process_attach (L"gdi32.dll",0000000000000000) - START
002c:trace:module:process_attach (L"user32.dll",0000000000000000) - START
002c:trace:module:process_attach (L"version.dll",0000000000000000) - START
002c:trace:module:MODULE_InitDLL (00000002F1FA0000 L"version.dll",PROCESS_ATTACH,0000000000000000) 00000002F1FA2DE0 - CALL
002c:trace:module:MODULE_InitDLL (00000002F1FA0000,PROCESS_ATTACH,0000000000000000) - RETURN 1
002c:trace:module:process_attach (L"version.dll",0000000000000000) - END
002c:trace:module:process_attach (L"win32u.dll",0000000000000000) - START
002c:trace:module:MODULE_InitDLL (000000006D980000 L"win32u.dll",PROCESS_ATTACH,0000000000000000) 000000006DA44570 - CALL
002c:trace:module:MODULE_InitDLL (000000006D980000,PROCESS_ATTACH,0000000000000000) - RETURN 1
002c:trace:module:process_attach (L"win32u.dll",0000000000000000) - END
002c:trace:module:MODULE_InitDLL (000000023D820000 L"user32.dll",PROCESS_ATTACH,0000000000000000) 000000023D8F6990 - CALL
002c:trace:module:LdrGetDllHandleEx flags 0x1, load_path 0000000000000000, dll_characteristics 0000000000000000, name 000000000021DFA0, base 000000000021DF98.
002c:trace:module:LdrGetDllHandleEx L"ntdll.dll" -> 0000000170000000 (load path (null))
002c:trace:module:LdrGetDllHandleEx flags 0x1, load_path 0000000000000000, dll_characteristics 0000000000000000, name 000000000021DB30, base 000000000021DB28.
002c:trace:module:LdrGetDllHandleEx L"ntdll.dll" -> 0000000170000000 (load path (null))
002c:trace:module:load_dll looking for L"imm32.dll" in L"C:\\windows\\system32;C:\\windows\\system32;C:\\windows\\system;C:\\windows;.;C:\\windows\\system32;C:\\windows;C:\\windows\\system32\\wbem;C:\\windows\\system32\\WindowsPowershell\\v1.0"
002c:trace:module:get_load_order looking for L"C:\\windows\\system32\\imm32.dll"
002c:trace:module:get_load_order got hardcoded default for L"imm32.dll"
002c:trace:module:map_image_into_view mapping PE file L"\\??\\C:\\windows\\system32\\imm32.dll" at 0x3afd00000-0x3afd1b000
002c:trace:module:map_image_into_view mapping L"\\??\\C:\\windows\\system32\\imm32.dll" section .text at 0x3afd01000 off 1000 size d000 virt cae0 flags 60000060
002c:trace:module:map_image_into_view mapping L"\\??\\C:\\windows\\system32\\imm32.dll" section .data at 0x3afd0e000 off e000 size 1000 virt 120 flags c0000040
002c:trace:module:map_image_into_view mapping L"\\??\\C:\\windows\\system32\\imm32.dll" section .rodata at 0x3afd0f000 off f000 size 1000 virt 3ec flags c0000040
002c:trace:module:map_image_into_view mapping L"\\??\\C:\\windows\\system32\\imm32.dll" section .rdata at 0x3afd10000 off 10000 size 2000 virt 1cd0 flags 40000040
002c:trace:module:map_image_into_view mapping L"\\??\\C:\\windows\\system32\\imm32.dll" section .pdata at 0x3afd12000 off 12000 size 1000 virt 5e8 flags 40000040
002c:trace:module:map_image_into_view mapping L"\\??\\C:\\windows\\system32\\imm32.dll" section .xdata at 0x3afd13000 off 13000 size 1000 virt 6fc flags 40000040
002c:trace:module:map_image_into_view mapping L"\\??\\C:\\windows\\system32\\imm32.dll" section .bss at 0x3afd14000 off 0 size 0 virt 160 flags c0000080
002c:trace:module:map_image_into_view mapping L"\\??\\C:\\windows\\system32\\imm32.dll" section .edata at 0x3afd15000 off 14000 size 3000 virt 2b29 flags 40000040
002c:trace:module:map_image_into_view mapping L"\\??\\C:\\windows\\system32\\imm32.dll" section .idata at 0x3afd18000 off 17000 size 1000 virt cb8 flags c0000040
002c:trace:module:map_image_into_view mapping L"\\??\\C:\\windows\\system32\\imm32.dll" section .rsrc at 0x3afd19000 off 18000 size 1000 virt 3a8 flags 40000040
002c:trace:module:map_image_into_view mapping L"\\??\\C:\\windows\\system32\\imm32.dll" section .reloc at 0x3afd1a000 off 19000 size 1000 virt 50 flags 42000040
002c:trace:module:load_dll looking for L"advapi32.dll" in L"C:\\windows\\system32;C:\\windows\\system32;C:\\windows\\system;C:\\windows;.;C:\\windows\\system32;C:\\windows;C:\\windows\\system32\\wbem;C:\\windows\\system32\\WindowsPowershell\\v1.0"
002c:trace:module:load_dll Found L"C:\\windows\\system32\\advapi32.dll" for L"advapi32.dll" at 0000000330260000, count=-1
002c:trace:module:import_dll is not hybrid module
002c:trace:module:load_dll looking for L"kernel32.dll" in L"C:\\windows\\system32;C:\\windows\\system32;C:\\windows\\system;C:\\windows;.;C:\\windows\\system32;C:\\windows;C:\\windows\\system32\\wbem;C:\\windows\\system32\\WindowsPowershell\\v1.0"
002c:trace:module:load_dll Found L"C:\\windows\\system32\\kernel32.dll" for L"kernel32.dll" at 000000007B600000, count=-1
002c:trace:module:import_dll is not hybrid module
002c:trace:module:load_dll looking for L"ntdll.dll" in L"C:\\windows\\system32;C:\\windows\\system32;C:\\windows\\system;C:\\windows;.;C:\\windows\\system32;C:\\windows;C:\\windows\\system32\\wbem;C:\\windows\\system32\\WindowsPowershell\\v1.0"
002c:trace:module:load_dll Found L"C:\\windows\\system32\\ntdll.dll" for L"ntdll.dll" at 0000000170000000, count=-1
002c:trace:module:import_dll is not hybrid module
002c:trace:module:load_dll looking for L"ucrtbase.dll" in L"C:\\windows\\system32;C:\\windows\\system32;C:\\windows\\system;C:\\windows;.;C:\\windows\\system32;C:\\windows;C:\\windows\\system32\\wbem;C:\\windows\\system32\\WindowsPowershell\\v1.0"
002c:trace:module:load_dll Found L"C:\\windows\\system32\\ucrtbase.dll" for L"ucrtbase.dll" at 00000003AF670000, count=-1
002c:trace:module:import_dll is not hybrid module
002c:trace:module:load_dll looking for L"user32.dll" in L"C:\\windows\\system32;C:\\windows\\system32;C:\\windows\\system;C:\\windows;.;C:\\windows\\system32;C:\\windows;C:\\windows\\system32\\wbem;C:\\windows\\system32\\WindowsPowershell\\v1.0"
002c:trace:module:load_dll Found L"C:\\windows\\system32\\user32.dll" for L"user32.dll" at 000000023D820000, count=7
002c:trace:module:import_dll is not hybrid module
002c:trace:module:build_module loaded L"\\??\\C:\\windows\\system32\\imm32.dll" 000000000033A810 00000003AFD00000
002c:trace:loaddll:build_module Loaded L"C:\\windows\\system32\\imm32.dll" at 00000003AFD00000: builtin
002c:trace:module:load_dll Loaded module L"\\??\\C:\\windows\\system32\\imm32.dll" at 00000003AFD00000
002c:trace:module:process_attach (L"imm32.dll",0000000000000000) - START
002c:trace:module:MODULE_InitDLL (00000003AFD00000 L"imm32.dll",PROCESS_ATTACH,0000000000000000) 00000003AFD0CE20 - CALL
002c:trace:module:LdrGetDllHandleEx flags 0x1, load_path 0000000000000000, dll_characteristics 0000000000000000, name 000000000021D670, base 000000000021D668.
002c:trace:module:LdrGetDllHandleEx L"ntdll.dll" -> 0000000170000000 (load path (null))
002c:trace:module:LdrGetDllHandleEx flags 0x1, load_path 0000000000000000, dll_characteristics 0000000000000000, name 000000000021DAE0, base 000000000021DAD8.
002c:trace:module:LdrGetDllHandleEx L"imm32.dll" -> 00000003AFD00000 (load path (null))
002c:trace:module:MODULE_InitDLL (00000003AFD00000,PROCESS_ATTACH,0000000000000000) - RETURN 1
002c:trace:module:process_attach (L"imm32.dll",0000000000000000) - END
002c:trace:module:MODULE_InitDLL (000000023D820000,PROCESS_ATTACH,0000000000000000) - RETURN 1
002c:trace:module:process_attach (L"user32.dll",0000000000000000) - END
002c:trace:module:MODULE_InitDLL (000000026B4C0000 L"gdi32.dll",PROCESS_ATTACH,0000000000000000) 000000026B51E670 - CALL
002c:trace:module:MODULE_InitDLL (000000026B4C0000,PROCESS_ATTACH,0000000000000000) - RETURN 1
002c:trace:module:process_attach (L"gdi32.dll",0000000000000000) - END
002c:trace:module:process_attach (L"shlwapi.dll",0000000000000000) - START
002c:trace:module:process_attach (L"shcore.dll",0000000000000000) - START
002c:trace:module:process_attach (L"ole32.dll",0000000000000000) - START
002c:trace:module:process_attach (L"combase.dll",0000000000000000) - START
002c:trace:module:process_attach (L"rpcrt4.dll",0000000000000000) - START
002c:trace:module:MODULE_InitDLL (0000000231AE0000 L"rpcrt4.dll",PROCESS_ATTACH,0000000000000000) 0000000231B334D0 - CALL
002c:trace:module:MODULE_InitDLL (0000000231AE0000,PROCESS_ATTACH,0000000000000000) - RETURN 1
002c:trace:module:process_attach (L"rpcrt4.dll",0000000000000000) - END
002c:trace:module:MODULE_InitDLL (0000000327020000 L"combase.dll",PROCESS_ATTACH,0000000000000000) 000000032704BE40 - CALL
002c:trace:module:LdrGetDllHandleEx flags 0x1, load_path 0000000000000000, dll_characteristics 0000000000000000, name 000000000021DDC0, base 000000000021DDB8.
002c:trace:module:LdrGetDllHandleEx L"ntdll.dll" -> 0000000170000000 (load path (null))
002c:trace:module:MODULE_InitDLL (0000000327020000,PROCESS_ATTACH,0000000000000000) - RETURN 1
002c:trace:module:process_attach (L"combase.dll",0000000000000000) - END
002c:trace:module:MODULE_InitDLL (00000002E8F10000 L"ole32.dll",PROCESS_ATTACH,0000000000000000) 00000002E8FC5810 - CALL
002c:trace:module:LdrGetDllHandleEx flags 0x1, load_path 0000000000000000, dll_characteristics 0000000000000000, name 000000000021DE60, base 000000000021DE58.
002c:trace:module:LdrGetDllHandleEx L"ntdll.dll" -> 0000000170000000 (load path (null))
002c:trace:module:MODULE_InitDLL (00000002E8F10000,PROCESS_ATTACH,0000000000000000) - RETURN 1
002c:trace:module:process_attach (L"ole32.dll",0000000000000000) - END
002c:trace:module:MODULE_InitDLL (00000003126F0000 L"shcore.dll",PROCESS_ATTACH,0000000000000000) 00000003126FA680 - CALL
002c:trace:module:LdrGetDllHandleEx flags 0x1, load_path 0000000000000000, dll_characteristics 0000000000000000, name 000000000021DEE0, base 000000000021DED8.
002c:trace:module:LdrGetDllHandleEx L"ntdll.dll" -> 0000000170000000 (load path (null))
002c:trace:module:MODULE_InitDLL (00000003126F0000,PROCESS_ATTACH,0000000000000000) - RETURN 1
002c:trace:module:process_attach (L"shcore.dll",0000000000000000) - END
002c:trace:module:MODULE_InitDLL (00000002E3540000 L"shlwapi.dll",PROCESS_ATTACH,0000000000000000) 00000002E3566380 - CALL
002c:trace:module:LdrGetDllHandleEx flags 0x1, load_path 0000000000000000, dll_characteristics 0000000000000000, name 000000000021DF60, base 000000000021DF58.
002c:trace:module:LdrGetDllHandleEx L"ntdll.dll" -> 0000000170000000 (load path (null))
002c:trace:module:MODULE_InitDLL (00000002E3540000,PROCESS_ATTACH,0000000000000000) - RETURN 1
002c:trace:module:process_attach (L"shlwapi.dll",0000000000000000) - END
002c:trace:module:MODULE_InitDLL (00000001C69E0000 L"shell32.dll",PROCESS_ATTACH,0000000000000000) 00000001C6A92AA0 - CALL
002c:trace:module:LdrGetDllHandleEx flags 0x1, load_path 0000000000000000, dll_characteristics 0000000000000000, name 000000000021DFE0, base 000000000021DFD8.
002c:trace:module:LdrGetDllHandleEx L"ntdll.dll" -> 0000000170000000 (load path (null))
002c:trace:module:LdrGetDllFullName module 00000001C69E0000, name 000000000021E480.
002c:trace:module:GetModuleFileNameW L"C:\\windows\\system32\\shell32.dll"
002c:trace:module:MODULE_InitDLL (00000001C69E0000,PROCESS_ATTACH,0000000000000000) - RETURN 1
002c:trace:module:process_attach (L"shell32.dll",0000000000000000) - END
002c:trace:module:LdrResolveDelayLoadedAPI (00000001C69E0000, 00000001C6A93DF0, 0000000000000000, 000000007B60C510, 00000001C6AE7890, 0x00000000)
002c:trace:module:load_dll looking for L"ole32.dll" in (null)
002c:trace:module:load_dll Found L"C:\\windows\\system32\\ole32.dll" for L"ole32.dll" at 00000002E8F10000, count=2
002c:trace:module:LdrGetDllHandleEx flags 0x1, load_path 0000000000000000, dll_characteristics 0000000000000000, name 000000000021FDA0, base 000000000021FD98.
002c:trace:module:LdrGetDllHandleEx L"mscoree" -> 0000000000000000 (load path (null))
002c:trace:module:LdrShutdownProcess ()
002c:trace:module:MODULE_InitDLL (00000001C69E0000 L"shell32.dll",PROCESS_DETACH,0000000000000001) 00000001C6A92AA0 - CALL
002c:trace:module:MODULE_InitDLL (00000001C69E0000,PROCESS_DETACH,0000000000000001) - RETURN 1
002c:trace:module:MODULE_InitDLL (00000002E3540000 L"shlwapi.dll",PROCESS_DETACH,0000000000000001) 00000002E3566380 - CALL
002c:trace:module:MODULE_InitDLL (00000002E3540000,PROCESS_DETACH,0000000000000001) - RETURN 1
002c:trace:module:MODULE_InitDLL (00000003126F0000 L"shcore.dll",PROCESS_DETACH,0000000000000001) 00000003126FA680 - CALL
002c:trace:module:MODULE_InitDLL (00000003126F0000,PROCESS_DETACH,0000000000000001) - RETURN 1
002c:trace:module:MODULE_InitDLL (00000002E8F10000 L"ole32.dll",PROCESS_DETACH,0000000000000001) 00000002E8FC5810 - CALL
002c:trace:module:MODULE_InitDLL (00000002E8F10000,PROCESS_DETACH,0000000000000001) - RETURN 1
002c:trace:module:MODULE_InitDLL (0000000327020000 L"combase.dll",PROCESS_DETACH,0000000000000001) 000000032704BE40 - CALL
002c:trace:module:MODULE_InitDLL (0000000327020000,PROCESS_DETACH,0000000000000001) - RETURN 1
002c:trace:module:MODULE_InitDLL (0000000231AE0000 L"rpcrt4.dll",PROCESS_DETACH,0000000000000001) 0000000231B334D0 - CALL
002c:trace:module:MODULE_InitDLL (0000000231AE0000,PROCESS_DETACH,0000000000000001) - RETURN 1
002c:trace:module:MODULE_InitDLL (000000026B4C0000 L"gdi32.dll",PROCESS_DETACH,0000000000000001) 000000026B51E670 - CALL
002c:trace:module:MODULE_InitDLL (000000026B4C0000,PROCESS_DETACH,0000000000000001) - RETURN 1
002c:trace:module:MODULE_InitDLL (00000003AFD00000 L"imm32.dll",PROCESS_DETACH,0000000000000001) 00000003AFD0CE20 - CALL
002c:trace:module:MODULE_InitDLL (00000003AFD00000,PROCESS_DETACH,0000000000000001) - RETURN 1
002c:trace:module:MODULE_InitDLL (000000023D820000 L"user32.dll",PROCESS_DETACH,0000000000000001) 000000023D8F6990 - CALL
002c:trace:module:MODULE_InitDLL (000000023D820000,PROCESS_DETACH,0000000000000001) - RETURN 1
002c:trace:module:MODULE_InitDLL (000000006D980000 L"win32u.dll",PROCESS_DETACH,0000000000000001) 000000006DA44570 - CALL
002c:trace:module:MODULE_InitDLL (000000006D980000,PROCESS_DETACH,0000000000000001) - RETURN 1
002c:trace:module:MODULE_InitDLL (00000002F1FA0000 L"version.dll",PROCESS_DETACH,0000000000000001) 00000002F1FA2DE0 - CALL
002c:trace:module:MODULE_InitDLL (00000002F1FA0000,PROCESS_DETACH,0000000000000001) - RETURN 1
002c:trace:module:MODULE_InitDLL (00000001EC2B0000 L"ws2_32.dll",PROCESS_DETACH,0000000000000001) 00000001EC2C4980 - CALL
002c:trace:module:MODULE_InitDLL (00000001EC2B0000,PROCESS_DETACH,0000000000000001) - RETURN 1
0024:trace:module:get_load_order looking for L"Z:\\Volumes\\SSD\\Neva\\Neva.exe"
002c:trace:module:MODULE_InitDLL (0000000330260000 L"advapi32.dll",PROCESS_DETACH,0000000000000001) 0000000330288030 - CALL
002c:trace:module:MODULE_InitDLL (0000000330260000,PROCESS_DETACH,0000000000000001) - RETURN 1
002c:trace:module:MODULE_InitDLL (000000032A700000 L"sechost.dll",PROCESS_DETACH,0000000000000001) 000000032A71AF60 - CALL
002c:trace:module:MODULE_InitDLL (000000032A700000,PROCESS_DETACH,0000000000000001) - RETURN 1
002c:trace:module:MODULE_InitDLL (00000003AF670000 L"ucrtbase.dll",PROCESS_DETACH,0000000000000001) 00000003AF71AC10 - CALL
0024:trace:module:get_load_order got main exe default n,b for L"Z:\\Volumes\\SSD\\Neva\\Neva.exe"
002c:trace:module:MODULE_InitDLL (00000003AF670000,PROCESS_DETACH,0000000000000001) - RETURN 1
002c:trace:module:MODULE_InitDLL (00000001C8DB0000 L"msvcrt.dll",PROCESS_DETACH,0000000000000001) 00000001C8E3E9D0 - CALL
002c:trace:module:MODULE_InitDLL (00000001C8DB0000,PROCESS_DETACH,0000000000000001) - RETURN 1
002c:trace:module:MODULE_InitDLL (000000007B600000 L"kernel32.dll",PROCESS_DETACH,0000000000000001) 000000007B636E80 - CALL
002c:trace:module:MODULE_InitDLL (000000007B600000,PROCESS_DETACH,0000000000000001) - RETURN 1
002c:trace:module:MODULE_InitDLL (000000007B000000 L"kernelbase.dll",PROCESS_DETACH,0000000000000001) 000000007B04C9C0 - CALL
002c:trace:module:MODULE_InitDLL (000000007B000000,PROCESS_DETACH,0000000000000001) - RETURN 1
002c:trace:module:MODULE_InitDLL (0000000170000000 L"ntdll.dll",PROCESS_DETACH,0000000000000001) 000000017007B180 - CALL
002c:trace:module:MODULE_InitDLL (0000000170000000,PROCESS_DETACH,0000000000000001) - RETURN 1
0024:trace:module:get_load_order looking for L"Z:\\Volumes\\SSD\\Neva\\Neva.exe"
0024:trace:module:get_load_order got main exe default n,b for L"Z:\\Volumes\\SSD\\Neva\\Neva.exe"
0024:trace:module:map_image_into_view mapping PE file L"\\??\\Z:\\Volumes\\SSD\\Neva\\Neva.exe" at 0x140000000-0x1400a8000
0024:trace:module:map_image_into_view mapping L"\\??\\Z:\\Volumes\\SSD\\Neva\\Neva.exe" section .text at 0x140001000 off 400 size ca00 virt c8b0 flags 60000020
0024:trace:module:map_image_into_view clearing 0x14000da00 - 0x14000e000
0024:trace:module:map_image_into_view mapping L"\\??\\Z:\\Volumes\\SSD\\Neva\\Neva.exe" section .rdata at 0x14000e000 off ce00 size 9600 virt 948a flags 40000040
0024:trace:module:map_image_into_view clearing 0x140017600 - 0x140018000
0024:trace:module:map_image_into_view mapping L"\\??\\Z:\\Volumes\\SSD\\Neva\\Neva.exe" section .data at 0x140018000 off 16400 size c00 virt 1d38 flags c0000040
0024:trace:module:map_image_into_view clearing 0x140018c00 - 0x140019000
0024:trace:module:map_image_into_view mapping L"\\??\\Z:\\Volumes\\SSD\\Neva\\Neva.exe" section .pdata at 0x14001a000 off 17000 size 1000 virt ef4 flags 40000040
0024:trace:module:map_image_into_view mapping L"\\??\\Z:\\Volumes\\SSD\\Neva\\Neva.exe" section _RDATA at 0x14001b000 off 18000 size 200 virt 94 flags 40000040
0024:trace:module:map_image_into_view clearing 0x14001b200 - 0x14001c000
0024:trace:module:map_image_into_view mapping L"\\??\\Z:\\Volumes\\SSD\\Neva\\Neva.exe" section .rsrc at 0x14001c000 off 18200 size 8a200 virt 8a198 flags 40000040
0024:trace:module:map_image_into_view clearing 0x1400a6200 - 0x1400a7000
0024:trace:module:map_image_into_view mapping L"\\??\\Z:\\Volumes\\SSD\\Neva\\Neva.exe" section .reloc at 0x1400a7000 off a2400 size 800 virt 654 flags 42000040
0024:trace:module:map_image_into_view clearing 0x1400a7800 - 0x1400a8000
0024:trace:module:map_image_into_view mapping PE file L"\\??\\C:\\windows\\system32\\ntdll.dll" at 0x170000000-0x1700b4000
0024:trace:module:map_image_into_view mapping L"\\??\\C:\\windows\\system32\\ntdll.dll" section .text at 0x170001000 off 1000 size 7b000 virt 7a540 flags 60000020
0024:trace:module:map_image_into_view mapping L"\\??\\C:\\windows\\system32\\ntdll.dll" section .data at 0x17007c000 off 7c000 size 1000 virt e80 flags c0000040
0024:trace:module:map_image_into_view mapping L"\\??\\C:\\windows\\system32\\ntdll.dll" section .rodata at 0x17007d000 off 7d000 size 2000 virt 1f48 flags c0000040
0024:trace:module:map_image_into_view mapping L"\\??\\C:\\windows\\system32\\ntdll.dll" section .rdata at 0x17007f000 off 7f000 size 13000 virt 12310 flags 40000040
0024:trace:module:map_image_into_view mapping L"\\??\\C:\\windows\\system32\\ntdll.dll" section .pdata at 0x170092000 off 92000 size 4000 virt 3030 flags 40000040
0024:trace:module:map_image_into_view mapping L"\\??\\C:\\windows\\system32\\ntdll.dll" section .xdata at 0x170096000 off 96000 size 4000 virt 33b4 flags 40000040
0024:trace:module:map_image_into_view mapping L"\\??\\C:\\windows\\system32\\ntdll.dll" section .bss at 0x17009a000 off 0 size 0 virt 34f0 flags c0000080
0024:trace:module:map_image_into_view mapping L"\\??\\C:\\windows\\system32\\ntdll.dll" section .edata at 0x17009e000 off 9a000 size 13000 virt 1211e flags 40000040
0024:trace:module:map_image_into_view mapping L"\\??\\C:\\windows\\system32\\ntdll.dll" section .idata at 0x1700b1000 off ad000 size 1000 virt 18 flags c0000040
0024:trace:module:map_image_into_view mapping L"\\??\\C:\\windows\\system32\\ntdll.dll" section .rsrc at 0x1700b2000 off ae000 size 1000 virt 3b0 flags 40000040
0024:trace:module:map_image_into_view mapping L"\\??\\C:\\windows\\system32\\ntdll.dll" section .reloc at 0x1700b3000 off af000 size 1000 virt 17c flags 42000040
0024:trace:module:load_apiset_dll loaded L"\\??\\C:\\windows\\system32\\apisetschema.dll" apiset at 0x221000
0024:trace:module:set_security_cookie initializing security cookie 0000000140018030
0024:trace:module:build_module loaded L"\\??\\Z:\\Volumes\\SSD\\Neva\\Neva.exe" 0000000000233530 0000000140000000
0024:trace:loaddll:build_module Loaded L"Z:\\Volumes\\SSD\\Neva\\Neva.exe" at 0000000140000000: native
0024:trace:module:pe_module_loaded Marking non_native_code_region: 0x140000000, 0x1400a8000looking for L"kernel32.dll" in (null)
0024:trace:module:get_load_order looking for L"C:\\windows\\system32\\kernel32.dll"
0024:trace:module:get_load_order got hardcoded default for L"kernel32.dll"
0024:trace:module:map_image_into_view mapping PE file L"\\??\\C:\\windows\\system32\\kernel32.dll" at 0x7b600000-0x7b665000
0024:trace:module:map_image_into_view mapping L"\\??\\C:\\windows\\system32\\kernel32.dll" section .text at 0x7b601000 off 1000 size 37000 virt 36200 flags 60000020
0024:trace:module:map_image_into_view mapping L"\\??\\C:\\windows\\system32\\kernel32.dll" section .data at 0x7b638000 off 38000 size 1000 virt 280 flags c0000040
0024:trace:module:map_image_into_view mapping L"\\??\\C:\\windows\\system32\\kernel32.dll" section .rodata at 0x7b639000 off 39000 size 2000 virt 1cf0 flags c0000040
0024:trace:module:map_image_into_view mapping L"\\??\\C:\\windows\\system32\\kernel32.dll" section .rdata at 0x7b63b000 off 3b000 size 4000 virt 38e0 flags 40000040
0024:trace:module:map_image_into_view mapping L"\\??\\C:\\windows\\system32\\kernel32.dll" section .pdata at 0x7b63f000 off 3f000 size 2000 virt 15d8 flags 40000040
0024:trace:module:map_image_into_view mapping L"\\??\\C:\\windows\\system32\\kernel32.dll" section .xdata at 0x7b641000 off 41000 size 2000 virt 17a0 flags 40000040
0024:trace:module:map_image_into_view mapping L"\\??\\C:\\windows\\system32\\kernel32.dll" section .bss at 0x7b643000 off 0 size 0 virt 260 flags c0000080
0024:trace:module:map_image_into_view mapping L"\\??\\C:\\windows\\system32\\kernel32.dll" section .edata at 0x7b644000 off 43000 size e000 virt da78 flags 40000040
0024:trace:module:map_image_into_view mapping L"\\??\\C:\\windows\\system32\\kernel32.dll" section .idata at 0x7b652000 off 51000 size a000 virt 9054 flags c0000040
0024:trace:module:map_image_into_view mapping L"\\??\\C:\\windows\\system32\\kernel32.dll" section .rsrc at 0x7b65c000 off 5b000 size 8000 virt 7e00 flags 40000040
0024:trace:module:map_image_into_view mapping L"\\??\\C:\\windows\\system32\\kernel32.dll" section .reloc at 0x7b664000 off 63000 size 1000 virt 48 flags 42000040
0024:trace:module:load_dll looking for L"kernelbase.dll" in (null)
0024:trace:module:get_load_order looking for L"C:\\windows\\system32\\kernelbase.dll"
0024:trace:module:get_load_order got hardcoded default for L"kernelbase.dll"
0024:trace:module:map_image_into_view mapping PE file L"\\??\\C:\\windows\\system32\\kernelbase.dll" at 0x7b000000-0x7b266000
0024:trace:module:map_image_into_view mapping L"\\??\\C:\\windows\\system32\\kernelbase.dll" section .text at 0x7b001000 off 1000 size 99000 virt 98db0 flags 60000020
0024:trace:module:map_image_into_view mapping L"\\??\\C:\\windows\\system32\\kernelbase.dll" section .data at 0x7b09a000 off 9a000 size 2000 virt 1dc0 flags c0000040
0024:trace:module:map_image_into_view mapping L"\\??\\C:\\windows\\system32\\kernelbase.dll" section .rodata at 0x7b09c000 off 9c000 size 2000 virt 1d88 flags c0000040
0024:trace:module:map_image_into_view mapping L"\\??\\C:\\windows\\system32\\kernelbase.dll" section .rdata at 0x7b09e000 off 9e000 size 20000 virt 1f110 flags 40000040
0024:trace:module:map_image_into_view mapping L"\\??\\C:\\windows\\system32\\kernelbase.dll" section .pdata at 0x7b0be000 off be000 size 4000 virt 3f54 flags 40000040
0024:trace:module:map_image_into_view mapping L"\\??\\C:\\windows\\system32\\kernelbase.dll" section .xdata at 0x7b0c2000 off c2000 size 5000 virt 46c4 flags 40000040
0024:trace:module:map_image_into_view mapping L"\\??\\C:\\windows\\system32\\kernelbase.dll" section .bss at 0x7b0c7000 off 0 size 0 virt 28e0 flags c0000080
0024:trace:module:map_image_into_view mapping L"\\??\\C:\\windows\\system32\\kernelbase.dll" section .edata at 0x7b0ca000 off c7000 size 20000 virt 1f903 flags 40000040
0024:trace:module:map_image_into_view mapping L"\\??\\C:\\windows\\system32\\kernelbase.dll" section .idata at 0x7b0ea000 off e7000 size 5000 virt 43f4 flags c0000040
0024:trace:module:map_image_into_view mapping L"\\??\\C:\\windows\\system32\\kernelbase.dll" section .rsrc at 0x7b0ef000 off ec000 size 176000 virt 1757f0 flags 40000040
0024:trace:module:map_image_into_view mapping L"\\??\\C:\\windows\\system32\\kernelbase.dll" section .reloc at 0x7b265000 off 262000 size 1000 virt 23c flags 42000040
0024:trace:module:load_dll looking for L"ntdll.dll" in (null)
0024:trace:module:load_dll Found L"C:\\windows\\system32\\ntdll.dll" for L"ntdll.dll" at 0000000170000000, count=2
0024:trace:module:import_dll is not hybrid module
0024:trace:module:build_module loaded L"\\??\\C:\\windows\\system32\\kernelbase.dll" 0000000000233C20 000000007B000000
0024:trace:loaddll:build_module Loaded L"C:\\windows\\system32\\kernelbase.dll" at 000000007B000000: builtin
0024:trace:module:load_dll Loaded module L"\\??\\C:\\windows\\system32\\kernelbase.dll" at 000000007B000000
0024:trace:module:import_dll is not hybrid module
0024:trace:module:load_dll looking for L"ntdll.dll" in (null)
0024:trace:module:load_dll Found L"C:\\windows\\system32\\ntdll.dll" for L"ntdll.dll" at 0000000170000000, count=3
0024:trace:module:import_dll is not hybrid module
0024:trace:module:build_module loaded L"\\??\\C:\\windows\\system32\\kernel32.dll" 0000000000233930 000000007B600000
0024:trace:loaddll:build_module Loaded L"C:\\windows\\system32\\kernel32.dll" at 000000007B600000: builtin
0024:trace:module:load_dll Loaded module L"\\??\\C:\\windows\\system32\\kernel32.dll" at 000000007B600000
0024:trace:module:load_dll looking for L"UnityPlayer.dll" in (null)
0024:trace:module:get_load_order looking for L"Z:\\Volumes\\SSD\\Neva\\UnityPlayer.dll"
0024:trace:module:get_load_order got hardcoded default for L"Z:\\Volumes\\SSD\\Neva\\UnityPlayer.dll"
0024:warn:module:find_builtin_dll cannot find builtin library for L"\\??\\Z:\\Volumes\\SSD\\Neva\\UnityPlayer.dll"
0024:trace:module:map_image_into_view mapping PE file L"\\??\\Z:\\Volumes\\SSD\\Neva\\UnityPlayer.dll" at 0x180000000-0x181e6d000
0024:trace:module:map_image_into_view mapping L"\\??\\Z:\\Volumes\\SSD\\Neva\\UnityPlayer.dll" section .text at 0x180001000 off 400 size 186f200 virt 186f183 flags 60000020
0024:trace:module:map_image_into_view clearing 0x181870200 - 0x181871000
0024:trace:module:map_image_into_view mapping L"\\??\\Z:\\Volumes\\SSD\\Neva\\UnityPlayer.dll" section .rdata at 0x181871000 off 186f600 size 391000 virt 390e08 flags 40000040
0024:trace:module:map_image_into_view mapping L"\\??\\Z:\\Volumes\\SSD\\Neva\\UnityPlayer.dll" section .data at 0x181c02000 off 1c00600 size 4ac00 virt 128088 flags c0000040
0024:trace:module:map_image_into_view clearing 0x181c4cc00 - 0x181c4d000
0024:trace:module:map_image_into_view mapping L"\\??\\Z:\\Volumes\\SSD\\Neva\\UnityPlayer.dll" section .pdata at 0x181d2b000 off 1c4b200 size 110200 virt 110184 flags 40000040
0024:trace:module:map_image_into_view clearing 0x181e3b200 - 0x181e3c000
0024:trace:module:map_image_into_view mapping L"\\??\\Z:\\Volumes\\SSD\\Neva\\UnityPlayer.dll" section .rodata at 0x181e3c000 off 1d5b400 size c00 virt b80 flags 40000040
0024:trace:module:map_image_into_view clearing 0x181e3cc00 - 0x181e3d000
0024:trace:module:map_image_into_view mapping L"\\??\\Z:\\Volumes\\SSD\\Neva\\UnityPlayer.dll" section _RDATA at 0x181e3d000 off 1d5c000 size 11000 virt 10f74 flags 40000040
0024:trace:module:map_image_into_view mapping L"\\??\\Z:\\Volumes\\SSD\\Neva\\UnityPlayer.dll" section .rsrc at 0x181e4e000 off 1d6d000 size a00 virt 9e0 flags 40000040
0024:trace:module:map_image_into_view clearing 0x181e4ea00 - 0x181e4f000
0024:trace:module:map_image_into_view mapping L"\\??\\Z:\\Volumes\\SSD\\Neva\\UnityPlayer.dll" section .reloc at 0x181e4f000 off 1d6da00 size 1d800 virt 1d610 flags 42000040
0024:trace:module:map_image_into_view clearing 0x181e6c800 - 0x181e6d000
0024:trace:module:set_security_cookie initializing security cookie 0000000181C11088
0024:trace:module:alloc_tls_slot module 0000000180000000 data 0000000181ACA830-0000000181ACA980 zerofill 0 index 0000000181C9505C callback 0000000181877D98 flags 500000 -> slot 0
0024:trace:module:load_dll looking for L"KERNEL32.dll" in (null)
0024:trace:module:load_dll Found L"C:\\windows\\system32\\kernel32.dll" for L"KERNEL32.dll" at 000000007B600000, count=2
0024:trace:module:import_dll is not hybrid module
0024:trace:module:load_dll looking for L"USER32.dll" in (null)
0024:trace:module:get_load_order looking for L"C:\\windows\\system32\\USER32.dll"
0024:trace:module:get_load_order got hardcoded default for L"USER32.dll"
0024:trace:module:map_image_into_view mapping PE file L"\\??\\C:\\windows\\system32\\user32.dll" at 0x23d820000-0x23da1d000
0024:trace:module:map_image_into_view mapping L"\\??\\C:\\windows\\system32\\user32.dll" section .text at 0x23d821000 off 1000 size d7000 virt d6f50 flags 60000060
0024:trace:module:map_image_into_view mapping L"\\??\\C:\\windows\\system32\\user32.dll" section .data at 0x23d8f8000 off d8000 size 1000 virt 780 flags c0000040
0024:trace:module:map_image_into_view mapping L"\\??\\C:\\windows\\system32\\user32.dll" section .rodata at 0x23d8f9000 off d9000 size 1000 virt ed0 flags c0000040
0024:trace:module:map_image_into_view mapping L"\\??\\C:\\windows\\system32\\user32.dll" section .rdata at 0x23d8fa000 off da000 size 19000 virt 18b90 flags 40000040
0024:trace:module:map_image_into_view mapping L"\\??\\C:\\windows\\system32\\user32.dll" section .pdata at 0x23d913000 off f3000 size 6000 virt 5004 flags 40000040
0024:trace:module:map_image_into_view mapping L"\\??\\C:\\windows\\system32\\user32.dll" section .xdata at 0x23d919000 off f9000 size 6000 virt 5a24 flags 40000040
0024:trace:module:map_image_into_view mapping L"\\??\\C:\\windows\\system32\\user32.dll" section .bss at 0x23d91f000 off 0 size 0 virt 410 flags c0000080
0024:trace:module:map_image_into_view mapping L"\\??\\C:\\windows\\system32\\user32.dll" section .edata at 0x23d920000 off ff000 size 12000 virt 110f3 flags 40000040
0024:trace:module:map_image_into_view mapping L"\\??\\C:\\windows\\system32\\user32.dll" section .idata at 0x23d932000 off 111000 size 5000 virt 4e5c flags c0000040
0024:trace:module:map_image_into_view mapping L"\\??\\C:\\windows\\system32\\user32.dll" section .rsrc at 0x23d937000 off 116000 size e5000 virt e4818 flags 40000040
0024:trace:module:map_image_into_view mapping L"\\??\\C:\\windows\\system32\\user32.dll" section .reloc at 0x23da1c000 off 1fb000 size 1000 virt 304 flags 42000040
0024:trace:module:load_dll looking for L"advapi32.dll" in (null)
0024:trace:module:get_load_order looking for L"C:\\windows\\system32\\advapi32.dll"
0024:trace:module:get_load_order got hardcoded default for L"advapi32.dll"
0024:trace:module:map_image_into_view mapping PE file L"\\??\\C:\\windows\\system32\\advapi32.dll" at 0x330260000-0x3302a4000
0024:trace:module:map_image_into_view mapping L"\\??\\C:\\windows\\system32\\advapi32.dll" section .text at 0x330261000 off 1000 size 29000 virt 28090 flags 60000060
0024:trace:module:map_image_into_view mapping L"\\??\\C:\\windows\\system32\\advapi32.dll" section .data at 0x33028a000 off 2a000 size 1000 virt 1a0 flags c0000040
0024:trace:module:map_image_into_view mapping L"\\??\\C:\\windows\\system32\\advapi32.dll" section .rodata at 0x33028b000 off 2b000 size 1000 virt e3c flags c0000040
0024:trace:module:map_image_into_view mapping L"\\??\\C:\\windows\\system32\\advapi32.dll" section .rdata at 0x33028c000 off 2c000 size 6000 virt 5fa0 flags 40000040
0024:trace:module:map_image_into_view mapping L"\\??\\C:\\windows\\system32\\advapi32.dll" section .pdata at 0x330292000 off 32000 size 2000 virt 1260 flags 40000040
0024:trace:module:map_image_into_view mapping L"\\??\\C:\\windows\\system32\\advapi32.dll" section .xdata at 0x330294000 off 34000 size 2000 virt 159c flags 40000040
0024:trace:module:map_image_into_view mapping L"\\??\\C:\\windows\\system32\\advapi32.dll" section .bss at 0x330296000 off 0 size 0 virt da0 flags c0000080
0024:trace:module:map_image_into_view mapping L"\\??\\C:\\windows\\system32\\advapi32.dll" section .edata at 0x330297000 off 36000 size 8000 virt 74c5 flags 40000040
0024:trace:module:map_image_into_view mapping L"\\??\\C:\\windows\\system32\\advapi32.dll" section .idata at 0x33029f000 off 3e000 size 3000 virt 2f74 flags c0000040
0024:trace:module:map_image_into_view mapping L"\\??\\C:\\windows\\system32\\advapi32.dll" section .rsrc at 0x3302a2000 off 41000 size 1000 virt 3c8 flags 40000040
0024:trace:module:map_image_into_view mapping L"\\??\\C:\\windows\\system32\\advapi32.dll" section .reloc at 0x3302a3000 off 42000 size 1000 virt 138 flags 42000040
0024:trace:module:load_dll looking for L"kernel32.dll" in (null)
0024:trace:module:load_dll Found L"C:\\windows\\system32\\kernel32.dll" for L"kernel32.dll" at 000000007B600000, count=3
0024:trace:module:import_dll is not hybrid module
0024:trace:module:load_dll looking for L"kernelbase.dll" in (null)
0024:trace:module:load_dll Found L"C:\\windows\\system32\\kernelbase.dll" for L"kernelbase.dll" at 000000007B000000, count=2
0024:trace:module:import_dll is not hybrid module
0024:trace:module:load_dll looking for L"msvcrt.dll" in (null)
0024:trace:module:get_load_order looking for L"C:\\windows\\system32\\msvcrt.dll"
0024:trace:module:get_load_order got hardcoded default for L"msvcrt.dll"
0024:trace:module:map_image_into_view mapping PE file L"\\??\\C:\\windows\\system32\\msvcrt.dll" at 0x1c8db0000-0x1c8e6c000
0024:trace:module:map_image_into_view mapping L"\\??\\C:\\windows\\system32\\msvcrt.dll" section .text at 0x1c8db1000 off 1000 size 8f000 virt 8e220 flags 60000060
0024:trace:module:map_image_into_view mapping L"\\??\\C:\\windows\\system32\\msvcrt.dll" section .data at 0x1c8e40000 off 90000 size 2000 virt 1830 flags c0000040
0024:trace:module:map_image_into_view mapping L"\\??\\C:\\windows\\system32\\msvcrt.dll" section .rodata at 0x1c8e42000 off 92000 size 2000 virt 1394 flags c0000040
0024:trace:module:map_image_into_view mapping L"\\??\\C:\\windows\\system32\\msvcrt.dll" section .rdata at 0x1c8e44000 off 94000 size b000 virt aef0 flags 40000040
0024:trace:module:map_image_into_view mapping L"\\??\\C:\\windows\\system32\\msvcrt.dll" section .pdata at 0x1c8e4f000 off 9f000 size 5000 virt 4278 flags 40000040
0024:trace:module:map_image_into_view mapping L"\\??\\C:\\windows\\system32\\msvcrt.dll" section .xdata at 0x1c8e54000 off a4000 size 5000 virt 42d0 flags 40000040
0024:trace:module:map_image_into_view mapping L"\\??\\C:\\windows\\system32\\msvcrt.dll" section .bss at 0x1c8e59000 off 0 size 0 virt 1c60 flags c0000080
0024:trace:module:map_image_into_view mapping L"\\??\\C:\\windows\\system32\\msvcrt.dll" section .edata at 0x1c8e5b000 off a9000 size d000 virt ca71 flags 40000040
0024:trace:module:map_image_into_view mapping L"\\??\\C:\\windows\\system32\\msvcrt.dll" section .idata at 0x1c8e68000 off b6000 size 2000 virt 1868 flags c0000040
0024:trace:module:map_image_into_view mapping L"\\??\\C:\\windows\\system32\\msvcrt.dll" section .rsrc at 0x1c8e6a000 off b8000 size 1000 virt 398 flags 40000040
0024:trace:module:map_image_into_view mapping L"\\??\\C:\\windows\\system32\\msvcrt.dll" section .reloc at 0x1c8e6b000 off b9000 size 1000 virt 25c flags 42000040
0024:trace:module:load_dll looking for L"kernel32.dll" in (null)
0024:trace:module:load_dll Found L"C:\\windows\\system32\\kernel32.dll" for L"kernel32.dll" at 000000007B600000, count=4
0024:trace:module:import_dll is not hybrid module
0024:trace:module:load_dll looking for L"ntdll.dll" in (null)
0024:trace:module:load_dll Found L"C:\\windows\\system32\\ntdll.dll" for L"ntdll.dll" at 0000000170000000, count=4
0024:trace:module:import_dll is not hybrid module
0024:trace:module:build_module loaded L"\\??\\C:\\windows\\system32\\msvcrt.dll" 0000000000234BE0 00000001C8DB0000
0024:trace:loaddll:build_module Loaded L"C:\\windows\\system32\\msvcrt.dll" at 00000001C8DB0000: builtin
0024:trace:module:load_dll Loaded module L"\\??\\C:\\windows\\system32\\msvcrt.dll" at 00000001C8DB0000
0024:trace:module:import_dll is not hybrid module
0024:trace:module:load_dll looking for L"ntdll.dll" in (null)
0024:trace:module:load_dll Found L"C:\\windows\\system32\\ntdll.dll" for L"ntdll.dll" at 0000000170000000, count=5
0024:trace:module:import_dll is not hybrid module
0024:trace:module:load_dll looking for L"sechost.dll" in (null)
0024:trace:module:get_load_order looking for L"C:\\windows\\system32\\sechost.dll"
0024:trace:module:get_load_order got hardcoded default for L"sechost.dll"
0024:trace:module:map_image_into_view mapping PE file L"\\??\\C:\\windows\\system32\\sechost.dll" at 0x32a700000-0x32a72d000
0024:trace:module:map_image_into_view mapping L"\\??\\C:\\windows\\system32\\sechost.dll" section .text at 0x32a701000 off 1000 size 1b000 virt 1aeb0 flags 60000060
0024:trace:module:map_image_into_view mapping L"\\??\\C:\\windows\\system32\\sechost.dll" section .data at 0x32a71c000 off 1c000 size 1000 virt 170 flags c0000040
0024:trace:module:map_image_into_view mapping L"\\??\\C:\\windows\\system32\\sechost.dll" section .rodata at 0x32a71d000 off 1d000 size 1000 virt ef0 flags c0000040
0024:trace:module:map_image_into_view mapping L"\\??\\C:\\windows\\system32\\sechost.dll" section .rdata at 0x32a71e000 off 1e000 size 4000 virt 38d0 flags 40000040
0024:trace:module:map_image_into_view mapping L"\\??\\C:\\windows\\system32\\sechost.dll" section .pdata at 0x32a722000 off 22000 size 1000 virt b64 flags 40000040
0024:trace:module:map_image_into_view mapping L"\\??\\C:\\windows\\system32\\sechost.dll" section .xdata at 0x32a723000 off 23000 size 1000 virt c00 flags 40000040
0024:trace:module:map_image_into_view mapping L"\\??\\C:\\windows\\system32\\sechost.dll" section .bss at 0x32a724000 off 0 size 0 virt 1a0 flags c0000080
0024:trace:module:map_image_into_view mapping L"\\??\\C:\\windows\\system32\\sechost.dll" section .edata at 0x32a725000 off 24000 size 5000 virt 46ae flags 40000040
0024:trace:module:map_image_into_view mapping L"\\??\\C:\\windows\\system32\\sechost.dll" section .idata at 0x32a72a000 off 29000 size 2000 virt 121c flags c0000040
0024:trace:module:map_image_into_view mapping L"\\??\\C:\\windows\\system32\\sechost.dll" section .reloc at 0x32a72c000 off 2b000 size 1000 virt f8 flags 42000040
0024:trace:module:load_dll looking for L"kernel32.dll" in (null)
0024:trace:module:load_dll Found L"C:\\windows\\system32\\kernel32.dll" for L"kernel32.dll" at 000000007B600000, count=5
0024:trace:module:import_dll is not hybrid module
0024:trace:module:load_dll looking for L"kernelbase.dll" in (null)
0024:trace:module:load_dll Found L"C:\\windows\\system32\\kernelbase.dll" for L"kernelbase.dll" at 000000007B000000, count=3
0024:trace:module:import_dll is not hybrid module
0024:trace:module:load_dll looking for L"ntdll.dll" in (null)
0024:trace:module:load_dll Found L"C:\\windows\\system32\\ntdll.dll" for L"ntdll.dll" at 0000000170000000, count=6
0024:trace:module:import_dll is not hybrid module
0024:trace:module:load_dll looking for L"ucrtbase.dll" in (null)
0024:trace:module:get_load_order looking for L"C:\\windows\\system32\\ucrtbase.dll"
0024:trace:module:get_load_order got hardcoded default for L"ucrtbase.dll"
0024:trace:module:map_image_into_view mapping PE file L"\\??\\C:\\windows\\system32\\ucrtbase.dll" at 0x3af670000-0x3af759000
0024:trace:module:map_image_into_view mapping L"\\??\\C:\\windows\\system32\\ucrtbase.dll" section .text at 0x3af671000 off 1000 size ab000 virt aa4c0 flags 60000060
0024:trace:module:map_image_into_view mapping L"\\??\\C:\\windows\\system32\\ucrtbase.dll" section .data at 0x3af71c000 off ac000 size 2000 virt 1ac0 flags c0000040
0024:trace:module:map_image_into_view mapping L"\\??\\C:\\windows\\system32\\ucrtbase.dll" section .rodata at 0x3af71e000 off ae000 size 4000 virt 3988 flags c0000040
0024:trace:module:map_image_into_view mapping L"\\??\\C:\\windows\\system32\\ucrtbase.dll" section .rdata at 0x3af722000 off b2000 size d000 virt cb50 flags 40000040
0024:trace:module:map_image_into_view mapping L"\\??\\C:\\windows\\system32\\ucrtbase.dll" section .pdata at 0x3af72f000 off bf000 size 5000 virt 4d10 flags 40000040
0024:trace:module:map_image_into_view mapping L"\\??\\C:\\windows\\system32\\ucrtbase.dll" section .xdata at 0x3af734000 off c4000 size 5000 virt 4cd0 flags 40000040
0024:trace:module:map_image_into_view mapping L"\\??\\C:\\windows\\system32\\ucrtbase.dll" section .bss at 0x3af739000 off 0 size 0 virt 20c0 flags c0000080
0024:trace:module:map_image_into_view mapping L"\\??\\C:\\windows\\system32\\ucrtbase.dll" section .edata at 0x3af73c000 off c9000 size 19000 virt 186cd flags 40000040
0024:trace:module:map_image_into_view mapping L"\\??\\C:\\windows\\system32\\ucrtbase.dll" section .idata at 0x3af755000 off e2000 size 2000 virt 1a84 flags c0000040
0024:trace:module:map_image_into_view mapping L"\\??\\C:\\windows\\system32\\ucrtbase.dll" section .rsrc at 0x3af757000 off e4000 size 1000 virt 3c8 flags 40000040
0024:trace:module:map_image_into_view mapping L"\\??\\C:\\windows\\system32\\ucrtbase.dll" section .reloc at 0x3af758000 off e5000 size 1000 virt 29c flags 42000040
0024:trace:module:load_dll looking for L"kernel32.dll" in (null)
0024:trace:module:load_dll Found L"C:\\windows\\system32\\kernel32.dll" for L"kernel32.dll" at 000000007B600000, count=6
0024:trace:module:import_dll is not hybrid module
0024:trace:module:load_dll looking for L"ntdll.dll" in (null)
0024:trace:module:load_dll Found L"C:\\windows\\system32\\ntdll.dll" for L"ntdll.dll" at 0000000170000000, count=7
0024:trace:module:import_dll is not hybrid module
0024:trace:module:build_module loaded L"\\??\\C:\\windows\\system32\\ucrtbase.dll" 0000000000231AD0 00000003AF670000
0024:trace:loaddll:build_module Loaded L"C:\\windows\\system32\\ucrtbase.dll" at 00000003AF670000: builtin
0024:trace:module:load_dll Loaded module L"\\??\\C:\\windows\\system32\\ucrtbase.dll" at 00000003AF670000
0024:trace:module:import_dll is not hybrid module
0024:trace:module:build_module loaded L"\\??\\C:\\windows\\system32\\sechost.dll" 0000000000231970 000000032A700000
0024:trace:loaddll:build_module Loaded L"C:\\windows\\system32\\sechost.dll" at 000000032A700000: builtin
0024:trace:module:load_dll Loaded module L"\\??\\C:\\windows\\system32\\sechost.dll" at 000000032A700000
0024:trace:module:import_dll is not hybrid module
0024:trace:module:build_module loaded L"\\??\\C:\\windows\\system32\\advapi32.dll" 00000000002348F0 0000000330260000
0024:trace:loaddll:build_module Loaded L"C:\\windows\\system32\\advapi32.dll" at 0000000330260000: builtin
0024:trace:module:load_dll Loaded module L"\\??\\C:\\windows\\system32\\advapi32.dll" at 0000000330260000
0024:trace:module:import_dll is not hybrid module
0024:trace:module:load_dll looking for L"gdi32.dll" in (null)
0024:trace:module:get_load_order looking for L"C:\\windows\\system32\\gdi32.dll"
0024:trace:module:get_load_order got hardcoded default for L"gdi32.dll"
0024:trace:module:map_image_into_view mapping PE file L"\\??\\C:\\windows\\system32\\gdi32.dll" at 0x26b4c0000-0x26b550000
0024:trace:module:map_image_into_view mapping L"\\??\\C:\\windows\\system32\\gdi32.dll" section .text at 0x26b4c1000 off 1000 size 5f000 virt 5e630 flags 60000060
0024:trace:module:map_image_into_view mapping L"\\??\\C:\\windows\\system32\\gdi32.dll" section .data at 0x26b520000 off 60000 size 1000 virt 960 flags c0000040
0024:trace:module:map_image_into_view mapping L"\\??\\C:\\windows\\system32\\gdi32.dll" section .rodata at 0x26b521000 off 61000 size 1000 virt d88 flags c0000040
0024:trace:module:map_image_into_view mapping L"\\??\\C:\\windows\\system32\\gdi32.dll" section .rdata at 0x26b522000 off 62000 size 15000 virt 14d40 flags 40000040
0024:trace:module:map_image_into_view mapping L"\\??\\C:\\windows\\system32\\gdi32.dll" section .pdata at 0x26b537000 off 77000 size 3000 virt 2160 flags 40000040
0024:trace:module:map_image_into_view mapping L"\\??\\C:\\windows\\system32\\gdi32.dll" section .xdata at 0x26b53a000 off 7a000 size 3000 virt 29b4 flags 40000040
0024:trace:module:map_image_into_view mapping L"\\??\\C:\\windows\\system32\\gdi32.dll" section .bss at 0x26b53d000 off 0 size 0 virt 1c0 flags c0000080
0024:trace:module:map_image_into_view mapping L"\\??\\C:\\windows\\system32\\gdi32.dll" section .edata at 0x26b53e000 off 7d000 size 9000 virt 8565 flags 40000040
0024:trace:module:map_image_into_view mapping L"\\??\\C:\\windows\\system32\\gdi32.dll" section .idata at 0x26b547000 off 86000 size 3000 virt 292c flags c0000040
0024:trace:module:map_image_into_view mapping L"\\??\\C:\\windows\\system32\\gdi32.dll" section .rsrc at 0x26b54a000 off 89000 size 5000 virt 4230 flags 40000040
0024:trace:module:map_image_into_view mapping L"\\??\\C:\\windows\\system32\\gdi32.dll" section .reloc at 0x26b54f000 off 8e000 size 1000 virt 4b0 flags 42000040
0024:trace:module:load_dll looking for L"advapi32.dll" in (null)
0024:trace:module:load_dll Found L"C:\\windows\\system32\\advapi32.dll" for L"advapi32.dll" at 0000000330260000, count=2
0024:trace:module:import_dll is not hybrid module
0024:trace:module:load_dll looking for L"kernel32.dll" in (null)
0024:trace:module:load_dll Found L"C:\\windows\\system32\\kernel32.dll" for L"kernel32.dll" at 000000007B600000, count=7
0024:trace:module:import_dll is not hybrid module
0024:trace:module:load_dll looking for L"ntdll.dll" in (null)
0024:trace:module:load_dll Found L"C:\\windows\\system32\\ntdll.dll" for L"ntdll.dll" at 0000000170000000, count=8
0024:trace:module:import_dll is not hybrid module
0024:trace:module:load_dll looking for L"ucrtbase.dll" in (null)
0024:trace:module:load_dll Found L"C:\\windows\\system32\\ucrtbase.dll" for L"ucrtbase.dll" at 00000003AF670000, count=2
0024:trace:module:import_dll is not hybrid module
0024:trace:module:load_dll looking for L"user32.dll" in (null)
0024:trace:module:load_dll Found L"C:\\windows\\system32\\USER32.dll" for L"user32.dll" at 000000023D820000, count=2
0024:trace:module:import_dll is not hybrid module
0024:trace:module:load_dll looking for L"win32u.dll" in (null)
0024:trace:module:get_load_order looking for L"C:\\windows\\system32\\win32u.dll"
0024:trace:module:get_load_order got hardcoded default for L"win32u.dll"
0024:trace:module:load_builtin L"\\??\\C:\\windows\\system32\\win32u.dll" is a fake Wine dll
0024:trace:module:load_dll looking for L"kernel32.dll" in (null)
0024:trace:module:load_dll Found L"C:\\windows\\system32\\kernel32.dll" for L"kernel32.dll" at 000000007B600000, count=8
0024:trace:module:import_dll is not hybrid module
0024:trace:module:load_dll looking for L"ntdll.dll" in (null)
0024:trace:module:load_dll Found L"C:\\windows\\system32\\ntdll.dll" for L"ntdll.dll" at 0000000170000000, count=9
0024:trace:module:import_dll is not hybrid module
0024:trace:module:build_module loaded L"\\??\\C:\\windows\\system32\\win32u.dll" 0000000000232040 000000006D980000
0024:trace:loaddll:build_module Loaded L"C:\\windows\\system32\\win32u.dll" at 000000006D980000: builtin
0024:trace:module:load_dll Loaded module L"\\??\\C:\\windows\\system32\\win32u.dll" at 000000006D980000
0024:trace:module:import_dll is not hybrid module
0024:trace:module:build_module loaded L"\\??\\C:\\windows\\system32\\gdi32.dll" 0000000000231D50 000000026B4C0000
0024:trace:loaddll:build_module Loaded L"C:\\windows\\system32\\gdi32.dll" at 000000026B4C0000: builtin
0024:trace:module:load_dll Loaded module L"\\??\\C:\\windows\\system32\\gdi32.dll" at 000000026B4C0000
0024:trace:module:import_dll is not hybrid module
0024:trace:module:load_dll looking for L"kernel32.dll" in (null)
0024:trace:module:load_dll Found L"C:\\windows\\system32\\kernel32.dll" for L"kernel32.dll" at 000000007B600000, count=9
0024:trace:module:import_dll is not hybrid module
0024:trace:module:load_dll looking for L"kernelbase.dll" in (null)
0024:trace:module:load_dll Found L"C:\\windows\\system32\\kernelbase.dll" for L"kernelbase.dll" at 000000007B000000, count=4
0024:trace:module:import_dll is not hybrid module
0024:trace:module:load_dll looking for L"ntdll.dll" in (null)
0024:trace:module:load_dll Found L"C:\\windows\\system32\\ntdll.dll" for L"ntdll.dll" at 0000000170000000, count=10
0024:trace:module:import_dll is not hybrid module
0024:trace:module:load_dll looking for L"sechost.dll" in (null)
0024:trace:module:load_dll Found L"C:\\windows\\system32\\sechost.dll" for L"sechost.dll" at 000000032A700000, count=2
0024:trace:module:import_dll is not hybrid module
0024:trace:module:load_dll looking for L"ucrtbase.dll" in (null)
0024:trace:module:load_dll Found L"C:\\windows\\system32\\ucrtbase.dll" for L"ucrtbase.dll" at 00000003AF670000, count=3
0024:trace:module:import_dll is not hybrid module
0024:trace:module:load_dll looking for L"version.dll" in (null)
0024:trace:module:get_load_order looking for L"C:\\windows\\system32\\version.dll"
0024:trace:module:get_load_order got hardcoded default for L"version.dll"
0024:trace:module:map_image_into_view mapping PE file L"\\??\\C:\\windows\\system32\\version.dll" at 0x2f1fa0000-0x2f1fae000
0024:trace:module:map_image_into_view mapping L"\\??\\C:\\windows\\system32\\version.dll" section .text at 0x2f1fa1000 off 1000 size 3000 virt 2990 flags 60000020
0024:trace:module:map_image_into_view mapping L"\\??\\C:\\windows\\system32\\version.dll" section .data at 0x2f1fa4000 off 4000 size 1000 virt 70 flags c0000040
0024:trace:module:map_image_into_view mapping L"\\??\\C:\\windows\\system32\\version.dll" section .rodata at 0x2f1fa5000 off 5000 size 1000 virt 84 flags c0000040
0024:trace:module:map_image_into_view mapping L"\\??\\C:\\windows\\system32\\version.dll" section .rdata at 0x2f1fa6000 off 6000 size 1000 virt 280 flags 40000040
0024:trace:module:map_image_into_view mapping L"\\??\\C:\\windows\\system32\\version.dll" section .pdata at 0x2f1fa7000 off 7000 size 1000 virt d8 flags 40000040
0024:trace:module:map_image_into_view mapping L"\\??\\C:\\windows\\system32\\version.dll" section .xdata at 0x2f1fa8000 off 8000 size 1000 virt 104 flags 40000040
0024:trace:module:map_image_into_view mapping L"\\??\\C:\\windows\\system32\\version.dll" section .bss at 0x2f1fa9000 off 0 size 0 virt 140 flags c0000080
0024:trace:module:map_image_into_view mapping L"\\??\\C:\\windows\\system32\\version.dll" section .edata at 0x2f1faa000 off 9000 size 1000 virt 327 flags 40000040
0024:trace:module:map_image_into_view mapping L"\\??\\C:\\windows\\system32\\version.dll" section .idata at 0x2f1fab000 off a000 size 1000 virt 78c flags c0000040
0024:trace:module:map_image_into_view mapping L"\\??\\C:\\windows\\system32\\version.dll" section .rsrc at 0x2f1fac000 off b000 size 1000 virt 3b8 flags 40000040
0024:trace:module:map_image_into_view mapping L"\\??\\C:\\windows\\system32\\version.dll" section .reloc at 0x2f1fad000 off c000 size 1000 virt 20 flags 42000040
0024:trace:module:load_dll looking for L"kernel32.dll" in (null)
0024:trace:module:load_dll Found L"C:\\windows\\system32\\kernel32.dll" for L"kernel32.dll" at 000000007B600000, count=10
0024:trace:module:import_dll is not hybrid module
0024:trace:module:load_dll looking for L"kernelbase.dll" in (null)
0024:trace:module:load_dll Found L"C:\\windows\\system32\\kernelbase.dll" for L"kernelbase.dll" at 000000007B000000, count=5
0024:trace:module:import_dll is not hybrid module
0024:trace:module:load_dll looking for L"ntdll.dll" in (null)
0024:trace:module:load_dll Found L"C:\\windows\\system32\\ntdll.dll" for L"ntdll.dll" at 0000000170000000, count=11
0024:trace:module:import_dll is not hybrid module
0024:trace:module:load_dll looking for L"ucrtbase.dll" in (null)
0024:trace:module:load_dll Found L"C:\\windows\\system32\\ucrtbase.dll" for L"ucrtbase.dll" at 00000003AF670000, count=4
0024:trace:module:import_dll is not hybrid module
0024:trace:module:build_module loaded L"\\??\\C:\\windows\\system32\\version.dll" 0000000000232390 00000002F1FA0000
0024:trace:loaddll:build_module Loaded L"C:\\windows\\system32\\version.dll" at 00000002F1FA0000: builtin
0024:trace:module:load_dll Loaded module L"\\??\\C:\\windows\\system32\\version.dll" at 00000002F1FA0000
0024:trace:module:import_dll is not hybrid module
0024:trace:module:load_dll looking for L"win32u.dll" in (null)
0024:trace:module:load_dll Found L"C:\\windows\\system32\\win32u.dll" for L"win32u.dll" at 000000006D980000, count=2
0024:trace:module:import_dll is not hybrid module
0024:trace:module:build_module loaded L"\\??\\C:\\windows\\system32\\USER32.dll" 0000000000230A80 000000023D820000
0024:trace:loaddll:build_module Loaded L"C:\\windows\\system32\\USER32.dll" at 000000023D820000: builtin
0024:trace:module:load_dll Loaded module L"\\??\\C:\\windows\\system32\\USER32.dll" at 000000023D820000
0024:trace:module:import_dll is not hybrid module
0024:trace:module:load_dll looking for L"VERSION.dll" in (null)
0024:trace:module:load_dll Found L"C:\\windows\\system32\\version.dll" for L"VERSION.dll" at 00000002F1FA0000, count=2
0024:trace:module:import_dll is not hybrid module
0024:trace:module:load_dll looking for L"ole32.dll" in (null)
0024:trace:module:get_load_order looking for L"C:\\windows\\system32\\ole32.dll"
0024:trace:module:get_load_order got hardcoded default for L"ole32.dll"
0024:trace:module:map_image_into_view mapping PE file L"\\??\\C:\\windows\\system32\\ole32.dll" at 0x2e8f10000-0x2e9039000
0024:trace:module:map_image_into_view mapping L"\\??\\C:\\windows\\system32\\ole32.dll" section .text at 0x2e8f11000 off 1000 size b6000 virt b5ab0 flags 60000060
0024:trace:module:map_image_into_view mapping L"\\??\\C:\\windows\\system32\\ole32.dll" section .data at 0x2e8fc7000 off b7000 size 1000 virt 480 flags c0000040
0024:trace:module:map_image_into_view mapping L"\\??\\C:\\windows\\system32\\ole32.dll" section .rodata at 0x2e8fc8000 off b8000 size 1000 virt 778 flags c0000040
0024:trace:module:map_image_into_view mapping L"\\??\\C:\\windows\\system32\\ole32.dll" section .rdata at 0x2e8fc9000 off b9000 size 1e000 virt 1db90 flags 40000040
0024:trace:module:map_image_into_view mapping L"\\??\\C:\\windows\\system32\\ole32.dll" section .pdata at 0x2e8fe7000 off d7000 size 7000 virt 699c flags 40000040
0024:trace:module:map_image_into_view mapping L"\\??\\C:\\windows\\system32\\ole32.dll" section .xdata at 0x2e8fee000 off de000 size 7000 virt 680c flags 40000040
0024:trace:module:map_image_into_view mapping L"\\??\\C:\\windows\\system32\\ole32.dll" section .bss at 0x2e8ff5000 off 0 size 0 virt 210 flags c0000080
0024:trace:module:map_image_into_view mapping L"\\??\\C:\\windows\\system32\\ole32.dll" section .edata at 0x2e8ff6000 off e5000 size 18000 virt 17412 flags 40000040
0024:trace:module:map_image_into_view mapping L"\\??\\C:\\windows\\system32\\ole32.dll" section .idata at 0x2e900e000 off fd000 size 4000 virt 367c flags c0000040
0024:trace:module:map_image_into_view mapping L"\\??\\C:\\windows\\system32\\ole32.dll" section .rsrc at 0x2e9012000 off 101000 size 25000 virt 24bc0 flags 40000040
0024:trace:module:map_image_into_view mapping L"\\??\\C:\\windows\\system32\\ole32.dll" section .reloc at 0x2e9037000 off 126000 size 2000 virt 181c flags 42000040
0024:trace:module:load_dll looking for L"advapi32.dll" in (null)
0024:trace:module:load_dll Found L"C:\\windows\\system32\\advapi32.dll" for L"advapi32.dll" at 0000000330260000, count=3
0024:trace:module:import_dll is not hybrid module
0024:trace:module:load_dll looking for L"combase.dll" in (null)
0024:trace:module:get_load_order looking for L"C:\\windows\\system32\\combase.dll"
0024:trace:module:get_load_order got hardcoded default for L"combase.dll"
0024:trace:module:map_image_into_view mapping PE file L"\\??\\C:\\windows\\system32\\combase.dll" at 0x327020000-0x327079000
0024:trace:module:map_image_into_view mapping L"\\??\\C:\\windows\\system32\\combase.dll" section .text at 0x327021000 off 1000 size 2c000 virt 2bef0 flags 60000060
0024:trace:module:map_image_into_view mapping L"\\??\\C:\\windows\\system32\\combase.dll" section .data at 0x32704d000 off 2d000 size 1000 virt 580 flags c0000040
0024:trace:module:map_image_into_view mapping L"\\??\\C:\\windows\\system32\\combase.dll" section .rodata at 0x32704e000 off 2e000 size 2000 virt 16c0 flags c0000040
0024:trace:module:map_image_into_view mapping L"\\??\\C:\\windows\\system32\\combase.dll" section .rdata at 0x327050000 off 30000 size e000 virt d2d0 flags 40000040
0024:trace:module:map_image_into_view mapping L"\\??\\C:\\windows\\system32\\combase.dll" section .pdata at 0x32705e000 off 3e000 size 2000 virt 1710 flags 40000040
0024:trace:module:map_image_into_view mapping L"\\??\\C:\\windows\\system32\\combase.dll" section .xdata at 0x327060000 off 40000 size 2000 virt 1910 flags 40000040
0024:trace:module:map_image_into_view mapping L"\\??\\C:\\windows\\system32\\combase.dll" section .bss at 0x327062000 off 0 size 0 virt 1a0 flags c0000080
0024:trace:module:map_image_into_view mapping L"\\??\\C:\\windows\\system32\\combase.dll" section .edata at 0x327063000 off 42000 size 13000 virt 12d6e flags 40000040
0024:trace:module:map_image_into_view mapping L"\\??\\C:\\windows\\system32\\combase.dll" section .idata at 0x327076000 off 55000 size 2000 virt 17e8 flags c0000040
0024:trace:module:map_image_into_view mapping L"\\??\\C:\\windows\\system32\\combase.dll" section .reloc at 0x327078000 off 57000 size 1000 virt 250 flags 42000040
0024:trace:module:load_dll looking for L"advapi32.dll" in (null)
0024:trace:module:load_dll Found L"C:\\windows\\system32\\advapi32.dll" for L"advapi32.dll" at 0000000330260000, count=4
0024:trace:module:import_dll is not hybrid module
0024:trace:module:load_dll looking for L"gdi32.dll" in (null)
0024:trace:module:load_dll Found L"C:\\windows\\system32\\gdi32.dll" for L"gdi32.dll" at 000000026B4C0000, count=2
0024:trace:module:import_dll is not hybrid module
0024:trace:module:load_dll looking for L"kernel32.dll" in (null)
0024:trace:module:load_dll Found L"C:\\windows\\system32\\kernel32.dll" for L"kernel32.dll" at 000000007B600000, count=11
0024:trace:module:import_dll is not hybrid module
0024:trace:module:load_dll looking for L"ntdll.dll" in (null)
0024:trace:module:load_dll Found L"C:\\windows\\system32\\ntdll.dll" for L"ntdll.dll" at 0000000170000000, count=12
0024:trace:module:import_dll is not hybrid module
0024:trace:module:load_dll looking for L"ole32.dll" in (null)
0024:trace:module:load_dll Found L"C:\\windows\\system32\\ole32.dll" for L"ole32.dll" at 00000002E8F10000, count=2
0024:trace:module:import_dll is not hybrid module
0024:trace:module:load_dll looking for L"rpcrt4.dll" in (null)
0024:trace:module:get_load_order looking for L"C:\\windows\\system32\\rpcrt4.dll"
0024:trace:module:get_load_order got hardcoded default for L"rpcrt4.dll"
0024:trace:module:map_image_into_view mapping PE file L"\\??\\C:\\windows\\system32\\rpcrt4.dll" at 0x231ae0000-0x231b70000
0024:trace:module:map_image_into_view mapping L"\\??\\C:\\windows\\system32\\rpcrt4.dll" section .text at 0x231ae1000 off 1000 size 54000 virt 53970 flags 60000060
0024:trace:module:map_image_into_view mapping L"\\??\\C:\\windows\\system32\\rpcrt4.dll" section .data at 0x231b35000 off 55000 size 1000 virt 710 flags c0000040
0024:trace:module:map_image_into_view mapping L"\\??\\C:\\windows\\system32\\rpcrt4.dll" section .rodata at 0x231b36000 off 56000 size 2000 virt 1b44 flags c0000040
0024:trace:module:map_image_into_view mapping L"\\??\\C:\\windows\\system32\\rpcrt4.dll" section .rdata at 0x231b38000 off 58000 size 16000 virt 153f0 flags 40000040
0024:trace:module:map_image_into_view mapping L"\\??\\C:\\windows\\system32\\rpcrt4.dll" section .pdata at 0x231b4e000 off 6e000 size 3000 virt 22f8 flags 40000040
0024:trace:module:map_image_into_view mapping L"\\??\\C:\\windows\\system32\\rpcrt4.dll" section .xdata at 0x231b51000 off 71000 size 3000 virt 2934 flags 40000040
0024:trace:module:map_image_into_view mapping L"\\??\\C:\\windows\\system32\\rpcrt4.dll" section .bss at 0x231b54000 off 0 size 0 virt 690 flags c0000080
0024:trace:module:map_image_into_view mapping L"\\??\\C:\\windows\\system32\\rpcrt4.dll" section .edata at 0x231b55000 off 74000 size 17000 virt 16730 flags 40000040
0024:trace:module:map_image_into_view mapping L"\\??\\C:\\windows\\system32\\rpcrt4.dll" section .idata at 0x231b6c000 off 8b000 size 2000 virt 19ac flags c0000040
0024:trace:module:map_image_into_view mapping L"\\??\\C:\\windows\\system32\\rpcrt4.dll" section .rsrc at 0x231b6e000 off 8d000 size 1000 virt 3a8 flags 40000040
0024:trace:module:map_image_into_view mapping L"\\??\\C:\\windows\\system32\\rpcrt4.dll" section .reloc at 0x231b6f000 off 8e000 size 1000 virt 504 flags 42000040
0024:trace:module:load_dll looking for L"advapi32.dll" in (null)
0024:trace:module:load_dll Found L"C:\\windows\\system32\\advapi32.dll" for L"advapi32.dll" at 0000000330260000, count=5
0024:trace:module:import_dll is not hybrid module
0024:trace:module:load_dll looking for L"kernel32.dll" in (null)
0024:trace:module:load_dll Found L"C:\\windows\\system32\\kernel32.dll" for L"kernel32.dll" at 000000007B600000, count=12
0024:trace:module:import_dll is not hybrid module
0024:trace:module:load_dll looking for L"ntdll.dll" in (null)
0024:trace:module:load_dll Found L"C:\\windows\\system32\\ntdll.dll" for L"ntdll.dll" at 0000000170000000, count=13
0024:trace:module:import_dll is not hybrid module
0024:trace:module:load_dll looking for L"ucrtbase.dll" in (null)
0024:trace:module:load_dll Found L"C:\\windows\\system32\\ucrtbase.dll" for L"ucrtbase.dll" at 00000003AF670000, count=5
0024:trace:module:import_dll is not hybrid module
0024:trace:module:build_module loaded L"\\??\\C:\\windows\\system32\\rpcrt4.dll" 0000000000238630 0000000231AE0000
0024:trace:loaddll:build_module Loaded L"C:\\windows\\system32\\rpcrt4.dll" at 0000000231AE0000: builtin
0024:trace:module:load_dll Loaded module L"\\??\\C:\\windows\\system32\\rpcrt4.dll" at 0000000231AE0000
0024:trace:module:import_dll is not hybrid module
0024:trace:module:load_dll looking for L"ucrtbase.dll" in (null)
0024:trace:module:load_dll Found L"C:\\windows\\system32\\ucrtbase.dll" for L"ucrtbase.dll" at 00000003AF670000, count=6
0024:trace:module:import_dll is not hybrid module
0024:trace:module:load_dll looking for L"user32.dll" in (null)
0024:trace:module:load_dll Found L"C:\\windows\\system32\\USER32.dll" for L"user32.dll" at 000000023D820000, count=2
0024:trace:module:import_dll is not hybrid module
0024:trace:module:build_module loaded L"\\??\\C:\\windows\\system32\\combase.dll" 00000000002383A0 0000000327020000
0024:trace:loaddll:build_module Loaded L"C:\\windows\\system32\\combase.dll" at 0000000327020000: builtin
0024:trace:module:load_dll Loaded module L"\\??\\C:\\windows\\system32\\combase.dll" at 0000000327020000
0024:trace:module:import_dll is not hybrid module
0024:trace:module:load_dll looking for L"gdi32.dll" in (null)
0024:trace:module:load_dll Found L"C:\\windows\\system32\\gdi32.dll" for L"gdi32.dll" at 000000026B4C0000, count=3
0024:trace:module:import_dll is not hybrid module
0024:trace:module:load_dll looking for L"kernel32.dll" in (null)
0024:trace:module:load_dll Found L"C:\\windows\\system32\\kernel32.dll" for L"kernel32.dll" at 000000007B600000, count=13
0024:trace:module:import_dll is not hybrid module
0024:trace:module:load_dll looking for L"kernelbase.dll" in (null)
0024:trace:module:load_dll Found L"C:\\windows\\system32\\kernelbase.dll" for L"kernelbase.dll" at 000000007B000000, count=6
0024:trace:module:import_dll is not hybrid module
0024:trace:module:load_dll looking for L"ntdll.dll" in (null)
0024:trace:module:load_dll Found L"C:\\windows\\system32\\ntdll.dll" for L"ntdll.dll" at 0000000170000000, count=14
0024:trace:module:import_dll is not hybrid module
0024:trace:module:load_dll looking for L"rpcrt4.dll" in (null)
0024:trace:module:load_dll Found L"C:\\windows\\system32\\rpcrt4.dll" for L"rpcrt4.dll" at 0000000231AE0000, count=2
0024:trace:module:import_dll is not hybrid module
0024:trace:module:load_dll looking for L"ucrtbase.dll" in (null)
0024:trace:module:load_dll Found L"C:\\windows\\system32\\ucrtbase.dll" for L"ucrtbase.dll" at 00000003AF670000, count=7
0024:trace:module:import_dll is not hybrid module
0024:trace:module:load_dll looking for L"user32.dll" in (null)
0024:trace:module:load_dll Found L"C:\\windows\\system32\\USER32.dll" for L"user32.dll" at 000000023D820000, count=3
0024:trace:module:import_dll is not hybrid module
0024:trace:module:build_module loaded L"\\??\\C:\\windows\\system32\\ole32.dll" 0000000000232760 00000002E8F10000
0024:trace:loaddll:build_module Loaded L"C:\\windows\\system32\\ole32.dll" at 00000002E8F10000: builtin
0024:trace:module:load_dll Loaded module L"\\??\\C:\\windows\\system32\\ole32.dll" at 00000002E8F10000
0024:trace:module:import_dll is not hybrid module
0024:trace:module:load_dll looking for L"SHLWAPI.dll" in (null)
0024:trace:module:get_load_order looking for L"C:\\windows\\system32\\SHLWAPI.dll"
0024:trace:module:get_load_order got hardcoded default for L"SHLWAPI.dll"
0024:trace:module:map_image_into_view mapping PE file L"\\??\\C:\\windows\\system32\\SHLWAPI.dll" at 0x2e3540000-0x2e359a000
0024:trace:module:map_image_into_view mapping L"\\??\\C:\\windows\\system32\\SHLWAPI.dll" section .text at 0x2e3541000 off 1000 size 27000 virt 26130 flags 60000060
0024:trace:module:map_image_into_view mapping L"\\??\\C:\\windows\\system32\\SHLWAPI.dll" section .data at 0x2e3568000 off 28000 size 1000 virt 210 flags c0000040
0024:trace:module:map_image_into_view mapping L"\\??\\C:\\windows\\system32\\SHLWAPI.dll" section .rodata at 0x2e3569000 off 29000 size 2000 virt 18fc flags c0000040
0024:trace:module:map_image_into_view mapping L"\\??\\C:\\windows\\system32\\SHLWAPI.dll" section .rdata at 0x2e356b000 off 2b000 size b000 virt a550 flags 40000040
0024:trace:module:map_image_into_view mapping L"\\??\\C:\\windows\\system32\\SHLWAPI.dll" section .pdata at 0x2e3576000 off 36000 size 2000 virt 1188 flags 40000040
0024:trace:module:map_image_into_view mapping L"\\??\\C:\\windows\\system32\\SHLWAPI.dll" section .xdata at 0x2e3578000 off 38000 size 2000 virt 14c0 flags 40000040
0024:trace:module:map_image_into_view mapping L"\\??\\C:\\windows\\system32\\SHLWAPI.dll" section .bss at 0x2e357a000 off 0 size 0 virt 1c0 flags c0000080
0024:trace:module:map_image_into_view mapping L"\\??\\C:\\windows\\system32\\SHLWAPI.dll" section .edata at 0x2e357b000 off 3a000 size 14000 virt 13ab5 flags 40000040
0024:trace:module:map_image_into_view mapping L"\\??\\C:\\windows\\system32\\SHLWAPI.dll" section .idata at 0x2e358f000 off 4e000 size 5000 virt 4414 flags c0000040
0024:trace:module:map_image_into_view mapping L"\\??\\C:\\windows\\system32\\SHLWAPI.dll" section .rsrc at 0x2e3594000 off 53000 size 5000 virt 4ed0 flags 40000040
0024:trace:module:map_image_into_view mapping L"\\??\\C:\\windows\\system32\\SHLWAPI.dll" section .reloc at 0x2e3599000 off 58000 size 1000 virt d8 flags 42000040
0024:trace:module:load_dll looking for L"advapi32.dll" in (null)
0024:trace:module:load_dll Found L"C:\\windows\\system32\\advapi32.dll" for L"advapi32.dll" at 0000000330260000, count=6
0024:trace:module:import_dll is not hybrid module
0024:trace:module:load_dll looking for L"gdi32.dll" in (null)
0024:trace:module:load_dll Found L"C:\\windows\\system32\\gdi32.dll" for L"gdi32.dll" at 000000026B4C0000, count=4
0024:trace:module:import_dll is not hybrid module
0024:trace:module:load_dll looking for L"kernel32.dll" in (null)
0024:trace:module:load_dll Found L"C:\\windows\\system32\\kernel32.dll" for L"kernel32.dll" at 000000007B600000, count=14
0024:trace:module:import_dll is not hybrid module
0024:trace:module:load_dll looking for L"kernelbase.dll" in (null)
0024:trace:module:load_dll Found L"C:\\windows\\system32\\kernelbase.dll" for L"kernelbase.dll" at 000000007B000000, count=7
0024:trace:module:import_dll is not hybrid module
0024:trace:module:load_dll looking for L"ntdll.dll" in (null)
0024:trace:module:load_dll Found L"C:\\windows\\system32\\ntdll.dll" for L"ntdll.dll" at 0000000170000000, count=15
0024:trace:module:import_dll is not hybrid module
0024:trace:module:load_dll looking for L"shcore.dll" in (null)
0024:trace:module:get_load_order looking for L"C:\\windows\\system32\\shcore.dll"
0024:trace:module:get_load_order got hardcoded default for L"shcore.dll"
0024:trace:module:map_image_into_view mapping PE file L"\\??\\C:\\windows\\system32\\shcore.dll" at 0x3126f0000-0x31270b000
0024:trace:module:map_image_into_view mapping L"\\??\\C:\\windows\\system32\\shcore.dll" section .text at 0x3126f1000 off 1000 size b000 virt a310 flags 60000020
0024:trace:module:map_image_into_view mapping L"\\??\\C:\\windows\\system32\\shcore.dll" section .data at 0x3126fc000 off c000 size 1000 virt b0 flags c0000040
0024:trace:module:map_image_into_view mapping L"\\??\\C:\\windows\\system32\\shcore.dll" section .rodata at 0x3126fd000 off d000 size 1000 virt fb4 flags c0000040
0024:trace:module:map_image_into_view mapping L"\\??\\C:\\windows\\system32\\shcore.dll" section .rdata at 0x3126fe000 off e000 size 3000 virt 2360 flags 40000040
0024:trace:module:map_image_into_view mapping L"\\??\\C:\\windows\\system32\\shcore.dll" section .pdata at 0x312701000 off 11000 size 1000 virt 570 flags 40000040
0024:trace:module:map_image_into_view mapping L"\\??\\C:\\windows\\system32\\shcore.dll" section .xdata at 0x312702000 off 12000 size 1000 virt 654 flags 40000040
0024:trace:module:map_image_into_view mapping L"\\??\\C:\\windows\\system32\\shcore.dll" section .bss at 0x312703000 off 0 size 0 virt 160 flags c0000080
0024:trace:module:map_image_into_view mapping L"\\??\\C:\\windows\\system32\\shcore.dll" section .edata at 0x312704000 off 13000 size 5000 virt 480e flags 40000040
0024:trace:module:map_image_into_view mapping L"\\??\\C:\\windows\\system32\\shcore.dll" section .idata at 0x312709000 off 18000 size 1000 virt c5c flags c0000040
0024:trace:module:map_image_into_view mapping L"\\??\\C:\\windows\\system32\\shcore.dll" section .reloc at 0x31270a000 off 19000 size 1000 virt a8 flags 42000040
0024:trace:module:load_dll looking for L"advapi32.dll" in (null)
0024:trace:module:load_dll Found L"C:\\windows\\system32\\advapi32.dll" for L"advapi32.dll" at 0000000330260000, count=7
0024:trace:module:import_dll is not hybrid module
0024:trace:module:load_dll looking for L"kernel32.dll" in (null)
0024:trace:module:load_dll Found L"C:\\windows\\system32\\kernel32.dll" for L"kernel32.dll" at 000000007B600000, count=15
0024:trace:module:import_dll is not hybrid module
0024:trace:module:load_dll looking for L"ntdll.dll" in (null)
0024:trace:module:load_dll Found L"C:\\windows\\system32\\ntdll.dll" for L"ntdll.dll" at 0000000170000000, count=16
0024:trace:module:import_dll is not hybrid module
0024:trace:module:load_dll looking for L"ole32.dll" in (null)
0024:trace:module:load_dll Found L"C:\\windows\\system32\\ole32.dll" for L"ole32.dll" at 00000002E8F10000, count=2
0024:trace:module:import_dll is not hybrid module
0024:trace:module:load_dll looking for L"ucrtbase.dll" in (null)
0024:trace:module:load_dll Found L"C:\\windows\\system32\\ucrtbase.dll" for L"ucrtbase.dll" at 00000003AF670000, count=8
0024:trace:module:import_dll is not hybrid module
0024:trace:module:load_dll looking for L"user32.dll" in (null)
0024:trace:module:load_dll Found L"C:\\windows\\system32\\USER32.dll" for L"user32.dll" at 000000023D820000, count=4
0024:trace:module:import_dll is not hybrid module
0024:trace:module:build_module loaded L"\\??\\C:\\windows\\system32\\shcore.dll" 0000000000238ED0 00000003126F0000
0024:trace:loaddll:build_module Loaded L"C:\\windows\\system32\\shcore.dll" at 00000003126F0000: builtin
0024:trace:module:load_dll Loaded module L"\\??\\C:\\windows\\system32\\shcore.dll" at 00000003126F0000
0024:trace:module:import_dll is not hybrid module
0024:trace:module:load_dll looking for L"ucrtbase.dll" in (null)
0024:trace:module:load_dll Found L"C:\\windows\\system32\\ucrtbase.dll" for L"ucrtbase.dll" at 00000003AF670000, count=9
0024:trace:module:import_dll is not hybrid module
0024:trace:module:load_dll looking for L"user32.dll" in (null)
0024:trace:module:load_dll Found L"C:\\windows\\system32\\USER32.dll" for L"user32.dll" at 000000023D820000, count=5
0024:trace:module:import_dll is not hybrid module
0024:trace:module:build_module loaded L"\\??\\C:\\windows\\system32\\SHLWAPI.dll" 0000000000238B40 00000002E3540000
0024:trace:loaddll:build_module Loaded L"C:\\windows\\system32\\SHLWAPI.dll" at 00000002E3540000: builtin
0024:trace:module:load_dll Loaded module L"\\??\\C:\\windows\\system32\\SHLWAPI.dll" at 00000002E3540000
0024:trace:module:import_dll is not hybrid module
0024:trace:module:load_dll looking for L"SETUPAPI.dll" in (null)
0024:trace:module:get_load_order looking for L"C:\\windows\\system32\\SETUPAPI.dll"
0024:trace:module:get_load_order got hardcoded default for L"SETUPAPI.dll"
0024:trace:module:map_image_into_view mapping PE file L"\\??\\C:\\windows\\system32\\setupapi.dll" at 0x21a7e0000-0x21a86a000
0024:trace:module:map_image_into_view mapping L"\\??\\C:\\windows\\system32\\setupapi.dll" section .text at 0x21a7e1000 off 1000 size 4b000 virt 4a2e0 flags 60000060
0024:trace:module:map_image_into_view mapping L"\\??\\C:\\windows\\system32\\setupapi.dll" section .data at 0x21a82c000 off 4c000 size 1000 virt 230 flags c0000040
0024:trace:module:map_image_into_view mapping L"\\??\\C:\\windows\\system32\\setupapi.dll" section .rodata at 0x21a82d000 off 4d000 size 3000 virt 244c flags c0000040
0024:trace:module:map_image_into_view mapping L"\\??\\C:\\windows\\system32\\setupapi.dll" section .rdata at 0x21a830000 off 50000 size e000 virt d130 flags 40000040
0024:trace:module:map_image_into_view mapping L"\\??\\C:\\windows\\system32\\setupapi.dll" section .pdata at 0x21a83e000 off 5e000 size 2000 virt 1758 flags 40000040
0024:trace:module:map_image_into_view mapping L"\\??\\C:\\windows\\system32\\setupapi.dll" section .xdata at 0x21a840000 off 60000 size 2000 virt 1dc4 flags 40000040
0024:trace:module:map_image_into_view mapping L"\\??\\C:\\windows\\system32\\setupapi.dll" section .bss at 0x21a842000 off 0 size 0 virt 720 flags c0000080
0024:trace:module:map_image_into_view mapping L"\\??\\C:\\windows\\system32\\setupapi.dll" section .edata at 0x21a843000 off 62000 size 18000 virt 171c8 flags 40000040
0024:trace:module:map_image_into_view mapping L"\\??\\C:\\windows\\system32\\setupapi.dll" section .idata at 0x21a85b000 off 7a000 size 2000 virt 1f34 flags c0000040
0024:trace:module:map_image_into_view mapping L"\\??\\C:\\windows\\system32\\setupapi.dll" section .rsrc at 0x21a85d000 off 7c000 size c000 virt bf00 flags 40000040
0024:trace:module:map_image_into_view mapping L"\\??\\C:\\windows\\system32\\setupapi.dll" section .reloc at 0x21a869000 off 88000 size 1000 virt d8 flags 42000040
0024:trace:module:load_dll looking for L"advapi32.dll" in (null)
0024:trace:module:load_dll Found L"C:\\windows\\system32\\advapi32.dll" for L"advapi32.dll" at 0000000330260000, count=8
0024:trace:module:import_dll is not hybrid module
0024:trace:module:load_dll looking for L"kernel32.dll" in (null)
0024:trace:module:load_dll Found L"C:\\windows\\system32\\kernel32.dll" for L"kernel32.dll" at 000000007B600000, count=16
0024:trace:module:import_dll is not hybrid module
0024:trace:module:load_dll looking for L"kernelbase.dll" in (null)
0024:trace:module:load_dll Found L"C:\\windows\\system32\\kernelbase.dll" for L"kernelbase.dll" at 000000007B000000, count=8
0024:trace:module:import_dll is not hybrid module
0024:trace:module:load_dll looking for L"ntdll.dll" in (null)
0024:trace:module:load_dll Found L"C:\\windows\\system32\\ntdll.dll" for L"ntdll.dll" at 0000000170000000, count=17
0024:trace:module:import_dll is not hybrid module
0024:trace:module:load_dll looking for L"rpcrt4.dll" in (null)
0024:trace:module:load_dll Found L"C:\\windows\\system32\\rpcrt4.dll" for L"rpcrt4.dll" at 0000000231AE0000, count=3
0024:trace:module:import_dll is not hybrid module
0024:trace:module:load_dll looking for L"ucrtbase.dll" in (null)
0024:trace:module:load_dll Found L"C:\\windows\\system32\\ucrtbase.dll" for L"ucrtbase.dll" at 00000003AF670000, count=10
0024:trace:module:import_dll is not hybrid module
0024:trace:module:load_dll looking for L"version.dll" in (null)
0024:trace:module:load_dll Found L"C:\\windows\\system32\\version.dll" for L"version.dll" at 00000002F1FA0000, count=3
0024:trace:module:import_dll is not hybrid module
0024:trace:module:build_module loaded L"\\??\\C:\\windows\\system32\\SETUPAPI.dll" 0000000000239320 000000021A7E0000
0024:trace:loaddll:build_module Loaded L"C:\\windows\\system32\\SETUPAPI.dll" at 000000021A7E0000: builtin
0024:trace:module:load_dll Loaded module L"\\??\\C:\\windows\\system32\\SETUPAPI.dll" at 000000021A7E0000
0024:trace:module:import_dll is not hybrid module
0024:trace:module:load_dll looking for L"ADVAPI32.dll" in (null)
0024:trace:module:load_dll Found L"C:\\windows\\system32\\advapi32.dll" for L"ADVAPI32.dll" at 0000000330260000, count=9
0024:trace:module:import_dll is not hybrid module
0024:trace:module:load_dll looking for L"GDI32.dll" in (null)
0024:trace:module:load_dll Found L"C:\\windows\\system32\\gdi32.dll" for L"GDI32.dll" at 000000026B4C0000, count=5
0024:trace:module:import_dll is not hybrid module
0024:trace:module:load_dll looking for L"SHELL32.dll" in (null)
0024:trace:module:get_load_order looking for L"C:\\windows\\system32\\SHELL32.dll"
0024:trace:module:get_load_order got hardcoded default for L"SHELL32.dll"
0024:trace:module:map_image_into_view mapping PE file L"\\??\\C:\\windows\\system32\\SHELL32.dll" at 0x1c69e0000-0x1c732b000
0024:trace:module:map_image_into_view mapping L"\\??\\C:\\windows\\system32\\SHELL32.dll" section .text at 0x1c69e1000 off 1000 size b4000 virt b32f0 flags 60000060
0024:trace:module:map_image_into_view mapping L"\\??\\C:\\windows\\system32\\SHELL32.dll" section .data at 0x1c6a95000 off b5000 size 2000 virt 13e0 flags c0000040
0024:trace:module:map_image_into_view mapping L"\\??\\C:\\windows\\system32\\SHELL32.dll" section .rodata at 0x1c6a97000 off b7000 size 2000 virt 18ec flags c0000040
0024:trace:module:map_image_into_view mapping L"\\??\\C:\\windows\\system32\\SHELL32.dll" section .rdata at 0x1c6a99000 off b9000 size 2a000 virt 29cf0 flags 40000040
0024:trace:module:map_image_into_view mapping L"\\??\\C:\\windows\\system32\\SHELL32.dll" section .pdata at 0x1c6ac3000 off e3000 size 6000 virt 57fc flags 40000040
0024:trace:module:map_image_into_view mapping L"\\??\\C:\\windows\\system32\\SHELL32.dll" section .xdata at 0x1c6ac9000 off e9000 size 7000 virt 6178 flags 40000040
0024:trace:module:map_image_into_view mapping L"\\??\\C:\\windows\\system32\\SHELL32.dll" section .bss at 0x1c6ad0000 off 0 size 0 virt 570 flags c0000080
0024:trace:module:map_image_into_view mapping L"\\??\\C:\\windows\\system32\\SHELL32.dll" section .edata at 0x1c6ad1000 off f0000 size 15000 virt 14070 flags 40000040
0024:trace:module:map_image_into_view mapping L"\\??\\C:\\windows\\system32\\SHELL32.dll" section .idata at 0x1c6ae6000 off 105000 size 5000 virt 4aa0 flags c0000040
0024:trace:module:map_image_into_view mapping L"\\??\\C:\\windows\\system32\\SHELL32.dll" section .rsrc at 0x1c6aeb000 off 10a000 size 83e000 virt 83d918 flags 40000040
0024:trace:module:map_image_into_view mapping L"\\??\\C:\\windows\\system32\\SHELL32.dll" section .reloc at 0x1c7329000 off 948000 size 2000 virt 12a4 flags 42000040
0024:trace:module:load_dll looking for L"advapi32.dll" in (null)
0024:trace:module:load_dll Found L"C:\\windows\\system32\\advapi32.dll" for L"advapi32.dll" at 0000000330260000, count=10
0024:trace:module:import_dll is not hybrid module
0024:trace:module:load_dll looking for L"gdi32.dll" in (null)
0024:trace:module:load_dll Found L"C:\\windows\\system32\\gdi32.dll" for L"gdi32.dll" at 000000026B4C0000, count=6
0024:trace:module:import_dll is not hybrid module
0024:trace:module:load_dll looking for L"kernel32.dll" in (null)
0024:trace:module:load_dll Found L"C:\\windows\\system32\\kernel32.dll" for L"kernel32.dll" at 000000007B600000, count=17
0024:trace:module:import_dll is not hybrid module
0024:trace:module:load_dll looking for L"ntdll.dll" in (null)
0024:trace:module:load_dll Found L"C:\\windows\\system32\\ntdll.dll" for L"ntdll.dll" at 0000000170000000, count=18
0024:trace:module:import_dll is not hybrid module
0024:trace:module:load_dll looking for L"shlwapi.dll" in (null)
0024:trace:module:load_dll Found L"C:\\windows\\system32\\SHLWAPI.dll" for L"shlwapi.dll" at 00000002E3540000, count=2
0024:trace:module:import_dll is not hybrid module
0024:trace:module:load_dll looking for L"ucrtbase.dll" in (null)
0024:trace:module:load_dll Found L"C:\\windows\\system32\\ucrtbase.dll" for L"ucrtbase.dll" at 00000003AF670000, count=11
0024:trace:module:import_dll is not hybrid module
0024:trace:module:load_dll looking for L"user32.dll" in (null)
0024:trace:module:load_dll Found L"C:\\windows\\system32\\USER32.dll" for L"user32.dll" at 000000023D820000, count=6
0024:trace:module:import_dll is not hybrid module
0024:trace:module:build_module loaded L"\\??\\C:\\windows\\system32\\SHELL32.dll" 0000000000239790 00000001C69E0000
0024:trace:loaddll:build_module Loaded L"C:\\windows\\system32\\SHELL32.dll" at 00000001C69E0000: builtin
0024:trace:module:load_dll Loaded module L"\\??\\C:\\windows\\system32\\SHELL32.dll" at 00000001C69E0000
0024:trace:module:import_dll is not hybrid module
0024:trace:module:load_dll looking for L"OPENGL32.dll" in (null)
0024:trace:module:get_load_order looking for L"C:\\windows\\system32\\OPENGL32.dll"
0024:trace:module:get_load_order got hardcoded default for L"OPENGL32.dll"
0024:trace:module:load_builtin L"\\??\\C:\\windows\\system32\\OPENGL32.dll" is a fake Wine dll
0024:trace:module:load_dll looking for L"advapi32.dll" in (null)
0024:trace:module:load_dll Found L"C:\\windows\\system32\\advapi32.dll" for L"advapi32.dll" at 0000000330260000, count=11
0024:trace:module:import_dll is not hybrid module
0024:trace:module:load_dll looking for L"gdi32.dll" in (null)
0024:trace:module:load_dll Found L"C:\\windows\\system32\\gdi32.dll" for L"gdi32.dll" at 000000026B4C0000, count=7
0024:trace:module:import_dll is not hybrid module
0024:trace:module:load_dll looking for L"kernel32.dll" in (null)
0024:trace:module:load_dll Found L"C:\\windows\\system32\\kernel32.dll" for L"kernel32.dll" at 000000007B600000, count=18
0024:trace:module:import_dll is not hybrid module
0024:trace:module:load_dll looking for L"ntdll.dll" in (null)
0024:trace:module:load_dll Found L"C:\\windows\\system32\\ntdll.dll" for L"ntdll.dll" at 0000000170000000, count=19
0024:trace:module:import_dll is not hybrid module
0024:trace:module:load_dll looking for L"win32u.dll" in (null)
0024:trace:module:load_dll Found L"C:\\windows\\system32\\win32u.dll" for L"win32u.dll" at 000000006D980000, count=3
0024:trace:module:import_dll is not hybrid module
0024:trace:module:build_module loaded L"\\??\\C:\\windows\\system32\\OPENGL32.dll" 0000000000239BA0 000000006DD70000
0024:trace:loaddll:build_module Loaded L"C:\\windows\\system32\\OPENGL32.dll" at 000000006DD70000: builtin
0024:trace:module:load_dll Loaded module L"\\??\\C:\\windows\\system32\\OPENGL32.dll" at 000000006DD70000
0024:trace:module:import_dll is not hybrid module
0024:trace:module:load_dll looking for L"WINMM.dll" in (null)
0024:trace:module:get_load_order looking for L"C:\\windows\\system32\\WINMM.dll"
0024:trace:module:get_load_order got hardcoded default for L"WINMM.dll"
0024:trace:module:map_image_into_view mapping PE file L"\\??\\C:\\windows\\system32\\WINMM.dll" at 0x3b8f00000-0x3b8fca000
0024:trace:module:map_image_into_view mapping L"\\??\\C:\\windows\\system32\\WINMM.dll" section .text at 0x3b8f01000 off 1000 size 2a000 virt 29e10 flags 60000060
0024:trace:module:map_image_into_view mapping L"\\??\\C:\\windows\\system32\\WINMM.dll" section .data at 0x3b8f2b000 off 2b000 size 1000 virt 660 flags c0000040
0024:trace:module:map_image_into_view mapping L"\\??\\C:\\windows\\system32\\WINMM.dll" section .rodata at 0x3b8f2c000 off 2c000 size 1000 virt 344 flags c0000040
0024:trace:module:map_image_into_view mapping L"\\??\\C:\\windows\\system32\\WINMM.dll" section .rdata at 0x3b8f2d000 off 2d000 size a000 virt 9040 flags 40000040
0024:trace:module:map_image_into_view mapping L"\\??\\C:\\windows\\system32\\WINMM.dll" section .pdata at 0x3b8f37000 off 37000 size 1000 virt f54 flags 40000040
0024:trace:module:map_image_into_view mapping L"\\??\\C:\\windows\\system32\\WINMM.dll" section .xdata at 0x3b8f38000 off 38000 size 2000 virt 1280 flags 40000040
0024:trace:module:map_image_into_view mapping L"\\??\\C:\\windows\\system32\\WINMM.dll" section .bss at 0x3b8f3a000 off 0 size 0 virt ae20 flags c0000080
0024:trace:module:map_image_into_view mapping L"\\??\\C:\\windows\\system32\\WINMM.dll" section .edata at 0x3b8f45000 off 3a000 size 8000 virt 7682 flags 40000040
0024:trace:module:map_image_into_view mapping L"\\??\\C:\\windows\\system32\\WINMM.dll" section .idata at 0x3b8f4d000 off 42000 size 2000 virt 1490 flags c0000040
0024:trace:module:map_image_into_view mapping L"\\??\\C:\\windows\\system32\\WINMM.dll" section .rsrc at 0x3b8f4f000 off 44000 size 7a000 virt 79f10 flags 40000040
0024:trace:module:map_image_into_view mapping L"\\??\\C:\\windows\\system32\\WINMM.dll" section .reloc at 0x3b8fc9000 off be000 size 1000 virt ac flags 42000040
0024:trace:module:load_dll looking for L"advapi32.dll" in (null)
0024:trace:module:load_dll Found L"C:\\windows\\system32\\advapi32.dll" for L"advapi32.dll" at 0000000330260000, count=12
0024:trace:module:import_dll is not hybrid module
0024:trace:module:load_dll looking for L"kernel32.dll" in (null)
0024:trace:module:load_dll Found L"C:\\windows\\system32\\kernel32.dll" for L"kernel32.dll" at 000000007B600000, count=19
0024:trace:module:import_dll is not hybrid module
0024:trace:module:load_dll looking for L"msacm32.dll" in (null)
0024:trace:module:get_load_order looking for L"C:\\windows\\system32\\msacm32.dll"
0024:trace:module:get_load_order got hardcoded default for L"msacm32.dll"
0024:trace:module:map_image_into_view mapping PE file L"\\??\\C:\\windows\\system32\\msacm32.dll" at 0x1c8b40000-0x1c8b66000
0024:trace:module:map_image_into_view mapping L"\\??\\C:\\windows\\system32\\msacm32.dll" section .text at 0x1c8b41000 off 1000 size 14000 virt 13f50 flags 60000020
0024:trace:module:map_image_into_view mapping L"\\??\\C:\\windows\\system32\\msacm32.dll" section .data at 0x1c8b55000 off 15000 size 1000 virt d0 flags c0000040
0024:trace:module:map_image_into_view mapping L"\\??\\C:\\windows\\system32\\msacm32.dll" section .rodata at 0x1c8b56000 off 16000 size 1000 virt d8 flags c0000040
0024:trace:module:map_image_into_view mapping L"\\??\\C:\\windows\\system32\\msacm32.dll" section .rdata at 0x1c8b57000 off 17000 size 3000 virt 27d0 flags 40000040
0024:trace:module:map_image_into_view mapping L"\\??\\C:\\windows\\system32\\msacm32.dll" section .pdata at 0x1c8b5a000 off 1a000 size 1000 virt 708 flags 40000040
0024:trace:module:map_image_into_view mapping L"\\??\\C:\\windows\\system32\\msacm32.dll" section .xdata at 0x1c8b5b000 off 1b000 size 1000 virt 8f0 flags 40000040
0024:trace:module:map_image_into_view mapping L"\\??\\C:\\windows\\system32\\msacm32.dll" section .bss at 0x1c8b5c000 off 0 size 0 virt 1a0 flags c0000080
0024:trace:module:map_image_into_view mapping L"\\??\\C:\\windows\\system32\\msacm32.dll" section .edata at 0x1c8b5d000 off 1c000 size 1000 virt d6e flags 40000040
0024:trace:module:map_image_into_view mapping L"\\??\\C:\\windows\\system32\\msacm32.dll" section .idata at 0x1c8b5e000 off 1d000 size 1000 virt aac flags c0000040
0024:trace:module:map_image_into_view mapping L"\\??\\C:\\windows\\system32\\msacm32.dll" section .rsrc at 0x1c8b5f000 off 1e000 size 6000 virt 5ba0 flags 40000040
0024:trace:module:map_image_into_view mapping L"\\??\\C:\\windows\\system32\\msacm32.dll" section .reloc at 0x1c8b65000 off 24000 size 1000 virt 88 flags 42000040
0024:trace:module:load_dll looking for L"advapi32.dll" in (null)
0024:trace:module:load_dll Found L"C:\\windows\\system32\\advapi32.dll" for L"advapi32.dll" at 0000000330260000, count=13
0024:trace:module:import_dll is not hybrid module
0024:trace:module:load_dll looking for L"kernel32.dll" in (null)
0024:trace:module:load_dll Found L"C:\\windows\\system32\\kernel32.dll" for L"kernel32.dll" at 000000007B600000, count=20
0024:trace:module:import_dll is not hybrid module
0024:trace:module:load_dll looking for L"ntdll.dll" in (null)
0024:trace:module:load_dll Found L"C:\\windows\\system32\\ntdll.dll" for L"ntdll.dll" at 0000000170000000, count=20
0024:trace:module:import_dll is not hybrid module
0024:trace:module:load_dll looking for L"ucrtbase.dll" in (null)
0024:trace:module:load_dll Found L"C:\\windows\\system32\\ucrtbase.dll" for L"ucrtbase.dll" at 00000003AF670000, count=12
0024:trace:module:import_dll is not hybrid module
0024:trace:module:load_dll looking for L"user32.dll" in (null)
0024:trace:module:load_dll Found L"C:\\windows\\system32\\USER32.dll" for L"user32.dll" at 000000023D820000, count=7
0024:trace:module:import_dll is not hybrid module
0024:trace:module:load_dll looking for L"winmm.dll" in (null)
0024:trace:module:load_dll Found L"C:\\windows\\system32\\WINMM.dll" for L"winmm.dll" at 00000003B8F00000, count=2
0024:trace:module:import_dll is not hybrid module
0024:trace:module:build_module loaded L"\\??\\C:\\windows\\system32\\msacm32.dll" 000000000023A220 00000001C8B40000
0024:trace:loaddll:build_module Loaded L"C:\\windows\\system32\\msacm32.dll" at 00000001C8B40000: builtin
0024:trace:module:load_dll Loaded module L"\\??\\C:\\windows\\system32\\msacm32.dll" at 00000001C8B40000
0024:trace:module:import_dll is not hybrid module
0024:trace:module:load_dll looking for L"ntdll.dll" in (null)
0024:trace:module:load_dll Found L"C:\\windows\\system32\\ntdll.dll" for L"ntdll.dll" at 0000000170000000, count=21
0024:trace:module:import_dll is not hybrid module
0024:trace:module:load_dll looking for L"ole32.dll" in (null)
0024:trace:module:load_dll Found L"C:\\windows\\system32\\ole32.dll" for L"ole32.dll" at 00000002E8F10000, count=3
0024:trace:module:import_dll is not hybrid module
0024:trace:module:load_dll looking for L"ucrtbase.dll" in (null)
0024:trace:module:load_dll Found L"C:\\windows\\system32\\ucrtbase.dll" for L"ucrtbase.dll" at 00000003AF670000, count=13
0024:trace:module:import_dll is not hybrid module
0024:trace:module:load_dll looking for L"user32.dll" in (null)
0024:trace:module:load_dll Found L"C:\\windows\\system32\\USER32.dll" for L"user32.dll" at 000000023D820000, count=8
0024:trace:module:import_dll is not hybrid module
0024:trace:module:build_module loaded L"\\??\\C:\\windows\\system32\\WINMM.dll" 0000000000239F50 00000003B8F00000
0024:trace:loaddll:build_module Loaded L"C:\\windows\\system32\\WINMM.dll" at 00000003B8F00000: builtin
0024:trace:module:load_dll Loaded module L"\\??\\C:\\windows\\system32\\WINMM.dll" at 00000003B8F00000
0024:trace:module:import_dll is not hybrid module
0024:trace:module:load_dll looking for L"OLEAUT32.dll" in (null)
0024:trace:module:get_load_order looking for L"C:\\windows\\system32\\OLEAUT32.dll"
0024:trace:module:get_load_order got hardcoded default for L"OLEAUT32.dll"
0024:trace:module:map_image_into_view mapping PE file L"\\??\\C:\\windows\\system32\\OLEAUT32.dll" at 0x2739c0000-0x273b07000
0024:trace:module:map_image_into_view mapping L"\\??\\C:\\windows\\system32\\OLEAUT32.dll" section .text at 0x2739c1000 off 1000 size bc000 virt bb590 flags 60000060
0024:trace:module:map_image_into_view mapping L"\\??\\C:\\windows\\system32\\OLEAUT32.dll" section .data at 0x273a7d000 off bd000 size 2000 virt 1100 flags c0000040
0024:trace:module:map_image_into_view mapping L"\\??\\C:\\windows\\system32\\OLEAUT32.dll" section .rodata at 0x273a7f000 off bf000 size 1000 virt 984 flags c0000040
0024:trace:module:map_image_into_view mapping L"\\??\\C:\\windows\\system32\\OLEAUT32.dll" section .rdata at 0x273a80000 off c0000 size 1f000 virt 1eca0 flags 40000040
0024:trace:module:map_image_into_view mapping L"\\??\\C:\\windows\\system32\\OLEAUT32.dll" section .pdata at 0x273a9f000 off df000 size 6000 virt 5718 flags 40000040
0024:trace:module:map_image_into_view mapping L"\\??\\C:\\windows\\system32\\OLEAUT32.dll" section .xdata at 0x273aa5000 off e5000 size 6000 virt 5140 flags 40000040
0024:trace:module:map_image_into_view mapping L"\\??\\C:\\windows\\system32\\OLEAUT32.dll" section .bss at 0x273aab000 off 0 size 0 virt 38230 flags c0000080
0024:trace:module:map_image_into_view mapping L"\\??\\C:\\windows\\system32\\OLEAUT32.dll" section .edata at 0x273ae4000 off eb000 size 19000 virt 18c59 flags 40000040
0024:trace:module:map_image_into_view mapping L"\\??\\C:\\windows\\system32\\OLEAUT32.dll" section .idata at 0x273afd000 off 104000 size 3000 virt 2aa4 flags c0000040
0024:trace:module:map_image_into_view mapping L"\\??\\C:\\windows\\system32\\OLEAUT32.dll" section .rsrc at 0x273b00000 off 107000 size 5000 virt 4ee0 flags 40000040
0024:trace:module:map_image_into_view mapping L"\\??\\C:\\windows\\system32\\OLEAUT32.dll" section .reloc at 0x273b05000 off 10c000 size 2000 virt 151c flags 42000040
0024:trace:module:load_dll looking for L"advapi32.dll" in (null)
0024:trace:module:load_dll Found L"C:\\windows\\system32\\advapi32.dll" for L"advapi32.dll" at 0000000330260000, count=14
0024:trace:module:import_dll is not hybrid module
0024:trace:module:load_dll looking for L"gdi32.dll" in (null)
0024:trace:module:load_dll Found L"C:\\windows\\system32\\gdi32.dll" for L"gdi32.dll" at 000000026B4C0000, count=8
0024:trace:module:import_dll is not hybrid module
0024:trace:module:load_dll looking for L"kernel32.dll" in (null)
0024:trace:module:load_dll Found L"C:\\windows\\system32\\kernel32.dll" for L"kernel32.dll" at 000000007B600000, count=21
0024:trace:module:import_dll is not hybrid module
0024:trace:module:load_dll looking for L"ntdll.dll" in (null)
0024:trace:module:load_dll Found L"C:\\windows\\system32\\ntdll.dll" for L"ntdll.dll" at 0000000170000000, count=22
0024:trace:module:import_dll is not hybrid module
0024:trace:module:load_dll looking for L"ole32.dll" in (null)
0024:trace:module:load_dll Found L"C:\\windows\\system32\\ole32.dll" for L"ole32.dll" at 00000002E8F10000, count=4
0024:trace:module:import_dll is not hybrid module
0024:trace:module:load_dll looking for L"rpcrt4.dll" in (null)
0024:trace:module:load_dll Found L"C:\\windows\\system32\\rpcrt4.dll" for L"rpcrt4.dll" at 0000000231AE0000, count=4
0024:trace:module:import_dll is not hybrid module
0024:trace:module:load_dll looking for L"ucrtbase.dll" in (null)
0024:trace:module:load_dll Found L"C:\\windows\\system32\\ucrtbase.dll" for L"ucrtbase.dll" at 00000003AF670000, count=14
0024:trace:module:import_dll is not hybrid module
0024:trace:module:load_dll looking for L"user32.dll" in (null)
0024:trace:module:load_dll Found L"C:\\windows\\system32\\USER32.dll" for L"user32.dll" at 000000023D820000, count=9
0024:trace:module:import_dll is not hybrid module
0024:trace:module:build_module loaded L"\\??\\C:\\windows\\system32\\OLEAUT32.dll" 000000000023A6B0 00000002739C0000
0024:trace:loaddll:build_module Loaded L"C:\\windows\\system32\\OLEAUT32.dll" at 00000002739C0000: builtin
0024:trace:module:load_dll Loaded module L"\\??\\C:\\windows\\system32\\OLEAUT32.dll" at 00000002739C0000
0024:trace:module:import_dll is not hybrid module
0024:trace:module:load_dll looking for L"IMM32.dll" in (null)
0024:trace:module:get_load_order looking for L"C:\\windows\\system32\\IMM32.dll"
0024:trace:module:get_load_order got hardcoded default for L"IMM32.dll"
0024:trace:module:map_image_into_view mapping PE file L"\\??\\C:\\windows\\system32\\imm32.dll" at 0x3afd00000-0x3afd1b000
0024:trace:module:map_image_into_view mapping L"\\??\\C:\\windows\\system32\\imm32.dll" section .text at 0x3afd01000 off 1000 size d000 virt cae0 flags 60000060
0024:trace:module:map_image_into_view mapping L"\\??\\C:\\windows\\system32\\imm32.dll" section .data at 0x3afd0e000 off e000 size 1000 virt 120 flags c0000040
0024:trace:module:map_image_into_view mapping L"\\??\\C:\\windows\\system32\\imm32.dll" section .rodata at 0x3afd0f000 off f000 size 1000 virt 3ec flags c0000040
0024:trace:module:map_image_into_view mapping L"\\??\\C:\\windows\\system32\\imm32.dll" section .rdata at 0x3afd10000 off 10000 size 2000 virt 1cd0 flags 40000040
0024:trace:module:map_image_into_view mapping L"\\??\\C:\\windows\\system32\\imm32.dll" section .pdata at 0x3afd12000 off 12000 size 1000 virt 5e8 flags 40000040
0024:trace:module:map_image_into_view mapping L"\\??\\C:\\windows\\system32\\imm32.dll" section .xdata at 0x3afd13000 off 13000 size 1000 virt 6fc flags 40000040
0024:trace:module:map_image_into_view mapping L"\\??\\C:\\windows\\system32\\imm32.dll" section .bss at 0x3afd14000 off 0 size 0 virt 160 flags c0000080
0024:trace:module:map_image_into_view mapping L"\\??\\C:\\windows\\system32\\imm32.dll" section .edata at 0x3afd15000 off 14000 size 3000 virt 2b29 flags 40000040
0024:trace:module:map_image_into_view mapping L"\\??\\C:\\windows\\system32\\imm32.dll" section .idata at 0x3afd18000 off 17000 size 1000 virt cb8 flags c0000040
0024:trace:module:map_image_into_view mapping L"\\??\\C:\\windows\\system32\\imm32.dll" section .rsrc at 0x3afd19000 off 18000 size 1000 virt 3a8 flags 40000040
0024:trace:module:map_image_into_view mapping L"\\??\\C:\\windows\\system32\\imm32.dll" section .reloc at 0x3afd1a000 off 19000 size 1000 virt 50 flags 42000040
0024:trace:module:load_dll looking for L"advapi32.dll" in (null)
0024:trace:module:load_dll Found L"C:\\windows\\system32\\advapi32.dll" for L"advapi32.dll" at 0000000330260000, count=15
0024:trace:module:import_dll is not hybrid module
0024:trace:module:load_dll looking for L"kernel32.dll" in (null)
0024:trace:module:load_dll Found L"C:\\windows\\system32\\kernel32.dll" for L"kernel32.dll" at 000000007B600000, count=22
0024:trace:module:import_dll is not hybrid module
0024:trace:module:load_dll looking for L"ntdll.dll" in (null)
0024:trace:module:load_dll Found L"C:\\windows\\system32\\ntdll.dll" for L"ntdll.dll" at 0000000170000000, count=23
0024:trace:module:import_dll is not hybrid module
0024:trace:module:load_dll looking for L"ucrtbase.dll" in (null)
0024:trace:module:load_dll Found L"C:\\windows\\system32\\ucrtbase.dll" for L"ucrtbase.dll" at 00000003AF670000, count=15
0024:trace:module:import_dll is not hybrid module
0024:trace:module:load_dll looking for L"user32.dll" in (null)
0024:trace:module:load_dll Found L"C:\\windows\\system32\\USER32.dll" for L"user32.dll" at 000000023D820000, count=10
0024:trace:module:import_dll is not hybrid module
0024:trace:module:build_module loaded L"\\??\\C:\\windows\\system32\\IMM32.dll" 000000000023AB20 00000003AFD00000
0024:trace:loaddll:build_module Loaded L"C:\\windows\\system32\\IMM32.dll" at 00000003AFD00000: builtin
0024:trace:module:load_dll Loaded module L"\\??\\C:\\windows\\system32\\IMM32.dll" at 00000003AFD00000
0024:trace:module:import_dll is not hybrid module
0024:trace:module:load_dll looking for L"WINHTTP.dll" in (null)
0024:trace:module:get_load_order looking for L"C:\\windows\\system32\\WINHTTP.dll"
0024:trace:module:get_load_order got hardcoded default for L"WINHTTP.dll"
0024:trace:module:map_image_into_view mapping PE file L"\\??\\C:\\windows\\system32\\WINHTTP.dll" at 0x358120000-0x35816b000
0024:trace:module:map_image_into_view mapping L"\\??\\C:\\windows\\system32\\WINHTTP.dll" section .text at 0x358121000 off 1000 size 25000 virt 241e0 flags 60000060
0024:trace:module:map_image_into_view mapping L"\\??\\C:\\windows\\system32\\WINHTTP.dll" section .data at 0x358146000 off 26000 size 1000 virt 250 flags c0000040
0024:trace:module:map_image_into_view mapping L"\\??\\C:\\windows\\system32\\WINHTTP.dll" section .rodata at 0x358147000 off 27000 size 1000 virt f0 flags c0000040
0024:trace:module:map_image_into_view mapping L"\\??\\C:\\windows\\system32\\WINHTTP.dll" section .rdata at 0x358148000 off 28000 size c000 virt b1b0 flags 40000040
0024:trace:module:map_image_into_view mapping L"\\??\\C:\\windows\\system32\\WINHTTP.dll" section .pdata at 0x358154000 off 34000 size 1000 virt bb8 flags 40000040
0024:trace:module:map_image_into_view mapping L"\\??\\C:\\windows\\system32\\WINHTTP.dll" section .xdata at 0x358155000 off 35000 size 1000 virt eb0 flags 40000040
0024:trace:module:map_image_into_view mapping L"\\??\\C:\\windows\\system32\\WINHTTP.dll" section .bss at 0x358156000 off 0 size 0 virt 1b0 flags c0000080
0024:trace:module:map_image_into_view mapping L"\\??\\C:\\windows\\system32\\WINHTTP.dll" section .edata at 0x358157000 off 36000 size e000 virt d4ab flags 40000040
0024:trace:module:map_image_into_view mapping L"\\??\\C:\\windows\\system32\\WINHTTP.dll" section .idata at 0x358165000 off 44000 size 2000 virt 178c flags c0000040
0024:trace:module:map_image_into_view mapping L"\\??\\C:\\windows\\system32\\WINHTTP.dll" section .rsrc at 0x358167000 off 46000 size 3000 virt 21c0 flags 40000040
0024:trace:module:map_image_into_view mapping L"\\??\\C:\\windows\\system32\\WINHTTP.dll" section .reloc at 0x35816a000 off 49000 size 1000 virt 258 flags 42000040
0024:trace:module:load_dll looking for L"advapi32.dll" in (null)
0024:trace:module:load_dll Found L"C:\\windows\\system32\\advapi32.dll" for L"advapi32.dll" at 0000000330260000, count=16
0024:trace:module:import_dll is not hybrid module
0024:trace:module:load_dll looking for L"jsproxy.dll" in (null)
0024:trace:module:get_load_order looking for L"C:\\windows\\system32\\jsproxy.dll"
0024:trace:module:get_load_order got hardcoded default for L"jsproxy.dll"
0024:trace:module:map_image_into_view mapping PE file L"\\??\\C:\\windows\\system32\\jsproxy.dll" at 0x346ba0000-0x346bc1000
0024:trace:module:map_image_into_view mapping L"\\??\\C:\\windows\\system32\\jsproxy.dll" section .text at 0x346ba1000 off 1000 size 3000 virt 25e0 flags 60000020
0024:trace:module:map_image_into_view mapping L"\\??\\C:\\windows\\system32\\jsproxy.dll" section .data at 0x346ba4000 off 4000 size 1000 virt 110 flags c0000040
0024:trace:module:map_image_into_view mapping L"\\??\\C:\\windows\\system32\\jsproxy.dll" section .rodata at 0x346ba5000 off 5000 size 1000 virt 94 flags c0000040
0024:trace:module:map_image_into_view mapping L"\\??\\C:\\windows\\system32\\jsproxy.dll" section .rdata at 0x346ba6000 off 6000 size 7000 virt 65f0 flags 40000040
0024:trace:module:map_image_into_view mapping L"\\??\\C:\\windows\\system32\\jsproxy.dll" section .pdata at 0x346bad000 off d000 size 1000 virt 234 flags 40000040
0024:trace:module:map_image_into_view mapping L"\\??\\C:\\windows\\system32\\jsproxy.dll" section .xdata at 0x346bae000 off e000 size 1000 virt 1b0 flags 40000040
0024:trace:module:map_image_into_view mapping L"\\??\\C:\\windows\\system32\\jsproxy.dll" section .bss at 0x346baf000 off 0 size 0 virt 160 flags c0000080
0024:trace:module:map_image_into_view mapping L"\\??\\C:\\windows\\system32\\jsproxy.dll" section .edata at 0x346bb0000 off f000 size d000 virt c2e0 flags 40000040
0024:trace:module:map_image_into_view mapping L"\\??\\C:\\windows\\system32\\jsproxy.dll" section .idata at 0x346bbd000 off 1c000 size 1000 virt 7e8 flags c0000040
0024:trace:module:map_image_into_view mapping L"\\??\\C:\\windows\\system32\\jsproxy.dll" section .rsrc at 0x346bbe000 off 1d000 size 2000 virt 1c18 flags 40000040
0024:trace:module:map_image_into_view mapping L"\\??\\C:\\windows\\system32\\jsproxy.dll" section .reloc at 0x346bc0000 off 1f000 size 1000 virt 78 flags 42000040
0024:trace:module:load_dll looking for L"kernel32.dll" in (null)
0024:trace:module:load_dll Found L"C:\\windows\\system32\\kernel32.dll" for L"kernel32.dll" at 000000007B600000, count=23
0024:trace:module:import_dll is not hybrid module
0024:trace:module:load_dll looking for L"ntdll.dll" in (null)
0024:trace:module:load_dll Found L"C:\\windows\\system32\\ntdll.dll" for L"ntdll.dll" at 0000000170000000, count=24
0024:trace:module:import_dll is not hybrid module
0024:trace:module:load_dll looking for L"ole32.dll" in (null)
0024:trace:module:load_dll Found L"C:\\windows\\system32\\ole32.dll" for L"ole32.dll" at 00000002E8F10000, count=5
0024:trace:module:import_dll is not hybrid module
0024:trace:module:load_dll looking for L"oleaut32.dll" in (null)
0024:trace:module:load_dll Found L"C:\\windows\\system32\\OLEAUT32.dll" for L"oleaut32.dll" at 00000002739C0000, count=2
0024:trace:module:import_dll is not hybrid module
0024:trace:module:load_dll looking for L"ucrtbase.dll" in (null)
0024:trace:module:load_dll Found L"C:\\windows\\system32\\ucrtbase.dll" for L"ucrtbase.dll" at 00000003AF670000, count=16
0024:trace:module:import_dll is not hybrid module
0024:trace:module:load_dll looking for L"ws2_32.dll" in (null)
0024:trace:module:get_load_order looking for L"C:\\windows\\system32\\ws2_32.dll"
0024:trace:module:get_load_order got hardcoded default for L"ws2_32.dll"
0024:trace:module:map_image_into_view mapping PE file L"\\??\\C:\\windows\\system32\\ws2_32.dll" at 0x1ec2b0000-0x1ec2d8000
0024:trace:module:map_image_into_view mapping L"\\??\\C:\\windows\\system32\\ws2_32.dll" section .text at 0x1ec2b1000 off 1000 size 15000 virt 147b0 flags 60000060
0024:trace:module:map_image_into_view mapping L"\\??\\C:\\windows\\system32\\ws2_32.dll" section .data at 0x1ec2c6000 off 16000 size 1000 virt 1b0 flags c0000040
0024:trace:module:map_image_into_view mapping L"\\??\\C:\\windows\\system32\\ws2_32.dll" section .rodata at 0x1ec2c7000 off 17000 size 1000 virt 85c flags c0000040
0024:trace:module:map_image_into_view mapping L"\\??\\C:\\windows\\system32\\ws2_32.dll" section .rdata at 0x1ec2c8000 off 18000 size 5000 virt 4bd0 flags 40000040
0024:trace:module:map_image_into_view mapping L"\\??\\C:\\windows\\system32\\ws2_32.dll" section .pdata at 0x1ec2cd000 off 1d000 size 1000 virt 918 flags 40000040
0024:trace:module:map_image_into_view mapping L"\\??\\C:\\windows\\system32\\ws2_32.dll" section .xdata at 0x1ec2ce000 off 1e000 size 1000 virt a14 flags 40000040
0024:trace:module:map_image_into_view mapping L"\\??\\C:\\windows\\system32\\ws2_32.dll" section .bss at 0x1ec2cf000 off 0 size 0 virt 170 flags c0000080
0024:trace:module:map_image_into_view mapping L"\\??\\C:\\windows\\system32\\ws2_32.dll" section .edata at 0x1ec2d0000 off 1f000 size 3000 virt 23c6 flags 40000040
0024:trace:module:map_image_into_view mapping L"\\??\\C:\\windows\\system32\\ws2_32.dll" section .idata at 0x1ec2d3000 off 22000 size 1000 virt bf4 flags c0000040
0024:trace:module:map_image_into_view mapping L"\\??\\C:\\windows\\system32\\ws2_32.dll" section .rsrc at 0x1ec2d4000 off 23000 size 3000 virt 29b8 flags 40000040
0024:trace:module:map_image_into_view mapping L"\\??\\C:\\windows\\system32\\ws2_32.dll" section .reloc at 0x1ec2d7000 off 26000 size 1000 virt 70 flags 42000040
0024:trace:module:load_dll looking for L"kernel32.dll" in (null)
0024:trace:module:load_dll Found L"C:\\windows\\system32\\kernel32.dll" for L"kernel32.dll" at 000000007B600000, count=24
0024:trace:module:import_dll is not hybrid module
0024:trace:module:load_dll looking for L"ntdll.dll" in (null)
0024:trace:module:load_dll Found L"C:\\windows\\system32\\ntdll.dll" for L"ntdll.dll" at 0000000170000000, count=25
0024:trace:module:import_dll is not hybrid module
0024:trace:module:load_dll looking for L"ucrtbase.dll" in (null)
0024:trace:module:load_dll Found L"C:\\windows\\system32\\ucrtbase.dll" for L"ucrtbase.dll" at 00000003AF670000, count=17
0024:trace:module:import_dll is not hybrid module
0024:trace:module:build_module loaded L"\\??\\C:\\windows\\system32\\ws2_32.dll" 000000000023B510 00000001EC2B0000
0024:trace:loaddll:build_module Loaded L"C:\\windows\\system32\\ws2_32.dll" at 00000001EC2B0000: builtin
0024:trace:module:load_dll Loaded module L"\\??\\C:\\windows\\system32\\ws2_32.dll" at 00000001EC2B0000
0024:trace:module:import_dll is not hybrid module
0024:trace:module:build_module loaded L"\\??\\C:\\windows\\system32\\jsproxy.dll" 000000000023B180 0000000346BA0000
0024:trace:loaddll:build_module Loaded L"C:\\windows\\system32\\jsproxy.dll" at 0000000346BA0000: builtin
0024:trace:module:load_dll Loaded module L"\\??\\C:\\windows\\system32\\jsproxy.dll" at 0000000346BA0000
0024:trace:module:import_dll is not hybrid module
0024:trace:module:load_dll looking for L"kernel32.dll" in (null)
0024:trace:module:load_dll Found L"C:\\windows\\system32\\kernel32.dll" for L"kernel32.dll" at 000000007B600000, count=25
0024:trace:module:import_dll is not hybrid module
0024:trace:module:load_dll looking for L"ntdll.dll" in (null)
0024:trace:module:load_dll Found L"C:\\windows\\system32\\ntdll.dll" for L"ntdll.dll" at 0000000170000000, count=26
0024:trace:module:import_dll is not hybrid module
0024:trace:module:load_dll looking for L"ucrtbase.dll" in (null)
0024:trace:module:load_dll Found L"C:\\windows\\system32\\ucrtbase.dll" for L"ucrtbase.dll" at 00000003AF670000, count=18
0024:trace:module:import_dll is not hybrid module
0024:trace:module:load_dll looking for L"user32.dll" in (null)
0024:trace:module:load_dll Found L"C:\\windows\\system32\\USER32.dll" for L"user32.dll" at 000000023D820000, count=11
0024:trace:module:import_dll is not hybrid module
0024:trace:module:load_dll looking for L"ws2_32.dll" in (null)
0024:trace:module:load_dll Found L"C:\\windows\\system32\\ws2_32.dll" for L"ws2_32.dll" at 00000001EC2B0000, count=2
0024:trace:module:import_dll is not hybrid module
0024:trace:module:build_module loaded L"\\??\\C:\\windows\\system32\\WINHTTP.dll" 000000000023AE70 0000000358120000
0024:trace:loaddll:build_module Loaded L"C:\\windows\\system32\\WINHTTP.dll" at 0000000358120000: builtin
0024:trace:module:load_dll Loaded module L"\\??\\C:\\windows\\system32\\WINHTTP.dll" at 0000000358120000
0024:trace:module:import_dll is not hybrid module
0024:trace:module:load_dll looking for L"bcrypt.dll" in (null)
0024:trace:module:get_load_order looking for L"C:\\windows\\system32\\bcrypt.dll"
0024:trace:module:get_load_order got hardcoded default for L"bcrypt.dll"
0024:trace:module:map_image_into_view mapping PE file L"\\??\\C:\\windows\\system32\\bcrypt.dll" at 0x2d4d40000-0x2d4d58000
0024:trace:module:map_image_into_view mapping L"\\??\\C:\\windows\\system32\\bcrypt.dll" section .text at 0x2d4d41000 off 1000 size b000 virt ae10 flags 60000020
0024:trace:module:map_image_into_view mapping L"\\??\\C:\\windows\\system32\\bcrypt.dll" section .data at 0x2d4d4c000 off c000 size 1000 virt 70 flags c0000040
0024:trace:module:map_image_into_view mapping L"\\??\\C:\\windows\\system32\\bcrypt.dll" section .rodata at 0x2d4d4d000 off d000 size 1000 virt 3b8 flags c0000040
0024:trace:module:map_image_into_view mapping L"\\??\\C:\\windows\\system32\\bcrypt.dll" section .rdata at 0x2d4d4e000 off e000 size 2000 virt 1de0 flags 40000040
0024:trace:module:map_image_into_view mapping L"\\??\\C:\\windows\\system32\\bcrypt.dll" section .pdata at 0x2d4d50000 off 10000 size 1000 virt 3e4 flags 40000040
0024:trace:module:map_image_into_view mapping L"\\??\\C:\\windows\\system32\\bcrypt.dll" section .xdata at 0x2d4d51000 off 11000 size 1000 virt 540 flags 40000040
0024:trace:module:map_image_into_view mapping L"\\??\\C:\\windows\\system32\\bcrypt.dll" section .bss at 0x2d4d52000 off 0 size 0 virt 170 flags c0000080
0024:trace:module:map_image_into_view mapping L"\\??\\C:\\windows\\system32\\bcrypt.dll" section .edata at 0x2d4d53000 off 12000 size 2000 virt 1317 flags 40000040
0024:trace:module:map_image_into_view mapping L"\\??\\C:\\windows\\system32\\bcrypt.dll" section .idata at 0x2d4d55000 off 14000 size 1000 virt 6d0 flags c0000040
0024:trace:module:map_image_into_view mapping L"\\??\\C:\\windows\\system32\\bcrypt.dll" section .rsrc at 0x2d4d56000 off 15000 size 1000 virt 3c0 flags 40000040
0024:trace:module:map_image_into_view mapping L"\\??\\C:\\windows\\system32\\bcrypt.dll" section .reloc at 0x2d4d57000 off 16000 size 1000 virt 44 flags 42000040
0024:trace:module:load_dll looking for L"advapi32.dll" in (null)
0024:trace:module:load_dll Found L"C:\\windows\\system32\\advapi32.dll" for L"advapi32.dll" at 0000000330260000, count=17
0024:trace:module:import_dll is not hybrid module
0024:trace:module:load_dll looking for L"kernel32.dll" in (null)
0024:trace:module:load_dll Found L"C:\\windows\\system32\\kernel32.dll" for L"kernel32.dll" at 000000007B600000, count=26
0024:trace:module:import_dll is not hybrid module
0024:trace:module:load_dll looking for L"ntdll.dll" in (null)
0024:trace:module:load_dll Found L"C:\\windows\\system32\\ntdll.dll" for L"ntdll.dll" at 0000000170000000, count=27
0024:trace:module:import_dll is not hybrid module
0024:trace:module:load_dll looking for L"ucrtbase.dll" in (null)
0024:trace:module:load_dll Found L"C:\\windows\\system32\\ucrtbase.dll" for L"ucrtbase.dll" at 00000003AF670000, count=19
0024:trace:module:import_dll is not hybrid module
0024:trace:module:build_module loaded L"\\??\\C:\\windows\\system32\\bcrypt.dll" 000000000023B8E0 00000002D4D40000
0024:trace:loaddll:build_module Loaded L"C:\\windows\\system32\\bcrypt.dll" at 00000002D4D40000: builtin
0024:trace:module:load_dll Loaded module L"\\??\\C:\\windows\\system32\\bcrypt.dll" at 00000002D4D40000
0024:trace:module:import_dll is not hybrid module
0024:trace:module:load_dll looking for L"HID.DLL" in (null)
0024:trace:module:get_load_order looking for L"C:\\windows\\system32\\HID.DLL"
0024:trace:module:get_load_order got hardcoded default for L"HID.DLL"
0024:trace:module:map_image_into_view mapping PE file L"\\??\\C:\\windows\\system32\\HID.DLL" at 0x1f51e0000-0x1f51f2000
0024:trace:module:map_image_into_view mapping L"\\??\\C:\\windows\\system32\\HID.DLL" section .text at 0x1f51e1000 off 1000 size 7000 virt 6600 flags 60000020
0024:trace:module:map_image_into_view mapping L"\\??\\C:\\windows\\system32\\HID.DLL" section .data at 0x1f51e8000 off 8000 size 1000 virt 80 flags c0000040
0024:trace:module:map_image_into_view mapping L"\\??\\C:\\windows\\system32\\HID.DLL" section .rodata at 0x1f51e9000 off 9000 size 1000 virt 158 flags c0000040
0024:trace:module:map_image_into_view mapping L"\\??\\C:\\windows\\system32\\HID.DLL" section .rdata at 0x1f51ea000 off a000 size 1000 virt ca0 flags 40000040
0024:trace:module:map_image_into_view mapping L"\\??\\C:\\windows\\system32\\HID.DLL" section .pdata at 0x1f51eb000 off b000 size 1000 virt 294 flags 40000040
0024:trace:module:map_image_into_view mapping L"\\??\\C:\\windows\\system32\\HID.DLL" section .xdata at 0x1f51ec000 off c000 size 1000 virt 390 flags 40000040
0024:trace:module:map_image_into_view mapping L"\\??\\C:\\windows\\system32\\HID.DLL" section .bss at 0x1f51ed000 off 0 size 0 virt 140 flags c0000080
0024:trace:module:map_image_into_view mapping L"\\??\\C:\\windows\\system32\\HID.DLL" section .edata at 0x1f51ee000 off d000 size 1000 virt c4f flags 40000040
0024:trace:module:map_image_into_view mapping L"\\??\\C:\\windows\\system32\\HID.DLL" section .idata at 0x1f51ef000 off e000 size 1000 virt 464 flags c0000040
0024:trace:module:map_image_into_view mapping L"\\??\\C:\\windows\\system32\\HID.DLL" section .rsrc at 0x1f51f0000 off f000 size 1000 virt 388 flags 40000040
0024:trace:module:map_image_into_view mapping L"\\??\\C:\\windows\\system32\\HID.DLL" section .reloc at 0x1f51f1000 off 10000 size 1000 virt 20 flags 42000040
0024:trace:module:load_dll looking for L"kernel32.dll" in (null)
0024:trace:module:load_dll Found L"C:\\windows\\system32\\kernel32.dll" for L"kernel32.dll" at 000000007B600000, count=27
0024:trace:module:import_dll is not hybrid module
0024:trace:module:load_dll looking for L"ntdll.dll" in (null)
0024:trace:module:load_dll Found L"C:\\windows\\system32\\ntdll.dll" for L"ntdll.dll" at 0000000170000000, count=28
0024:trace:module:import_dll is not hybrid module
0024:trace:module:load_dll looking for L"ucrtbase.dll" in (null)
0024:trace:module:load_dll Found L"C:\\windows\\system32\\ucrtbase.dll" for L"ucrtbase.dll" at 00000003AF670000, count=20
0024:trace:module:import_dll is not hybrid module
0024:trace:module:build_module loaded L"\\??\\C:\\windows\\system32\\HID.DLL" 000000000023BC30 00000001F51E0000
0024:trace:loaddll:build_module Loaded L"C:\\windows\\system32\\HID.DLL" at 00000001F51E0000: builtin
0024:trace:module:load_dll Loaded module L"\\??\\C:\\windows\\system32\\HID.DLL" at 00000001F51E0000
0024:trace:module:import_dll is not hybrid module
0024:trace:module:load_dll looking for L"CRYPT32.dll" in (null)
0024:trace:module:get_load_order looking for L"C:\\windows\\system32\\CRYPT32.dll"
0024:trace:module:get_load_order got hardcoded default for L"CRYPT32.dll"
0024:trace:module:map_image_into_view mapping PE file L"\\??\\C:\\windows\\system32\\CRYPT32.dll" at 0x1dd3f0000-0x1dd4db000
0024:trace:module:map_image_into_view mapping L"\\??\\C:\\windows\\system32\\CRYPT32.dll" section .text at 0x1dd3f1000 off 1000 size 7f000 virt 7e530 flags 60000060
0024:trace:module:map_image_into_view mapping L"\\??\\C:\\windows\\system32\\CRYPT32.dll" section .data at 0x1dd470000 off 80000 size 3000 virt 2620 flags c0000040
0024:trace:module:map_image_into_view mapping L"\\??\\C:\\windows\\system32\\CRYPT32.dll" section .rodata at 0x1dd473000 off 83000 size 1000 virt 74c flags c0000040
0024:trace:module:map_image_into_view mapping L"\\??\\C:\\windows\\system32\\CRYPT32.dll" section .rdata at 0x1dd474000 off 84000 size 13000 virt 12170 flags 40000040
0024:trace:module:map_image_into_view mapping L"\\??\\C:\\windows\\system32\\CRYPT32.dll" section .pdata at 0x1dd487000 off 97000 size 3000 virt 2790 flags 40000040
0024:trace:module:map_image_into_view mapping L"\\??\\C:\\windows\\system32\\CRYPT32.dll" section .xdata at 0x1dd48a000 off 9a000 size 4000 virt 33e0 flags 40000040
0024:trace:module:map_image_into_view mapping L"\\??\\C:\\windows\\system32\\CRYPT32.dll" section .bss at 0x1dd48e000 off 0 size 0 virt 32d0 flags c0000080
0024:trace:module:map_image_into_view mapping L"\\??\\C:\\windows\\system32\\CRYPT32.dll" section .edata at 0x1dd492000 off 9e000 size 5000 virt 4c9c flags 40000040
0024:trace:module:map_image_into_view mapping L"\\??\\C:\\windows\\system32\\CRYPT32.dll" section .idata at 0x1dd497000 off a3000 size 2000 virt 1674 flags c0000040
0024:trace:module:map_image_into_view mapping L"\\??\\C:\\windows\\system32\\CRYPT32.dll" section .rsrc at 0x1dd499000 off a5000 size 41000 virt 40f48 flags 40000040
0024:trace:module:map_image_into_view mapping L"\\??\\C:\\windows\\system32\\CRYPT32.dll" section .reloc at 0x1dd4da000 off e6000 size 1000 virt 534 flags 42000040
0024:trace:module:load_dll looking for L"advapi32.dll" in (null)
0024:trace:module:load_dll Found L"C:\\windows\\system32\\advapi32.dll" for L"advapi32.dll" at 0000000330260000, count=18
0024:trace:module:import_dll is not hybrid module
0024:trace:module:load_dll looking for L"bcrypt.dll" in (null)
0024:trace:module:load_dll Found L"C:\\windows\\system32\\bcrypt.dll" for L"bcrypt.dll" at 00000002D4D40000, count=2
0024:trace:module:import_dll is not hybrid module
0024:trace:module:load_dll looking for L"kernel32.dll" in (null)
0024:trace:module:load_dll Found L"C:\\windows\\system32\\kernel32.dll" for L"kernel32.dll" at 000000007B600000, count=28
0024:trace:module:import_dll is not hybrid module
0024:trace:module:load_dll looking for L"ntdll.dll" in (null)
0024:trace:module:load_dll Found L"C:\\windows\\system32\\ntdll.dll" for L"ntdll.dll" at 0000000170000000, count=29
0024:trace:module:import_dll is not hybrid module
0024:trace:module:load_dll looking for L"ucrtbase.dll" in (null)
0024:trace:module:load_dll Found L"C:\\windows\\system32\\ucrtbase.dll" for L"ucrtbase.dll" at 00000003AF670000, count=21
0024:trace:module:import_dll is not hybrid module
0024:trace:module:load_dll looking for L"user32.dll" in (null)
0024:trace:module:load_dll Found L"C:\\windows\\system32\\USER32.dll" for L"user32.dll" at 000000023D820000, count=12
0024:trace:module:import_dll is not hybrid module
0024:trace:module:build_module loaded L"\\??\\C:\\windows\\system32\\CRYPT32.dll" 000000000023BF40 00000001DD3F0000
0024:trace:loaddll:build_module Loaded L"C:\\windows\\system32\\CRYPT32.dll" at 00000001DD3F0000: builtin
0024:trace:module:load_dll Loaded module L"\\??\\C:\\windows\\system32\\CRYPT32.dll" at 00000001DD3F0000
0024:trace:module:import_dll is not hybrid module
0024:trace:module:load_dll looking for L"WS2_32.dll" in (null)
0024:trace:module:load_dll Found L"C:\\windows\\system32\\ws2_32.dll" for L"WS2_32.dll" at 00000001EC2B0000, count=3
0024:trace:module:import_dll is not hybrid module
0024:trace:module:load_dll looking for L"dwmapi.dll" in (null)
0024:trace:module:get_load_order looking for L"C:\\windows\\system32\\dwmapi.dll"
0024:trace:module:get_load_order got hardcoded default for L"dwmapi.dll"
0024:trace:module:map_image_into_view mapping PE file L"\\??\\C:\\windows\\system32\\dwmapi.dll" at 0x25d740000-0x25d74f000
0024:trace:module:map_image_into_view mapping L"\\??\\C:\\windows\\system32\\dwmapi.dll" section .text at 0x25d741000 off 1000 size 3000 virt 2010 flags 60000020
0024:trace:module:map_image_into_view mapping L"\\??\\C:\\windows\\system32\\dwmapi.dll" section .data at 0x25d744000 off 4000 size 1000 virt 70 flags c0000040
0024:trace:module:map_image_into_view mapping L"\\??\\C:\\windows\\system32\\dwmapi.dll" section .rodata at 0x25d745000 off 5000 size 1000 virt 4f8 flags c0000040
0024:trace:module:map_image_into_view mapping L"\\??\\C:\\windows\\system32\\dwmapi.dll" section .rdata at 0x25d746000 off 6000 size 1000 virt 5e0 flags 40000040
0024:trace:module:map_image_into_view mapping L"\\??\\C:\\windows\\system32\\dwmapi.dll" section .pdata at 0x25d747000 off 7000 size 1000 virt 1c8 flags 40000040
0024:trace:module:map_image_into_view mapping L"\\??\\C:\\windows\\system32\\dwmapi.dll" section .xdata at 0x25d748000 off 8000 size 1000 virt 188 flags 40000040
0024:trace:module:map_image_into_view mapping L"\\??\\C:\\windows\\system32\\dwmapi.dll" section .bss at 0x25d749000 off 0 size 0 virt 160 flags c0000080
0024:trace:module:map_image_into_view mapping L"\\??\\C:\\windows\\system32\\dwmapi.dll" section .edata at 0x25d74a000 off 9000 size 2000 virt 1425 flags 40000040
0024:trace:module:map_image_into_view mapping L"\\??\\C:\\windows\\system32\\dwmapi.dll" section .idata at 0x25d74c000 off b000 size 1000 virt 4c8 flags c0000040
0024:trace:module:map_image_into_view mapping L"\\??\\C:\\windows\\system32\\dwmapi.dll" section .rsrc at 0x25d74d000 off c000 size 1000 virt 3d0 flags 40000040
0024:trace:module:map_image_into_view mapping L"\\??\\C:\\windows\\system32\\dwmapi.dll" section .reloc at 0x25d74e000 off d000 size 1000 virt 20 flags 42000040
0024:trace:module:load_dll looking for L"kernel32.dll" in (null)
0024:trace:module:load_dll Found L"C:\\windows\\system32\\kernel32.dll" for L"kernel32.dll" at 000000007B600000, count=29
0024:trace:module:import_dll is not hybrid module
0024:trace:module:load_dll looking for L"ntdll.dll" in (null)
0024:trace:module:load_dll Found L"C:\\windows\\system32\\ntdll.dll" for L"ntdll.dll" at 0000000170000000, count=30
0024:trace:module:import_dll is not hybrid module
0024:trace:module:load_dll looking for L"ucrtbase.dll" in (null)
0024:trace:module:load_dll Found L"C:\\windows\\system32\\ucrtbase.dll" for L"ucrtbase.dll" at 00000003AF670000, count=22
0024:trace:module:import_dll is not hybrid module
0024:trace:module:load_dll looking for L"user32.dll" in (null)
0024:trace:module:load_dll Found L"C:\\windows\\system32\\USER32.dll" for L"user32.dll" at 000000023D820000, count=13
0024:trace:module:import_dll is not hybrid module
0024:trace:module:build_module loaded L"\\??\\C:\\windows\\system32\\dwmapi.dll" 000000000023C350 000000025D740000
0024:trace:loaddll:build_module Loaded L"C:\\windows\\system32\\dwmapi.dll" at 000000025D740000: builtin
0024:trace:module:load_dll Loaded module L"\\??\\C:\\windows\\system32\\dwmapi.dll" at 000000025D740000
0024:trace:module:import_dll is not hybrid module
0024:trace:module:build_module loaded L"\\??\\Z:\\Volumes\\SSD\\Neva\\UnityPlayer.dll" 00000000002350C0 0000000180000000
0024:trace:loaddll:build_module Loaded L"Z:\\Volumes\\SSD\\Neva\\UnityPlayer.dll" at 0000000180000000: native
0024:trace:module:pe_module_loaded Marking non_native_code_region: 0x180000000, 0x181e6d000Loaded module L"\\??\\Z:\\Volumes\\SSD\\Neva\\UnityPlayer.dll" at 0000000180000000
0024:trace:module:import_dll is not hybrid module
0024:trace:module:load_dll looking for L"KERNEL32.dll" in (null)
0024:trace:module:load_dll Found L"C:\\windows\\system32\\kernel32.dll" for L"KERNEL32.dll" at 000000007B600000, count=30
0024:trace:module:import_dll is not hybrid module
0024:trace:module:alloc_thread_tls thread 0024 slot 0: 336/0 bytes at 000000000023E7E0
0024:trace:module:process_attach (L"ntdll.dll",000000000011FB00) - START
0024:trace:module:MODULE_InitDLL (0000000170000000 L"ntdll.dll",PROCESS_ATTACH,000000000011FB00) 000000017007B180 - CALL
0024:trace:module:MODULE_InitDLL (0000000170000000,PROCESS_ATTACH,000000000011FB00) - RETURN 1
0024:trace:module:process_attach (L"ntdll.dll",000000000011FB00) - END
0024:trace:module:process_attach (L"kernel32.dll",000000000011FB00) - START
0024:trace:module:process_attach (L"kernelbase.dll",000000000011FB00) - START
0024:trace:module:MODULE_InitDLL (000000007B000000 L"kernelbase.dll",PROCESS_ATTACH,000000000011FB00) 000000007B04C9C0 - CALL
0024:trace:module:LdrGetDllHandleEx flags 0, load_path 000000000023EAB0, dll_characteristics 0000000000000000, name 000000000011EC00, base 000000000011EBA8.
0024:trace:module:LdrGetDllHandleEx L"C:\\windows\\system32\\tzres.dll" -> 0000000000000000 (load path L"Z:\\Volumes\\SSD\\Neva;C:\\windows\\system32;C:\\windows\\system;C:\\windows;.;C:\\windows\\system32;C:\\windows;C:\\windows\\system32\\wbem;C:\\windows\\system32\\WindowsPowershell\\v1.0")
0024:trace:module:get_load_order looking for L"C:\\windows\\system32\\tzres.dll"
0024:trace:module:get_load_order got hardcoded default for L"tzres.dll"
0024:trace:module:map_image_into_view mapping PE file L"\\??\\C:\\windows\\system32\\tzres.dll" at 0x10000000-0x10073000
0024:trace:module:map_image_into_view mapping L"\\??\\C:\\windows\\system32\\tzres.dll" section .rsrc at 0x10001000 off 1000 size 72000 virt 71d74 flags 40000040
0024:trace:module:FindResourceExW 0000000010000002 #0006 #0786 0000
0024:trace:module:LoadResource 0000000010000002 000000001000B4B8
0024:trace:module:LdrGetDllHandleEx flags 0, load_path 000000000023EBC0, dll_characteristics 0000000000000000, name 000000000011EC00, base 000000000011EBA8.
0024:trace:module:LdrGetDllHandleEx L"C:\\windows\\system32\\tzres.dll" -> 0000000000000000 (load path L"Z:\\Volumes\\SSD\\Neva;C:\\windows\\system32;C:\\windows\\system;C:\\windows;.;C:\\windows\\system32;C:\\windows;C:\\windows\\system32\\wbem;C:\\windows\\system32\\WindowsPowershell\\v1.0")
0024:trace:module:get_load_order looking for L"C:\\windows\\system32\\tzres.dll"
0024:trace:module:get_load_order got hardcoded default for L"tzres.dll"
0024:trace:module:map_image_into_view mapping PE file L"\\??\\C:\\windows\\system32\\tzres.dll" at 0x10000000-0x10073000
0024:trace:module:map_image_into_view mapping L"\\??\\C:\\windows\\system32\\tzres.dll" section .rsrc at 0x10001000 off 1000 size 72000 virt 71d74 flags 40000040
0024:trace:module:FindResourceExW 0000000010000002 #0006 #0786 0000
0024:trace:module:LoadResource 0000000010000002 000000001000B4B8
0024:trace:module:MODULE_InitDLL (000000007B000000,PROCESS_ATTACH,000000000011FB00) - RETURN 1
0024:trace:module:process_attach (L"kernelbase.dll",000000000011FB00) - END
0024:trace:module:MODULE_InitDLL (000000007B600000 L"kernel32.dll",PROCESS_ATTACH,000000000011FB00) 000000007B636E80 - CALL
0024:trace:module:MODULE_InitDLL (000000007B600000,PROCESS_ATTACH,000000000011FB00) - RETURN 1
0024:trace:module:process_attach (L"kernel32.dll",000000000011FB00) - END
0024:trace:module:process_attach (L"UnityPlayer.dll",000000000011FB00) - START
0024:trace:module:process_attach (L"USER32.dll",000000000011FB00) - START
0024:trace:module:process_attach (L"advapi32.dll",000000000011FB00) - START
0024:trace:module:process_attach (L"msvcrt.dll",000000000011FB00) - START
0024:trace:module:MODULE_InitDLL (00000001C8DB0000 L"msvcrt.dll",PROCESS_ATTACH,000000000011FB00) 00000001C8E3E9D0 - CALL
0024:trace:module:LdrGetDllFullName module 0000000000000000, name 000000000011EF20.
0024:trace:module:GetModuleFileNameW L"Z:\\Volumes\\SSD\\Neva\\Neva.exe"
0024:trace:module:LdrGetDllFullName module 0000000000000000, name 000000000011EF70.
0024:trace:module:GetModuleFileNameW L"Z:\\Volumes\\SSD\\Neva\\Neva.exe"
0024:trace:module:LdrAddRefDll (L"msvcrt.dll") ldr.LoadCount: -1
0024:trace:module:MODULE_InitDLL (00000001C8DB0000,PROCESS_ATTACH,000000000011FB00) - RETURN 1
0024:trace:module:process_attach (L"msvcrt.dll",000000000011FB00) - END
0024:trace:module:process_attach (L"sechost.dll",000000000011FB00) - START
0024:trace:module:process_attach (L"ucrtbase.dll",000000000011FB00) - START
0024:trace:module:MODULE_InitDLL (00000003AF670000 L"ucrtbase.dll",PROCESS_ATTACH,000000000011FB00) 00000003AF71AC10 - CALL
0024:trace:module:LdrGetDllFullName module 0000000000000000, name 000000000011EEA0.
0024:trace:module:GetModuleFileNameW L"Z:\\Volumes\\SSD\\Neva\\Neva.exe"
0024:trace:module:LdrGetDllFullName module 0000000000000000, name 000000000011EEF0.
0024:trace:module:GetModuleFileNameW L"Z:\\Volumes\\SSD\\Neva\\Neva.exe"
0024:trace:module:MODULE_InitDLL (00000003AF670000,PROCESS_ATTACH,000000000011FB00) - RETURN 1
0024:trace:module:process_attach (L"ucrtbase.dll",000000000011FB00) - END
0024:trace:module:MODULE_InitDLL (000000032A700000 L"sechost.dll",PROCESS_ATTACH,000000000011FB00) 000000032A71AF60 - CALL
0024:trace:module:MODULE_InitDLL (000000032A700000,PROCESS_ATTACH,000000000011FB00) - RETURN 1
0024:trace:module:process_attach (L"sechost.dll",000000000011FB00) - END
0024:trace:module:MODULE_InitDLL (0000000330260000 L"advapi32.dll",PROCESS_ATTACH,000000000011FB00) 0000000330288030 - CALL
0024:trace:module:MODULE_InitDLL (0000000330260000,PROCESS_ATTACH,000000000011FB00) - RETURN 1
0024:trace:module:process_attach (L"advapi32.dll",000000000011FB00) - END
0024:trace:module:process_attach (L"gdi32.dll",000000000011FB00) - START
0024:trace:module:process_attach (L"win32u.dll",000000000011FB00) - START
0024:trace:module:MODULE_InitDLL (000000006D980000 L"win32u.dll",PROCESS_ATTACH,000000000011FB00) 000000006DA44570 - CALL
0024:trace:module:MODULE_InitDLL (000000006D980000,PROCESS_ATTACH,000000000011FB00) - RETURN 1
0024:trace:module:process_attach (L"win32u.dll",000000000011FB00) - END
0024:trace:module:MODULE_InitDLL (000000026B4C0000 L"gdi32.dll",PROCESS_ATTACH,000000000011FB00) 000000026B51E670 - CALL
0024:trace:module:MODULE_InitDLL (000000026B4C0000,PROCESS_ATTACH,000000000011FB00) - RETURN 1
0024:trace:module:process_attach (L"gdi32.dll",000000000011FB00) - END
0024:trace:module:process_attach (L"version.dll",000000000011FB00) - START
0024:trace:module:MODULE_InitDLL (00000002F1FA0000 L"version.dll",PROCESS_ATTACH,000000000011FB00) 00000002F1FA2DE0 - CALL
0024:trace:module:MODULE_InitDLL (00000002F1FA0000,PROCESS_ATTACH,000000000011FB00) - RETURN 1
0024:trace:module:process_attach (L"version.dll",000000000011FB00) - END
0024:trace:module:MODULE_InitDLL (000000023D820000 L"USER32.dll",PROCESS_ATTACH,000000000011FB00) 000000023D8F6990 - CALL
0024:trace:module:LdrGetDllHandleEx flags 0x1, load_path 0000000000000000, dll_characteristics 0000000000000000, name 000000000011EE60, base 000000000011EE58.
0024:trace:module:LdrGetDllHandleEx L"ntdll.dll" -> 0000000170000000 (load path (null))
0024:trace:module:LdrGetDllHandleEx flags 0x1, load_path 0000000000000000, dll_characteristics 0000000000000000, name 000000000011E9F0, base 000000000011E9E8.
0024:trace:module:LdrGetDllHandleEx L"ntdll.dll" -> 0000000170000000 (load path (null))
0024:trace:module:load_dll looking for L"imm32.dll" in L"Z:\\Volumes\\SSD\\Neva;C:\\windows\\system32;C:\\windows\\system;C:\\windows;.;C:\\windows\\system32;C:\\windows;C:\\windows\\system32\\wbem;C:\\windows\\system32\\WindowsPowershell\\v1.0"
0024:trace:module:load_dll Found L"C:\\windows\\system32\\IMM32.dll" for L"imm32.dll" at 00000003AFD00000, count=2
0024:trace:module:process_attach (L"IMM32.dll",0000000000000000) - START
0024:trace:module:MODULE_InitDLL (00000003AFD00000 L"IMM32.dll",PROCESS_ATTACH,0000000000000000) 00000003AFD0CE20 - CALL
0024:trace:module:LdrGetDllHandleEx flags 0x1, load_path 0000000000000000, dll_characteristics 0000000000000000, name 000000000011E530, base 000000000011E528.
0024:trace:module:LdrGetDllHandleEx L"ntdll.dll" -> 0000000170000000 (load path (null))
0024:trace:module:LdrGetDllHandleEx flags 0x1, load_path 0000000000000000, dll_characteristics 0000000000000000, name 000000000011E9A0, base 000000000011E998.
0024:trace:module:LdrGetDllHandleEx L"imm32.dll" -> 00000003AFD00000 (load path (null))
0024:trace:module:MODULE_InitDLL (00000003AFD00000,PROCESS_ATTACH,0000000000000000) - RETURN 1
0024:trace:module:process_attach (L"IMM32.dll",0000000000000000) - END
0024:trace:module:MODULE_InitDLL (000000023D820000,PROCESS_ATTACH,000000000011FB00) - RETURN 1
0024:trace:module:process_attach (L"USER32.dll",000000000011FB00) - END
0024:trace:module:process_attach (L"ole32.dll",000000000011FB00) - START
0024:trace:module:process_attach (L"combase.dll",000000000011FB00) - START
0024:trace:module:process_attach (L"rpcrt4.dll",000000000011FB00) - START
0024:trace:module:MODULE_InitDLL (0000000231AE0000 L"rpcrt4.dll",PROCESS_ATTACH,000000000011FB00) 0000000231B334D0 - CALL
0024:trace:module:MODULE_InitDLL (0000000231AE0000,PROCESS_ATTACH,000000000011FB00) - RETURN 1
0024:trace:module:process_attach (L"rpcrt4.dll",000000000011FB00) - END
0024:trace:module:MODULE_InitDLL (0000000327020000 L"combase.dll",PROCESS_ATTACH,000000000011FB00) 000000032704BE40 - CALL
0024:trace:module:LdrGetDllHandleEx flags 0x1, load_path 0000000000000000, dll_characteristics 0000000000000000, name 000000000011ED00, base 000000000011ECF8.
0024:trace:module:LdrGetDllHandleEx L"ntdll.dll" -> 0000000170000000 (load path (null))
0024:trace:module:MODULE_InitDLL (0000000327020000,PROCESS_ATTACH,000000000011FB00) - RETURN 1
0024:trace:module:process_attach (L"combase.dll",000000000011FB00) - END
0024:trace:module:MODULE_InitDLL (00000002E8F10000 L"ole32.dll",PROCESS_ATTACH,000000000011FB00) 00000002E8FC5810 - CALL
0024:trace:module:LdrGetDllHandleEx flags 0x1, load_path 0000000000000000, dll_characteristics 0000000000000000, name 000000000011EDA0, base 000000000011ED98.
0024:trace:module:LdrGetDllHandleEx L"ntdll.dll" -> 0000000170000000 (load path (null))
0024:trace:module:MODULE_InitDLL (00000002E8F10000,PROCESS_ATTACH,000000000011FB00) - RETURN 1
0024:trace:module:process_attach (L"ole32.dll",000000000011FB00) - END
0024:trace:module:process_attach (L"SHLWAPI.dll",000000000011FB00) - START
0024:trace:module:process_attach (L"shcore.dll",000000000011FB00) - START
0024:trace:module:MODULE_InitDLL (00000003126F0000 L"shcore.dll",PROCESS_ATTACH,000000000011FB00) 00000003126FA680 - CALL
0024:trace:module:LdrGetDllHandleEx flags 0x1, load_path 0000000000000000, dll_characteristics 0000000000000000, name 000000000011ED20, base 000000000011ED18.
0024:trace:module:LdrGetDllHandleEx L"ntdll.dll" -> 0000000170000000 (load path (null))
0024:trace:module:MODULE_InitDLL (00000003126F0000,PROCESS_ATTACH,000000000011FB00) - RETURN 1
0024:trace:module:process_attach (L"shcore.dll",000000000011FB00) - END
0024:trace:module:MODULE_InitDLL (00000002E3540000 L"SHLWAPI.dll",PROCESS_ATTACH,000000000011FB00) 00000002E3566380 - CALL
0024:trace:module:LdrGetDllHandleEx flags 0x1, load_path 0000000000000000, dll_characteristics 0000000000000000, name 000000000011EDA0, base 000000000011ED98.
0024:trace:module:LdrGetDllHandleEx L"ntdll.dll" -> 0000000170000000 (load path (null))
0024:trace:module:MODULE_InitDLL (00000002E3540000,PROCESS_ATTACH,000000000011FB00) - RETURN 1
0024:trace:module:process_attach (L"SHLWAPI.dll",000000000011FB00) - END
0024:trace:module:process_attach (L"SETUPAPI.dll",000000000011FB00) - START
0024:trace:module:MODULE_InitDLL (000000021A7E0000 L"SETUPAPI.dll",PROCESS_ATTACH,000000000011FB00) 000000021A82A460 - CALL
0024:trace:module:MODULE_InitDLL (000000021A7E0000,PROCESS_ATTACH,000000000011FB00) - RETURN 1
0024:trace:module:process_attach (L"SETUPAPI.dll",000000000011FB00) - END
0024:trace:module:process_attach (L"SHELL32.dll",000000000011FB00) - START
0024:trace:module:MODULE_InitDLL (00000001C69E0000 L"SHELL32.dll",PROCESS_ATTACH,000000000011FB00) 00000001C6A92AA0 - CALL
0024:trace:module:LdrGetDllHandleEx flags 0x1, load_path 0000000000000000, dll_characteristics 0000000000000000, name 000000000011EDA0, base 000000000011ED98.
0024:trace:module:LdrGetDllHandleEx L"ntdll.dll" -> 0000000170000000 (load path (null))
0024:trace:module:LdrGetDllFullName module 00000001C69E0000, name 000000000011F240.
0024:trace:module:GetModuleFileNameW L"C:\\windows\\system32\\SHELL32.dll"
0024:trace:module:MODULE_InitDLL (00000001C69E0000,PROCESS_ATTACH,000000000011FB00) - RETURN 1
0024:trace:module:process_attach (L"SHELL32.dll",000000000011FB00) - END
0024:trace:module:process_attach (L"OPENGL32.dll",000000000011FB00) - START
0024:trace:module:MODULE_InitDLL (000000006DD70000 L"OPENGL32.dll",PROCESS_ATTACH,000000000011FB00) 000000006DE55D80 - CALL
0024:trace:module:MODULE_InitDLL (000000006DD70000,PROCESS_ATTACH,000000000011FB00) - RETURN 1
0024:trace:module:process_attach (L"OPENGL32.dll",000000000011FB00) - END
0024:trace:module:process_attach (L"WINMM.dll",000000000011FB00) - START
0024:trace:module:process_attach (L"msacm32.dll",000000000011FB00) - START
0024:trace:module:MODULE_InitDLL (00000001C8B40000 L"msacm32.dll",PROCESS_ATTACH,000000000011FB00) 00000001C8B542D0 - CALL
0024:trace:module:LdrGetDllHandleEx flags 0x1, load_path 0000000000000000, dll_characteristics 0000000000000000, name 000000000011ED20, base 000000000011ED18.
0024:trace:module:LdrGetDllHandleEx L"ntdll.dll" -> 0000000170000000 (load path (null))
0024:trace:module:LdrGetDllHandleEx flags 0x1, load_path 0000000000000000, dll_characteristics 0000000000000000, name 000000000011DBD0, base 000000000011DBC8.
0024:trace:module:LdrGetDllHandleEx L"ntdll.dll" -> 0000000170000000 (load path (null))
0024:trace:module:MODULE_InitDLL (00000001C8B40000,PROCESS_ATTACH,000000000011FB00) - RETURN 1
0024:trace:module:process_attach (L"msacm32.dll",000000000011FB00) - END
0024:trace:module:MODULE_InitDLL (00000003B8F00000 L"WINMM.dll",PROCESS_ATTACH,000000000011FB00) 00000003B8F29CF0 - CALL
0024:trace:module:LdrGetDllHandleEx flags 0x1, load_path 0000000000000000, dll_characteristics 0000000000000000, name 000000000011EDA0, base 000000000011ED98.
0024:trace:module:LdrGetDllHandleEx L"ntdll.dll" -> 0000000170000000 (load path (null))
0024:trace:module:MODULE_InitDLL (00000003B8F00000,PROCESS_ATTACH,000000000011FB00) - RETURN 1
0024:trace:module:process_attach (L"WINMM.dll",000000000011FB00) - END
0024:trace:module:process_attach (L"OLEAUT32.dll",000000000011FB00) - START
0024:trace:module:MODULE_InitDLL (00000002739C0000 L"OLEAUT32.dll",PROCESS_ATTACH,000000000011FB00) 0000000273A7B130 - CALL
0024:trace:module:MODULE_InitDLL (00000002739C0000,PROCESS_ATTACH,000000000011FB00) - RETURN 1
0024:trace:module:process_attach (L"OLEAUT32.dll",000000000011FB00) - END
0024:trace:module:process_attach (L"WINHTTP.dll",000000000011FB00) - START
0024:trace:module:process_attach (L"jsproxy.dll",000000000011FB00) - START
0024:trace:module:process_attach (L"ws2_32.dll",000000000011FB00) - START
0024:trace:module:MODULE_InitDLL (00000001EC2B0000 L"ws2_32.dll",PROCESS_ATTACH,000000000011FB00) 00000001EC2C4980 - CALL
0024:trace:module:MODULE_InitDLL (00000001EC2B0000,PROCESS_ATTACH,000000000011FB00) - RETURN 1
0024:trace:module:process_attach (L"ws2_32.dll",000000000011FB00) - END
0024:trace:module:MODULE_InitDLL (0000000346BA0000 L"jsproxy.dll",PROCESS_ATTACH,000000000011FB00) 0000000346BA2990 - CALL
0024:trace:module:MODULE_InitDLL (0000000346BA0000,PROCESS_ATTACH,000000000011FB00) - RETURN 1
0024:trace:module:process_attach (L"jsproxy.dll",000000000011FB00) - END
0024:trace:module:MODULE_InitDLL (0000000358120000 L"WINHTTP.dll",PROCESS_ATTACH,000000000011FB00) 0000000358144070 - CALL
0024:trace:module:MODULE_InitDLL (0000000358120000,PROCESS_ATTACH,000000000011FB00) - RETURN 1
0024:trace:module:process_attach (L"WINHTTP.dll",000000000011FB00) - END
0024:trace:module:process_attach (L"bcrypt.dll",000000000011FB00) - START
0024:trace:module:MODULE_InitDLL (00000002D4D40000 L"bcrypt.dll",PROCESS_ATTACH,000000000011FB00) 00000002D4D4B190 - CALL
0024:trace:module:LdrGetDllHandleEx flags 0x1, load_path 0000000000000000, dll_characteristics 0000000000000000, name 000000000011F230, base 000000000011F228.
0024:trace:module:LdrGetDllHandleEx L"ntdll.dll" -> 0000000170000000 (load path (null))
0024:trace:module:MODULE_InitDLL (00000002D4D40000,PROCESS_ATTACH,000000000011FB00) - RETURN 1
0024:trace:module:process_attach (L"bcrypt.dll",000000000011FB00) - END
0024:trace:module:process_attach (L"HID.DLL",000000000011FB00) - START
0024:trace:module:MODULE_InitDLL (00000001F51E0000 L"HID.DLL",PROCESS_ATTACH,000000000011FB00) 00000001F51E6A00 - CALL
0024:trace:module:MODULE_InitDLL (00000001F51E0000,PROCESS_ATTACH,000000000011FB00) - RETURN 1
0024:trace:module:process_attach (L"HID.DLL",000000000011FB00) - END
0024:trace:module:process_attach (L"CRYPT32.dll",000000000011FB00) - START
0024:trace:module:MODULE_InitDLL (00000001DD3F0000 L"CRYPT32.dll",PROCESS_ATTACH,000000000011FB00) 00000001DD46E3D0 - CALL
0024:trace:module:FindResourceExW 00000001DD3F0000 #0006 #0048 0000
0024:trace:module:LoadResource 00000001DD3F0000 00000001DD49B370
0024:trace:module:FindResourceExW 00000001DD3F0000 #0006 #0048 0000
0024:trace:module:LoadResource 00000001DD3F0000 00000001DD49B370
0024:trace:module:FindResourceExW 00000001DD3F0000 #0006 #0048 0000
0024:trace:module:LoadResource 00000001DD3F0000 00000001DD49B370
0024:trace:module:FindResourceExW 00000001DD3F0000 #0006 #0048 0000
0024:trace:module:LoadResource 00000001DD3F0000 00000001DD49B370
0024:trace:module:FindResourceExW 00000001DD3F0000 #0006 #0048 0000
0024:trace:module:LoadResource 00000001DD3F0000 00000001DD49B370
0024:trace:module:FindResourceExW 00000001DD3F0000 #0006 #0048 0000
0024:trace:module:LoadResource 00000001DD3F0000 00000001DD49B370
0024:trace:module:FindResourceExW 00000001DD3F0000 #0006 #003f 0000
0024:trace:module:LoadResource 00000001DD3F0000 00000001DD49A190
0024:trace:module:FindResourceExW 00000001DD3F0000 #0006 #003f 0000
0024:trace:module:LoadResource 00000001DD3F0000 00000001DD49A190
0024:trace:module:FindResourceExW 00000001DD3F0000 #0006 #003f 0000
0024:trace:module:LoadResource 00000001DD3F0000 00000001DD49A190
0024:trace:module:FindResourceExW 00000001DD3F0000 #0006 #003f 0000
0024:trace:module:LoadResource 00000001DD3F0000 00000001DD49A190
0024:trace:module:FindResourceExW 00000001DD3F0000 #0006 #003f 0000
0024:trace:module:LoadResource 00000001DD3F0000 00000001DD49A190
0024:trace:module:FindResourceExW 00000001DD3F0000 #0006 #003f 0000
0024:trace:module:LoadResource 00000001DD3F0000 00000001DD49A190
0024:trace:module:FindResourceExW 00000001DD3F0000 #0006 #003f 0000
0024:trace:module:LoadResource 00000001DD3F0000 00000001DD49A190
0024:trace:module:FindResourceExW 00000001DD3F0000 #0006 #003f 0000
0024:trace:module:LoadResource 00000001DD3F0000 00000001DD49A190
0024:trace:module:FindResourceExW 00000001DD3F0000 #0006 #003f 0000
0024:trace:module:LoadResource 00000001DD3F0000 00000001DD49A190
0024:trace:module:FindResourceExW 00000001DD3F0000 #0006 #003f 0000
0024:trace:module:LoadResource 00000001DD3F0000 00000001DD49A190
0024:trace:module:FindResourceExW 00000001DD3F0000 #0006 #003f 0000
0024:trace:module:LoadResource 00000001DD3F0000 00000001DD49A190
0024:trace:module:FindResourceExW 00000001DD3F0000 #0006 #003f 0000
0024:trace:module:LoadResource 00000001DD3F0000 00000001DD49A190
0024:trace:module:FindResourceExW 00000001DD3F0000 #0006 #0040 0000
0024:trace:module:LoadResource 00000001DD3F0000 00000001DD49A380
0024:trace:module:FindResourceExW 00000001DD3F0000 #0006 #0040 0000
0024:trace:module:LoadResource 00000001DD3F0000 00000001DD49A380
0024:trace:module:FindResourceExW 00000001DD3F0000 #0006 #0040 0000
0024:trace:module:LoadResource 00000001DD3F0000 00000001DD49A380
0024:trace:module:FindResourceExW 00000001DD3F0000 #0006 #0040 0000
0024:trace:module:LoadResource 00000001DD3F0000 00000001DD49A380
0024:trace:module:FindResourceExW 00000001DD3F0000 #0006 #0040 0000
0024:trace:module:LoadResource 00000001DD3F0000 00000001DD49A380
0024:trace:module:FindResourceExW 00000001DD3F0000 #0006 #0040 0000
0024:trace:module:LoadResource 00000001DD3F0000 00000001DD49A380
0024:trace:module:FindResourceExW 00000001DD3F0000 #0006 #0040 0000
0024:trace:module:LoadResource 00000001DD3F0000 00000001DD49A380
0024:trace:module:FindResourceExW 00000001DD3F0000 #0006 #0040 0000
0024:trace:module:LoadResource 00000001DD3F0000 00000001DD49A380
0024:trace:module:FindResourceExW 00000001DD3F0000 #0006 #0040 0000
0024:trace:module:LoadResource 00000001DD3F0000 00000001DD49A380
0024:trace:module:FindResourceExW 00000001DD3F0000 #0006 #0040 0000
0024:trace:module:LoadResource 00000001DD3F0000 00000001DD49A380
0024:trace:module:FindResourceExW 00000001DD3F0000 #0006 #0040 0000
0024:trace:module:LoadResource 00000001DD3F0000 00000001DD49A380
0024:trace:module:FindResourceExW 00000001DD3F0000 #0006 #0040 0000
0024:trace:module:LoadResource 00000001DD3F0000 00000001DD49A380
0024:trace:module:FindResourceExW 00000001DD3F0000 #0006 #0040 0000
0024:trace:module:LoadResource 00000001DD3F0000 00000001DD49A380
0024:trace:module:FindResourceExW 00000001DD3F0000 #0006 #0040 0000
0024:trace:module:LoadResource 00000001DD3F0000 00000001DD49A380
0024:trace:module:FindResourceExW 00000001DD3F0000 #0006 #0040 0000
0024:trace:module:LoadResource 00000001DD3F0000 00000001DD49A380
0024:trace:module:FindResourceExW 00000001DD3F0000 #0006 #0040 0000
0024:trace:module:LoadResource 00000001DD3F0000 00000001DD49A380
0024:trace:module:FindResourceExW 00000001DD3F0000 #0006 #0040 0000
0024:trace:module:LoadResource 00000001DD3F0000 00000001DD49A380
0024:trace:module:FindResourceExW 00000001DD3F0000 #0006 #0041 0000
0024:trace:module:LoadResource 00000001DD3F0000 00000001DD49A570
0024:trace:module:FindResourceExW 00000001DD3F0000 #0006 #0041 0000
0024:trace:module:LoadResource 00000001DD3F0000 00000001DD49A570
0024:trace:module:FindResourceExW 00000001DD3F0000 #0006 #0041 0000
0024:trace:module:LoadResource 00000001DD3F0000 00000001DD49A570
0024:trace:module:FindResourceExW 00000001DD3F0000 #0006 #0041 0000
0024:trace:module:LoadResource 00000001DD3F0000 00000001DD49A570
0024:trace:module:FindResourceExW 00000001DD3F0000 #0006 #0041 0000
0024:trace:module:LoadResource 00000001DD3F0000 00000001DD49A570
0024:trace:module:FindResourceExW 00000001DD3F0000 #0006 #0041 0000
0024:trace:module:LoadResource 00000001DD3F0000 00000001DD49A570
0024:trace:module:FindResourceExW 00000001DD3F0000 #0006 #0041 0000
0024:trace:module:LoadResource 00000001DD3F0000 00000001DD49A570
0024:trace:module:FindResourceExW 00000001DD3F0000 #0006 #0041 0000
0024:trace:module:LoadResource 00000001DD3F0000 00000001DD49A570
0024:trace:module:FindResourceExW 00000001DD3F0000 #0006 #0041 0000
0024:trace:module:LoadResource 00000001DD3F0000 00000001DD49A570
0024:trace:module:FindResourceExW 00000001DD3F0000 #0006 #0041 0000
0024:trace:module:LoadResource 00000001DD3F0000 00000001DD49A570
0024:trace:module:FindResourceExW 00000001DD3F0000 #0006 #0041 0000
0024:trace:module:LoadResource 00000001DD3F0000 00000001DD49A570
0024:trace:module:FindResourceExW 00000001DD3F0000 #0006 #0041 0000
0024:trace:module:LoadResource 00000001DD3F0000 00000001DD49A570
0024:trace:module:FindResourceExW 00000001DD3F0000 #0006 #0041 0000
0024:trace:module:LoadResource 00000001DD3F0000 00000001DD49A570
0024:trace:module:FindResourceExW 00000001DD3F0000 #0006 #0041 0000
0024:trace:module:LoadResource 00000001DD3F0000 00000001DD49A570
0024:trace:module:FindResourceExW 00000001DD3F0000 #0006 #0041 0000
0024:trace:module:LoadResource 00000001DD3F0000 00000001DD49A570
0024:trace:module:FindResourceExW 00000001DD3F0000 #0006 #0041 0000
0024:trace:module:LoadResource 00000001DD3F0000 00000001DD49A570
0024:trace:module:FindResourceExW 00000001DD3F0000 #0006 #0042 0000
0024:trace:module:LoadResource 00000001DD3F0000 00000001DD49A770
0024:trace:module:FindResourceExW 00000001DD3F0000 #0006 #0042 0000
0024:trace:module:LoadResource 00000001DD3F0000 00000001DD49A770
0024:trace:module:FindResourceExW 00000001DD3F0000 #0006 #0042 0000
0024:trace:module:LoadResource 00000001DD3F0000 00000001DD49A770
0024:trace:module:FindResourceExW 00000001DD3F0000 #0006 #0042 0000
0024:trace:module:LoadResource 00000001DD3F0000 00000001DD49A770
0024:trace:module:FindResourceExW 00000001DD3F0000 #0006 #0042 0000
0024:trace:module:LoadResource 00000001DD3F0000 00000001DD49A770
0024:trace:module:FindResourceExW 00000001DD3F0000 #0006 #0042 0000
0024:trace:module:LoadResource 00000001DD3F0000 00000001DD49A770
0024:trace:module:FindResourceExW 00000001DD3F0000 #0006 #0042 0000
0024:trace:module:LoadResource 00000001DD3F0000 00000001DD49A770
0024:trace:module:FindResourceExW 00000001DD3F0000 #0006 #0042 0000
0024:trace:module:LoadResource 00000001DD3F0000 00000001DD49A770
0024:trace:module:FindResourceExW 00000001DD3F0000 #0006 #0042 0000
0024:trace:module:LoadResource 00000001DD3F0000 00000001DD49A770
0024:trace:module:FindResourceExW 00000001DD3F0000 #0006 #0042 0000
0024:trace:module:LoadResource 00000001DD3F0000 00000001DD49A770
0024:trace:module:FindResourceExW 00000001DD3F0000 #0006 #0042 0000
0024:trace:module:LoadResource 00000001DD3F0000 00000001DD49A770
0024:trace:module:FindResourceExW 00000001DD3F0000 #0006 #0042 0000
0024:trace:module:LoadResource 00000001DD3F0000 00000001DD49A770
0024:trace:module:FindResourceExW 00000001DD3F0000 #0006 #0042 0000
0024:trace:module:LoadResource 00000001DD3F0000 00000001DD49A770
0024:trace:module:FindResourceExW 00000001DD3F0000 #0006 #0043 0000
0024:trace:module:LoadResource 00000001DD3F0000 00000001DD49A980
0024:trace:module:FindResourceExW 00000001DD3F0000 #0006 #0043 0000
0024:trace:module:LoadResource 00000001DD3F0000 00000001DD49A980
0024:trace:module:FindResourceExW 00000001DD3F0000 #0006 #0043 0000
0024:trace:module:LoadResource 00000001DD3F0000 00000001DD49A980
0024:trace:module:FindResourceExW 00000001DD3F0000 #0006 #0043 0000
0024:trace:module:LoadResource 00000001DD3F0000 00000001DD49A980
0024:trace:module:FindResourceExW 00000001DD3F0000 #0006 #0043 0000
0024:trace:module:LoadResource 00000001DD3F0000 00000001DD49A980
0024:trace:module:FindResourceExW 00000001DD3F0000 #0006 #0043 0000
0024:trace:module:LoadResource 00000001DD3F0000 00000001DD49A980
0024:trace:module:FindResourceExW 00000001DD3F0000 #0006 #0043 0000
0024:trace:module:LoadResource 00000001DD3F0000 00000001DD49A980
0024:trace:module:FindResourceExW 00000001DD3F0000 #0006 #0043 0000
0024:trace:module:LoadResource 00000001DD3F0000 00000001DD49A980
0024:trace:module:FindResourceExW 00000001DD3F0000 #0006 #0043 0000
0024:trace:module:LoadResource 00000001DD3F0000 00000001DD49A980
0024:trace:module:FindResourceExW 00000001DD3F0000 #0006 #0043 0000
0024:trace:module:LoadResource 00000001DD3F0000 00000001DD49A980
0024:trace:module:FindResourceExW 00000001DD3F0000 #0006 #0043 0000
0024:trace:module:LoadResource 00000001DD3F0000 00000001DD49A980
0024:trace:module:FindResourceExW 00000001DD3F0000 #0006 #0043 0000
0024:trace:module:LoadResource 00000001DD3F0000 00000001DD49A980
0024:trace:module:FindResourceExW 00000001DD3F0000 #0006 #0043 0000
0024:trace:module:LoadResource 00000001DD3F0000 00000001DD49A980
0024:trace:module:FindResourceExW 00000001DD3F0000 #0006 #0043 0000
0024:trace:module:LoadResource 00000001DD3F0000 00000001DD49A980
0024:trace:module:FindResourceExW 00000001DD3F0000 #0006 #0043 0000
0024:trace:module:LoadResource 00000001DD3F0000 00000001DD49A980
0024:trace:module:FindResourceExW 00000001DD3F0000 #0006 #0043 0000
0024:trace:module:LoadResource 00000001DD3F0000 00000001DD49A980
0024:trace:module:FindResourceExW 00000001DD3F0000 #0006 #0043 0000
0024:trace:module:LoadResource 00000001DD3F0000 00000001DD49A980
0024:trace:module:FindResourceExW 00000001DD3F0000 #0006 #0044 0000
0024:trace:module:LoadResource 00000001DD3F0000 00000001DD49AB70
0024:trace:module:FindResourceExW 00000001DD3F0000 #0006 #0044 0000
0024:trace:module:LoadResource 00000001DD3F0000 00000001DD49AB70
0024:trace:module:FindResourceExW 00000001DD3F0000 #0006 #0044 0000
0024:trace:module:LoadResource 00000001DD3F0000 00000001DD49AB70
0024:trace:module:FindResourceExW 00000001DD3F0000 #0006 #0044 0000
0024:trace:module:LoadResource 00000001DD3F0000 00000001DD49AB70
0024:trace:module:FindResourceExW 00000001DD3F0000 #0006 #0044 0000
0024:trace:module:LoadResource 00000001DD3F0000 00000001DD49AB70
0024:trace:module:FindResourceExW 00000001DD3F0000 #0006 #0044 0000
0024:trace:module:LoadResource 00000001DD3F0000 00000001DD49AB70
0024:trace:module:FindResourceExW 00000001DD3F0000 #0006 #0044 0000
0024:trace:module:LoadResource 00000001DD3F0000 00000001DD49AB70
0024:trace:module:FindResourceExW 00000001DD3F0000 #0006 #0044 0000
0024:trace:module:LoadResource 00000001DD3F0000 00000001DD49AB70
0024:trace:module:FindResourceExW 00000001DD3F0000 #0006 #0044 0000
0024:trace:module:LoadResource 00000001DD3F0000 00000001DD49AB70
0024:trace:module:FindResourceExW 00000001DD3F0000 #0006 #0044 0000
0024:trace:module:LoadResource 00000001DD3F0000 00000001DD49AB70
0024:trace:module:FindResourceExW 00000001DD3F0000 #0006 #0044 0000
0024:trace:module:LoadResource 00000001DD3F0000 00000001DD49AB70
0024:trace:module:FindResourceExW 00000001DD3F0000 #0006 #0044 0000
0024:trace:module:LoadResource 00000001DD3F0000 00000001DD49AB70
0024:trace:module:FindResourceExW 00000001DD3F0000 #0006 #0044 0000
0024:trace:module:LoadResource 00000001DD3F0000 00000001DD49AB70
0024:trace:module:FindResourceExW 00000001DD3F0000 #0006 #0044 0000
0024:trace:module:LoadResource 00000001DD3F0000 00000001DD49AB70
0024:trace:module:FindResourceExW 00000001DD3F0000 #0006 #0044 0000
0024:trace:module:LoadResource 00000001DD3F0000 00000001DD49AB70
0024:trace:module:FindResourceExW 00000001DD3F0000 #0006 #0044 0000
0024:trace:module:LoadResource 00000001DD3F0000 00000001DD49AB70
0024:trace:module:FindResourceExW 00000001DD3F0000 #0006 #0045 0000
0024:trace:module:LoadResource 00000001DD3F0000 00000001DD49AD60
0024:trace:module:FindResourceExW 00000001DD3F0000 #0006 #0045 0000
0024:trace:module:LoadResource 00000001DD3F0000 00000001DD49AD60
0024:trace:module:FindResourceExW 00000001DD3F0000 #0006 #0045 0000
0024:trace:module:LoadResource 00000001DD3F0000 00000001DD49AD60
0024:trace:module:FindResourceExW 00000001DD3F0000 #0006 #0045 0000
0024:trace:module:LoadResource 00000001DD3F0000 00000001DD49AD60
0024:trace:module:FindResourceExW 00000001DD3F0000 #0006 #0045 0000
0024:trace:module:LoadResource 00000001DD3F0000 00000001DD49AD60
0024:trace:module:FindResourceExW 00000001DD3F0000 #0006 #0045 0000
0024:trace:module:LoadResource 00000001DD3F0000 00000001DD49AD60
0024:trace:module:FindResourceExW 00000001DD3F0000 #0006 #0045 0000
0024:trace:module:LoadResource 00000001DD3F0000 00000001DD49AD60
0024:trace:module:FindResourceExW 00000001DD3F0000 #0006 #0045 0000
0024:trace:module:LoadResource 00000001DD3F0000 00000001DD49AD60
0024:trace:module:FindResourceExW 00000001DD3F0000 #0006 #0045 0000
0024:trace:module:LoadResource 00000001DD3F0000 00000001DD49AD60
0024:trace:module:FindResourceExW 00000001DD3F0000 #0006 #0045 0000
0024:trace:module:LoadResource 00000001DD3F0000 00000001DD49AD60
0024:trace:module:FindResourceExW 00000001DD3F0000 #0006 #0045 0000
0024:trace:module:LoadResource 00000001DD3F0000 00000001DD49AD60
0024:trace:module:FindResourceExW 00000001DD3F0000 #0006 #0045 0000
0024:trace:module:LoadResource 00000001DD3F0000 00000001DD49AD60
0024:trace:module:FindResourceExW 00000001DD3F0000 #0006 #0045 0000
0024:trace:module:LoadResource 00000001DD3F0000 00000001DD49AD60
0024:trace:module:FindResourceExW 00000001DD3F0000 #0006 #0045 0000
0024:trace:module:LoadResource 00000001DD3F0000 00000001DD49AD60
0024:trace:module:FindResourceExW 00000001DD3F0000 #0006 #0045 0000
0024:trace:module:LoadResource 00000001DD3F0000 00000001DD49AD60
0024:trace:module:FindResourceExW 00000001DD3F0000 #0006 #0045 0000
0024:trace:module:LoadResource 00000001DD3F0000 00000001DD49AD60
0024:trace:module:FindResourceExW 00000001DD3F0000 #0006 #0046 0000
0024:trace:module:LoadResource 00000001DD3F0000 00000001DD49AF40
0024:trace:module:FindResourceExW 00000001DD3F0000 #0006 #0046 0000
0024:trace:module:LoadResource 00000001DD3F0000 00000001DD49AF40
0024:trace:module:FindResourceExW 00000001DD3F0000 #0006 #0046 0000
0024:trace:module:LoadResource 00000001DD3F0000 00000001DD49AF40
0024:trace:module:FindResourceExW 00000001DD3F0000 #0006 #0046 0000
0024:trace:module:LoadResource 00000001DD3F0000 00000001DD49AF40
0024:trace:module:FindResourceExW 00000001DD3F0000 #0006 #0046 0000
0024:trace:module:LoadResource 00000001DD3F0000 00000001DD49AF40
0024:trace:module:FindResourceExW 00000001DD3F0000 #0006 #0046 0000
0024:trace:module:LoadResource 00000001DD3F0000 00000001DD49AF40
0024:trace:module:FindResourceExW 00000001DD3F0000 #0006 #0046 0000
0024:trace:module:LoadResource 00000001DD3F0000 00000001DD49AF40
0024:trace:module:FindResourceExW 00000001DD3F0000 #0006 #0046 0000
0024:trace:module:LoadResource 00000001DD3F0000 00000001DD49AF40
0024:trace:module:FindResourceExW 00000001DD3F0000 #0006 #0046 0000
0024:trace:module:LoadResource 00000001DD3F0000 00000001DD49AF40
0024:trace:module:FindResourceExW 00000001DD3F0000 #0006 #0046 0000
0024:trace:module:LoadResource 00000001DD3F0000 00000001DD49AF40
0024:trace:module:FindResourceExW 00000001DD3F0000 #0006 #0046 0000
0024:trace:module:LoadResource 00000001DD3F0000 00000001DD49AF40
0024:trace:module:FindResourceExW 00000001DD3F0000 #0006 #0046 0000
0024:trace:module:LoadResource 00000001DD3F0000 00000001DD49AF40
0024:trace:module:FindResourceExW 00000001DD3F0000 #0006 #0046 0000
0024:trace:module:LoadResource 00000001DD3F0000 00000001DD49AF40
0024:trace:module:FindResourceExW 00000001DD3F0000 #0006 #0046 0000
0024:trace:module:LoadResource 00000001DD3F0000 00000001DD49AF40
0024:trace:module:FindResourceExW 00000001DD3F0000 #0006 #0046 0000
0024:trace:module:LoadResource 00000001DD3F0000 00000001DD49AF40
0024:trace:module:FindResourceExW 00000001DD3F0000 #0006 #0046 0000
0024:trace:module:LoadResource 00000001DD3F0000 00000001DD49AF40
0024:trace:module:FindResourceExW 00000001DD3F0000 #0006 #0047 0000
0024:trace:module:LoadResource 00000001DD3F0000 00000001DD49B150
0024:trace:module:FindResourceExW 00000001DD3F0000 #0006 #0047 0000
0024:trace:module:LoadResource 00000001DD3F0000 00000001DD49B150
0024:trace:module:FindResourceExW 00000001DD3F0000 #0006 #0047 0000
0024:trace:module:LoadResource 00000001DD3F0000 00000001DD49B150
0024:trace:module:FindResourceExW 00000001DD3F0000 #0006 #0047 0000
0024:trace:module:LoadResource 00000001DD3F0000 00000001DD49B150
0024:trace:module:FindResourceExW 00000001DD3F0000 #0006 #0047 0000
0024:trace:module:LoadResource 00000001DD3F0000 00000001DD49B150
0024:trace:module:FindResourceExW 00000001DD3F0000 #0006 #0047 0000
0024:trace:module:LoadResource 00000001DD3F0000 00000001DD49B150
0024:trace:module:FindResourceExW 00000001DD3F0000 #0006 #0047 0000
0024:trace:module:LoadResource 00000001DD3F0000 00000001DD49B150
0024:trace:module:FindResourceExW 00000001DD3F0000 #0006 #0047 0000
0024:trace:module:LoadResource 00000001DD3F0000 00000001DD49B150
0024:trace:module:FindResourceExW 00000001DD3F0000 #0006 #0047 0000
0024:trace:module:LoadResource 00000001DD3F0000 00000001DD49B150
0024:trace:module:FindResourceExW 00000001DD3F0000 #0006 #0047 0000
0024:trace:module:LoadResource 00000001DD3F0000 00000001DD49B150
0024:trace:module:FindResourceExW 00000001DD3F0000 #0006 #0047 0000
0024:trace:module:LoadResource 00000001DD3F0000 00000001DD49B150
0024:trace:module:FindResourceExW 00000001DD3F0000 #0006 #0047 0000
0024:trace:module:LoadResource 00000001DD3F0000 00000001DD49B150
0024:trace:module:FindResourceExW 00000001DD3F0000 #0006 #0047 0000
0024:trace:module:LoadResource 00000001DD3F0000 00000001DD49B150
0024:trace:module:FindResourceExW 00000001DD3F0000 #0006 #0047 0000
0024:trace:module:LoadResource 00000001DD3F0000 00000001DD49B150
0024:trace:module:FindResourceExW 00000001DD3F0000 #0006 #0047 0000
0024:trace:module:LoadResource 00000001DD3F0000 00000001DD49B150
0024:trace:module:FindResourceExW 00000001DD3F0000 #0006 #0047 0000
0024:trace:module:LoadResource 00000001DD3F0000 00000001DD49B150
0024:trace:module:FindResourceExW 00000001DD3F0000 #0006 #0048 0000
0024:trace:module:LoadResource 00000001DD3F0000 00000001DD49B370
0024:trace:module:FindResourceExW 00000001DD3F0000 #0006 #0048 0000
0024:trace:module:LoadResource 00000001DD3F0000 00000001DD49B370
0024:trace:module:FindResourceExW 00000001DD3F0000 #0006 #0048 0000
0024:trace:module:LoadResource 00000001DD3F0000 00000001DD49B370
0024:trace:module:FindResourceExW 00000001DD3F0000 #0006 #0045 0000
0024:trace:module:LoadResource 00000001DD3F0000 00000001DD49AD60
0024:trace:module:FindResourceExW 00000001DD3F0000 #0006 #0045 0000
0024:trace:module:LoadResource 00000001DD3F0000 00000001DD49AD60
0024:trace:module:FindResourceExW 00000001DD3F0000 #0006 #0048 0000
0024:trace:module:LoadResource 00000001DD3F0000 00000001DD49B370
0024:trace:module:FindResourceExW 00000001DD3F0000 #0006 #0048 0000
0024:trace:module:LoadResource 00000001DD3F0000 00000001DD49B370
0024:trace:module:LdrGetDllHandleEx flags 0x1, load_path 0000000000000000, dll_characteristics 0000000000000000, name 000000000011F230, base 000000000011F228.
0024:trace:module:LdrGetDllHandleEx L"ntdll.dll" -> 0000000170000000 (load path (null))
0024:trace:module:MODULE_InitDLL (00000001DD3F0000,PROCESS_ATTACH,000000000011FB00) - RETURN 1
0024:trace:module:process_attach (L"CRYPT32.dll",000000000011FB00) - END
0024:trace:module:process_attach (L"dwmapi.dll",000000000011FB00) - START
0024:trace:module:MODULE_InitDLL (000000025D740000 L"dwmapi.dll",PROCESS_ATTACH,000000000011FB00) 000000025D742430 - CALL
0024:trace:module:MODULE_InitDLL (000000025D740000,PROCESS_ATTACH,000000000011FB00) - RETURN 1
0024:trace:module:process_attach (L"dwmapi.dll",000000000011FB00) - END
0024:trace:module:MODULE_InitDLL (0000000180000000 L"UnityPlayer.dll",PROCESS_ATTACH,000000000011FB00) 00000001817F47C0 - CALL
0024:trace:module:load_dll looking for L"api-ms-win-core-synch-l1-2-0.dll" in L"C:\\windows\\system32\\"
0024:trace:module:find_dll_file found L"C:\\windows\\system32\\kernelbase.dll" for L"api-ms-win-core-synch-l1-2-0.dll"
0024:trace:module:load_dll Found L"C:\\windows\\system32\\kernelbase.dll" for L"api-ms-win-core-synch-l1-2-0.dll" at 000000007B000000, count=-1
0024:trace:module:load_dll looking for L"api-ms-win-core-fibers-l1-1-1.dll" in L"C:\\windows\\system32\\"
0024:trace:module:find_dll_file found L"C:\\windows\\system32\\kernelbase.dll" for L"api-ms-win-core-fibers-l1-1-1.dll"
0024:trace:module:load_dll Found L"C:\\windows\\system32\\kernelbase.dll" for L"api-ms-win-core-fibers-l1-1-1.dll" at 000000007B000000, count=-1
0024:trace:module:load_dll looking for L"api-ms-win-core-synch-l1-2-0.dll" in L"C:\\windows\\system32\\"
0024:trace:module:find_dll_file found L"C:\\windows\\system32\\kernelbase.dll" for L"api-ms-win-core-synch-l1-2-0.dll"
0024:trace:module:load_dll Found L"C:\\windows\\system32\\kernelbase.dll" for L"api-ms-win-core-synch-l1-2-0.dll" at 000000007B000000, count=-1
0024:trace:module:load_dll looking for L"api-ms-win-core-localization-l1-2-1.dll" in L"C:\\windows\\system32\\"
0024:trace:module:find_dll_file found L"C:\\windows\\system32\\kernelbase.dll" for L"api-ms-win-core-localization-l1-2-1.dll"
0024:trace:module:load_dll Found L"C:\\windows\\system32\\kernelbase.dll" for L"api-ms-win-core-localization-l1-2-1.dll" at 000000007B000000, count=-1
0024:trace:module:LdrGetDllHandleEx flags 0x1, load_path 0000000000000000, dll_characteristics 0000000000000000, name 000000000011F280, base 000000000011F278.
0024:trace:module:LdrGetDllHandleEx L"kernel32.dll" -> 000000007B600000 (load path (null))
0024:trace:module:LdrGetDllHandleEx flags 0x1, load_path 0000000000000000, dll_characteristics 0000000000000000, name 000000000011F280, base 000000000011F278.
0024:trace:module:find_dll_file found L"C:\\windows\\system32\\kernelbase.dll" for L"api-ms-win-core-synch-l1-2-0.dll"
0024:trace:module:LdrGetDllHandleEx L"api-ms-win-core-synch-l1-2-0.dll" -> 000000007B000000 (load path (null))
0024:trace:module:LdrGetDllFullName module 0000000000000000, name 000000000011EF80.
0024:trace:module:GetModuleFileNameW L"Z:\\Volumes\\SSD\\Neva\\Neva.exe"
0024:trace:module:load_dll looking for L"kernel32.dll" in L"C:\\windows\\system32\\"
0024:trace:module:load_dll Found L"C:\\windows\\system32\\kernel32.dll" for L"kernel32.dll" at 000000007B600000, count=-1
0024:fixme:thread:get_thread_times not implemented on this platform
0024:trace:module:MODULE_InitDLL (0000000180000000,PROCESS_ATTACH,000000000011FB00) - RETURN 1
0024:trace:module:process_attach (L"UnityPlayer.dll",000000000011FB00) - END
0024:trace:module:load_dll looking for L"api-ms-win-core-synch-l1-2-0.dll" in L"C:\\windows\\system32\\"
0024:trace:module:find_dll_file found L"C:\\windows\\system32\\kernelbase.dll" for L"api-ms-win-core-synch-l1-2-0.dll"
0024:trace:module:load_dll Found L"C:\\windows\\system32\\kernelbase.dll" for L"api-ms-win-core-synch-l1-2-0.dll" at 000000007B000000, count=-1
0024:trace:module:load_dll looking for L"api-ms-win-core-fibers-l1-1-1.dll" in L"C:\\windows\\system32\\"
0024:trace:module:find_dll_file found L"C:\\windows\\system32\\kernelbase.dll" for L"api-ms-win-core-fibers-l1-1-1.dll"
0024:trace:module:load_dll Found L"C:\\windows\\system32\\kernelbase.dll" for L"api-ms-win-core-fibers-l1-1-1.dll" at 000000007B000000, count=-1
0024:trace:module:load_dll looking for L"api-ms-win-core-synch-l1-2-0.dll" in L"C:\\windows\\system32\\"
0024:trace:module:find_dll_file found L"C:\\windows\\system32\\kernelbase.dll" for L"api-ms-win-core-synch-l1-2-0.dll"
0024:trace:module:load_dll Found L"C:\\windows\\system32\\kernelbase.dll" for L"api-ms-win-core-synch-l1-2-0.dll" at 000000007B000000, count=-1
0024:trace:module:load_dll looking for L"api-ms-win-core-localization-l1-2-1.dll" in L"C:\\windows\\system32\\"
0024:trace:module:find_dll_file found L"C:\\windows\\system32\\kernelbase.dll" for L"api-ms-win-core-localization-l1-2-1.dll"
0024:trace:module:load_dll Found L"C:\\windows\\system32\\kernelbase.dll" for L"api-ms-win-core-localization-l1-2-1.dll" at 000000007B000000, count=-1
0024:trace:module:LdrGetDllFullName module 0000000000000000, name 000000000011FD00.
0024:trace:module:GetModuleFileNameW L"Z:\\Volumes\\SSD\\Neva\\Neva.exe"
0024:trace:module:LdrGetDllFullName module 0000000140000000, name 000000000010F4B0.
0024:trace:module:GetModuleFileNameW L"Z:\\Volumes\\SSD\\Neva\\Neva.exe"
00b4:trace:module:get_load_order looking for L"Z:\\Volumes\\SSD\\Neva\\UnityCrashHandler64.exe"
00b4:trace:module:get_load_order got main exe default n,b for L"Z:\\Volumes\\SSD\\Neva\\UnityCrashHandler64.exe"
00b4:trace:module:get_load_order looking for L"Z:\\Volumes\\SSD\\Neva\\UnityCrashHandler64.exe"
00b4:trace:module:get_load_order got main exe default n,b for L"Z:\\Volumes\\SSD\\Neva\\UnityCrashHandler64.exe"
00b4:trace:module:map_image_into_view mapping PE file L"\\??\\Z:\\Volumes\\SSD\\Neva\\UnityCrashHandler64.exe" at 0x140000000-0x140115000
00b4:trace:module:map_image_into_view mapping L"\\??\\Z:\\Volumes\\SSD\\Neva\\UnityCrashHandler64.exe" section .text at 0x140001000 off 400 size 83000 virt 82fd7 flags 60000020
00b4:trace:module:map_image_into_view mapping L"\\??\\Z:\\Volumes\\SSD\\Neva\\UnityCrashHandler64.exe" section .rdata at 0x140084000 off 83400 size 27200 virt 271d8 flags 40000040
00b4:trace:module:map_image_into_view clearing 0x1400ab200 - 0x1400ac000
00b4:trace:module:map_image_into_view mapping L"\\??\\Z:\\Volumes\\SSD\\Neva\\UnityCrashHandler64.exe" section .data at 0x1400ac000 off aa600 size 3000 virt 573c flags c0000040
00b4:trace:module:map_image_into_view mapping L"\\??\\Z:\\Volumes\\SSD\\Neva\\UnityCrashHandler64.exe" section .pdata at 0x1400b2000 off ad600 size 7400 virt 7260 flags 40000040
00b4:trace:module:map_image_into_view clearing 0x1400b9400 - 0x1400ba000
00b4:trace:module:map_image_into_view mapping L"\\??\\Z:\\Volumes\\SSD\\Neva\\UnityCrashHandler64.exe" section _RDATA at 0x1400ba000 off b4a00 size 200 virt 94 flags 40000040
00b4:trace:module:map_image_into_view clearing 0x1400ba200 - 0x1400bb000
00b4:trace:module:map_image_into_view mapping L"\\??\\Z:\\Volumes\\SSD\\Neva\\UnityCrashHandler64.exe" section .rsrc at 0x1400bb000 off b4c00 size 57600 virt 574e8 flags 40000040
00b4:trace:module:map_image_into_view clearing 0x140112600 - 0x140113000
00b4:trace:module:map_image_into_view mapping L"\\??\\Z:\\Volumes\\SSD\\Neva\\UnityCrashHandler64.exe" section .reloc at 0x140113000 off 10c200 size 1600 virt 1424 flags 42000040
00b4:trace:module:map_image_into_view clearing 0x140114600 - 0x140115000
00b4:trace:module:map_image_into_view mapping PE file L"\\??\\C:\\windows\\system32\\ntdll.dll" at 0x170000000-0x1700b4000
00b4:trace:module:map_image_into_view mapping L"\\??\\C:\\windows\\system32\\ntdll.dll" section .text at 0x170001000 off 1000 size 7b000 virt 7a540 flags 60000020
00b4:trace:module:map_image_into_view mapping L"\\??\\C:\\windows\\system32\\ntdll.dll" section .data at 0x17007c000 off 7c000 size 1000 virt e80 flags c0000040
00b4:trace:module:map_image_into_view mapping L"\\??\\C:\\windows\\system32\\ntdll.dll" section .rodata at 0x17007d000 off 7d000 size 2000 virt 1f48 flags c0000040
00b4:trace:module:map_image_into_view mapping L"\\??\\C:\\windows\\system32\\ntdll.dll" section .rdata at 0x17007f000 off 7f000 size 13000 virt 12310 flags 40000040
00b4:trace:module:map_image_into_view mapping L"\\??\\C:\\windows\\system32\\ntdll.dll" section .pdata at 0x170092000 off 92000 size 4000 virt 3030 flags 40000040
00b4:trace:module:map_image_into_view mapping L"\\??\\C:\\windows\\system32\\ntdll.dll" section .xdata at 0x170096000 off 96000 size 4000 virt 33b4 flags 40000040
00b4:trace:module:map_image_into_view mapping L"\\??\\C:\\windows\\system32\\ntdll.dll" section .bss at 0x17009a000 off 0 size 0 virt 34f0 flags c0000080
00b4:trace:module:map_image_into_view mapping L"\\??\\C:\\windows\\system32\\ntdll.dll" section .edata at 0x17009e000 off 9a000 size 13000 virt 1211e flags 40000040
00b4:trace:module:map_image_into_view mapping L"\\??\\C:\\windows\\system32\\ntdll.dll" section .idata at 0x1700b1000 off ad000 size 1000 virt 18 flags c0000040
00b4:trace:module:map_image_into_view mapping L"\\??\\C:\\windows\\system32\\ntdll.dll" section .rsrc at 0x1700b2000 off ae000 size 1000 virt 3b0 flags 40000040
00b4:trace:module:map_image_into_view mapping L"\\??\\C:\\windows\\system32\\ntdll.dll" section .reloc at 0x1700b3000 off af000 size 1000 virt 17c flags 42000040
00b4:trace:module:load_apiset_dll loaded L"\\??\\C:\\windows\\system32\\apisetschema.dll" apiset at 0x221000
0024:trace:module:load_dll looking for L"api-ms-win-core-winrt-l1-1-0.dll" in L"Z:\\Volumes\\SSD\\Neva;C:\\windows\\system32;C:\\windows\\system;C:\\windows;.;C:\\windows\\system32;C:\\windows;C:\\windows\\system32\\wbem;C:\\windows\\system32\\WindowsPowershell\\v1.0"
0024:trace:module:find_dll_file found L"C:\\windows\\system32\\combase.dll" for L"api-ms-win-core-winrt-l1-1-0.dll"
0024:trace:module:load_dll Found L"C:\\windows\\system32\\combase.dll" for L"api-ms-win-core-winrt-l1-1-0.dll" at 0000000327020000, count=-1
0024:trace:module:load_dll looking for L"api-ms-win-core-com-l1-1-1.dll" in L"Z:\\Volumes\\SSD\\Neva;C:\\windows\\system32;C:\\windows\\system;C:\\windows;.;C:\\windows\\system32;C:\\windows;C:\\windows\\system32\\wbem;C:\\windows\\system32\\WindowsPowershell\\v1.0"
0024:trace:module:find_dll_file found L"C:\\windows\\system32\\combase.dll" for L"api-ms-win-core-com-l1-1-1.dll"
0024:trace:module:load_dll Found L"C:\\windows\\system32\\combase.dll" for L"api-ms-win-core-com-l1-1-1.dll" at 0000000327020000, count=-1
0024:trace:module:load_dll looking for L"api-ms-win-core-winrt-string-l1-1-0.dll" in L"Z:\\Volumes\\SSD\\Neva;C:\\windows\\system32;C:\\windows\\system;C:\\windows;.;C:\\windows\\system32;C:\\windows;C:\\windows\\system32\\wbem;C:\\windows\\system32\\WindowsPowershell\\v1.0"
0024:trace:module:find_dll_file found L"C:\\windows\\system32\\combase.dll" for L"api-ms-win-core-winrt-string-l1-1-0.dll"
0024:trace:module:load_dll Found L"C:\\windows\\system32\\combase.dll" for L"api-ms-win-core-winrt-string-l1-1-0.dll" at 0000000327020000, count=-1
00b4:trace:module:set_security_cookie initializing security cookie 00000001400AC038
00b4:trace:module:build_module loaded L"\\??\\Z:\\Volumes\\SSD\\Neva\\UnityCrashHandler64.exe" 0000000000233570 0000000140000000
00b4:trace:loaddll:build_module Loaded L"Z:\\Volumes\\SSD\\Neva\\UnityCrashHandler64.exe" at 0000000140000000: native
00b4:trace:module:pe_module_loaded Marking non_native_code_region: 0x140000000, 0x140115000looking for L"kernel32.dll" in (null)
00b4:trace:module:get_load_order looking for L"C:\\windows\\system32\\kernel32.dll"
00b4:trace:module:get_load_order got hardcoded default for L"kernel32.dll"
00b4:trace:module:map_image_into_view mapping PE file L"\\??\\C:\\windows\\system32\\kernel32.dll" at 0x7b600000-0x7b665000
00b4:trace:module:map_image_into_view mapping L"\\??\\C:\\windows\\system32\\kernel32.dll" section .text at 0x7b601000 off 1000 size 37000 virt 36200 flags 60000020
00b4:trace:module:map_image_into_view mapping L"\\??\\C:\\windows\\system32\\kernel32.dll" section .data at 0x7b638000 off 38000 size 1000 virt 280 flags c0000040
00b4:trace:module:map_image_into_view mapping L"\\??\\C:\\windows\\system32\\kernel32.dll" section .rodata at 0x7b639000 off 39000 size 2000 virt 1cf0 flags c0000040
00b4:trace:module:map_image_into_view mapping L"\\??\\C:\\windows\\system32\\kernel32.dll" section .rdata at 0x7b63b000 off 3b000 size 4000 virt 38e0 flags 40000040
00b4:trace:module:map_image_into_view mapping L"\\??\\C:\\windows\\system32\\kernel32.dll" section .pdata at 0x7b63f000 off 3f000 size 2000 virt 15d8 flags 40000040
00b4:trace:module:map_image_into_view mapping L"\\??\\C:\\windows\\system32\\kernel32.dll" section .xdata at 0x7b641000 off 41000 size 2000 virt 17a0 flags 40000040
00b4:trace:module:map_image_into_view mapping L"\\??\\C:\\windows\\system32\\kernel32.dll" section .bss at 0x7b643000 off 0 size 0 virt 260 flags c0000080
00b4:trace:module:map_image_into_view mapping L"\\??\\C:\\windows\\system32\\kernel32.dll" section .edata at 0x7b644000 off 43000 size e000 virt da78 flags 40000040
00b4:trace:module:map_image_into_view mapping L"\\??\\C:\\windows\\system32\\kernel32.dll" section .idata at 0x7b652000 off 51000 size a000 virt 9054 flags c0000040
00b4:trace:module:map_image_into_view mapping L"\\??\\C:\\windows\\system32\\kernel32.dll" section .rsrc at 0x7b65c000 off 5b000 size 8000 virt 7e00 flags 40000040
00b4:trace:module:map_image_into_view mapping L"\\??\\C:\\windows\\system32\\kernel32.dll" section .reloc at 0x7b664000 off 63000 size 1000 virt 48 flags 42000040
00b4:trace:module:load_dll looking for L"kernelbase.dll" in (null)
00b4:trace:module:get_load_order looking for L"C:\\windows\\system32\\kernelbase.dll"
00b4:trace:module:get_load_order got hardcoded default for L"kernelbase.dll"
00b4:trace:module:map_image_into_view mapping PE file L"\\??\\C:\\windows\\system32\\kernelbase.dll" at 0x7b000000-0x7b266000
00b4:trace:module:map_image_into_view mapping L"\\??\\C:\\windows\\system32\\kernelbase.dll" section .text at 0x7b001000 off 1000 size 99000 virt 98db0 flags 60000020
00b4:trace:module:map_image_into_view mapping L"\\??\\C:\\windows\\system32\\kernelbase.dll" section .data at 0x7b09a000 off 9a000 size 2000 virt 1dc0 flags c0000040
00b4:trace:module:map_image_into_view mapping L"\\??\\C:\\windows\\system32\\kernelbase.dll" section .rodata at 0x7b09c000 off 9c000 size 2000 virt 1d88 flags c0000040
00b4:trace:module:map_image_into_view mapping L"\\??\\C:\\windows\\system32\\kernelbase.dll" section .rdata at 0x7b09e000 off 9e000 size 20000 virt 1f110 flags 40000040
00b4:trace:module:map_image_into_view mapping L"\\??\\C:\\windows\\system32\\kernelbase.dll" section .pdata at 0x7b0be000 off be000 size 4000 virt 3f54 flags 40000040
00b4:trace:module:map_image_into_view mapping L"\\??\\C:\\windows\\system32\\kernelbase.dll" section .xdata at 0x7b0c2000 off c2000 size 5000 virt 46c4 flags 40000040
00b4:trace:module:map_image_into_view mapping L"\\??\\C:\\windows\\system32\\kernelbase.dll" section .bss at 0x7b0c7000 off 0 size 0 virt 28e0 flags c0000080
00b4:trace:module:map_image_into_view mapping L"\\??\\C:\\windows\\system32\\kernelbase.dll" section .edata at 0x7b0ca000 off c7000 size 20000 virt 1f903 flags 40000040
00b4:trace:module:map_image_into_view mapping L"\\??\\C:\\windows\\system32\\kernelbase.dll" section .idata at 0x7b0ea000 off e7000 size 5000 virt 43f4 flags c0000040
00b4:trace:module:map_image_into_view mapping L"\\??\\C:\\windows\\system32\\kernelbase.dll" section .rsrc at 0x7b0ef000 off ec000 size 176000 virt 1757f0 flags 40000040
00b4:trace:module:map_image_into_view mapping L"\\??\\C:\\windows\\system32\\kernelbase.dll" section .reloc at 0x7b265000 off 262000 size 1000 virt 23c flags 42000040
00b4:trace:module:load_dll looking for L"ntdll.dll" in (null)
00b4:trace:module:load_dll Found L"C:\\windows\\system32\\ntdll.dll" for L"ntdll.dll" at 0000000170000000, count=2
00b4:trace:module:import_dll is not hybrid module
00b4:trace:module:build_module loaded L"\\??\\C:\\windows\\system32\\kernelbase.dll" 0000000000233C80 000000007B000000
00b4:trace:loaddll:build_module Loaded L"C:\\windows\\system32\\kernelbase.dll" at 000000007B000000: builtin
00b4:trace:module:load_dll Loaded module L"\\??\\C:\\windows\\system32\\kernelbase.dll" at 000000007B000000
00b4:trace:module:import_dll is not hybrid module
00b4:trace:module:load_dll looking for L"ntdll.dll" in (null)
00b4:trace:module:load_dll Found L"C:\\windows\\system32\\ntdll.dll" for L"ntdll.dll" at 0000000170000000, count=3
00b4:trace:module:import_dll is not hybrid module
00b4:trace:module:build_module loaded L"\\??\\C:\\windows\\system32\\kernel32.dll" 0000000000233990 000000007B600000
00b4:trace:loaddll:build_module Loaded L"C:\\windows\\system32\\kernel32.dll" at 000000007B600000: builtin
00b4:trace:module:load_dll Loaded module L"\\??\\C:\\windows\\system32\\kernel32.dll" at 000000007B600000
00b4:trace:module:alloc_tls_slot module 0000000140000000 data 00000001400A0940-00000001400A0A70 zerofill 0 index 00000001400AEED0 callback 0000000140084808 flags 500000 -> slot 0
00b4:trace:module:load_dll looking for L"USER32.dll" in (null)
00b4:trace:module:get_load_order looking for L"C:\\windows\\system32\\USER32.dll"
00b4:trace:module:get_load_order got hardcoded default for L"USER32.dll"
00b4:trace:module:map_image_into_view mapping PE file L"\\??\\C:\\windows\\system32\\user32.dll" at 0x23d820000-0x23da1d000
00b4:trace:module:map_image_into_view mapping L"\\??\\C:\\windows\\system32\\user32.dll" section .text at 0x23d821000 off 1000 size d7000 virt d6f50 flags 60000060
00b4:trace:module:map_image_into_view mapping L"\\??\\C:\\windows\\system32\\user32.dll" section .data at 0x23d8f8000 off d8000 size 1000 virt 780 flags c0000040
00b4:trace:module:map_image_into_view mapping L"\\??\\C:\\windows\\system32\\user32.dll" section .rodata at 0x23d8f9000 off d9000 size 1000 virt ed0 flags c0000040
00b4:trace:module:map_image_into_view mapping L"\\??\\C:\\windows\\system32\\user32.dll" section .rdata at 0x23d8fa000 off da000 size 19000 virt 18b90 flags 40000040
00b4:trace:module:map_image_into_view mapping L"\\??\\C:\\windows\\system32\\user32.dll" section .pdata at 0x23d913000 off f3000 size 6000 virt 5004 flags 40000040
00b4:trace:module:map_image_into_view mapping L"\\??\\C:\\windows\\system32\\user32.dll" section .xdata at 0x23d919000 off f9000 size 6000 virt 5a24 flags 40000040
00b4:trace:module:map_image_into_view mapping L"\\??\\C:\\windows\\system32\\user32.dll" section .bss at 0x23d91f000 off 0 size 0 virt 410 flags c0000080
00b4:trace:module:map_image_into_view mapping L"\\??\\C:\\windows\\system32\\user32.dll" section .edata at 0x23d920000 off ff000 size 12000 virt 110f3 flags 40000040
00b4:trace:module:map_image_into_view mapping L"\\??\\C:\\windows\\system32\\user32.dll" section .idata at 0x23d932000 off 111000 size 5000 virt 4e5c flags c0000040
00b4:trace:module:map_image_into_view mapping L"\\??\\C:\\windows\\system32\\user32.dll" section .rsrc at 0x23d937000 off 116000 size e5000 virt e4818 flags 40000040
00b4:trace:module:map_image_into_view mapping L"\\??\\C:\\windows\\system32\\user32.dll" section .reloc at 0x23da1c000 off 1fb000 size 1000 virt 304 flags 42000040
00b4:trace:module:load_dll looking for L"advapi32.dll" in (null)
00b4:trace:module:get_load_order looking for L"C:\\windows\\system32\\advapi32.dll"
00b4:trace:module:get_load_order got hardcoded default for L"advapi32.dll"
00b4:trace:module:map_image_into_view mapping PE file L"\\??\\C:\\windows\\system32\\advapi32.dll" at 0x330260000-0x3302a4000
00b4:trace:module:map_image_into_view mapping L"\\??\\C:\\windows\\system32\\advapi32.dll" section .text at 0x330261000 off 1000 size 29000 virt 28090 flags 60000060
00b4:trace:module:map_image_into_view mapping L"\\??\\C:\\windows\\system32\\advapi32.dll" section .data at 0x33028a000 off 2a000 size 1000 virt 1a0 flags c0000040
00b4:trace:module:map_image_into_view mapping L"\\??\\C:\\windows\\system32\\advapi32.dll" section .rodata at 0x33028b000 off 2b000 size 1000 virt e3c flags c0000040
00b4:trace:module:map_image_into_view mapping L"\\??\\C:\\windows\\system32\\advapi32.dll" section .rdata at 0x33028c000 off 2c000 size 6000 virt 5fa0 flags 40000040
00b4:trace:module:map_image_into_view mapping L"\\??\\C:\\windows\\system32\\advapi32.dll" section .pdata at 0x330292000 off 32000 size 2000 virt 1260 flags 40000040
00b4:trace:module:map_image_into_view mapping L"\\??\\C:\\windows\\system32\\advapi32.dll" section .xdata at 0x330294000 off 34000 size 2000 virt 159c flags 40000040
00b4:trace:module:map_image_into_view mapping L"\\??\\C:\\windows\\system32\\advapi32.dll" section .bss at 0x330296000 off 0 size 0 virt da0 flags c0000080
00b4:trace:module:map_image_into_view mapping L"\\??\\C:\\windows\\system32\\advapi32.dll" section .edata at 0x330297000 off 36000 size 8000 virt 74c5 flags 40000040
00b4:trace:module:map_image_into_view mapping L"\\??\\C:\\windows\\system32\\advapi32.dll" section .idata at 0x33029f000 off 3e000 size 3000 virt 2f74 flags c0000040
00b4:trace:module:map_image_into_view mapping L"\\??\\C:\\windows\\system32\\advapi32.dll" section .rsrc at 0x3302a2000 off 41000 size 1000 virt 3c8 flags 40000040
00b4:trace:module:map_image_into_view mapping L"\\??\\C:\\windows\\system32\\advapi32.dll" section .reloc at 0x3302a3000 off 42000 size 1000 virt 138 flags 42000040
00b4:trace:module:load_dll looking for L"kernel32.dll" in (null)
00b4:trace:module:load_dll Found L"C:\\windows\\system32\\kernel32.dll" for L"kernel32.dll" at 000000007B600000, count=2
00b4:trace:module:import_dll is not hybrid module
00b4:trace:module:load_dll looking for L"kernelbase.dll" in (null)
00b4:trace:module:load_dll Found L"C:\\windows\\system32\\kernelbase.dll" for L"kernelbase.dll" at 000000007B000000, count=2
00b4:trace:module:import_dll is not hybrid module
00b4:trace:module:load_dll looking for L"msvcrt.dll" in (null)
00b4:trace:module:get_load_order looking for L"C:\\windows\\system32\\msvcrt.dll"
00b4:trace:module:get_load_order got hardcoded default for L"msvcrt.dll"
00b4:trace:module:map_image_into_view mapping PE file L"\\??\\C:\\windows\\system32\\msvcrt.dll" at 0x1c8db0000-0x1c8e6c000
00b4:trace:module:map_image_into_view mapping L"\\??\\C:\\windows\\system32\\msvcrt.dll" section .text at 0x1c8db1000 off 1000 size 8f000 virt 8e220 flags 60000060
00b4:trace:module:map_image_into_view mapping L"\\??\\C:\\windows\\system32\\msvcrt.dll" section .data at 0x1c8e40000 off 90000 size 2000 virt 1830 flags c0000040
00b4:trace:module:map_image_into_view mapping L"\\??\\C:\\windows\\system32\\msvcrt.dll" section .rodata at 0x1c8e42000 off 92000 size 2000 virt 1394 flags c0000040
00b4:trace:module:map_image_into_view mapping L"\\??\\C:\\windows\\system32\\msvcrt.dll" section .rdata at 0x1c8e44000 off 94000 size b000 virt aef0 flags 40000040
00b4:trace:module:map_image_into_view mapping L"\\??\\C:\\windows\\system32\\msvcrt.dll" section .pdata at 0x1c8e4f000 off 9f000 size 5000 virt 4278 flags 40000040
00b4:trace:module:map_image_into_view mapping L"\\??\\C:\\windows\\system32\\msvcrt.dll" section .xdata at 0x1c8e54000 off a4000 size 5000 virt 42d0 flags 40000040
00b4:trace:module:map_image_into_view mapping L"\\??\\C:\\windows\\system32\\msvcrt.dll" section .bss at 0x1c8e59000 off 0 size 0 virt 1c60 flags c0000080
00b4:trace:module:map_image_into_view mapping L"\\??\\C:\\windows\\system32\\msvcrt.dll" section .edata at 0x1c8e5b000 off a9000 size d000 virt ca71 flags 40000040
00b4:trace:module:map_image_into_view mapping L"\\??\\C:\\windows\\system32\\msvcrt.dll" section .idata at 0x1c8e68000 off b6000 size 2000 virt 1868 flags c0000040
00b4:trace:module:map_image_into_view mapping L"\\??\\C:\\windows\\system32\\msvcrt.dll" section .rsrc at 0x1c8e6a000 off b8000 size 1000 virt 398 flags 40000040
00b4:trace:module:map_image_into_view mapping L"\\??\\C:\\windows\\system32\\msvcrt.dll" section .reloc at 0x1c8e6b000 off b9000 size 1000 virt 25c flags 42000040
00b4:trace:module:load_dll looking for L"kernel32.dll" in (null)
00b4:trace:module:load_dll Found L"C:\\windows\\system32\\kernel32.dll" for L"kernel32.dll" at 000000007B600000, count=3
00b4:trace:module:import_dll is not hybrid module
00b4:trace:module:load_dll looking for L"ntdll.dll" in (null)
00b4:trace:module:load_dll Found L"C:\\windows\\system32\\ntdll.dll" for L"ntdll.dll" at 0000000170000000, count=4
00b4:trace:module:import_dll is not hybrid module
00b4:trace:module:build_module loaded L"\\??\\C:\\windows\\system32\\msvcrt.dll" 0000000000235E00 00000001C8DB0000
00b4:trace:loaddll:build_module Loaded L"C:\\windows\\system32\\msvcrt.dll" at 00000001C8DB0000: builtin
00b4:trace:module:load_dll Loaded module L"\\??\\C:\\windows\\system32\\msvcrt.dll" at 00000001C8DB0000
00b4:trace:module:import_dll is not hybrid module
00b4:trace:module:load_dll looking for L"ntdll.dll" in (null)
00b4:trace:module:load_dll Found L"C:\\windows\\system32\\ntdll.dll" for L"ntdll.dll" at 0000000170000000, count=5
00b4:trace:module:import_dll is not hybrid module
00b4:trace:module:load_dll looking for L"sechost.dll" in (null)
00b4:trace:module:get_load_order looking for L"C:\\windows\\system32\\sechost.dll"
00b4:trace:module:get_load_order got hardcoded default for L"sechost.dll"
00b4:trace:module:map_image_into_view mapping PE file L"\\??\\C:\\windows\\system32\\sechost.dll" at 0x32a700000-0x32a72d000
00b4:trace:module:map_image_into_view mapping L"\\??\\C:\\windows\\system32\\sechost.dll" section .text at 0x32a701000 off 1000 size 1b000 virt 1aeb0 flags 60000060
00b4:trace:module:map_image_into_view mapping L"\\??\\C:\\windows\\system32\\sechost.dll" section .data at 0x32a71c000 off 1c000 size 1000 virt 170 flags c0000040
00b4:trace:module:map_image_into_view mapping L"\\??\\C:\\windows\\system32\\sechost.dll" section .rodata at 0x32a71d000 off 1d000 size 1000 virt ef0 flags c0000040
00b4:trace:module:map_image_into_view mapping L"\\??\\C:\\windows\\system32\\sechost.dll" section .rdata at 0x32a71e000 off 1e000 size 4000 virt 38d0 flags 40000040
00b4:trace:module:map_image_into_view mapping L"\\??\\C:\\windows\\system32\\sechost.dll" section .pdata at 0x32a722000 off 22000 size 1000 virt b64 flags 40000040
00b4:trace:module:map_image_into_view mapping L"\\??\\C:\\windows\\system32\\sechost.dll" section .xdata at 0x32a723000 off 23000 size 1000 virt c00 flags 40000040
00b4:trace:module:map_image_into_view mapping L"\\??\\C:\\windows\\system32\\sechost.dll" section .bss at 0x32a724000 off 0 size 0 virt 1a0 flags c0000080
00b4:trace:module:map_image_into_view mapping L"\\??\\C:\\windows\\system32\\sechost.dll" section .edata at 0x32a725000 off 24000 size 5000 virt 46ae flags 40000040
00b4:trace:module:map_image_into_view mapping L"\\??\\C:\\windows\\system32\\sechost.dll" section .idata at 0x32a72a000 off 29000 size 2000 virt 121c flags c0000040
00b4:trace:module:map_image_into_view mapping L"\\??\\C:\\windows\\system32\\sechost.dll" section .reloc at 0x32a72c000 off 2b000 size 1000 virt f8 flags 42000040
00b4:trace:module:load_dll looking for L"kernel32.dll" in (null)
00b4:trace:module:load_dll Found L"C:\\windows\\system32\\kernel32.dll" for L"kernel32.dll" at 000000007B600000, count=4
00b4:trace:module:import_dll is not hybrid module
00b4:trace:module:load_dll looking for L"kernelbase.dll" in (null)
00b4:trace:module:load_dll Found L"C:\\windows\\system32\\kernelbase.dll" for L"kernelbase.dll" at 000000007B000000, count=3
00b4:trace:module:import_dll is not hybrid module
00b4:trace:module:load_dll looking for L"ntdll.dll" in (null)
00b4:trace:module:load_dll Found L"C:\\windows\\system32\\ntdll.dll" for L"ntdll.dll" at 0000000170000000, count=6
00b4:trace:module:import_dll is not hybrid module
00b4:trace:module:load_dll looking for L"ucrtbase.dll" in (null)
00b4:trace:module:get_load_order looking for L"C:\\windows\\system32\\ucrtbase.dll"
00b4:trace:module:get_load_order got hardcoded default for L"ucrtbase.dll"
00b4:trace:module:map_image_into_view mapping PE file L"\\??\\C:\\windows\\system32\\ucrtbase.dll" at 0x3af670000-0x3af759000
00b4:trace:module:map_image_into_view mapping L"\\??\\C:\\windows\\system32\\ucrtbase.dll" section .text at 0x3af671000 off 1000 size ab000 virt aa4c0 flags 60000060
00b4:trace:module:map_image_into_view mapping L"\\??\\C:\\windows\\system32\\ucrtbase.dll" section .data at 0x3af71c000 off ac000 size 2000 virt 1ac0 flags c0000040
00b4:trace:module:map_image_into_view mapping L"\\??\\C:\\windows\\system32\\ucrtbase.dll" section .rodata at 0x3af71e000 off ae000 size 4000 virt 3988 flags c0000040
00b4:trace:module:map_image_into_view mapping L"\\??\\C:\\windows\\system32\\ucrtbase.dll" section .rdata at 0x3af722000 off b2000 size d000 virt cb50 flags 40000040
00b4:trace:module:map_image_into_view mapping L"\\??\\C:\\windows\\system32\\ucrtbase.dll" section .pdata at 0x3af72f000 off bf000 size 5000 virt 4d10 flags 40000040
00b4:trace:module:map_image_into_view mapping L"\\??\\C:\\windows\\system32\\ucrtbase.dll" section .xdata at 0x3af734000 off c4000 size 5000 virt 4cd0 flags 40000040
00b4:trace:module:map_image_into_view mapping L"\\??\\C:\\windows\\system32\\ucrtbase.dll" section .bss at 0x3af739000 off 0 size 0 virt 20c0 flags c0000080
00b4:trace:module:map_image_into_view mapping L"\\??\\C:\\windows\\system32\\ucrtbase.dll" section .edata at 0x3af73c000 off c9000 size 19000 virt 186cd flags 40000040
00b4:trace:module:map_image_into_view mapping L"\\??\\C:\\windows\\system32\\ucrtbase.dll" section .idata at 0x3af755000 off e2000 size 2000 virt 1a84 flags c0000040
00b4:trace:module:map_image_into_view mapping L"\\??\\C:\\windows\\system32\\ucrtbase.dll" section .rsrc at 0x3af757000 off e4000 size 1000 virt 3c8 flags 40000040
00b4:trace:module:map_image_into_view mapping L"\\??\\C:\\windows\\system32\\ucrtbase.dll" section .reloc at 0x3af758000 off e5000 size 1000 virt 29c flags 42000040
00b4:trace:module:load_dll looking for L"kernel32.dll" in (null)
00b4:trace:module:load_dll Found L"C:\\windows\\system32\\kernel32.dll" for L"kernel32.dll" at 000000007B600000, count=5
00b4:trace:module:import_dll is not hybrid module
00b4:trace:module:load_dll looking for L"ntdll.dll" in (null)
00b4:trace:module:load_dll Found L"C:\\windows\\system32\\ntdll.dll" for L"ntdll.dll" at 0000000170000000, count=7
00b4:trace:module:import_dll is not hybrid module
00b4:trace:module:build_module loaded L"\\??\\C:\\windows\\system32\\ucrtbase.dll" 0000000000236EF0 00000003AF670000
00b4:trace:loaddll:build_module Loaded L"C:\\windows\\system32\\ucrtbase.dll" at 00000003AF670000: builtin
00b4:trace:module:load_dll Loaded module L"\\??\\C:\\windows\\system32\\ucrtbase.dll" at 00000003AF670000
00b4:trace:module:import_dll is not hybrid module
00b4:trace:module:build_module loaded L"\\??\\C:\\windows\\system32\\sechost.dll" 00000000002360D0 000000032A700000
00b4:trace:loaddll:build_module Loaded L"C:\\windows\\system32\\sechost.dll" at 000000032A700000: builtin
00b4:trace:module:load_dll Loaded module L"\\??\\C:\\windows\\system32\\sechost.dll" at 000000032A700000
00b4:trace:module:import_dll is not hybrid module
00b4:trace:module:build_module loaded L"\\??\\C:\\windows\\system32\\advapi32.dll" 0000000000235B10 0000000330260000
00b4:trace:loaddll:build_module Loaded L"C:\\windows\\system32\\advapi32.dll" at 0000000330260000: builtin
00b4:trace:module:load_dll Loaded module L"\\??\\C:\\windows\\system32\\advapi32.dll" at 0000000330260000
00b4:trace:module:import_dll is not hybrid module
00b4:trace:module:load_dll looking for L"gdi32.dll" in (null)
00b4:trace:module:get_load_order looking for L"C:\\windows\\system32\\gdi32.dll"
00b4:trace:module:get_load_order got hardcoded default for L"gdi32.dll"
00b4:trace:module:map_image_into_view mapping PE file L"\\??\\C:\\windows\\system32\\gdi32.dll" at 0x26b4c0000-0x26b550000
00b4:trace:module:map_image_into_view mapping L"\\??\\C:\\windows\\system32\\gdi32.dll" section .text at 0x26b4c1000 off 1000 size 5f000 virt 5e630 flags 60000060
00b4:trace:module:map_image_into_view mapping L"\\??\\C:\\windows\\system32\\gdi32.dll" section .data at 0x26b520000 off 60000 size 1000 virt 960 flags c0000040
00b4:trace:module:map_image_into_view mapping L"\\??\\C:\\windows\\system32\\gdi32.dll" section .rodata at 0x26b521000 off 61000 size 1000 virt d88 flags c0000040
00b4:trace:module:map_image_into_view mapping L"\\??\\C:\\windows\\system32\\gdi32.dll" section .rdata at 0x26b522000 off 62000 size 15000 virt 14d40 flags 40000040
00b4:trace:module:map_image_into_view mapping L"\\??\\C:\\windows\\system32\\gdi32.dll" section .pdata at 0x26b537000 off 77000 size 3000 virt 2160 flags 40000040
00b4:trace:module:map_image_into_view mapping L"\\??\\C:\\windows\\system32\\gdi32.dll" section .xdata at 0x26b53a000 off 7a000 size 3000 virt 29b4 flags 40000040
00b4:trace:module:map_image_into_view mapping L"\\??\\C:\\windows\\system32\\gdi32.dll" section .bss at 0x26b53d000 off 0 size 0 virt 1c0 flags c0000080
00b4:trace:module:map_image_into_view mapping L"\\??\\C:\\windows\\system32\\gdi32.dll" section .edata at 0x26b53e000 off 7d000 size 9000 virt 8565 flags 40000040
00b4:trace:module:map_image_into_view mapping L"\\??\\C:\\windows\\system32\\gdi32.dll" section .idata at 0x26b547000 off 86000 size 3000 virt 292c flags c0000040
00b4:trace:module:map_image_into_view mapping L"\\??\\C:\\windows\\system32\\gdi32.dll" section .rsrc at 0x26b54a000 off 89000 size 5000 virt 4230 flags 40000040
00b4:trace:module:map_image_into_view mapping L"\\??\\C:\\windows\\system32\\gdi32.dll" section .reloc at 0x26b54f000 off 8e000 size 1000 virt 4b0 flags 42000040
00b4:trace:module:load_dll looking for L"advapi32.dll" in (null)
00b4:trace:module:load_dll Found L"C:\\windows\\system32\\advapi32.dll" for L"advapi32.dll" at 0000000330260000, count=2
00b4:trace:module:import_dll is not hybrid module
00b4:trace:module:load_dll looking for L"kernel32.dll" in (null)
00b4:trace:module:load_dll Found L"C:\\windows\\system32\\kernel32.dll" for L"kernel32.dll" at 000000007B600000, count=6
00b4:trace:module:import_dll is not hybrid module
00b4:trace:module:load_dll looking for L"ntdll.dll" in (null)
00b4:trace:module:load_dll Found L"C:\\windows\\system32\\ntdll.dll" for L"ntdll.dll" at 0000000170000000, count=8
00b4:trace:module:import_dll is not hybrid module
00b4:trace:module:load_dll looking for L"ucrtbase.dll" in (null)
00b4:trace:module:load_dll Found L"C:\\windows\\system32\\ucrtbase.dll" for L"ucrtbase.dll" at 00000003AF670000, count=2
00b4:trace:module:import_dll is not hybrid module
00b4:trace:module:load_dll looking for L"user32.dll" in (null)
00b4:trace:module:load_dll Found L"C:\\windows\\system32\\USER32.dll" for L"user32.dll" at 000000023D820000, count=2
00b4:trace:module:import_dll is not hybrid module
00b4:trace:module:load_dll looking for L"win32u.dll" in (null)
00b4:trace:module:get_load_order looking for L"C:\\windows\\system32\\win32u.dll"
00b4:trace:module:get_load_order got hardcoded default for L"win32u.dll"
00b4:trace:module:load_builtin L"\\??\\C:\\windows\\system32\\win32u.dll" is a fake Wine dll
00b4:trace:module:load_dll looking for L"kernel32.dll" in (null)
00b4:trace:module:load_dll Found L"C:\\windows\\system32\\kernel32.dll" for L"kernel32.dll" at 000000007B600000, count=7
00b4:trace:module:import_dll is not hybrid module
00b4:trace:module:load_dll looking for L"ntdll.dll" in (null)
00b4:trace:module:load_dll Found L"C:\\windows\\system32\\ntdll.dll" for L"ntdll.dll" at 0000000170000000, count=9
00b4:trace:module:import_dll is not hybrid module
00b4:trace:module:build_module loaded L"\\??\\C:\\windows\\system32\\win32u.dll" 0000000000237490 000000006D980000
00b4:trace:loaddll:build_module Loaded L"C:\\windows\\system32\\win32u.dll" at 000000006D980000: builtin
00b4:trace:module:load_dll Loaded module L"\\??\\C:\\windows\\system32\\win32u.dll" at 000000006D980000
00b4:trace:module:import_dll is not hybrid module
00b4:trace:module:build_module loaded L"\\??\\C:\\windows\\system32\\gdi32.dll" 00000000002371E0 000000026B4C0000
00b4:trace:loaddll:build_module Loaded L"C:\\windows\\system32\\gdi32.dll" at 000000026B4C0000: builtin
00b4:trace:module:load_dll Loaded module L"\\??\\C:\\windows\\system32\\gdi32.dll" at 000000026B4C0000
00b4:trace:module:import_dll is not hybrid module
00b4:trace:module:load_dll looking for L"kernel32.dll" in (null)
00b4:trace:module:load_dll Found L"C:\\windows\\system32\\kernel32.dll" for L"kernel32.dll" at 000000007B600000, count=8
00b4:trace:module:import_dll is not hybrid module
00b4:trace:module:load_dll looking for L"kernelbase.dll" in (null)
00b4:trace:module:load_dll Found L"C:\\windows\\system32\\kernelbase.dll" for L"kernelbase.dll" at 000000007B000000, count=4
00b4:trace:module:import_dll is not hybrid module
00b4:trace:module:load_dll looking for L"ntdll.dll" in (null)
00b4:trace:module:load_dll Found L"C:\\windows\\system32\\ntdll.dll" for L"ntdll.dll" at 0000000170000000, count=10
00b4:trace:module:import_dll is not hybrid module
00b4:trace:module:load_dll looking for L"sechost.dll" in (null)
00b4:trace:module:load_dll Found L"C:\\windows\\system32\\sechost.dll" for L"sechost.dll" at 000000032A700000, count=2
00b4:trace:module:import_dll is not hybrid module
00b4:trace:module:load_dll looking for L"ucrtbase.dll" in (null)
00b4:trace:module:load_dll Found L"C:\\windows\\system32\\ucrtbase.dll" for L"ucrtbase.dll" at 00000003AF670000, count=3
00b4:trace:module:import_dll is not hybrid module
00b4:trace:module:load_dll looking for L"version.dll" in (null)
00b4:trace:module:get_load_order looking for L"C:\\windows\\system32\\version.dll"
00b4:trace:module:get_load_order got hardcoded default for L"version.dll"
00b4:trace:module:map_image_into_view mapping PE file L"\\??\\C:\\windows\\system32\\version.dll" at 0x2f1fa0000-0x2f1fae000
00b4:trace:module:map_image_into_view mapping L"\\??\\C:\\windows\\system32\\version.dll" section .text at 0x2f1fa1000 off 1000 size 3000 virt 2990 flags 60000020
00b4:trace:module:map_image_into_view mapping L"\\??\\C:\\windows\\system32\\version.dll" section .data at 0x2f1fa4000 off 4000 size 1000 virt 70 flags c0000040
00b4:trace:module:map_image_into_view mapping L"\\??\\C:\\windows\\system32\\version.dll" section .rodata at 0x2f1fa5000 off 5000 size 1000 virt 84 flags c0000040
00b4:trace:module:map_image_into_view mapping L"\\??\\C:\\windows\\system32\\version.dll" section .rdata at 0x2f1fa6000 off 6000 size 1000 virt 280 flags 40000040
00b4:trace:module:map_image_into_view mapping L"\\??\\C:\\windows\\system32\\version.dll" section .pdata at 0x2f1fa7000 off 7000 size 1000 virt d8 flags 40000040
00b4:trace:module:map_image_into_view mapping L"\\??\\C:\\windows\\system32\\version.dll" section .xdata at 0x2f1fa8000 off 8000 size 1000 virt 104 flags 40000040
00b4:trace:module:map_image_into_view mapping L"\\??\\C:\\windows\\system32\\version.dll" section .bss at 0x2f1fa9000 off 0 size 0 virt 140 flags c0000080
00b4:trace:module:map_image_into_view mapping L"\\??\\C:\\windows\\system32\\version.dll" section .edata at 0x2f1faa000 off 9000 size 1000 virt 327 flags 40000040
00b4:trace:module:map_image_into_view mapping L"\\??\\C:\\windows\\system32\\version.dll" section .idata at 0x2f1fab000 off a000 size 1000 virt 78c flags c0000040
00b4:trace:module:map_image_into_view mapping L"\\??\\C:\\windows\\system32\\version.dll" section .rsrc at 0x2f1fac000 off b000 size 1000 virt 3b8 flags 40000040
00b4:trace:module:map_image_into_view mapping L"\\??\\C:\\windows\\system32\\version.dll" section .reloc at 0x2f1fad000 off c000 size 1000 virt 20 flags 42000040
00b4:trace:module:load_dll looking for L"kernel32.dll" in (null)
00b4:trace:module:load_dll Found L"C:\\windows\\system32\\kernel32.dll" for L"kernel32.dll" at 000000007B600000, count=9
00b4:trace:module:import_dll is not hybrid module
00b4:trace:module:load_dll looking for L"kernelbase.dll" in (null)
00b4:trace:module:load_dll Found L"C:\\windows\\system32\\kernelbase.dll" for L"kernelbase.dll" at 000000007B000000, count=5
00b4:trace:module:import_dll is not hybrid module
00b4:trace:module:load_dll looking for L"ntdll.dll" in (null)
00b4:trace:module:load_dll Found L"C:\\windows\\system32\\ntdll.dll" for L"ntdll.dll" at 0000000170000000, count=11
00b4:trace:module:import_dll is not hybrid module
00b4:trace:module:load_dll looking for L"ucrtbase.dll" in (null)
00b4:trace:module:load_dll Found L"C:\\windows\\system32\\ucrtbase.dll" for L"ucrtbase.dll" at 00000003AF670000, count=4
00b4:trace:module:import_dll is not hybrid module
00b4:trace:module:build_module loaded L"\\??\\C:\\windows\\system32\\version.dll" 00000000002377E0 00000002F1FA0000
00b4:trace:loaddll:build_module Loaded L"C:\\windows\\system32\\version.dll" at 00000002F1FA0000: builtin
00b4:trace:module:load_dll Loaded module L"\\??\\C:\\windows\\system32\\version.dll" at 00000002F1FA0000
00b4:trace:module:import_dll is not hybrid module
00b4:trace:module:load_dll looking for L"win32u.dll" in (null)
00b4:trace:module:load_dll Found L"C:\\windows\\system32\\win32u.dll" for L"win32u.dll" at 000000006D980000, count=2
00b4:trace:module:import_dll is not hybrid module
00b4:trace:module:build_module loaded L"\\??\\C:\\windows\\system32\\USER32.dll" 0000000000235080 000000023D820000
00b4:trace:loaddll:build_module Loaded L"C:\\windows\\system32\\USER32.dll" at 000000023D820000: builtin
00b4:trace:module:load_dll Loaded module L"\\??\\C:\\windows\\system32\\USER32.dll" at 000000023D820000
00b4:trace:module:import_dll is not hybrid module
00b4:trace:module:load_dll looking for L"KERNEL32.dll" in (null)
00b4:trace:module:load_dll Found L"C:\\windows\\system32\\kernel32.dll" for L"KERNEL32.dll" at 000000007B600000, count=10
00b4:trace:module:import_dll is not hybrid module
00b4:trace:module:load_dll looking for L"dbghelp.dll" in (null)
00b4:trace:module:get_load_order looking for L"C:\\windows\\system32\\dbghelp.dll"
00b4:trace:module:get_load_order got hardcoded default for L"dbghelp.dll"
00b4:trace:module:map_image_into_view mapping PE file L"\\??\\C:\\windows\\system32\\dbghelp.dll" at 0x3be590000-0x3be61b000
00b4:trace:module:map_image_into_view mapping L"\\??\\C:\\windows\\system32\\dbghelp.dll" section .text at 0x3be591000 off 1000 size 63000 virt 62960 flags 60000060
00b4:trace:module:map_image_into_view mapping L"\\??\\C:\\windows\\system32\\dbghelp.dll" section .data at 0x3be5f4000 off 64000 size 1000 virt 360 flags c0000040
00b4:trace:module:map_image_into_view mapping L"\\??\\C:\\windows\\system32\\dbghelp.dll" section .rodata at 0x3be5f5000 off 65000 size 1000 virt 89c flags c0000040
00b4:trace:module:map_image_into_view mapping L"\\??\\C:\\windows\\system32\\dbghelp.dll" section .rdata at 0x3be5f6000 off 66000 size e000 virt d3b0 flags 40000040
00b4:trace:module:map_image_into_view mapping L"\\??\\C:\\windows\\system32\\dbghelp.dll" section .pdata at 0x3be604000 off 74000 size 2000 virt 1c50 flags 40000040
00b4:trace:module:map_image_into_view mapping L"\\??\\C:\\windows\\system32\\dbghelp.dll" section .xdata at 0x3be606000 off 76000 size 3000 virt 23f4 flags 40000040
00b4:trace:module:map_image_into_view mapping L"\\??\\C:\\windows\\system32\\dbghelp.dll" section .bss at 0x3be609000 off 0 size 0 virt 8ea0 flags c0000080
00b4:trace:module:map_image_into_view mapping L"\\??\\C:\\windows\\system32\\dbghelp.dll" section .edata at 0x3be612000 off 79000 size 5000 virt 430d flags 40000040
00b4:trace:module:map_image_into_view mapping L"\\??\\C:\\windows\\system32\\dbghelp.dll" section .idata at 0x3be617000 off 7e000 size 2000 virt 1050 flags c0000040
00b4:trace:module:map_image_into_view mapping L"\\??\\C:\\windows\\system32\\dbghelp.dll" section .rsrc at 0x3be619000 off 80000 size 1000 virt 3c0 flags 40000040
00b4:trace:module:map_image_into_view mapping L"\\??\\C:\\windows\\system32\\dbghelp.dll" section .reloc at 0x3be61a000 off 81000 size 1000 virt 154 flags 42000040
00b4:trace:module:load_dll looking for L"kernel32.dll" in (null)
00b4:trace:module:load_dll Found L"C:\\windows\\system32\\kernel32.dll" for L"kernel32.dll" at 000000007B600000, count=11
00b4:trace:module:import_dll is not hybrid module
00b4:trace:module:load_dll looking for L"ntdll.dll" in (null)
00b4:trace:module:load_dll Found L"C:\\windows\\system32\\ntdll.dll" for L"ntdll.dll" at 0000000170000000, count=12
00b4:trace:module:import_dll is not hybrid module
00b4:trace:module:load_dll looking for L"ucrtbase.dll" in (null)
00b4:trace:module:load_dll Found L"C:\\windows\\system32\\ucrtbase.dll" for L"ucrtbase.dll" at 00000003AF670000, count=5
00b4:trace:module:import_dll is not hybrid module
00b4:trace:module:build_module loaded L"\\??\\C:\\windows\\system32\\dbghelp.dll" 0000000000237B70 00000003BE590000
00b4:trace:loaddll:build_module Loaded L"C:\\windows\\system32\\dbghelp.dll" at 00000003BE590000: builtin
00b4:trace:module:load_dll Loaded module L"\\??\\C:\\windows\\system32\\dbghelp.dll" at 00000003BE590000
00b4:trace:module:import_dll is not hybrid module
00b4:trace:module:load_dll looking for L"SHELL32.dll" in (null)
00b4:trace:module:get_load_order looking for L"C:\\windows\\system32\\SHELL32.dll"
00b4:trace:module:get_load_order got hardcoded default for L"SHELL32.dll"
00b4:trace:module:map_image_into_view mapping PE file L"\\??\\C:\\windows\\system32\\SHELL32.dll" at 0x1c69e0000-0x1c732b000
00b4:trace:module:map_image_into_view mapping L"\\??\\C:\\windows\\system32\\SHELL32.dll" section .text at 0x1c69e1000 off 1000 size b4000 virt b32f0 flags 60000060
00b4:trace:module:map_image_into_view mapping L"\\??\\C:\\windows\\system32\\SHELL32.dll" section .data at 0x1c6a95000 off b5000 size 2000 virt 13e0 flags c0000040
00b4:trace:module:map_image_into_view mapping L"\\??\\C:\\windows\\system32\\SHELL32.dll" section .rodata at 0x1c6a97000 off b7000 size 2000 virt 18ec flags c0000040
00b4:trace:module:map_image_into_view mapping L"\\??\\C:\\windows\\system32\\SHELL32.dll" section .rdata at 0x1c6a99000 off b9000 size 2a000 virt 29cf0 flags 40000040
00b4:trace:module:map_image_into_view mapping L"\\??\\C:\\windows\\system32\\SHELL32.dll" section .pdata at 0x1c6ac3000 off e3000 size 6000 virt 57fc flags 40000040
00b4:trace:module:map_image_into_view mapping L"\\??\\C:\\windows\\system32\\SHELL32.dll" section .xdata at 0x1c6ac9000 off e9000 size 7000 virt 6178 flags 40000040
00b4:trace:module:map_image_into_view mapping L"\\??\\C:\\windows\\system32\\SHELL32.dll" section .bss at 0x1c6ad0000 off 0 size 0 virt 570 flags c0000080
00b4:trace:module:map_image_into_view mapping L"\\??\\C:\\windows\\system32\\SHELL32.dll" section .edata at 0x1c6ad1000 off f0000 size 15000 virt 14070 flags 40000040
00b4:trace:module:map_image_into_view mapping L"\\??\\C:\\windows\\system32\\SHELL32.dll" section .idata at 0x1c6ae6000 off 105000 size 5000 virt 4aa0 flags c0000040
00b4:trace:module:map_image_into_view mapping L"\\??\\C:\\windows\\system32\\SHELL32.dll" section .rsrc at 0x1c6aeb000 off 10a000 size 83e000 virt 83d918 flags 40000040
00b4:trace:module:map_image_into_view mapping L"\\??\\C:\\windows\\system32\\SHELL32.dll" section .reloc at 0x1c7329000 off 948000 size 2000 virt 12a4 flags 42000040
00b4:trace:module:load_dll looking for L"advapi32.dll" in (null)
00b4:trace:module:load_dll Found L"C:\\windows\\system32\\advapi32.dll" for L"advapi32.dll" at 0000000330260000, count=3
00b4:trace:module:import_dll is not hybrid module
00b4:trace:module:load_dll looking for L"gdi32.dll" in (null)
00b4:trace:module:load_dll Found L"C:\\windows\\system32\\gdi32.dll" for L"gdi32.dll" at 000000026B4C0000, count=2
00b4:trace:module:import_dll is not hybrid module
00b4:trace:module:load_dll looking for L"kernel32.dll" in (null)
00b4:trace:module:load_dll Found L"C:\\windows\\system32\\kernel32.dll" for L"kernel32.dll" at 000000007B600000, count=12
00b4:trace:module:import_dll is not hybrid module
00b4:trace:module:load_dll looking for L"ntdll.dll" in (null)
00b4:trace:module:load_dll Found L"C:\\windows\\system32\\ntdll.dll" for L"ntdll.dll" at 0000000170000000, count=13
00b4:trace:module:import_dll is not hybrid module
00b4:trace:module:load_dll looking for L"shlwapi.dll" in (null)
00b4:trace:module:get_load_order looking for L"C:\\windows\\system32\\shlwapi.dll"
00b4:trace:module:get_load_order got hardcoded default for L"shlwapi.dll"
00b4:trace:module:map_image_into_view mapping PE file L"\\??\\C:\\windows\\system32\\SHLWAPI.dll" at 0x2e3540000-0x2e359a000
00b4:trace:module:map_image_into_view mapping L"\\??\\C:\\windows\\system32\\SHLWAPI.dll" section .text at 0x2e3541000 off 1000 size 27000 virt 26130 flags 60000060
00b4:trace:module:map_image_into_view mapping L"\\??\\C:\\windows\\system32\\SHLWAPI.dll" section .data at 0x2e3568000 off 28000 size 1000 virt 210 flags c0000040
00b4:trace:module:map_image_into_view mapping L"\\??\\C:\\windows\\system32\\SHLWAPI.dll" section .rodata at 0x2e3569000 off 29000 size 2000 virt 18fc flags c0000040
00b4:trace:module:map_image_into_view mapping L"\\??\\C:\\windows\\system32\\SHLWAPI.dll" section .rdata at 0x2e356b000 off 2b000 size b000 virt a550 flags 40000040
00b4:trace:module:map_image_into_view mapping L"\\??\\C:\\windows\\system32\\SHLWAPI.dll" section .pdata at 0x2e3576000 off 36000 size 2000 virt 1188 flags 40000040
00b4:trace:module:map_image_into_view mapping L"\\??\\C:\\windows\\system32\\SHLWAPI.dll" section .xdata at 0x2e3578000 off 38000 size 2000 virt 14c0 flags 40000040
00b4:trace:module:map_image_into_view mapping L"\\??\\C:\\windows\\system32\\SHLWAPI.dll" section .bss at 0x2e357a000 off 0 size 0 virt 1c0 flags c0000080
00b4:trace:module:map_image_into_view mapping L"\\??\\C:\\windows\\system32\\SHLWAPI.dll" section .edata at 0x2e357b000 off 3a000 size 14000 virt 13ab5 flags 40000040
00b4:trace:module:map_image_into_view mapping L"\\??\\C:\\windows\\system32\\SHLWAPI.dll" section .idata at 0x2e358f000 off 4e000 size 5000 virt 4414 flags c0000040
00b4:trace:module:map_image_into_view mapping L"\\??\\C:\\windows\\system32\\SHLWAPI.dll" section .rsrc at 0x2e3594000 off 53000 size 5000 virt 4ed0 flags 40000040
00b4:trace:module:map_image_into_view mapping L"\\??\\C:\\windows\\system32\\SHLWAPI.dll" section .reloc at 0x2e3599000 off 58000 size 1000 virt d8 flags 42000040
00b4:trace:module:load_dll looking for L"advapi32.dll" in (null)
00b4:trace:module:load_dll Found L"C:\\windows\\system32\\advapi32.dll" for L"advapi32.dll" at 0000000330260000, count=4
00b4:trace:module:import_dll is not hybrid module
00b4:trace:module:load_dll looking for L"gdi32.dll" in (null)
00b4:trace:module:load_dll Found L"C:\\windows\\system32\\gdi32.dll" for L"gdi32.dll" at 000000026B4C0000, count=3
00b4:trace:module:import_dll is not hybrid module
00b4:trace:module:load_dll looking for L"kernel32.dll" in (null)
00b4:trace:module:load_dll Found L"C:\\windows\\system32\\kernel32.dll" for L"kernel32.dll" at 000000007B600000, count=13
00b4:trace:module:import_dll is not hybrid module
00b4:trace:module:load_dll looking for L"kernelbase.dll" in (null)
00b4:trace:module:load_dll Found L"C:\\windows\\system32\\kernelbase.dll" for L"kernelbase.dll" at 000000007B000000, count=6
00b4:trace:module:import_dll is not hybrid module
00b4:trace:module:load_dll looking for L"ntdll.dll" in (null)
00b4:trace:module:load_dll Found L"C:\\windows\\system32\\ntdll.dll" for L"ntdll.dll" at 0000000170000000, count=14
00b4:trace:module:import_dll is not hybrid module
00b4:trace:module:load_dll looking for L"shcore.dll" in (null)
00b4:trace:module:get_load_order looking for L"C:\\windows\\system32\\shcore.dll"
00b4:trace:module:get_load_order got hardcoded default for L"shcore.dll"
00b4:trace:module:map_image_into_view mapping PE file L"\\??\\C:\\windows\\system32\\shcore.dll" at 0x3126f0000-0x31270b000
00b4:trace:module:map_image_into_view mapping L"\\??\\C:\\windows\\system32\\shcore.dll" section .text at 0x3126f1000 off 1000 size b000 virt a310 flags 60000020
00b4:trace:module:map_image_into_view mapping L"\\??\\C:\\windows\\system32\\shcore.dll" section .data at 0x3126fc000 off c000 size 1000 virt b0 flags c0000040
00b4:trace:module:map_image_into_view mapping L"\\??\\C:\\windows\\system32\\shcore.dll" section .rodata at 0x3126fd000 off d000 size 1000 virt fb4 flags c0000040
00b4:trace:module:map_image_into_view mapping L"\\??\\C:\\windows\\system32\\shcore.dll" section .rdata at 0x3126fe000 off e000 size 3000 virt 2360 flags 40000040
00b4:trace:module:map_image_into_view mapping L"\\??\\C:\\windows\\system32\\shcore.dll" section .pdata at 0x312701000 off 11000 size 1000 virt 570 flags 40000040
00b4:trace:module:map_image_into_view mapping L"\\??\\C:\\windows\\system32\\shcore.dll" section .xdata at 0x312702000 off 12000 size 1000 virt 654 flags 40000040
00b4:trace:module:map_image_into_view mapping L"\\??\\C:\\windows\\system32\\shcore.dll" section .bss at 0x312703000 off 0 size 0 virt 160 flags c0000080
00b4:trace:module:map_image_into_view mapping L"\\??\\C:\\windows\\system32\\shcore.dll" section .edata at 0x312704000 off 13000 size 5000 virt 480e flags 40000040
00b4:trace:module:map_image_into_view mapping L"\\??\\C:\\windows\\system32\\shcore.dll" section .idata at 0x312709000 off 18000 size 1000 virt c5c flags c0000040
00b4:trace:module:map_image_into_view mapping L"\\??\\C:\\windows\\system32\\shcore.dll" section .reloc at 0x31270a000 off 19000 size 1000 virt a8 flags 42000040
00b4:trace:module:load_dll looking for L"advapi32.dll" in (null)
00b4:trace:module:load_dll Found L"C:\\windows\\system32\\advapi32.dll" for L"advapi32.dll" at 0000000330260000, count=5
00b4:trace:module:import_dll is not hybrid module
00b4:trace:module:load_dll looking for L"kernel32.dll" in (null)
00b4:trace:module:load_dll Found L"C:\\windows\\system32\\kernel32.dll" for L"kernel32.dll" at 000000007B600000, count=14
00b4:trace:module:import_dll is not hybrid module
00b4:trace:module:load_dll looking for L"ntdll.dll" in (null)
00b4:trace:module:load_dll Found L"C:\\windows\\system32\\ntdll.dll" for L"ntdll.dll" at 0000000170000000, count=15
00b4:trace:module:import_dll is not hybrid module
00b4:trace:module:load_dll looking for L"ole32.dll" in (null)
00b4:trace:module:get_load_order looking for L"C:\\windows\\system32\\ole32.dll"
00b4:trace:module:get_load_order got hardcoded default for L"ole32.dll"
00b4:trace:module:map_image_into_view mapping PE file L"\\??\\C:\\windows\\system32\\ole32.dll" at 0x2e8f10000-0x2e9039000
00b4:trace:module:map_image_into_view mapping L"\\??\\C:\\windows\\system32\\ole32.dll" section .text at 0x2e8f11000 off 1000 size b6000 virt b5ab0 flags 60000060
00b4:trace:module:map_image_into_view mapping L"\\??\\C:\\windows\\system32\\ole32.dll" section .data at 0x2e8fc7000 off b7000 size 1000 virt 480 flags c0000040
00b4:trace:module:map_image_into_view mapping L"\\??\\C:\\windows\\system32\\ole32.dll" section .rodata at 0x2e8fc8000 off b8000 size 1000 virt 778 flags c0000040
00b4:trace:module:map_image_into_view mapping L"\\??\\C:\\windows\\system32\\ole32.dll" section .rdata at 0x2e8fc9000 off b9000 size 1e000 virt 1db90 flags 40000040
00b4:trace:module:map_image_into_view mapping L"\\??\\C:\\windows\\system32\\ole32.dll" section .pdata at 0x2e8fe7000 off d7000 size 7000 virt 699c flags 40000040
00b4:trace:module:map_image_into_view mapping L"\\??\\C:\\windows\\system32\\ole32.dll" section .xdata at 0x2e8fee000 off de000 size 7000 virt 680c flags 40000040
00b4:trace:module:map_image_into_view mapping L"\\??\\C:\\windows\\system32\\ole32.dll" section .bss at 0x2e8ff5000 off 0 size 0 virt 210 flags c0000080
00b4:trace:module:map_image_into_view mapping L"\\??\\C:\\windows\\system32\\ole32.dll" section .edata at 0x2e8ff6000 off e5000 size 18000 virt 17412 flags 40000040
00b4:trace:module:map_image_into_view mapping L"\\??\\C:\\windows\\system32\\ole32.dll" section .idata at 0x2e900e000 off fd000 size 4000 virt 367c flags c0000040
00b4:trace:module:map_image_into_view mapping L"\\??\\C:\\windows\\system32\\ole32.dll" section .rsrc at 0x2e9012000 off 101000 size 25000 virt 24bc0 flags 40000040
00b4:trace:module:map_image_into_view mapping L"\\??\\C:\\windows\\system32\\ole32.dll" section .reloc at 0x2e9037000 off 126000 size 2000 virt 181c flags 42000040
00b4:trace:module:load_dll looking for L"advapi32.dll" in (null)
00b4:trace:module:load_dll Found L"C:\\windows\\system32\\advapi32.dll" for L"advapi32.dll" at 0000000330260000, count=6
00b4:trace:module:import_dll is not hybrid module
00b4:trace:module:load_dll looking for L"combase.dll" in (null)
00b4:trace:module:get_load_order looking for L"C:\\windows\\system32\\combase.dll"
00b4:trace:module:get_load_order got hardcoded default for L"combase.dll"
00bc:trace:module:get_load_order looking for L"C:\\windows\\system32\\explorer.exe"
00bc:trace:module:get_load_order got hardcoded default for L"explorer.exe"
00b4:trace:module:map_image_into_view mapping PE file L"\\??\\C:\\windows\\system32\\combase.dll" at 0x327020000-0x327079000
00b4:trace:module:map_image_into_view mapping L"\\??\\C:\\windows\\system32\\combase.dll" section .text at 0x327021000 off 1000 size 2c000 virt 2bef0 flags 60000060
00b4:trace:module:map_image_into_view mapping L"\\??\\C:\\windows\\system32\\combase.dll" section .data at 0x32704d000 off 2d000 size 1000 virt 580 flags c0000040
00b4:trace:module:map_image_into_view mapping L"\\??\\C:\\windows\\system32\\combase.dll" section .rodata at 0x32704e000 off 2e000 size 2000 virt 16c0 flags c0000040
00b4:trace:module:map_image_into_view mapping L"\\??\\C:\\windows\\system32\\combase.dll" section .rdata at 0x327050000 off 30000 size e000 virt d2d0 flags 40000040
00b4:trace:module:map_image_into_view mapping L"\\??\\C:\\windows\\system32\\combase.dll" section .pdata at 0x32705e000 off 3e000 size 2000 virt 1710 flags 40000040
00b4:trace:module:map_image_into_view mapping L"\\??\\C:\\windows\\system32\\combase.dll" section .xdata at 0x327060000 off 40000 size 2000 virt 1910 flags 40000040
00b4:trace:module:map_image_into_view mapping L"\\??\\C:\\windows\\system32\\combase.dll" section .bss at 0x327062000 off 0 size 0 virt 1a0 flags c0000080
00b4:trace:module:map_image_into_view mapping L"\\??\\C:\\windows\\system32\\combase.dll" section .edata at 0x327063000 off 42000 size 13000 virt 12d6e flags 40000040
00b4:trace:module:map_image_into_view mapping L"\\??\\C:\\windows\\system32\\combase.dll" section .idata at 0x327076000 off 55000 size 2000 virt 17e8 flags c0000040
00b4:trace:module:map_image_into_view mapping L"\\??\\C:\\windows\\system32\\combase.dll" section .reloc at 0x327078000 off 57000 size 1000 virt 250 flags 42000040
00b4:trace:module:load_dll looking for L"advapi32.dll" in (null)
00b4:trace:module:load_dll Found L"C:\\windows\\system32\\advapi32.dll" for L"advapi32.dll" at 0000000330260000, count=7
00bc:trace:module:get_load_order looking for L"C:\\windows\\system32\\explorer.exe"
00b4:trace:module:import_dll is not hybrid module
00b4:trace:module:load_dll looking for L"gdi32.dll" in (null)
00b4:trace:module:load_dll Found L"C:\\windows\\system32\\gdi32.dll" for L"gdi32.dll" at 000000026B4C0000, count=4
00bc:trace:module:get_load_order got hardcoded default for L"explorer.exe"
00b4:trace:module:import_dll is not hybrid module
00b4:trace:module:load_dll looking for L"kernel32.dll" in (null)
00b4:trace:module:load_dll Found L"C:\\windows\\system32\\kernel32.dll" for L"kernel32.dll" at 000000007B600000, count=15
00b4:trace:module:import_dll is not hybrid module
00b4:trace:module:load_dll looking for L"ntdll.dll" in (null)
00b4:trace:module:load_dll Found L"C:\\windows\\system32\\ntdll.dll" for L"ntdll.dll" at 0000000170000000, count=16
00b4:trace:module:import_dll is not hybrid module
00b4:trace:module:load_dll looking for L"ole32.dll" in (null)
00b4:trace:module:load_dll Found L"C:\\windows\\system32\\ole32.dll" for L"ole32.dll" at 00000002E8F10000, count=2
00b4:trace:module:import_dll is not hybrid module
00b4:trace:module:load_dll looking for L"rpcrt4.dll" in (null)
00bc:trace:module:map_image_into_view mapping PE file L"\\??\\C:\\windows\\system32\\explorer.exe" at 0x140000000-0x140022000
00b4:trace:module:get_load_order looking for L"C:\\windows\\system32\\rpcrt4.dll"
00bc:trace:module:map_image_into_view mapping L"\\??\\C:\\windows\\system32\\explorer.exe" section .text at 0x140001000 off 1000 size 11000 virt 10f50 flags 60000060
00b4:trace:module:get_load_order got hardcoded default for L"rpcrt4.dll"
00bc:trace:module:map_image_into_view mapping L"\\??\\C:\\windows\\system32\\explorer.exe" section .data at 0x140012000 off 12000 size 1000 virt 170 flags c0000040
00bc:trace:module:map_image_into_view mapping L"\\??\\C:\\windows\\system32\\explorer.exe" section .rdata at 0x140013000 off 13000 size 7000 virt 66d0 flags 40000040
00bc:trace:module:map_image_into_view mapping L"\\??\\C:\\windows\\system32\\explorer.exe" section .pdata at 0x14001a000 off 1a000 size 1000 virt 948 flags 40000040
00bc:trace:module:map_image_into_view mapping L"\\??\\C:\\windows\\system32\\explorer.exe" section .xdata at 0x14001b000 off 1b000 size 1000 virt 8f8 flags 40000040
00bc:trace:module:map_image_into_view mapping L"\\??\\C:\\windows\\system32\\explorer.exe" section .bss at 0x14001c000 off 0 size 0 virt 660 flags c0000080
00bc:trace:module:map_image_into_view mapping L"\\??\\C:\\windows\\system32\\explorer.exe" section .idata at 0x14001d000 off 1c000 size 2000 virt 1db0 flags c0000040
00bc:trace:module:map_image_into_view mapping L"\\??\\C:\\windows\\system32\\explorer.exe" section .rsrc at 0x14001f000 off 1e000 size 2000 virt 1840 flags 40000040
00bc:trace:module:map_image_into_view mapping L"\\??\\C:\\windows\\system32\\explorer.exe" section .reloc at 0x140021000 off 20000 size 1000 virt 264 flags 42000040
00b4:trace:module:map_image_into_view mapping PE file L"\\??\\C:\\windows\\system32\\rpcrt4.dll" at 0x231ae0000-0x231b70000
00b4:trace:module:map_image_into_view mapping L"\\??\\C:\\windows\\system32\\rpcrt4.dll" section .text at 0x231ae1000 off 1000 size 54000 virt 53970 flags 60000060
00b4:trace:module:map_image_into_view mapping L"\\??\\C:\\windows\\system32\\rpcrt4.dll" section .data at 0x231b35000 off 55000 size 1000 virt 710 flags c0000040
00b4:trace:module:map_image_into_view mapping L"\\??\\C:\\windows\\system32\\rpcrt4.dll" section .rodata at 0x231b36000 off 56000 size 2000 virt 1b44 flags c0000040
00b4:trace:module:map_image_into_view mapping L"\\??\\C:\\windows\\system32\\rpcrt4.dll" section .rdata at 0x231b38000 off 58000 size 16000 virt 153f0 flags 40000040
00b4:trace:module:map_image_into_view mapping L"\\??\\C:\\windows\\system32\\rpcrt4.dll" section .pdata at 0x231b4e000 off 6e000 size 3000 virt 22f8 flags 40000040
00b4:trace:module:map_image_into_view mapping L"\\??\\C:\\windows\\system32\\rpcrt4.dll" section .xdata at 0x231b51000 off 71000 size 3000 virt 2934 flags 40000040
00b4:trace:module:map_image_into_view mapping L"\\??\\C:\\windows\\system32\\rpcrt4.dll" section .bss at 0x231b54000 off 0 size 0 virt 690 flags c0000080
00b4:trace:module:map_image_into_view mapping L"\\??\\C:\\windows\\system32\\rpcrt4.dll" section .edata at 0x231b55000 off 74000 size 17000 virt 16730 flags 40000040
00b4:trace:module:map_image_into_view mapping L"\\??\\C:\\windows\\system32\\rpcrt4.dll" section .idata at 0x231b6c000 off 8b000 size 2000 virt 19ac flags c0000040
00b4:trace:module:map_image_into_view mapping L"\\??\\C:\\windows\\system32\\rpcrt4.dll" section .rsrc at 0x231b6e000 off 8d000 size 1000 virt 3a8 flags 40000040
00b4:trace:module:map_image_into_view mapping L"\\??\\C:\\windows\\system32\\rpcrt4.dll" section .reloc at 0x231b6f000 off 8e000 size 1000 virt 504 flags 42000040
00b4:trace:module:load_dll looking for L"advapi32.dll" in (null)
00b4:trace:module:load_dll Found L"C:\\windows\\system32\\advapi32.dll" for L"advapi32.dll" at 0000000330260000, count=8
00b4:trace:module:import_dll is not hybrid module
00b4:trace:module:load_dll looking for L"kernel32.dll" in (null)
00b4:trace:module:load_dll Found L"C:\\windows\\system32\\kernel32.dll" for L"kernel32.dll" at 000000007B600000, count=16
00b4:trace:module:import_dll is not hybrid module
00b4:trace:module:load_dll looking for L"ntdll.dll" in (null)
00b4:trace:module:load_dll Found L"C:\\windows\\system32\\ntdll.dll" for L"ntdll.dll" at 0000000170000000, count=17
00b4:trace:module:import_dll is not hybrid module
00b4:trace:module:load_dll looking for L"ucrtbase.dll" in (null)
00b4:trace:module:load_dll Found L"C:\\windows\\system32\\ucrtbase.dll" for L"ucrtbase.dll" at 00000003AF670000, count=6
00b4:trace:module:import_dll is not hybrid module
00b4:trace:module:build_module loaded L"\\??\\C:\\windows\\system32\\rpcrt4.dll" 0000000000238F10 0000000231AE0000
00b4:trace:loaddll:build_module Loaded L"C:\\windows\\system32\\rpcrt4.dll" at 0000000231AE0000: builtin
00b4:trace:module:load_dll Loaded module L"\\??\\C:\\windows\\system32\\rpcrt4.dll" at 0000000231AE0000
00b4:trace:module:import_dll is not hybrid module
00b4:trace:module:load_dll looking for L"ucrtbase.dll" in (null)
00b4:trace:module:load_dll Found L"C:\\windows\\system32\\ucrtbase.dll" for L"ucrtbase.dll" at 00000003AF670000, count=7
00b4:trace:module:import_dll is not hybrid module
00b4:trace:module:load_dll looking for L"user32.dll" in (null)
00b4:trace:module:load_dll Found L"C:\\windows\\system32\\USER32.dll" for L"user32.dll" at 000000023D820000, count=2
00b4:trace:module:import_dll is not hybrid module
00b4:trace:module:build_module loaded L"\\??\\C:\\windows\\system32\\combase.dll" 0000000000238B80 0000000327020000
00b4:trace:loaddll:build_module Loaded L"C:\\windows\\system32\\combase.dll" at 0000000327020000: builtin
00b4:trace:module:load_dll Loaded module L"\\??\\C:\\windows\\system32\\combase.dll" at 0000000327020000
00b4:trace:module:import_dll is not hybrid module
00bc:trace:module:map_image_into_view mapping PE file L"\\??\\C:\\windows\\system32\\ntdll.dll" at 0x170000000-0x1700b4000
00b4:trace:module:load_dll looking for L"gdi32.dll" in (null)
00b4:trace:module:load_dll Found L"C:\\windows\\system32\\gdi32.dll" for L"gdi32.dll" at 000000026B4C0000, count=5
00bc:trace:module:map_image_into_view mapping L"\\??\\C:\\windows\\system32\\ntdll.dll" section .text at 0x170001000 off 1000 size 7b000 virt 7a540 flags 60000020
00b4:trace:module:import_dll is not hybrid module
00b4:trace:module:load_dll looking for L"kernel32.dll" in (null)
00b4:trace:module:load_dll Found L"C:\\windows\\system32\\kernel32.dll" for L"kernel32.dll" at 000000007B600000, count=17
00bc:trace:module:map_image_into_view mapping L"\\??\\C:\\windows\\system32\\ntdll.dll" section .data at 0x17007c000 off 7c000 size 1000 virt e80 flags c0000040
00b4:trace:module:import_dll is not hybrid module
00bc:trace:module:map_image_into_view mapping L"\\??\\C:\\windows\\system32\\ntdll.dll" section .rodata at 0x17007d000 off 7d000 size 2000 virt 1f48 flags c0000040
00b4:trace:module:load_dll looking for L"kernelbase.dll" in (null)
00b4:trace:module:load_dll Found L"C:\\windows\\system32\\kernelbase.dll" for L"kernelbase.dll" at 000000007B000000, count=7
00bc:trace:module:map_image_into_view mapping L"\\??\\C:\\windows\\system32\\ntdll.dll" section .rdata at 0x17007f000 off 7f000 size 13000 virt 12310 flags 40000040
00bc:trace:module:map_image_into_view mapping L"\\??\\C:\\windows\\system32\\ntdll.dll" section .pdata at 0x170092000 off 92000 size 4000 virt 3030 flags 40000040
00b4:trace:module:import_dll is not hybrid module
00bc:trace:module:map_image_into_view mapping L"\\??\\C:\\windows\\system32\\ntdll.dll" section .xdata at 0x170096000 off 96000 size 4000 virt 33b4 flags 40000040
00b4:trace:module:load_dll looking for L"ntdll.dll" in (null)
00bc:trace:module:map_image_into_view mapping L"\\??\\C:\\windows\\system32\\ntdll.dll" section .bss at 0x17009a000 off 0 size 0 virt 34f0 flags c0000080
00b4:trace:module:load_dll Found L"C:\\windows\\system32\\ntdll.dll" for L"ntdll.dll" at 0000000170000000, count=18
00bc:trace:module:map_image_into_view mapping L"\\??\\C:\\windows\\system32\\ntdll.dll" section .edata at 0x17009e000 off 9a000 size 13000 virt 1211e flags 40000040
00b4:trace:module:import_dll is not hybrid module
00bc:trace:module:map_image_into_view mapping L"\\??\\C:\\windows\\system32\\ntdll.dll" section .idata at 0x1700b1000 off ad000 size 1000 virt 18 flags c0000040
00b4:trace:module:load_dll looking for L"rpcrt4.dll" in (null)
00bc:trace:module:map_image_into_view mapping L"\\??\\C:\\windows\\system32\\ntdll.dll" section .rsrc at 0x1700b2000 off ae000 size 1000 virt 3b0 flags 40000040
00b4:trace:module:load_dll Found L"C:\\windows\\system32\\rpcrt4.dll" for L"rpcrt4.dll" at 0000000231AE0000, count=2
00bc:trace:module:map_image_into_view mapping L"\\??\\C:\\windows\\system32\\ntdll.dll" section .reloc at 0x1700b3000 off af000 size 1000 virt 17c flags 42000040
00b4:trace:module:import_dll is not hybrid module
00b4:trace:module:load_dll looking for L"ucrtbase.dll" in (null)
00b4:trace:module:load_dll Found L"C:\\windows\\system32\\ucrtbase.dll" for L"ucrtbase.dll" at 00000003AF670000, count=8
00b4:trace:module:import_dll is not hybrid module
00b4:trace:module:load_dll looking for L"user32.dll" in (null)
00b4:trace:module:load_dll Found L"C:\\windows\\system32\\USER32.dll" for L"user32.dll" at 000000023D820000, count=3
00b4:trace:module:import_dll is not hybrid module
00b4:trace:module:build_module loaded L"\\??\\C:\\windows\\system32\\ole32.dll" 0000000000238870 00000002E8F10000
00b4:trace:loaddll:build_module Loaded L"C:\\windows\\system32\\ole32.dll" at 00000002E8F10000: builtin
00b4:trace:module:load_dll Loaded module L"\\??\\C:\\windows\\system32\\ole32.dll" at 00000002E8F10000
00b4:trace:module:import_dll is not hybrid module
00b4:trace:module:load_dll looking for L"ucrtbase.dll" in (null)
00b4:trace:module:load_dll Found L"C:\\windows\\system32\\ucrtbase.dll" for L"ucrtbase.dll" at 00000003AF670000, count=9
00b4:trace:module:import_dll is not hybrid module
00b4:trace:module:load_dll looking for L"user32.dll" in (null)
00b4:trace:module:load_dll Found L"C:\\windows\\system32\\USER32.dll" for L"user32.dll" at 000000023D820000, count=4
00b4:trace:module:import_dll is not hybrid module
00b4:trace:module:build_module loaded L"\\??\\C:\\windows\\system32\\shcore.dll" 0000000000238560 00000003126F0000
00b4:trace:loaddll:build_module Loaded L"C:\\windows\\system32\\shcore.dll" at 00000003126F0000: builtin
00b4:trace:module:load_dll Loaded module L"\\??\\C:\\windows\\system32\\shcore.dll" at 00000003126F0000
00b4:trace:module:import_dll is not hybrid module
00b4:trace:module:load_dll looking for L"ucrtbase.dll" in (null)
00b4:trace:module:load_dll Found L"C:\\windows\\system32\\ucrtbase.dll" for L"ucrtbase.dll" at 00000003AF670000, count=10
00b4:trace:module:import_dll is not hybrid module
00b4:trace:module:load_dll looking for L"user32.dll" in (null)
00b4:trace:module:load_dll Found L"C:\\windows\\system32\\USER32.dll" for L"user32.dll" at 000000023D820000, count=5
00b4:trace:module:import_dll is not hybrid module
00b4:trace:module:build_module loaded L"\\??\\C:\\windows\\system32\\shlwapi.dll" 00000000002381D0 00000002E3540000
00b4:trace:loaddll:build_module Loaded L"C:\\windows\\system32\\shlwapi.dll" at 00000002E3540000: builtin
00b4:trace:module:load_dll Loaded module L"\\??\\C:\\windows\\system32\\shlwapi.dll" at 00000002E3540000
00b4:trace:module:import_dll is not hybrid module
00b4:trace:module:load_dll looking for L"ucrtbase.dll" in (null)
00b4:trace:module:load_dll Found L"C:\\windows\\system32\\ucrtbase.dll" for L"ucrtbase.dll" at 00000003AF670000, count=11
00b4:trace:module:import_dll is not hybrid module
00b4:trace:module:load_dll looking for L"user32.dll" in (null)
00b4:trace:module:load_dll Found L"C:\\windows\\system32\\USER32.dll" for L"user32.dll" at 000000023D820000, count=6
00b4:trace:module:import_dll is not hybrid module
00b4:trace:module:build_module loaded L"\\??\\C:\\windows\\system32\\SHELL32.dll" 0000000000237E80 00000001C69E0000
00b4:trace:loaddll:build_module Loaded L"C:\\windows\\system32\\SHELL32.dll" at 00000001C69E0000: builtin
00b4:trace:module:load_dll Loaded module L"\\??\\C:\\windows\\system32\\SHELL32.dll" at 00000001C69E0000
00b4:trace:module:import_dll is not hybrid module
00b4:trace:module:load_dll looking for L"ole32.dll" in (null)
00b4:trace:module:load_dll Found L"C:\\windows\\system32\\ole32.dll" for L"ole32.dll" at 00000002E8F10000, count=2
00b4:trace:module:import_dll is not hybrid module
00b4:trace:module:load_dll looking for L"PSAPI.DLL" in (null)
00b4:trace:module:get_load_order looking for L"C:\\windows\\system32\\PSAPI.DLL"
00b4:trace:module:get_load_order got hardcoded default for L"PSAPI.DLL"
00b4:trace:module:map_image_into_view mapping PE file L"\\??\\C:\\windows\\system32\\PSAPI.DLL" at 0x430000-0x43b000
00b4:trace:module:map_image_into_view mapping L"\\??\\C:\\windows\\system32\\PSAPI.DLL" section .text at 0x431000 off 1000 size 1000 virt 810 flags 60000020
00b4:trace:module:map_image_into_view mapping L"\\??\\C:\\windows\\system32\\PSAPI.DLL" section .data at 0x432000 off 2000 size 1000 virt 30 flags c0000040
00b4:trace:module:map_image_into_view mapping L"\\??\\C:\\windows\\system32\\PSAPI.DLL" section .rodata at 0x433000 off 3000 size 1000 virt 74 flags c0000040
00b4:trace:module:map_image_into_view mapping L"\\??\\C:\\windows\\system32\\PSAPI.DLL" section .rdata at 0x434000 off 4000 size 1000 virt 40 flags 40000040
00b4:trace:module:map_image_into_view mapping L"\\??\\C:\\windows\\system32\\PSAPI.DLL" section .pdata at 0x435000 off 5000 size 1000 virt 18 flags 40000040
00b4:trace:module:map_image_into_view mapping L"\\??\\C:\\windows\\system32\\PSAPI.DLL" section .xdata at 0x436000 off 6000 size 1000 virt 10 flags 40000040
00b4:trace:module:map_image_into_view mapping L"\\??\\C:\\windows\\system32\\PSAPI.DLL" section .edata at 0x437000 off 7000 size 1000 virt 396 flags 40000040
00b4:trace:module:map_image_into_view mapping L"\\??\\C:\\windows\\system32\\PSAPI.DLL" section .idata at 0x438000 off 8000 size 1000 virt 53c flags c0000040
00b4:trace:module:map_image_into_view mapping L"\\??\\C:\\windows\\system32\\PSAPI.DLL" section .rsrc at 0x439000 off 9000 size 1000 virt 3c8 flags 40000040
00b4:trace:module:map_image_into_view mapping L"\\??\\C:\\windows\\system32\\PSAPI.DLL" section .reloc at 0x43a000 off a000 size 1000 virt 10 flags 42000040
00b4:trace:module:perform_relocations relocating from 0000000316370000-000000031637B000 to 0000000000430000-000000000043B000
00b4:trace:module:load_dll looking for L"kernel32.dll" in (null)
00b4:trace:module:load_dll Found L"C:\\windows\\system32\\kernel32.dll" for L"kernel32.dll" at 000000007B600000, count=18
00b4:trace:module:import_dll is not hybrid module
00b4:trace:module:build_module loaded L"\\??\\C:\\windows\\system32\\PSAPI.DLL" 00000000002395E0 0000000000430000
00b4:trace:loaddll:build_module Loaded L"C:\\windows\\system32\\PSAPI.DLL" at 0000000000430000: builtin
00b4:trace:module:load_dll Loaded module L"\\??\\C:\\windows\\system32\\PSAPI.DLL" at 0000000000430000
00b4:trace:module:import_dll is not hybrid module
00b4:trace:module:load_dll looking for L"ADVAPI32.dll" in (null)
00b4:trace:module:load_dll Found L"C:\\windows\\system32\\advapi32.dll" for L"ADVAPI32.dll" at 0000000330260000, count=9
00b4:trace:module:import_dll is not hybrid module
00b4:trace:module:load_dll looking for L"WININET.dll" in (null)
00b4:trace:module:get_load_order looking for L"C:\\windows\\system32\\WININET.dll"
00b4:trace:module:get_load_order got hardcoded default for L"WININET.dll"
00bc:trace:module:load_apiset_dll loaded L"\\??\\C:\\windows\\system32\\apisetschema.dll" apiset at 0x321000
00b4:trace:module:map_image_into_view mapping PE file L"\\??\\C:\\windows\\system32\\WININET.dll" at 0x3a0440000-0x3a04d1000
00b4:trace:module:map_image_into_view mapping L"\\??\\C:\\windows\\system32\\WININET.dll" section .text at 0x3a0441000 off 1000 size 55000 virt 54440 flags 60000060
00b4:trace:module:map_image_into_view mapping L"\\??\\C:\\windows\\system32\\WININET.dll" section .data at 0x3a0496000 off 56000 size 1000 virt 450 flags c0000040
00b4:trace:module:map_image_into_view mapping L"\\??\\C:\\windows\\system32\\WININET.dll" section .rodata at 0x3a0497000 off 57000 size 1000 virt 854 flags c0000040
00b4:trace:module:map_image_into_view mapping L"\\??\\C:\\windows\\system32\\WININET.dll" section .rdata at 0x3a0498000 off 58000 size c000 virt b5b0 flags 40000040
00b4:trace:module:map_image_into_view mapping L"\\??\\C:\\windows\\system32\\WININET.dll" section .pdata at 0x3a04a4000 off 64000 size 2000 virt 18f0 flags 40000040
00b4:trace:module:map_image_into_view mapping L"\\??\\C:\\windows\\system32\\WININET.dll" section .xdata at 0x3a04a6000 off 66000 size 2000 virt 1fb4 flags 40000040
00b4:trace:module:map_image_into_view mapping L"\\??\\C:\\windows\\system32\\WININET.dll" section .bss at 0x3a04a8000 off 0 size 0 virt 1e0 flags c0000080
00b4:trace:module:map_image_into_view mapping L"\\??\\C:\\windows\\system32\\WININET.dll" section .edata at 0x3a04a9000 off 68000 size 5000 virt 49b6 flags 40000040
00b4:trace:module:map_image_into_view mapping L"\\??\\C:\\windows\\system32\\WININET.dll" section .idata at 0x3a04ae000 off 6d000 size 2000 virt 1ec8 flags c0000040
00b4:trace:module:map_image_into_view mapping L"\\??\\C:\\windows\\system32\\WININET.dll" section .rsrc at 0x3a04b0000 off 6f000 size 20000 virt 1f3e8 flags 40000040
00b4:trace:module:map_image_into_view mapping L"\\??\\C:\\windows\\system32\\WININET.dll" section .reloc at 0x3a04d0000 off 8f000 size 1000 virt 2f0 flags 42000040
00b4:trace:module:load_dll looking for L"advapi32.dll" in (null)
00b4:trace:module:load_dll Found L"C:\\windows\\system32\\advapi32.dll" for L"advapi32.dll" at 0000000330260000, count=10
00b4:trace:module:import_dll is not hybrid module
00b4:trace:module:load_dll looking for L"kernel32.dll" in (null)
00b4:trace:module:load_dll Found L"C:\\windows\\system32\\kernel32.dll" for L"kernel32.dll" at 000000007B600000, count=19
00b4:trace:module:import_dll is not hybrid module
00b4:trace:module:load_dll looking for L"mpr.dll" in (null)
00b4:trace:module:get_load_order looking for L"C:\\windows\\system32\\mpr.dll"
00b4:trace:module:get_load_order got hardcoded default for L"mpr.dll"
00b4:trace:module:map_image_into_view mapping PE file L"\\??\\C:\\windows\\system32\\mpr.dll" at 0x24f470000-0x24f491000
00b4:trace:module:map_image_into_view mapping L"\\??\\C:\\windows\\system32\\mpr.dll" section .text at 0x24f471000 off 1000 size d000 virt c380 flags 60000020
00b4:trace:module:map_image_into_view mapping L"\\??\\C:\\windows\\system32\\mpr.dll" section .data at 0x24f47e000 off e000 size 1000 virt c0 flags c0000040
00b4:trace:module:map_image_into_view mapping L"\\??\\C:\\windows\\system32\\mpr.dll" section .rodata at 0x24f47f000 off f000 size 1000 virt 31c flags c0000040
00b4:trace:module:map_image_into_view mapping L"\\??\\C:\\windows\\system32\\mpr.dll" section .rdata at 0x24f480000 off 10000 size 2000 virt 1560 flags 40000040
00b4:trace:module:map_image_into_view mapping L"\\??\\C:\\windows\\system32\\mpr.dll" section .pdata at 0x24f482000 off 12000 size 1000 virt 624 flags 40000040
00b4:trace:module:map_image_into_view mapping L"\\??\\C:\\windows\\system32\\mpr.dll" section .xdata at 0x24f483000 off 13000 size 1000 virt 73c flags 40000040
00b4:trace:module:map_image_into_view mapping L"\\??\\C:\\windows\\system32\\mpr.dll" section .bss at 0x24f484000 off 0 size 0 virt 160 flags c0000080
00b4:trace:module:map_image_into_view mapping L"\\??\\C:\\windows\\system32\\mpr.dll" section .edata at 0x24f485000 off 14000 size 2000 virt 19e3 flags 40000040
00b4:trace:module:map_image_into_view mapping L"\\??\\C:\\windows\\system32\\mpr.dll" section .idata at 0x24f487000 off 16000 size 1000 virt a00 flags c0000040
00b4:trace:module:map_image_into_view mapping L"\\??\\C:\\windows\\system32\\mpr.dll" section .rsrc at 0x24f488000 off 17000 size 8000 virt 77c0 flags 40000040
00b4:trace:module:map_image_into_view mapping L"\\??\\C:\\windows\\system32\\mpr.dll" section .reloc at 0x24f490000 off 1f000 size 1000 virt 24 flags 42000040
00b4:trace:module:load_dll looking for L"advapi32.dll" in (null)
00b4:trace:module:load_dll Found L"C:\\windows\\system32\\advapi32.dll" for L"advapi32.dll" at 0000000330260000, count=11
00b4:trace:module:import_dll is not hybrid module
00b4:trace:module:load_dll looking for L"kernel32.dll" in (null)
00b4:trace:module:load_dll Found L"C:\\windows\\system32\\kernel32.dll" for L"kernel32.dll" at 000000007B600000, count=20
00b4:trace:module:import_dll is not hybrid module
00b4:trace:module:load_dll looking for L"ntdll.dll" in (null)
00b4:trace:module:load_dll Found L"C:\\windows\\system32\\ntdll.dll" for L"ntdll.dll" at 0000000170000000, count=19
00b4:trace:module:import_dll is not hybrid module
00b4:trace:module:load_dll looking for L"ucrtbase.dll" in (null)
00b4:trace:module:load_dll Found L"C:\\windows\\system32\\ucrtbase.dll" for L"ucrtbase.dll" at 00000003AF670000, count=12
00b4:trace:module:import_dll is not hybrid module
00b4:trace:module:load_dll looking for L"user32.dll" in (null)
00b4:trace:module:load_dll Found L"C:\\windows\\system32\\USER32.dll" for L"user32.dll" at 000000023D820000, count=7
00b4:trace:module:import_dll is not hybrid module
00b4:trace:module:build_module loaded L"\\??\\C:\\windows\\system32\\mpr.dll" 0000000000239C00 000000024F470000
00b4:trace:loaddll:build_module Loaded L"C:\\windows\\system32\\mpr.dll" at 000000024F470000: builtin
00b4:trace:module:load_dll Loaded module L"\\??\\C:\\windows\\system32\\mpr.dll" at 000000024F470000
00b4:trace:module:import_dll is not hybrid module
00b4:trace:module:load_dll looking for L"ntdll.dll" in (null)
00b4:trace:module:load_dll Found L"C:\\windows\\system32\\ntdll.dll" for L"ntdll.dll" at 0000000170000000, count=20
00b4:trace:module:import_dll is not hybrid module
00b4:trace:module:load_dll looking for L"shell32.dll" in (null)
00b4:trace:module:load_dll Found L"C:\\windows\\system32\\SHELL32.dll" for L"shell32.dll" at 00000001C69E0000, count=2
00b4:trace:module:import_dll is not hybrid module
00b4:trace:module:load_dll looking for L"shlwapi.dll" in (null)
00b4:trace:module:load_dll Found L"C:\\windows\\system32\\shlwapi.dll" for L"shlwapi.dll" at 00000002E3540000, count=2
00b4:trace:module:import_dll is not hybrid module
00b4:trace:module:load_dll looking for L"ucrtbase.dll" in (null)
00b4:trace:module:load_dll Found L"C:\\windows\\system32\\ucrtbase.dll" for L"ucrtbase.dll" at 00000003AF670000, count=13
00b4:trace:module:import_dll is not hybrid module
00b4:trace:module:load_dll looking for L"user32.dll" in (null)
00b4:trace:module:load_dll Found L"C:\\windows\\system32\\USER32.dll" for L"user32.dll" at 000000023D820000, count=8
00b4:trace:module:import_dll is not hybrid module
00b4:trace:module:load_dll looking for L"ws2_32.dll" in (null)
00b4:trace:module:get_load_order looking for L"C:\\windows\\system32\\ws2_32.dll"
00b4:trace:module:get_load_order got hardcoded default for L"ws2_32.dll"
00b4:trace:module:map_image_into_view mapping PE file L"\\??\\C:\\windows\\system32\\ws2_32.dll" at 0x1ec2b0000-0x1ec2d8000
00b4:trace:module:map_image_into_view mapping L"\\??\\C:\\windows\\system32\\ws2_32.dll" section .text at 0x1ec2b1000 off 1000 size 15000 virt 147b0 flags 60000060
00b4:trace:module:map_image_into_view mapping L"\\??\\C:\\windows\\system32\\ws2_32.dll" section .data at 0x1ec2c6000 off 16000 size 1000 virt 1b0 flags c0000040
00b4:trace:module:map_image_into_view mapping L"\\??\\C:\\windows\\system32\\ws2_32.dll" section .rodata at 0x1ec2c7000 off 17000 size 1000 virt 85c flags c0000040
00b4:trace:module:map_image_into_view mapping L"\\??\\C:\\windows\\system32\\ws2_32.dll" section .rdata at 0x1ec2c8000 off 18000 size 5000 virt 4bd0 flags 40000040
00b4:trace:module:map_image_into_view mapping L"\\??\\C:\\windows\\system32\\ws2_32.dll" section .pdata at 0x1ec2cd000 off 1d000 size 1000 virt 918 flags 40000040
00b4:trace:module:map_image_into_view mapping L"\\??\\C:\\windows\\system32\\ws2_32.dll" section .xdata at 0x1ec2ce000 off 1e000 size 1000 virt a14 flags 40000040
00b4:trace:module:map_image_into_view mapping L"\\??\\C:\\windows\\system32\\ws2_32.dll" section .bss at 0x1ec2cf000 off 0 size 0 virt 170 flags c0000080
00b4:trace:module:map_image_into_view mapping L"\\??\\C:\\windows\\system32\\ws2_32.dll" section .edata at 0x1ec2d0000 off 1f000 size 3000 virt 23c6 flags 40000040
00b4:trace:module:map_image_into_view mapping L"\\??\\C:\\windows\\system32\\ws2_32.dll" section .idata at 0x1ec2d3000 off 22000 size 1000 virt bf4 flags c0000040
00b4:trace:module:map_image_into_view mapping L"\\??\\C:\\windows\\system32\\ws2_32.dll" section .rsrc at 0x1ec2d4000 off 23000 size 3000 virt 29b8 flags 40000040
00b4:trace:module:map_image_into_view mapping L"\\??\\C:\\windows\\system32\\ws2_32.dll" section .reloc at 0x1ec2d7000 off 26000 size 1000 virt 70 flags 42000040
00b4:trace:module:load_dll looking for L"kernel32.dll" in (null)
00b4:trace:module:load_dll Found L"C:\\windows\\system32\\kernel32.dll" for L"kernel32.dll" at 000000007B600000, count=21
00b4:trace:module:import_dll is not hybrid module
00b4:trace:module:load_dll looking for L"ntdll.dll" in (null)
00b4:trace:module:load_dll Found L"C:\\windows\\system32\\ntdll.dll" for L"ntdll.dll" at 0000000170000000, count=21
00b4:trace:module:import_dll is not hybrid module
00b4:trace:module:load_dll looking for L"ucrtbase.dll" in (null)
00b4:trace:module:load_dll Found L"C:\\windows\\system32\\ucrtbase.dll" for L"ucrtbase.dll" at 00000003AF670000, count=14
00b4:trace:module:import_dll is not hybrid module
00b4:trace:module:build_module loaded L"\\??\\C:\\windows\\system32\\ws2_32.dll" 000000000023A090 00000001EC2B0000
00b4:trace:loaddll:build_module Loaded L"C:\\windows\\system32\\ws2_32.dll" at 00000001EC2B0000: builtin
00b4:trace:module:load_dll Loaded module L"\\??\\C:\\windows\\system32\\ws2_32.dll" at 00000001EC2B0000
00b4:trace:module:import_dll is not hybrid module
00b4:trace:module:build_module loaded L"\\??\\C:\\windows\\system32\\WININET.dll" 00000000002398F0 00000003A0440000
00b4:trace:loaddll:build_module Loaded L"C:\\windows\\system32\\WININET.dll" at 00000003A0440000: builtin
00b4:trace:module:load_dll Loaded module L"\\??\\C:\\windows\\system32\\WININET.dll" at 00000003A0440000
00b4:trace:module:import_dll is not hybrid module
00b4:trace:module:load_dll looking for L"GDI32.dll" in (null)
00b4:trace:module:load_dll Found L"C:\\windows\\system32\\gdi32.dll" for L"GDI32.dll" at 000000026B4C0000, count=6
00b4:trace:module:import_dll is not hybrid module
00b4:trace:module:load_dll looking for L"VERSION.dll" in (null)
00b4:trace:module:load_dll Found L"C:\\windows\\system32\\version.dll" for L"VERSION.dll" at 00000002F1FA0000, count=2
00b4:trace:module:import_dll is not hybrid module
00b4:trace:module:alloc_thread_tls thread 00b4 slot 0: 304/0 bytes at 000000000023C5D0
00b4:trace:module:process_attach (L"ntdll.dll",000000000011FB00) - START
00b4:trace:module:MODULE_InitDLL (0000000170000000 L"ntdll.dll",PROCESS_ATTACH,000000000011FB00) 000000017007B180 - CALL
00b4:trace:module:MODULE_InitDLL (0000000170000000,PROCESS_ATTACH,000000000011FB00) - RETURN 1
00b4:trace:module:process_attach (L"ntdll.dll",000000000011FB00) - END
00b4:trace:module:process_attach (L"kernel32.dll",000000000011FB00) - START
00b4:trace:module:process_attach (L"kernelbase.dll",000000000011FB00) - START
00b4:trace:module:MODULE_InitDLL (000000007B000000 L"kernelbase.dll",PROCESS_ATTACH,000000000011FB00) 000000007B04C9C0 - CALL
00bc:trace:module:build_module loaded L"\\??\\C:\\windows\\system32\\explorer.exe" 0000000000333530 0000000140000000
00bc:trace:loaddll:build_module Loaded L"C:\\windows\\system32\\explorer.exe" at 0000000140000000: builtin
00bc:trace:module:load_dll looking for L"kernel32.dll" in (null)
00bc:trace:module:get_load_order looking for L"C:\\windows\\system32\\kernel32.dll"
00bc:trace:module:get_load_order got hardcoded default for L"kernel32.dll"
00bc:trace:module:map_image_into_view mapping PE file L"\\??\\C:\\windows\\system32\\kernel32.dll" at 0x7b600000-0x7b665000
00bc:trace:module:map_image_into_view mapping L"\\??\\C:\\windows\\system32\\kernel32.dll" section .text at 0x7b601000 off 1000 size 37000 virt 36200 flags 60000020
00bc:trace:module:map_image_into_view mapping L"\\??\\C:\\windows\\system32\\kernel32.dll" section .data at 0x7b638000 off 38000 size 1000 virt 280 flags c0000040
00bc:trace:module:map_image_into_view mapping L"\\??\\C:\\windows\\system32\\kernel32.dll" section .rodata at 0x7b639000 off 39000 size 2000 virt 1cf0 flags c0000040
00bc:trace:module:map_image_into_view mapping L"\\??\\C:\\windows\\system32\\kernel32.dll" section .rdata at 0x7b63b000 off 3b000 size 4000 virt 38e0 flags 40000040
00bc:trace:module:map_image_into_view mapping L"\\??\\C:\\windows\\system32\\kernel32.dll" section .pdata at 0x7b63f000 off 3f000 size 2000 virt 15d8 flags 40000040
00bc:trace:module:map_image_into_view mapping L"\\??\\C:\\windows\\system32\\kernel32.dll" section .xdata at 0x7b641000 off 41000 size 2000 virt 17a0 flags 40000040
00bc:trace:module:map_image_into_view mapping L"\\??\\C:\\windows\\system32\\kernel32.dll" section .bss at 0x7b643000 off 0 size 0 virt 260 flags c0000080
00bc:trace:module:map_image_into_view mapping L"\\??\\C:\\windows\\system32\\kernel32.dll" section .edata at 0x7b644000 off 43000 size e000 virt da78 flags 40000040
00bc:trace:module:map_image_into_view mapping L"\\??\\C:\\windows\\system32\\kernel32.dll" section .idata at 0x7b652000 off 51000 size a000 virt 9054 flags c0000040
00bc:trace:module:map_image_into_view mapping L"\\??\\C:\\windows\\system32\\kernel32.dll" section .rsrc at 0x7b65c000 off 5b000 size 8000 virt 7e00 flags 40000040
00bc:trace:module:map_image_into_view mapping L"\\??\\C:\\windows\\system32\\kernel32.dll" section .reloc at 0x7b664000 off 63000 size 1000 virt 48 flags 42000040
00bc:trace:module:load_dll looking for L"kernelbase.dll" in (null)
00bc:trace:module:get_load_order looking for L"C:\\windows\\system32\\kernelbase.dll"
00bc:trace:module:get_load_order got hardcoded default for L"kernelbase.dll"
00bc:trace:module:map_image_into_view mapping PE file L"\\??\\C:\\windows\\system32\\kernelbase.dll" at 0x7b000000-0x7b266000
00bc:trace:module:map_image_into_view mapping L"\\??\\C:\\windows\\system32\\kernelbase.dll" section .text at 0x7b001000 off 1000 size 99000 virt 98db0 flags 60000020
00bc:trace:module:map_image_into_view mapping L"\\??\\C:\\windows\\system32\\kernelbase.dll" section .data at 0x7b09a000 off 9a000 size 2000 virt 1dc0 flags c0000040
00bc:trace:module:map_image_into_view mapping L"\\??\\C:\\windows\\system32\\kernelbase.dll" section .rodata at 0x7b09c000 off 9c000 size 2000 virt 1d88 flags c0000040
00bc:trace:module:map_image_into_view mapping L"\\??\\C:\\windows\\system32\\kernelbase.dll" section .rdata at 0x7b09e000 off 9e000 size 20000 virt 1f110 flags 40000040
00bc:trace:module:map_image_into_view mapping L"\\??\\C:\\windows\\system32\\kernelbase.dll" section .pdata at 0x7b0be000 off be000 size 4000 virt 3f54 flags 40000040
00bc:trace:module:map_image_into_view mapping L"\\??\\C:\\windows\\system32\\kernelbase.dll" section .xdata at 0x7b0c2000 off c2000 size 5000 virt 46c4 flags 40000040
00bc:trace:module:map_image_into_view mapping L"\\??\\C:\\windows\\system32\\kernelbase.dll" section .bss at 0x7b0c7000 off 0 size 0 virt 28e0 flags c0000080
00bc:trace:module:map_image_into_view mapping L"\\??\\C:\\windows\\system32\\kernelbase.dll" section .edata at 0x7b0ca000 off c7000 size 20000 virt 1f903 flags 40000040
00bc:trace:module:map_image_into_view mapping L"\\??\\C:\\windows\\system32\\kernelbase.dll" section .idata at 0x7b0ea000 off e7000 size 5000 virt 43f4 flags c0000040
00bc:trace:module:map_image_into_view mapping L"\\??\\C:\\windows\\system32\\kernelbase.dll" section .rsrc at 0x7b0ef000 off ec000 size 176000 virt 1757f0 flags 40000040
00bc:trace:module:map_image_into_view mapping L"\\??\\C:\\windows\\system32\\kernelbase.dll" section .reloc at 0x7b265000 off 262000 size 1000 virt 23c flags 42000040
00bc:trace:module:load_dll looking for L"ntdll.dll" in (null)
00bc:trace:module:load_dll Found L"C:\\windows\\system32\\ntdll.dll" for L"ntdll.dll" at 0000000170000000, count=2
00bc:trace:module:import_dll is not hybrid module
00bc:trace:module:build_module loaded L"\\??\\C:\\windows\\system32\\kernelbase.dll" 0000000000333C30 000000007B000000
00bc:trace:loaddll:build_module Loaded L"C:\\windows\\system32\\kernelbase.dll" at 000000007B000000: builtin
00bc:trace:module:load_dll Loaded module L"\\??\\C:\\windows\\system32\\kernelbase.dll" at 000000007B000000
00bc:trace:module:import_dll is not hybrid module
00bc:trace:module:load_dll looking for L"ntdll.dll" in (null)
00bc:trace:module:load_dll Found L"C:\\windows\\system32\\ntdll.dll" for L"ntdll.dll" at 0000000170000000, count=3
00bc:trace:module:import_dll is not hybrid module
00bc:trace:module:build_module loaded L"\\??\\C:\\windows\\system32\\kernel32.dll" 0000000000333940 000000007B600000
00bc:trace:loaddll:build_module Loaded L"C:\\windows\\system32\\kernel32.dll" at 000000007B600000: builtin
00bc:trace:module:load_dll Loaded module L"\\??\\C:\\windows\\system32\\kernel32.dll" at 000000007B600000
00b4:trace:module:LdrGetDllHandleEx flags 0, load_path 000000000023C880, dll_characteristics 0000000000000000, name 000000000011EC00, base 000000000011EBA8.
00b4:trace:module:LdrGetDllHandleEx L"C:\\windows\\system32\\tzres.dll" -> 0000000000000000 (load path L"Z:\\Volumes\\SSD\\Neva;C:\\windows\\system32;C:\\windows\\system;C:\\windows;.;C:\\windows\\system32;C:\\windows;C:\\windows\\system32\\wbem;C:\\windows\\system32\\WindowsPowershell\\v1.0")
00b4:trace:module:get_load_order looking for L"C:\\windows\\system32\\tzres.dll"
00b4:trace:module:get_load_order got hardcoded default for L"tzres.dll"
00b4:trace:module:map_image_into_view mapping PE file L"\\??\\C:\\windows\\system32\\tzres.dll" at 0x10000000-0x10073000
00b4:trace:module:map_image_into_view mapping L"\\??\\C:\\windows\\system32\\tzres.dll" section .rsrc at 0x10001000 off 1000 size 72000 virt 71d74 flags 40000040
00b4:trace:module:FindResourceExW 0000000010000002 #0006 #0786 0000
00b4:trace:module:LoadResource 0000000010000002 000000001000B4B8
00b4:trace:module:LdrGetDllHandleEx flags 0, load_path 000000000023C990, dll_characteristics 0000000000000000, name 000000000011EC00, base 000000000011EBA8.
00b4:trace:module:LdrGetDllHandleEx L"C:\\windows\\system32\\tzres.dll" -> 0000000000000000 (load path L"Z:\\Volumes\\SSD\\Neva;C:\\windows\\system32;C:\\windows\\system;C:\\windows;.;C:\\windows\\system32;C:\\windows;C:\\windows\\system32\\wbem;C:\\windows\\system32\\WindowsPowershell\\v1.0")
00b4:trace:module:get_load_order looking for L"C:\\windows\\system32\\tzres.dll"
00b4:trace:module:get_load_order got hardcoded default for L"tzres.dll"
00b4:trace:module:map_image_into_view mapping PE file L"\\??\\C:\\windows\\system32\\tzres.dll" at 0x10000000-0x10073000
00b4:trace:module:map_image_into_view mapping L"\\??\\C:\\windows\\system32\\tzres.dll" section .rsrc at 0x10001000 off 1000 size 72000 virt 71d74 flags 40000040
00b4:trace:module:FindResourceExW 0000000010000002 #0006 #0786 0000
00b4:trace:module:LoadResource 0000000010000002 000000001000B4B8
00b4:trace:module:MODULE_InitDLL (000000007B000000,PROCESS_ATTACH,000000000011FB00) - RETURN 1
00b4:trace:module:process_attach (L"kernelbase.dll",000000000011FB00) - END
00b4:trace:module:MODULE_InitDLL (000000007B600000 L"kernel32.dll",PROCESS_ATTACH,000000000011FB00) 000000007B636E80 - CALL
00b4:trace:module:MODULE_InitDLL (000000007B600000,PROCESS_ATTACH,000000000011FB00) - RETURN 1
00b4:trace:module:process_attach (L"kernel32.dll",000000000011FB00) - END
00b4:trace:module:process_attach (L"USER32.dll",000000000011FB00) - START
00b4:trace:module:process_attach (L"advapi32.dll",000000000011FB00) - START
00b4:trace:module:process_attach (L"msvcrt.dll",000000000011FB00) - START
00b4:trace:module:MODULE_InitDLL (00000001C8DB0000 L"msvcrt.dll",PROCESS_ATTACH,000000000011FB00) 00000001C8E3E9D0 - CALL
00bc:trace:module:load_dll looking for L"advapi32.dll" in (null)
00bc:trace:module:get_load_order looking for L"C:\\windows\\system32\\advapi32.dll"
00bc:trace:module:get_load_order got hardcoded default for L"advapi32.dll"
00bc:trace:module:map_image_into_view mapping PE file L"\\??\\C:\\windows\\system32\\advapi32.dll" at 0x330260000-0x3302a4000
00bc:trace:module:map_image_into_view mapping L"\\??\\C:\\windows\\system32\\advapi32.dll" section .text at 0x330261000 off 1000 size 29000 virt 28090 flags 60000060
00bc:trace:module:map_image_into_view mapping L"\\??\\C:\\windows\\system32\\advapi32.dll" section .data at 0x33028a000 off 2a000 size 1000 virt 1a0 flags c0000040
00bc:trace:module:map_image_into_view mapping L"\\??\\C:\\windows\\system32\\advapi32.dll" section .rodata at 0x33028b000 off 2b000 size 1000 virt e3c flags c0000040
00bc:trace:module:map_image_into_view mapping L"\\??\\C:\\windows\\system32\\advapi32.dll" section .rdata at 0x33028c000 off 2c000 size 6000 virt 5fa0 flags 40000040
00bc:trace:module:map_image_into_view mapping L"\\??\\C:\\windows\\system32\\advapi32.dll" section .pdata at 0x330292000 off 32000 size 2000 virt 1260 flags 40000040
00bc:trace:module:map_image_into_view mapping L"\\??\\C:\\windows\\system32\\advapi32.dll" section .xdata at 0x330294000 off 34000 size 2000 virt 159c flags 40000040
00bc:trace:module:map_image_into_view mapping L"\\??\\C:\\windows\\system32\\advapi32.dll" section .bss at 0x330296000 off 0 size 0 virt da0 flags c0000080
00bc:trace:module:map_image_into_view mapping L"\\??\\C:\\windows\\system32\\advapi32.dll" section .edata at 0x330297000 off 36000 size 8000 virt 74c5 flags 40000040
00bc:trace:module:map_image_into_view mapping L"\\??\\C:\\windows\\system32\\advapi32.dll" section .idata at 0x33029f000 off 3e000 size 3000 virt 2f74 flags c0000040
00bc:trace:module:map_image_into_view mapping L"\\??\\C:\\windows\\system32\\advapi32.dll" section .rsrc at 0x3302a2000 off 41000 size 1000 virt 3c8 flags 40000040
00bc:trace:module:map_image_into_view mapping L"\\??\\C:\\windows\\system32\\advapi32.dll" section .reloc at 0x3302a3000 off 42000 size 1000 virt 138 flags 42000040
00bc:trace:module:load_dll looking for L"kernel32.dll" in (null)
00bc:trace:module:load_dll Found L"C:\\windows\\system32\\kernel32.dll" for L"kernel32.dll" at 000000007B600000, count=2
00bc:trace:module:import_dll is not hybrid module
00bc:trace:module:load_dll looking for L"kernelbase.dll" in (null)
00bc:trace:module:load_dll Found L"C:\\windows\\system32\\kernelbase.dll" for L"kernelbase.dll" at 000000007B000000, count=2
00bc:trace:module:import_dll is not hybrid module
00bc:trace:module:load_dll looking for L"msvcrt.dll" in (null)
00bc:trace:module:get_load_order looking for L"C:\\windows\\system32\\msvcrt.dll"
00bc:trace:module:get_load_order got hardcoded default for L"msvcrt.dll"
00bc:trace:module:map_image_into_view mapping PE file L"\\??\\C:\\windows\\system32\\msvcrt.dll" at 0x1c8db0000-0x1c8e6c000
00bc:trace:module:map_image_into_view mapping L"\\??\\C:\\windows\\system32\\msvcrt.dll" section .text at 0x1c8db1000 off 1000 size 8f000 virt 8e220 flags 60000060
00bc:trace:module:map_image_into_view mapping L"\\??\\C:\\windows\\system32\\msvcrt.dll" section .data at 0x1c8e40000 off 90000 size 2000 virt 1830 flags c0000040
00bc:trace:module:map_image_into_view mapping L"\\??\\C:\\windows\\system32\\msvcrt.dll" section .rodata at 0x1c8e42000 off 92000 size 2000 virt 1394 flags c0000040
00bc:trace:module:map_image_into_view mapping L"\\??\\C:\\windows\\system32\\msvcrt.dll" section .rdata at 0x1c8e44000 off 94000 size b000 virt aef0 flags 40000040
00bc:trace:module:map_image_into_view mapping L"\\??\\C:\\windows\\system32\\msvcrt.dll" section .pdata at 0x1c8e4f000 off 9f000 size 5000 virt 4278 flags 40000040
00bc:trace:module:map_image_into_view mapping L"\\??\\C:\\windows\\system32\\msvcrt.dll" section .xdata at 0x1c8e54000 off a4000 size 5000 virt 42d0 flags 40000040
00bc:trace:module:map_image_into_view mapping L"\\??\\C:\\windows\\system32\\msvcrt.dll" section .bss at 0x1c8e59000 off 0 size 0 virt 1c60 flags c0000080
00bc:trace:module:map_image_into_view mapping L"\\??\\C:\\windows\\system32\\msvcrt.dll" section .edata at 0x1c8e5b000 off a9000 size d000 virt ca71 flags 40000040
00bc:trace:module:map_image_into_view mapping L"\\??\\C:\\windows\\system32\\msvcrt.dll" section .idata at 0x1c8e68000 off b6000 size 2000 virt 1868 flags c0000040
00bc:trace:module:map_image_into_view mapping L"\\??\\C:\\windows\\system32\\msvcrt.dll" section .rsrc at 0x1c8e6a000 off b8000 size 1000 virt 398 flags 40000040
00bc:trace:module:map_image_into_view mapping L"\\??\\C:\\windows\\system32\\msvcrt.dll" section .reloc at 0x1c8e6b000 off b9000 size 1000 virt 25c flags 42000040
00bc:trace:module:load_dll looking for L"kernel32.dll" in (null)
00bc:trace:module:load_dll Found L"C:\\windows\\system32\\kernel32.dll" for L"kernel32.dll" at 000000007B600000, count=3
00bc:trace:module:import_dll is not hybrid module
00bc:trace:module:load_dll looking for L"ntdll.dll" in (null)
00bc:trace:module:load_dll Found L"C:\\windows\\system32\\ntdll.dll" for L"ntdll.dll" at 0000000170000000, count=4
00bc:trace:module:import_dll is not hybrid module
00bc:trace:module:build_module loaded L"\\??\\C:\\windows\\system32\\msvcrt.dll" 0000000000336020 00000001C8DB0000
00bc:trace:loaddll:build_module Loaded L"C:\\windows\\system32\\msvcrt.dll" at 00000001C8DB0000: builtin
00bc:trace:module:load_dll Loaded module L"\\??\\C:\\windows\\system32\\msvcrt.dll" at 00000001C8DB0000
00bc:trace:module:import_dll is not hybrid module
00bc:trace:module:load_dll looking for L"ntdll.dll" in (null)
00bc:trace:module:load_dll Found L"C:\\windows\\system32\\ntdll.dll" for L"ntdll.dll" at 0000000170000000, count=5
00bc:trace:module:import_dll is not hybrid module
00bc:trace:module:load_dll looking for L"sechost.dll" in (null)
00bc:trace:module:get_load_order looking for L"C:\\windows\\system32\\sechost.dll"
00bc:trace:module:get_load_order got hardcoded default for L"sechost.dll"
00bc:trace:module:map_image_into_view mapping PE file L"\\??\\C:\\windows\\system32\\sechost.dll" at 0x32a700000-0x32a72d000
00bc:trace:module:map_image_into_view mapping L"\\??\\C:\\windows\\system32\\sechost.dll" section .text at 0x32a701000 off 1000 size 1b000 virt 1aeb0 flags 60000060
00bc:trace:module:map_image_into_view mapping L"\\??\\C:\\windows\\system32\\sechost.dll" section .data at 0x32a71c000 off 1c000 size 1000 virt 170 flags c0000040
00bc:trace:module:map_image_into_view mapping L"\\??\\C:\\windows\\system32\\sechost.dll" section .rodata at 0x32a71d000 off 1d000 size 1000 virt ef0 flags c0000040
00bc:trace:module:map_image_into_view mapping L"\\??\\C:\\windows\\system32\\sechost.dll" section .rdata at 0x32a71e000 off 1e000 size 4000 virt 38d0 flags 40000040
00bc:trace:module:map_image_into_view mapping L"\\??\\C:\\windows\\system32\\sechost.dll" section .pdata at 0x32a722000 off 22000 size 1000 virt b64 flags 40000040
00bc:trace:module:map_image_into_view mapping L"\\??\\C:\\windows\\system32\\sechost.dll" section .xdata at 0x32a723000 off 23000 size 1000 virt c00 flags 40000040
00bc:trace:module:map_image_into_view mapping L"\\??\\C:\\windows\\system32\\sechost.dll" section .bss at 0x32a724000 off 0 size 0 virt 1a0 flags c0000080
00bc:trace:module:map_image_into_view mapping L"\\??\\C:\\windows\\system32\\sechost.dll" section .edata at 0x32a725000 off 24000 size 5000 virt 46ae flags 40000040
00bc:trace:module:map_image_into_view mapping L"\\??\\C:\\windows\\system32\\sechost.dll" section .idata at 0x32a72a000 off 29000 size 2000 virt 121c flags c0000040
00bc:trace:module:map_image_into_view mapping L"\\??\\C:\\windows\\system32\\sechost.dll" section .reloc at 0x32a72c000 off 2b000 size 1000 virt f8 flags 42000040
00bc:trace:module:load_dll looking for L"kernel32.dll" in (null)
00bc:trace:module:load_dll Found L"C:\\windows\\system32\\kernel32.dll" for L"kernel32.dll" at 000000007B600000, count=4
00bc:trace:module:import_dll is not hybrid module
00bc:trace:module:load_dll looking for L"kernelbase.dll" in (null)
00bc:trace:module:load_dll Found L"C:\\windows\\system32\\kernelbase.dll" for L"kernelbase.dll" at 000000007B000000, count=3
00bc:trace:module:import_dll is not hybrid module
00bc:trace:module:load_dll looking for L"ntdll.dll" in (null)
00bc:trace:module:load_dll Found L"C:\\windows\\system32\\ntdll.dll" for L"ntdll.dll" at 0000000170000000, count=6
00bc:trace:module:import_dll is not hybrid module
00bc:trace:module:load_dll looking for L"ucrtbase.dll" in (null)
00bc:trace:module:get_load_order looking for L"C:\\windows\\system32\\ucrtbase.dll"
00bc:trace:module:get_load_order got hardcoded default for L"ucrtbase.dll"
00bc:trace:module:map_image_into_view mapping PE file L"\\??\\C:\\windows\\system32\\ucrtbase.dll" at 0x3af670000-0x3af759000
00bc:trace:module:map_image_into_view mapping L"\\??\\C:\\windows\\system32\\ucrtbase.dll" section .text at 0x3af671000 off 1000 size ab000 virt aa4c0 flags 60000060
00bc:trace:module:map_image_into_view mapping L"\\??\\C:\\windows\\system32\\ucrtbase.dll" section .data at 0x3af71c000 off ac000 size 2000 virt 1ac0 flags c0000040
00bc:trace:module:map_image_into_view mapping L"\\??\\C:\\windows\\system32\\ucrtbase.dll" section .rodata at 0x3af71e000 off ae000 size 4000 virt 3988 flags c0000040
00bc:trace:module:map_image_into_view mapping L"\\??\\C:\\windows\\system32\\ucrtbase.dll" section .rdata at 0x3af722000 off b2000 size d000 virt cb50 flags 40000040
00bc:trace:module:map_image_into_view mapping L"\\??\\C:\\windows\\system32\\ucrtbase.dll" section .pdata at 0x3af72f000 off bf000 size 5000 virt 4d10 flags 40000040
00bc:trace:module:map_image_into_view mapping L"\\??\\C:\\windows\\system32\\ucrtbase.dll" section .xdata at 0x3af734000 off c4000 size 5000 virt 4cd0 flags 40000040
00bc:trace:module:map_image_into_view mapping L"\\??\\C:\\windows\\system32\\ucrtbase.dll" section .bss at 0x3af739000 off 0 size 0 virt 20c0 flags c0000080
00bc:trace:module:map_image_into_view mapping L"\\??\\C:\\windows\\system32\\ucrtbase.dll" section .edata at 0x3af73c000 off c9000 size 19000 virt 186cd flags 40000040
00bc:trace:module:map_image_into_view mapping L"\\??\\C:\\windows\\system32\\ucrtbase.dll" section .idata at 0x3af755000 off e2000 size 2000 virt 1a84 flags c0000040
00bc:trace:module:map_image_into_view mapping L"\\??\\C:\\windows\\system32\\ucrtbase.dll" section .rsrc at 0x3af757000 off e4000 size 1000 virt 3c8 flags 40000040
00bc:trace:module:map_image_into_view mapping L"\\??\\C:\\windows\\system32\\ucrtbase.dll" section .reloc at 0x3af758000 off e5000 size 1000 virt 29c flags 42000040
00bc:trace:module:load_dll looking for L"kernel32.dll" in (null)
00bc:trace:module:load_dll Found L"C:\\windows\\system32\\kernel32.dll" for L"kernel32.dll" at 000000007B600000, count=5
00bc:trace:module:import_dll is not hybrid module
00bc:trace:module:load_dll looking for L"ntdll.dll" in (null)
00bc:trace:module:load_dll Found L"C:\\windows\\system32\\ntdll.dll" for L"ntdll.dll" at 0000000170000000, count=7
00bc:trace:module:import_dll is not hybrid module
00bc:trace:module:build_module loaded L"\\??\\C:\\windows\\system32\\ucrtbase.dll" 0000000000335040 00000003AF670000
00bc:trace:loaddll:build_module Loaded L"C:\\windows\\system32\\ucrtbase.dll" at 00000003AF670000: builtin
00bc:trace:module:load_dll Loaded module L"\\??\\C:\\windows\\system32\\ucrtbase.dll" at 00000003AF670000
00bc:trace:module:import_dll is not hybrid module
00bc:trace:module:build_module loaded L"\\??\\C:\\windows\\system32\\sechost.dll" 0000000000334E10 000000032A700000
00bc:trace:loaddll:build_module Loaded L"C:\\windows\\system32\\sechost.dll" at 000000032A700000: builtin
00bc:trace:module:load_dll Loaded module L"\\??\\C:\\windows\\system32\\sechost.dll" at 000000032A700000
00bc:trace:module:import_dll is not hybrid module
00bc:trace:module:build_module loaded L"\\??\\C:\\windows\\system32\\advapi32.dll" 00000000003348D0 0000000330260000
00bc:trace:loaddll:build_module Loaded L"C:\\windows\\system32\\advapi32.dll" at 0000000330260000: builtin
00bc:trace:module:load_dll Loaded module L"\\??\\C:\\windows\\system32\\advapi32.dll" at 0000000330260000
00b4:trace:module:LdrGetDllFullName module 0000000000000000, name 000000000011EFA0.
00bc:trace:module:import_dll is not hybrid module
00bc:trace:module:load_dll looking for L"gdi32.dll" in (null)
00b4:trace:module:GetModuleFileNameW L"Z:\\Volumes\\SSD\\Neva\\UnityCrashHandler64.exe"
00b4:trace:module:LdrGetDllFullName module 0000000000000000, name 000000000011EFF0.
00b4:trace:module:GetModuleFileNameW L"Z:\\Volumes\\SSD\\Neva\\UnityCrashHandler64.exe"
00bc:trace:module:get_load_order looking for L"C:\\windows\\system32\\gdi32.dll"
00bc:trace:module:get_load_order got hardcoded default for L"gdi32.dll"
00b4:trace:module:LdrAddRefDll (L"msvcrt.dll") ldr.LoadCount: -1
00b4:trace:module:MODULE_InitDLL (00000001C8DB0000,PROCESS_ATTACH,000000000011FB00) - RETURN 1
00b4:trace:module:process_attach (L"msvcrt.dll",000000000011FB00) - END
00b4:trace:module:process_attach (L"sechost.dll",000000000011FB00) - START
00b4:trace:module:process_attach (L"ucrtbase.dll",000000000011FB00) - START
00b4:trace:module:MODULE_InitDLL (00000003AF670000 L"ucrtbase.dll",PROCESS_ATTACH,000000000011FB00) 00000003AF71AC10 - CALL
00bc:trace:module:map_image_into_view mapping PE file L"\\??\\C:\\windows\\system32\\gdi32.dll" at 0x26b4c0000-0x26b550000
00bc:trace:module:map_image_into_view mapping L"\\??\\C:\\windows\\system32\\gdi32.dll" section .text at 0x26b4c1000 off 1000 size 5f000 virt 5e630 flags 60000060
00bc:trace:module:map_image_into_view mapping L"\\??\\C:\\windows\\system32\\gdi32.dll" section .data at 0x26b520000 off 60000 size 1000 virt 960 flags c0000040
00bc:trace:module:map_image_into_view mapping L"\\??\\C:\\windows\\system32\\gdi32.dll" section .rodata at 0x26b521000 off 61000 size 1000 virt d88 flags c0000040
00bc:trace:module:map_image_into_view mapping L"\\??\\C:\\windows\\system32\\gdi32.dll" section .rdata at 0x26b522000 off 62000 size 15000 virt 14d40 flags 40000040
00bc:trace:module:map_image_into_view mapping L"\\??\\C:\\windows\\system32\\gdi32.dll" section .pdata at 0x26b537000 off 77000 size 3000 virt 2160 flags 40000040
00bc:trace:module:map_image_into_view mapping L"\\??\\C:\\windows\\system32\\gdi32.dll" section .xdata at 0x26b53a000 off 7a000 size 3000 virt 29b4 flags 40000040
00bc:trace:module:map_image_into_view mapping L"\\??\\C:\\windows\\system32\\gdi32.dll" section .bss at 0x26b53d000 off 0 size 0 virt 1c0 flags c0000080
00bc:trace:module:map_image_into_view mapping L"\\??\\C:\\windows\\system32\\gdi32.dll" section .edata at 0x26b53e000 off 7d000 size 9000 virt 8565 flags 40000040
00bc:trace:module:map_image_into_view mapping L"\\??\\C:\\windows\\system32\\gdi32.dll" section .idata at 0x26b547000 off 86000 size 3000 virt 292c flags c0000040
00bc:trace:module:map_image_into_view mapping L"\\??\\C:\\windows\\system32\\gdi32.dll" section .rsrc at 0x26b54a000 off 89000 size 5000 virt 4230 flags 40000040
00bc:trace:module:map_image_into_view mapping L"\\??\\C:\\windows\\system32\\gdi32.dll" section .reloc at 0x26b54f000 off 8e000 size 1000 virt 4b0 flags 42000040
00bc:trace:module:load_dll looking for L"advapi32.dll" in (null)
00bc:trace:module:load_dll Found L"C:\\windows\\system32\\advapi32.dll" for L"advapi32.dll" at 0000000330260000, count=2
00bc:trace:module:import_dll is not hybrid module
00bc:trace:module:load_dll looking for L"kernel32.dll" in (null)
00bc:trace:module:load_dll Found L"C:\\windows\\system32\\kernel32.dll" for L"kernel32.dll" at 000000007B600000, count=6
00bc:trace:module:import_dll is not hybrid module
00bc:trace:module:load_dll looking for L"ntdll.dll" in (null)
00bc:trace:module:load_dll Found L"C:\\windows\\system32\\ntdll.dll" for L"ntdll.dll" at 0000000170000000, count=8
00bc:trace:module:import_dll is not hybrid module
00bc:trace:module:load_dll looking for L"ucrtbase.dll" in (null)
00bc:trace:module:load_dll Found L"C:\\windows\\system32\\ucrtbase.dll" for L"ucrtbase.dll" at 00000003AF670000, count=2
00bc:trace:module:import_dll is not hybrid module
00bc:trace:module:load_dll looking for L"user32.dll" in (null)
00bc:trace:module:get_load_order looking for L"C:\\windows\\system32\\user32.dll"
00bc:trace:module:get_load_order got hardcoded default for L"user32.dll"
00bc:trace:module:map_image_into_view mapping PE file L"\\??\\C:\\windows\\system32\\user32.dll" at 0x23d820000-0x23da1d000
00bc:trace:module:map_image_into_view mapping L"\\??\\C:\\windows\\system32\\user32.dll" section .text at 0x23d821000 off 1000 size d7000 virt d6f50 flags 60000060
00bc:trace:module:map_image_into_view mapping L"\\??\\C:\\windows\\system32\\user32.dll" section .data at 0x23d8f8000 off d8000 size 1000 virt 780 flags c0000040
00bc:trace:module:map_image_into_view mapping L"\\??\\C:\\windows\\system32\\user32.dll" section .rodata at 0x23d8f9000 off d9000 size 1000 virt ed0 flags c0000040
00bc:trace:module:map_image_into_view mapping L"\\??\\C:\\windows\\system32\\user32.dll" section .rdata at 0x23d8fa000 off da000 size 19000 virt 18b90 flags 40000040
00bc:trace:module:map_image_into_view mapping L"\\??\\C:\\windows\\system32\\user32.dll" section .pdata at 0x23d913000 off f3000 size 6000 virt 5004 flags 40000040
00bc:trace:module:map_image_into_view mapping L"\\??\\C:\\windows\\system32\\user32.dll" section .xdata at 0x23d919000 off f9000 size 6000 virt 5a24 flags 40000040
00bc:trace:module:map_image_into_view mapping L"\\??\\C:\\windows\\system32\\user32.dll" section .bss at 0x23d91f000 off 0 size 0 virt 410 flags c0000080
00bc:trace:module:map_image_into_view mapping L"\\??\\C:\\windows\\system32\\user32.dll" section .edata at 0x23d920000 off ff000 size 12000 virt 110f3 flags 40000040
00bc:trace:module:map_image_into_view mapping L"\\??\\C:\\windows\\system32\\user32.dll" section .idata at 0x23d932000 off 111000 size 5000 virt 4e5c flags c0000040
00bc:trace:module:map_image_into_view mapping L"\\??\\C:\\windows\\system32\\user32.dll" section .rsrc at 0x23d937000 off 116000 size e5000 virt e4818 flags 40000040
00bc:trace:module:map_image_into_view mapping L"\\??\\C:\\windows\\system32\\user32.dll" section .reloc at 0x23da1c000 off 1fb000 size 1000 virt 304 flags 42000040
00bc:trace:module:load_dll looking for L"advapi32.dll" in (null)
00bc:trace:module:load_dll Found L"C:\\windows\\system32\\advapi32.dll" for L"advapi32.dll" at 0000000330260000, count=3
00bc:trace:module:import_dll is not hybrid module
00bc:trace:module:load_dll looking for L"gdi32.dll" in (null)
00bc:trace:module:load_dll Found L"C:\\windows\\system32\\gdi32.dll" for L"gdi32.dll" at 000000026B4C0000, count=2
00bc:trace:module:import_dll is not hybrid module
00bc:trace:module:load_dll looking for L"kernel32.dll" in (null)
00bc:trace:module:load_dll Found L"C:\\windows\\system32\\kernel32.dll" for L"kernel32.dll" at 000000007B600000, count=7
00bc:trace:module:import_dll is not hybrid module
00bc:trace:module:load_dll looking for L"kernelbase.dll" in (null)
00bc:trace:module:load_dll Found L"C:\\windows\\system32\\kernelbase.dll" for L"kernelbase.dll" at 000000007B000000, count=4
00bc:trace:module:import_dll is not hybrid module
00bc:trace:module:load_dll looking for L"ntdll.dll" in (null)
00bc:trace:module:load_dll Found L"C:\\windows\\system32\\ntdll.dll" for L"ntdll.dll" at 0000000170000000, count=9
00bc:trace:module:import_dll is not hybrid module
00bc:trace:module:load_dll looking for L"sechost.dll" in (null)
00bc:trace:module:load_dll Found L"C:\\windows\\system32\\sechost.dll" for L"sechost.dll" at 000000032A700000, count=2
00bc:trace:module:import_dll is not hybrid module
00bc:trace:module:load_dll looking for L"ucrtbase.dll" in (null)
00bc:trace:module:load_dll Found L"C:\\windows\\system32\\ucrtbase.dll" for L"ucrtbase.dll" at 00000003AF670000, count=3
00bc:trace:module:import_dll is not hybrid module
00bc:trace:module:load_dll looking for L"version.dll" in (null)
00bc:trace:module:get_load_order looking for L"C:\\windows\\system32\\version.dll"
00bc:trace:module:get_load_order got hardcoded default for L"version.dll"
00bc:trace:module:map_image_into_view mapping PE file L"\\??\\C:\\windows\\system32\\version.dll" at 0x2f1fa0000-0x2f1fae000
00bc:trace:module:map_image_into_view mapping L"\\??\\C:\\windows\\system32\\version.dll" section .text at 0x2f1fa1000 off 1000 size 3000 virt 2990 flags 60000020
00bc:trace:module:map_image_into_view mapping L"\\??\\C:\\windows\\system32\\version.dll" section .data at 0x2f1fa4000 off 4000 size 1000 virt 70 flags c0000040
00bc:trace:module:map_image_into_view mapping L"\\??\\C:\\windows\\system32\\version.dll" section .rodata at 0x2f1fa5000 off 5000 size 1000 virt 84 flags c0000040
00bc:trace:module:map_image_into_view mapping L"\\??\\C:\\windows\\system32\\version.dll" section .rdata at 0x2f1fa6000 off 6000 size 1000 virt 280 flags 40000040
00bc:trace:module:map_image_into_view mapping L"\\??\\C:\\windows\\system32\\version.dll" section .pdata at 0x2f1fa7000 off 7000 size 1000 virt d8 flags 40000040
00bc:trace:module:map_image_into_view mapping L"\\??\\C:\\windows\\system32\\version.dll" section .xdata at 0x2f1fa8000 off 8000 size 1000 virt 104 flags 40000040
00bc:trace:module:map_image_into_view mapping L"\\??\\C:\\windows\\system32\\version.dll" section .bss at 0x2f1fa9000 off 0 size 0 virt 140 flags c0000080
00bc:trace:module:map_image_into_view mapping L"\\??\\C:\\windows\\system32\\version.dll" section .edata at 0x2f1faa000 off 9000 size 1000 virt 327 flags 40000040
00bc:trace:module:map_image_into_view mapping L"\\??\\C:\\windows\\system32\\version.dll" section .idata at 0x2f1fab000 off a000 size 1000 virt 78c flags c0000040
00bc:trace:module:map_image_into_view mapping L"\\??\\C:\\windows\\system32\\version.dll" section .rsrc at 0x2f1fac000 off b000 size 1000 virt 3b8 flags 40000040
00bc:trace:module:map_image_into_view mapping L"\\??\\C:\\windows\\system32\\version.dll" section .reloc at 0x2f1fad000 off c000 size 1000 virt 20 flags 42000040
00b4:trace:module:LdrGetDllFullName module 0000000000000000, name 000000000011EF20.
00b4:trace:module:GetModuleFileNameW L"Z:\\Volumes\\SSD\\Neva\\UnityCrashHandler64.exe"
00b4:trace:module:LdrGetDllFullName module 0000000000000000, name 000000000011EF70.
00b4:trace:module:GetModuleFileNameW L"Z:\\Volumes\\SSD\\Neva\\UnityCrashHandler64.exe"
00b4:trace:module:MODULE_InitDLL (00000003AF670000,PROCESS_ATTACH,000000000011FB00) - RETURN 1
00b4:trace:module:process_attach (L"ucrtbase.dll",000000000011FB00) - END
00b4:trace:module:MODULE_InitDLL (000000032A700000 L"sechost.dll",PROCESS_ATTACH,000000000011FB00) 000000032A71AF60 - CALL
00b4:trace:module:MODULE_InitDLL (000000032A700000,PROCESS_ATTACH,000000000011FB00) - RETURN 1
00b4:trace:module:process_attach (L"sechost.dll",000000000011FB00) - END
00b4:trace:module:MODULE_InitDLL (0000000330260000 L"advapi32.dll",PROCESS_ATTACH,000000000011FB00) 0000000330288030 - CALL
00bc:trace:module:load_dll looking for L"kernel32.dll" in (null)
00bc:trace:module:load_dll Found L"C:\\windows\\system32\\kernel32.dll" for L"kernel32.dll" at 000000007B600000, count=8
00b4:trace:module:MODULE_InitDLL (0000000330260000,PROCESS_ATTACH,000000000011FB00) - RETURN 1
00bc:trace:module:import_dll is not hybrid module
00b4:trace:module:process_attach (L"advapi32.dll",000000000011FB00) - END
00bc:trace:module:load_dll looking for L"kernelbase.dll" in (null)
00b4:trace:module:process_attach (L"gdi32.dll",000000000011FB00) - START
00bc:trace:module:load_dll Found L"C:\\windows\\system32\\kernelbase.dll" for L"kernelbase.dll" at 000000007B000000, count=5
00b4:trace:module:process_attach (L"win32u.dll",000000000011FB00) - START
00b4:trace:module:MODULE_InitDLL (000000006D980000 L"win32u.dll",PROCESS_ATTACH,000000000011FB00) 000000006DA44570 - CALL
00bc:trace:module:import_dll is not hybrid module
00bc:trace:module:load_dll looking for L"ntdll.dll" in (null)
00bc:trace:module:load_dll Found L"C:\\windows\\system32\\ntdll.dll" for L"ntdll.dll" at 0000000170000000, count=10
00bc:trace:module:import_dll is not hybrid module
00bc:trace:module:load_dll looking for L"ucrtbase.dll" in (null)
00bc:trace:module:load_dll Found L"C:\\windows\\system32\\ucrtbase.dll" for L"ucrtbase.dll" at 00000003AF670000, count=4
00bc:trace:module:import_dll is not hybrid module
00bc:trace:module:build_module loaded L"\\??\\C:\\windows\\system32\\version.dll" 0000000000336F10 00000002F1FA0000
00bc:trace:loaddll:build_module Loaded L"C:\\windows\\system32\\version.dll" at 00000002F1FA0000: builtin
00bc:trace:module:load_dll Loaded module L"\\??\\C:\\windows\\system32\\version.dll" at 00000002F1FA0000
00bc:trace:module:import_dll is not hybrid module
00bc:trace:module:load_dll looking for L"win32u.dll" in (null)
00bc:trace:module:get_load_order looking for L"C:\\windows\\system32\\win32u.dll"
00bc:trace:module:get_load_order got hardcoded default for L"win32u.dll"
00bc:trace:module:load_builtin L"\\??\\C:\\windows\\system32\\win32u.dll" is a fake Wine dll
00bc:trace:module:load_dll looking for L"kernel32.dll" in (null)
00bc:trace:module:load_dll Found L"C:\\windows\\system32\\kernel32.dll" for L"kernel32.dll" at 000000007B600000, count=9
00bc:trace:module:import_dll is not hybrid module
00bc:trace:module:load_dll looking for L"ntdll.dll" in (null)
00bc:trace:module:load_dll Found L"C:\\windows\\system32\\ntdll.dll" for L"ntdll.dll" at 0000000170000000, count=11
00bc:trace:module:import_dll is not hybrid module
00bc:trace:module:build_module loaded L"\\??\\C:\\windows\\system32\\win32u.dll" 0000000000337260 000000006D980000
00bc:trace:loaddll:build_module Loaded L"C:\\windows\\system32\\win32u.dll" at 000000006D980000: builtin
00bc:trace:module:load_dll Loaded module L"\\??\\C:\\windows\\system32\\win32u.dll" at 000000006D980000
00bc:trace:module:import_dll is not hybrid module
00bc:trace:module:build_module loaded L"\\??\\C:\\windows\\system32\\user32.dll" 00000000003355E0 000000023D820000
00bc:trace:loaddll:build_module Loaded L"C:\\windows\\system32\\user32.dll" at 000000023D820000: builtin
00bc:trace:module:load_dll Loaded module L"\\??\\C:\\windows\\system32\\user32.dll" at 000000023D820000
00bc:trace:module:import_dll is not hybrid module
00bc:trace:module:load_dll looking for L"win32u.dll" in (null)
00bc:trace:module:load_dll Found L"C:\\windows\\system32\\win32u.dll" for L"win32u.dll" at 000000006D980000, count=2
00bc:trace:module:import_dll is not hybrid module
00bc:trace:module:build_module loaded L"\\??\\C:\\windows\\system32\\gdi32.dll" 0000000000335330 000000026B4C0000
00bc:trace:loaddll:build_module Loaded L"C:\\windows\\system32\\gdi32.dll" at 000000026B4C0000: builtin
00bc:trace:module:load_dll Loaded module L"\\??\\C:\\windows\\system32\\gdi32.dll" at 000000026B4C0000
00bc:trace:module:import_dll is not hybrid module
00bc:trace:module:load_dll looking for L"kernel32.dll" in (null)
00bc:trace:module:load_dll Found L"C:\\windows\\system32\\kernel32.dll" for L"kernel32.dll" at 000000007B600000, count=10
00bc:trace:module:import_dll is not hybrid module
00bc:trace:module:load_dll looking for L"ntdll.dll" in (null)
00bc:trace:module:load_dll Found L"C:\\windows\\system32\\ntdll.dll" for L"ntdll.dll" at 0000000170000000, count=12
00bc:trace:module:import_dll is not hybrid module
00bc:trace:module:load_dll looking for L"rpcrt4.dll" in (null)
00bc:trace:module:get_load_order looking for L"C:\\windows\\system32\\rpcrt4.dll"
00bc:trace:module:get_load_order got hardcoded default for L"rpcrt4.dll"
00bc:trace:module:map_image_into_view mapping PE file L"\\??\\C:\\windows\\system32\\rpcrt4.dll" at 0x231ae0000-0x231b70000
00bc:trace:module:map_image_into_view mapping L"\\??\\C:\\windows\\system32\\rpcrt4.dll" section .text at 0x231ae1000 off 1000 size 54000 virt 53970 flags 60000060
00bc:trace:module:map_image_into_view mapping L"\\??\\C:\\windows\\system32\\rpcrt4.dll" section .data at 0x231b35000 off 55000 size 1000 virt 710 flags c0000040
00bc:trace:module:map_image_into_view mapping L"\\??\\C:\\windows\\system32\\rpcrt4.dll" section .rodata at 0x231b36000 off 56000 size 2000 virt 1b44 flags c0000040
00bc:trace:module:map_image_into_view mapping L"\\??\\C:\\windows\\system32\\rpcrt4.dll" section .rdata at 0x231b38000 off 58000 size 16000 virt 153f0 flags 40000040
00bc:trace:module:map_image_into_view mapping L"\\??\\C:\\windows\\system32\\rpcrt4.dll" section .pdata at 0x231b4e000 off 6e000 size 3000 virt 22f8 flags 40000040
00bc:trace:module:map_image_into_view mapping L"\\??\\C:\\windows\\system32\\rpcrt4.dll" section .xdata at 0x231b51000 off 71000 size 3000 virt 2934 flags 40000040
00bc:trace:module:map_image_into_view mapping L"\\??\\C:\\windows\\system32\\rpcrt4.dll" section .bss at 0x231b54000 off 0 size 0 virt 690 flags c0000080
00bc:trace:module:map_image_into_view mapping L"\\??\\C:\\windows\\system32\\rpcrt4.dll" section .edata at 0x231b55000 off 74000 size 17000 virt 16730 flags 40000040
00bc:trace:module:map_image_into_view mapping L"\\??\\C:\\windows\\system32\\rpcrt4.dll" section .idata at 0x231b6c000 off 8b000 size 2000 virt 19ac flags c0000040
00bc:trace:module:map_image_into_view mapping L"\\??\\C:\\windows\\system32\\rpcrt4.dll" section .rsrc at 0x231b6e000 off 8d000 size 1000 virt 3a8 flags 40000040
00bc:trace:module:map_image_into_view mapping L"\\??\\C:\\windows\\system32\\rpcrt4.dll" section .reloc at 0x231b6f000 off 8e000 size 1000 virt 504 flags 42000040
00bc:trace:module:load_dll looking for L"advapi32.dll" in (null)
00bc:trace:module:load_dll Found L"C:\\windows\\system32\\advapi32.dll" for L"advapi32.dll" at 0000000330260000, count=4
00bc:trace:module:import_dll is not hybrid module
00bc:trace:module:load_dll looking for L"kernel32.dll" in (null)
00bc:trace:module:load_dll Found L"C:\\windows\\system32\\kernel32.dll" for L"kernel32.dll" at 000000007B600000, count=11
00bc:trace:module:import_dll is not hybrid module
00bc:trace:module:load_dll looking for L"ntdll.dll" in (null)
00bc:trace:module:load_dll Found L"C:\\windows\\system32\\ntdll.dll" for L"ntdll.dll" at 0000000170000000, count=13
00bc:trace:module:import_dll is not hybrid module
00bc:trace:module:load_dll looking for L"ucrtbase.dll" in (null)
00bc:trace:module:load_dll Found L"C:\\windows\\system32\\ucrtbase.dll" for L"ucrtbase.dll" at 00000003AF670000, count=5
00bc:trace:module:import_dll is not hybrid module
00bc:trace:module:build_module loaded L"\\??\\C:\\windows\\system32\\rpcrt4.dll" 0000000000337570 0000000231AE0000
00bc:trace:loaddll:build_module Loaded L"C:\\windows\\system32\\rpcrt4.dll" at 0000000231AE0000: builtin
00bc:trace:module:load_dll Loaded module L"\\??\\C:\\windows\\system32\\rpcrt4.dll" at 0000000231AE0000
00bc:trace:module:import_dll is not hybrid module
00bc:trace:module:load_dll looking for L"ucrtbase.dll" in (null)
00bc:trace:module:load_dll Found L"C:\\windows\\system32\\ucrtbase.dll" for L"ucrtbase.dll" at 00000003AF670000, count=6
00bc:trace:module:import_dll is not hybrid module
00bc:trace:module:load_dll looking for L"user32.dll" in (null)
00bc:trace:module:load_dll Found L"C:\\windows\\system32\\user32.dll" for L"user32.dll" at 000000023D820000, count=2
00bc:trace:module:import_dll is not hybrid module
00bc:trace:module:process_attach (L"ntdll.dll",000000000021FB00) - START
00bc:trace:module:MODULE_InitDLL (0000000170000000 L"ntdll.dll",PROCESS_ATTACH,000000000021FB00) 000000017007B180 - CALL
00bc:trace:module:MODULE_InitDLL (0000000170000000,PROCESS_ATTACH,000000000021FB00) - RETURN 1
00bc:trace:module:process_attach (L"ntdll.dll",000000000021FB00) - END
00bc:trace:module:process_attach (L"kernel32.dll",000000000021FB00) - START
00bc:trace:module:process_attach (L"kernelbase.dll",000000000021FB00) - START
00bc:trace:module:MODULE_InitDLL (000000007B000000 L"kernelbase.dll",PROCESS_ATTACH,000000000021FB00) 000000007B04C9C0 - CALL
00bc:trace:module:LdrGetDllHandleEx flags 0, load_path 0000000000339AF0, dll_characteristics 0000000000000000, name 000000000021EC00, base 000000000021EBA8.
00bc:trace:module:LdrGetDllHandleEx L"C:\\windows\\system32\\tzres.dll" -> 0000000000000000 (load path L"C:\\windows\\system32;C:\\windows\\system32;C:\\windows\\system;C:\\windows;.;C:\\windows\\system32;C:\\windows;C:\\windows\\system32\\wbem;C:\\windows\\system32\\WindowsPowershell\\v1.0")
00bc:trace:module:get_load_order looking for L"C:\\windows\\system32\\tzres.dll"
00bc:trace:module:get_load_order got hardcoded default for L"tzres.dll"
00bc:trace:module:map_image_into_view mapping PE file L"\\??\\C:\\windows\\system32\\tzres.dll" at 0x10000000-0x10073000
00bc:trace:module:map_image_into_view mapping L"\\??\\C:\\windows\\system32\\tzres.dll" section .rsrc at 0x10001000 off 1000 size 72000 virt 71d74 flags 40000040
00bc:trace:module:FindResourceExW 0000000010000002 #0006 #0786 0000
00bc:trace:module:LoadResource 0000000010000002 000000001000B4B8
00bc:trace:module:LdrGetDllHandleEx flags 0, load_path 0000000000339C00, dll_characteristics 0000000000000000, name 000000000021EC00, base 000000000021EBA8.
00bc:trace:module:LdrGetDllHandleEx L"C:\\windows\\system32\\tzres.dll" -> 0000000000000000 (load path L"C:\\windows\\system32;C:\\windows\\system32;C:\\windows\\system;C:\\windows;.;C:\\windows\\system32;C:\\windows;C:\\windows\\system32\\wbem;C:\\windows\\system32\\WindowsPowershell\\v1.0")
00bc:trace:module:get_load_order looking for L"C:\\windows\\system32\\tzres.dll"
00bc:trace:module:get_load_order got hardcoded default for L"tzres.dll"
00bc:trace:module:map_image_into_view mapping PE file L"\\??\\C:\\windows\\system32\\tzres.dll" at 0x10000000-0x10073000
00bc:trace:module:map_image_into_view mapping L"\\??\\C:\\windows\\system32\\tzres.dll" section .rsrc at 0x10001000 off 1000 size 72000 virt 71d74 flags 40000040
00bc:trace:module:FindResourceExW 0000000010000002 #0006 #0786 0000
00bc:trace:module:LoadResource 0000000010000002 000000001000B4B8
00bc:trace:module:MODULE_InitDLL (000000007B000000,PROCESS_ATTACH,000000000021FB00) - RETURN 1
00bc:trace:module:process_attach (L"kernelbase.dll",000000000021FB00) - END
00bc:trace:module:MODULE_InitDLL (000000007B600000 L"kernel32.dll",PROCESS_ATTACH,000000000021FB00) 000000007B636E80 - CALL
00bc:trace:module:MODULE_InitDLL (000000007B600000,PROCESS_ATTACH,000000000021FB00) - RETURN 1
00bc:trace:module:process_attach (L"kernel32.dll",000000000021FB00) - END
00bc:trace:module:process_attach (L"advapi32.dll",000000000021FB00) - START
00bc:trace:module:process_attach (L"msvcrt.dll",000000000021FB00) - START
00bc:trace:module:MODULE_InitDLL (00000001C8DB0000 L"msvcrt.dll",PROCESS_ATTACH,000000000021FB00) 00000001C8E3E9D0 - CALL
00bc:trace:module:LdrGetDllFullName module 0000000000000000, name 000000000021F020.
00bc:trace:module:GetModuleFileNameW L"C:\\windows\\system32\\explorer.exe"
00bc:trace:module:LdrGetDllFullName module 0000000000000000, name 000000000021F070.
00bc:trace:module:GetModuleFileNameW L"C:\\windows\\system32\\explorer.exe"
00bc:trace:module:LdrAddRefDll (L"msvcrt.dll") ldr.LoadCount: -1
00bc:trace:module:MODULE_InitDLL (00000001C8DB0000,PROCESS_ATTACH,000000000021FB00) - RETURN 1
00bc:trace:module:process_attach (L"msvcrt.dll",000000000021FB00) - END
00bc:trace:module:process_attach (L"sechost.dll",000000000021FB00) - START
00bc:trace:module:process_attach (L"ucrtbase.dll",000000000021FB00) - START
00bc:trace:module:MODULE_InitDLL (00000003AF670000 L"ucrtbase.dll",PROCESS_ATTACH,000000000021FB00) 00000003AF71AC10 - CALL
00bc:trace:module:LdrGetDllFullName module 0000000000000000, name 000000000021EFA0.
00bc:trace:module:GetModuleFileNameW L"C:\\windows\\system32\\explorer.exe"
00bc:trace:module:LdrGetDllFullName module 0000000000000000, name 000000000021EFF0.
00bc:trace:module:GetModuleFileNameW L"C:\\windows\\system32\\explorer.exe"
00bc:trace:module:MODULE_InitDLL (00000003AF670000,PROCESS_ATTACH,000000000021FB00) - RETURN 1
00bc:trace:module:process_attach (L"ucrtbase.dll",000000000021FB00) - END
00bc:trace:module:MODULE_InitDLL (000000032A700000 L"sechost.dll",PROCESS_ATTACH,000000000021FB00) 000000032A71AF60 - CALL
00bc:trace:module:MODULE_InitDLL (000000032A700000,PROCESS_ATTACH,000000000021FB00) - RETURN 1
00bc:trace:module:process_attach (L"sechost.dll",000000000021FB00) - END
00bc:trace:module:MODULE_InitDLL (0000000330260000 L"advapi32.dll",PROCESS_ATTACH,000000000021FB00) 0000000330288030 - CALL
00bc:trace:module:MODULE_InitDLL (0000000330260000,PROCESS_ATTACH,000000000021FB00) - RETURN 1
00bc:trace:module:process_attach (L"advapi32.dll",000000000021FB00) - END
00bc:trace:module:process_attach (L"gdi32.dll",000000000021FB00) - START
00bc:trace:module:process_attach (L"user32.dll",000000000021FB00) - START
00bc:trace:module:process_attach (L"version.dll",000000000021FB00) - START
00bc:trace:module:MODULE_InitDLL (00000002F1FA0000 L"version.dll",PROCESS_ATTACH,000000000021FB00) 00000002F1FA2DE0 - CALL
00bc:trace:module:MODULE_InitDLL (00000002F1FA0000,PROCESS_ATTACH,000000000021FB00) - RETURN 1
00bc:trace:module:process_attach (L"version.dll",000000000021FB00) - END
00bc:trace:module:process_attach (L"win32u.dll",000000000021FB00) - START
00bc:trace:module:MODULE_InitDLL (000000006D980000 L"win32u.dll",PROCESS_ATTACH,000000000021FB00) 000000006DA44570 - CALL
00b4:trace:module:MODULE_InitDLL (000000006D980000,PROCESS_ATTACH,000000000011FB00) - RETURN 1
00b4:trace:module:process_attach (L"win32u.dll",000000000011FB00) - END
00b4:trace:module:MODULE_InitDLL (000000026B4C0000 L"gdi32.dll",PROCESS_ATTACH,000000000011FB00) 000000026B51E670 - CALL
00b4:trace:module:MODULE_InitDLL (000000026B4C0000,PROCESS_ATTACH,000000000011FB00) - RETURN 1
00b4:trace:module:process_attach (L"gdi32.dll",000000000011FB00) - END
00b4:trace:module:process_attach (L"version.dll",000000000011FB00) - START
00b4:trace:module:MODULE_InitDLL (00000002F1FA0000 L"version.dll",PROCESS_ATTACH,000000000011FB00) 00000002F1FA2DE0 - CALL
00b4:trace:module:MODULE_InitDLL (00000002F1FA0000,PROCESS_ATTACH,000000000011FB00) - RETURN 1
00b4:trace:module:process_attach (L"version.dll",000000000011FB00) - END
00b4:trace:module:MODULE_InitDLL (000000023D820000 L"USER32.dll",PROCESS_ATTACH,000000000011FB00) 000000023D8F6990 - CALL
00b4:trace:module:LdrGetDllHandleEx flags 0x1, load_path 0000000000000000, dll_characteristics 0000000000000000, name 000000000011EEE0, base 000000000011EED8.
00b4:trace:module:LdrGetDllHandleEx L"ntdll.dll" -> 0000000170000000 (load path (null))
00b4:trace:module:LdrGetDllHandleEx flags 0x1, load_path 0000000000000000, dll_characteristics 0000000000000000, name 000000000011EA70, base 000000000011EA68.
00b4:trace:module:LdrGetDllHandleEx L"ntdll.dll" -> 0000000170000000 (load path (null))
00b4:trace:module:load_dll looking for L"imm32.dll" in L"Z:\\Volumes\\SSD\\Neva;C:\\windows\\system32;C:\\windows\\system;C:\\windows;.;C:\\windows\\system32;C:\\windows;C:\\windows\\system32\\wbem;C:\\windows\\system32\\WindowsPowershell\\v1.0"
00b4:trace:module:get_load_order looking for L"C:\\windows\\system32\\imm32.dll"
00b4:trace:module:get_load_order got hardcoded default for L"imm32.dll"
00b4:trace:module:map_image_into_view mapping PE file L"\\??\\C:\\windows\\system32\\imm32.dll" at 0x3afd00000-0x3afd1b000
00b4:trace:module:map_image_into_view mapping L"\\??\\C:\\windows\\system32\\imm32.dll" section .text at 0x3afd01000 off 1000 size d000 virt cae0 flags 60000060
00b4:trace:module:map_image_into_view mapping L"\\??\\C:\\windows\\system32\\imm32.dll" section .data at 0x3afd0e000 off e000 size 1000 virt 120 flags c0000040
00b4:trace:module:map_image_into_view mapping L"\\??\\C:\\windows\\system32\\imm32.dll" section .rodata at 0x3afd0f000 off f000 size 1000 virt 3ec flags c0000040
00b4:trace:module:map_image_into_view mapping L"\\??\\C:\\windows\\system32\\imm32.dll" section .rdata at 0x3afd10000 off 10000 size 2000 virt 1cd0 flags 40000040
00b4:trace:module:map_image_into_view mapping L"\\??\\C:\\windows\\system32\\imm32.dll" section .pdata at 0x3afd12000 off 12000 size 1000 virt 5e8 flags 40000040
00b4:trace:module:map_image_into_view mapping L"\\??\\C:\\windows\\system32\\imm32.dll" section .xdata at 0x3afd13000 off 13000 size 1000 virt 6fc flags 40000040
00b4:trace:module:map_image_into_view mapping L"\\??\\C:\\windows\\system32\\imm32.dll" section .bss at 0x3afd14000 off 0 size 0 virt 160 flags c0000080
00b4:trace:module:map_image_into_view mapping L"\\??\\C:\\windows\\system32\\imm32.dll" section .edata at 0x3afd15000 off 14000 size 3000 virt 2b29 flags 40000040
00b4:trace:module:map_image_into_view mapping L"\\??\\C:\\windows\\system32\\imm32.dll" section .idata at 0x3afd18000 off 17000 size 1000 virt cb8 flags c0000040
00b4:trace:module:map_image_into_view mapping L"\\??\\C:\\windows\\system32\\imm32.dll" section .rsrc at 0x3afd19000 off 18000 size 1000 virt 3a8 flags 40000040
00b4:trace:module:map_image_into_view mapping L"\\??\\C:\\windows\\system32\\imm32.dll" section .reloc at 0x3afd1a000 off 19000 size 1000 virt 50 flags 42000040
00b4:trace:module:load_dll looking for L"advapi32.dll" in L"Z:\\Volumes\\SSD\\Neva;C:\\windows\\system32;C:\\windows\\system;C:\\windows;.;C:\\windows\\system32;C:\\windows;C:\\windows\\system32\\wbem;C:\\windows\\system32\\WindowsPowershell\\v1.0"
00b4:trace:module:load_dll Found L"C:\\windows\\system32\\advapi32.dll" for L"advapi32.dll" at 0000000330260000, count=-1
00b4:trace:module:import_dll is not hybrid module
00b4:trace:module:load_dll looking for L"kernel32.dll" in L"Z:\\Volumes\\SSD\\Neva;C:\\windows\\system32;C:\\windows\\system;C:\\windows;.;C:\\windows\\system32;C:\\windows;C:\\windows\\system32\\wbem;C:\\windows\\system32\\WindowsPowershell\\v1.0"
00b4:trace:module:load_dll Found L"C:\\windows\\system32\\kernel32.dll" for L"kernel32.dll" at 000000007B600000, count=-1
00b4:trace:module:import_dll is not hybrid module
00b4:trace:module:load_dll looking for L"ntdll.dll" in L"Z:\\Volumes\\SSD\\Neva;C:\\windows\\system32;C:\\windows\\system;C:\\windows;.;C:\\windows\\system32;C:\\windows;C:\\windows\\system32\\wbem;C:\\windows\\system32\\WindowsPowershell\\v1.0"
00b4:trace:module:load_dll Found L"C:\\windows\\system32\\ntdll.dll" for L"ntdll.dll" at 0000000170000000, count=-1
00b4:trace:module:import_dll is not hybrid module
00b4:trace:module:load_dll looking for L"ucrtbase.dll" in L"Z:\\Volumes\\SSD\\Neva;C:\\windows\\system32;C:\\windows\\system;C:\\windows;.;C:\\windows\\system32;C:\\windows;C:\\windows\\system32\\wbem;C:\\windows\\system32\\WindowsPowershell\\v1.0"
00b4:trace:module:load_dll Found L"C:\\windows\\system32\\ucrtbase.dll" for L"ucrtbase.dll" at 00000003AF670000, count=-1
00b4:trace:module:import_dll is not hybrid module
00b4:trace:module:load_dll looking for L"user32.dll" in L"Z:\\Volumes\\SSD\\Neva;C:\\windows\\system32;C:\\windows\\system;C:\\windows;.;C:\\windows\\system32;C:\\windows;C:\\windows\\system32\\wbem;C:\\windows\\system32\\WindowsPowershell\\v1.0"
00b4:trace:module:load_dll Found L"C:\\windows\\system32\\USER32.dll" for L"user32.dll" at 000000023D820000, count=-1
00b4:trace:module:import_dll is not hybrid module
00b4:trace:module:build_module loaded L"\\??\\C:\\windows\\system32\\imm32.dll" 0000000000243CE0 00000003AFD00000
00b4:trace:loaddll:build_module Loaded L"C:\\windows\\system32\\imm32.dll" at 00000003AFD00000: builtin
00b4:trace:module:load_dll Loaded module L"\\??\\C:\\windows\\system32\\imm32.dll" at 00000003AFD00000
00b4:trace:module:process_attach (L"imm32.dll",0000000000000000) - START
00b4:trace:module:MODULE_InitDLL (00000003AFD00000 L"imm32.dll",PROCESS_ATTACH,0000000000000000) 00000003AFD0CE20 - CALL
00b4:trace:module:LdrGetDllHandleEx flags 0x1, load_path 0000000000000000, dll_characteristics 0000000000000000, name 000000000011E5B0, base 000000000011E5A8.
00b4:trace:module:LdrGetDllHandleEx L"ntdll.dll" -> 0000000170000000 (load path (null))
00b4:trace:module:LdrGetDllHandleEx flags 0x1, load_path 0000000000000000, dll_characteristics 0000000000000000, name 000000000011EA20, base 000000000011EA18.
00b4:trace:module:LdrGetDllHandleEx L"imm32.dll" -> 00000003AFD00000 (load path (null))
00b4:trace:module:MODULE_InitDLL (00000003AFD00000,PROCESS_ATTACH,0000000000000000) - RETURN 1
00b4:trace:module:process_attach (L"imm32.dll",0000000000000000) - END
00b4:trace:module:MODULE_InitDLL (000000023D820000,PROCESS_ATTACH,000000000011FB00) - RETURN 1
00b4:trace:module:process_attach (L"USER32.dll",000000000011FB00) - END
00b4:trace:module:process_attach (L"dbghelp.dll",000000000011FB00) - START
00b4:trace:module:MODULE_InitDLL (00000003BE590000 L"dbghelp.dll",PROCESS_ATTACH,000000000011FB00) 00000003BE5F2740 - CALL
00b4:trace:module:MODULE_InitDLL (00000003BE590000,PROCESS_ATTACH,000000000011FB00) - RETURN 1
00b4:trace:module:process_attach (L"dbghelp.dll",000000000011FB00) - END
00b4:trace:module:process_attach (L"SHELL32.dll",000000000011FB00) - START
00b4:trace:module:process_attach (L"shlwapi.dll",000000000011FB00) - START
00b4:trace:module:process_attach (L"shcore.dll",000000000011FB00) - START
00b4:trace:module:process_attach (L"ole32.dll",000000000011FB00) - START
00b4:trace:module:process_attach (L"combase.dll",000000000011FB00) - START
00b4:trace:module:process_attach (L"rpcrt4.dll",000000000011FB00) - START
00b4:trace:module:MODULE_InitDLL (0000000231AE0000 L"rpcrt4.dll",PROCESS_ATTACH,000000000011FB00) 0000000231B334D0 - CALL
00b4:trace:module:MODULE_InitDLL (0000000231AE0000,PROCESS_ATTACH,000000000011FB00) - RETURN 1
00b4:trace:module:process_attach (L"rpcrt4.dll",000000000011FB00) - END
00b4:trace:module:MODULE_InitDLL (0000000327020000 L"combase.dll",PROCESS_ATTACH,000000000011FB00) 000000032704BE40 - CALL
00b4:trace:module:LdrGetDllHandleEx flags 0x1, load_path 0000000000000000, dll_characteristics 0000000000000000, name 000000000011EC00, base 000000000011EBF8.
00b4:trace:module:LdrGetDllHandleEx L"ntdll.dll" -> 0000000170000000 (load path (null))
00b4:trace:module:MODULE_InitDLL (0000000327020000,PROCESS_ATTACH,000000000011FB00) - RETURN 1
00b4:trace:module:process_attach (L"combase.dll",000000000011FB00) - END
00b4:trace:module:MODULE_InitDLL (00000002E8F10000 L"ole32.dll",PROCESS_ATTACH,000000000011FB00) 00000002E8FC5810 - CALL
00b4:trace:module:LdrGetDllHandleEx flags 0x1, load_path 0000000000000000, dll_characteristics 0000000000000000, name 000000000011ECA0, base 000000000011EC98.
00b4:trace:module:LdrGetDllHandleEx L"ntdll.dll" -> 0000000170000000 (load path (null))
00b4:trace:module:MODULE_InitDLL (00000002E8F10000,PROCESS_ATTACH,000000000011FB00) - RETURN 1
00b4:trace:module:process_attach (L"ole32.dll",000000000011FB00) - END
00b4:trace:module:MODULE_InitDLL (00000003126F0000 L"shcore.dll",PROCESS_ATTACH,000000000011FB00) 00000003126FA680 - CALL
00b4:trace:module:LdrGetDllHandleEx flags 0x1, load_path 0000000000000000, dll_characteristics 0000000000000000, name 000000000011ED20, base 000000000011ED18.
00b4:trace:module:LdrGetDllHandleEx L"ntdll.dll" -> 0000000170000000 (load path (null))
00b4:trace:module:MODULE_InitDLL (00000003126F0000,PROCESS_ATTACH,000000000011FB00) - RETURN 1
00b4:trace:module:process_attach (L"shcore.dll",000000000011FB00) - END
00b4:trace:module:MODULE_InitDLL (00000002E3540000 L"shlwapi.dll",PROCESS_ATTACH,000000000011FB00) 00000002E3566380 - CALL
00b4:trace:module:LdrGetDllHandleEx flags 0x1, load_path 0000000000000000, dll_characteristics 0000000000000000, name 000000000011EDA0, base 000000000011ED98.
00b4:trace:module:LdrGetDllHandleEx L"ntdll.dll" -> 0000000170000000 (load path (null))
00b4:trace:module:MODULE_InitDLL (00000002E3540000,PROCESS_ATTACH,000000000011FB00) - RETURN 1
00b4:trace:module:process_attach (L"shlwapi.dll",000000000011FB00) - END
00b4:trace:module:MODULE_InitDLL (00000001C69E0000 L"SHELL32.dll",PROCESS_ATTACH,000000000011FB00) 00000001C6A92AA0 - CALL
00b4:trace:module:LdrGetDllHandleEx flags 0x1, load_path 0000000000000000, dll_characteristics 0000000000000000, name 000000000011EE20, base 000000000011EE18.
00b4:trace:module:LdrGetDllHandleEx L"ntdll.dll" -> 0000000170000000 (load path (null))
00b4:trace:module:LdrGetDllFullName module 00000001C69E0000, name 000000000011F2C0.
00b4:trace:module:GetModuleFileNameW L"C:\\windows\\system32\\SHELL32.dll"
00b4:trace:module:MODULE_InitDLL (00000001C69E0000,PROCESS_ATTACH,000000000011FB00) - RETURN 1
00b4:trace:module:process_attach (L"SHELL32.dll",000000000011FB00) - END
00b4:trace:module:process_attach (L"PSAPI.DLL",000000000011FB00) - START
00b4:trace:module:MODULE_InitDLL (0000000000430000 L"PSAPI.DLL",PROCESS_ATTACH,000000000011FB00) 00000000004316D0 - CALL
00b4:trace:module:MODULE_InitDLL (0000000000430000,PROCESS_ATTACH,000000000011FB00) - RETURN 1
00b4:trace:module:process_attach (L"PSAPI.DLL",000000000011FB00) - END
00b4:trace:module:process_attach (L"WININET.dll",000000000011FB00) - START
00b4:trace:module:process_attach (L"mpr.dll",000000000011FB00) - START
00b4:trace:module:MODULE_InitDLL (000000024F470000 L"mpr.dll",PROCESS_ATTACH,000000000011FB00) 000000024F47C740 - CALL
00b4:trace:module:MODULE_InitDLL (000000024F470000,PROCESS_ATTACH,000000000011FB00) - RETURN 1
00b4:trace:module:process_attach (L"mpr.dll",000000000011FB00) - END
00b4:trace:module:process_attach (L"ws2_32.dll",000000000011FB00) - START
00b4:trace:module:MODULE_InitDLL (00000001EC2B0000 L"ws2_32.dll",PROCESS_ATTACH,000000000011FB00) 00000001EC2C4980 - CALL
00b4:trace:module:MODULE_InitDLL (00000001EC2B0000,PROCESS_ATTACH,000000000011FB00) - RETURN 1
00b4:trace:module:process_attach (L"ws2_32.dll",000000000011FB00) - END
00b4:trace:module:MODULE_InitDLL (00000003A0440000 L"WININET.dll",PROCESS_ATTACH,000000000011FB00) 00000003A0494130 - CALL
00b4:trace:module:LdrGetDllHandleEx flags 0x1, load_path 0000000000000000, dll_characteristics 0000000000000000, name 000000000011EE20, base 000000000011EE18.
00b4:trace:module:LdrGetDllHandleEx L"ntdll.dll" -> 0000000170000000 (load path (null))
00b4:trace:module:MODULE_InitDLL (00000003A0440000,PROCESS_ATTACH,000000000011FB00) - RETURN 1
00b4:trace:module:process_attach (L"WININET.dll",000000000011FB00) - END
00b4:trace:module:load_dll looking for L"api-ms-win-core-synch-l1-2-0.dll" in L"C:\\windows\\system32\\"
00b4:trace:module:find_dll_file found L"C:\\windows\\system32\\kernelbase.dll" for L"api-ms-win-core-synch-l1-2-0.dll"
00b4:trace:module:load_dll Found L"C:\\windows\\system32\\kernelbase.dll" for L"api-ms-win-core-synch-l1-2-0.dll" at 000000007B000000, count=-1
00b4:trace:module:load_dll looking for L"api-ms-win-core-fibers-l1-1-1.dll" in L"C:\\windows\\system32\\"
00b4:trace:module:find_dll_file found L"C:\\windows\\system32\\kernelbase.dll" for L"api-ms-win-core-fibers-l1-1-1.dll"
00b4:trace:module:load_dll Found L"C:\\windows\\system32\\kernelbase.dll" for L"api-ms-win-core-fibers-l1-1-1.dll" at 000000007B000000, count=-1
00b4:trace:module:load_dll looking for L"api-ms-win-core-synch-l1-2-0.dll" in L"C:\\windows\\system32\\"
00b4:trace:module:find_dll_file found L"C:\\windows\\system32\\kernelbase.dll" for L"api-ms-win-core-synch-l1-2-0.dll"
00b4:trace:module:load_dll Found L"C:\\windows\\system32\\kernelbase.dll" for L"api-ms-win-core-synch-l1-2-0.dll" at 000000007B000000, count=-1
00b4:trace:module:load_dll looking for L"api-ms-win-core-localization-l1-2-1.dll" in L"C:\\windows\\system32\\"
00b4:trace:module:find_dll_file found L"C:\\windows\\system32\\kernelbase.dll" for L"api-ms-win-core-localization-l1-2-1.dll"
00b4:trace:module:load_dll Found L"C:\\windows\\system32\\kernelbase.dll" for L"api-ms-win-core-localization-l1-2-1.dll" at 000000007B000000, count=-1
00b4:trace:module:LdrGetDllFullName module 0000000000000000, name 000000000011FA50.
00b4:trace:module:GetModuleFileNameW L"Z:\\Volumes\\SSD\\Neva\\UnityCrashHandler64.exe"
00b4:trace:module:load_dll looking for L"kernel32.dll" in L"C:\\windows\\system32\\"
00b4:trace:module:load_dll Found L"C:\\windows\\system32\\kernel32.dll" for L"kernel32.dll" at 000000007B600000, count=-1
00b4:trace:module:LdrGetDllHandleEx flags 0x1, load_path 0000000000000000, dll_characteristics 0000000000000000, name 000000000011FD80, base 000000000011FD78.
00b4:trace:module:find_dll_file found L"C:\\windows\\system32\\kernelbase.dll" for L"api-ms-win-core-synch-l1-2-0.dll"
00b4:trace:module:LdrGetDllHandleEx L"api-ms-win-core-synch-l1-2-0.dll" -> 000000007B000000 (load path (null))
00b4:trace:module:LdrGetDllHandleEx flags 0x1, load_path 0000000000000000, dll_characteristics 0000000000000000, name 000000000011FD80, base 000000000011FD78.
00b4:trace:module:LdrGetDllHandleEx L"kernel32.dll" -> 000000007B600000 (load path (null))
00b4:fixme:thread:get_thread_times not implemented on this platform
00c0:trace:module:alloc_thread_tls thread 00c0 slot 0: 304/0 bytes at 0000000000255480
00c0:trace:module:MODULE_InitDLL (00000001C8DB0000 L"msvcrt.dll",THREAD_ATTACH,0000000000000000) 00000001C8E3E9D0 - CALL
00c0:trace:module:MODULE_InitDLL (00000001C8DB0000,THREAD_ATTACH,0000000000000000) - RETURN 1
00c0:trace:module:MODULE_InitDLL (00000003AF670000 L"ucrtbase.dll",THREAD_ATTACH,0000000000000000) 00000003AF71AC10 - CALL
00c0:trace:module:MODULE_InitDLL (00000003AF670000,THREAD_ATTACH,0000000000000000) - RETURN 1
00c0:trace:module:MODULE_InitDLL (000000023D820000 L"USER32.dll",THREAD_ATTACH,0000000000000000) 000000023D8F6990 - CALL
00c0:trace:module:MODULE_InitDLL (000000023D820000,THREAD_ATTACH,0000000000000000) - RETURN 1
00c0:trace:module:MODULE_InitDLL (00000003AFD00000 L"imm32.dll",THREAD_ATTACH,0000000000000000) 00000003AFD0CE20 - CALL
00c0:trace:module:MODULE_InitDLL (00000003AFD00000,THREAD_ATTACH,0000000000000000) - RETURN 1
00c0:trace:module:MODULE_InitDLL (0000000231AE0000 L"rpcrt4.dll",THREAD_ATTACH,0000000000000000) 0000000231B334D0 - CALL
00c0:trace:module:MODULE_InitDLL (0000000231AE0000,THREAD_ATTACH,0000000000000000) - RETURN 1
00c0:trace:module:MODULE_InitDLL (0000000327020000 L"combase.dll",THREAD_ATTACH,0000000000000000) 000000032704BE40 - CALL
00c0:trace:module:MODULE_InitDLL (0000000327020000,THREAD_ATTACH,0000000000000000) - RETURN 1
00c0:trace:module:MODULE_InitDLL (00000002E8F10000 L"ole32.dll",THREAD_ATTACH,0000000000000000) 00000002E8FC5810 - CALL
00c0:trace:module:MODULE_InitDLL (00000002E8F10000,THREAD_ATTACH,0000000000000000) - RETURN 1
00c0:trace:module:MODULE_InitDLL (00000001EC2B0000 L"ws2_32.dll",THREAD_ATTACH,0000000000000000) 00000001EC2C4980 - CALL
00c0:trace:module:MODULE_InitDLL (00000001EC2B0000,THREAD_ATTACH,0000000000000000) - RETURN 1
00c0:trace:module:MODULE_InitDLL (00000003A0440000 L"WININET.dll",THREAD_ATTACH,0000000000000000) 00000003A0494130 - CALL
00c0:trace:module:MODULE_InitDLL (00000003A0440000,THREAD_ATTACH,0000000000000000) - RETURN 1
00bc:trace:module:MODULE_InitDLL (000000006D980000,PROCESS_ATTACH,000000000021FB00) - RETURN 1
00bc:trace:module:process_attach (L"win32u.dll",000000000021FB00) - END
00bc:trace:module:MODULE_InitDLL (000000023D820000 L"user32.dll",PROCESS_ATTACH,000000000021FB00) 000000023D8F6990 - CALL
00bc:trace:module:LdrGetDllHandleEx flags 0x1, load_path 0000000000000000, dll_characteristics 0000000000000000, name 000000000021EE60, base 000000000021EE58.
00bc:trace:module:LdrGetDllHandleEx L"ntdll.dll" -> 0000000170000000 (load path (null))
00bc:trace:module:LdrGetDllHandleEx flags 0x1, load_path 0000000000000000, dll_characteristics 0000000000000000, name 000000000021E9F0, base 000000000021E9E8.
00bc:trace:module:LdrGetDllHandleEx L"ntdll.dll" -> 0000000170000000 (load path (null))
00bc:trace:module:load_dll looking for L"imm32.dll" in L"C:\\windows\\system32;C:\\windows\\system32;C:\\windows\\system;C:\\windows;.;C:\\windows\\system32;C:\\windows;C:\\windows\\system32\\wbem;C:\\windows\\system32\\WindowsPowershell\\v1.0"
00bc:trace:module:get_load_order looking for L"C:\\windows\\system32\\imm32.dll"
00bc:trace:module:get_load_order got hardcoded default for L"imm32.dll"
00bc:trace:module:map_image_into_view mapping PE file L"\\??\\C:\\windows\\system32\\imm32.dll" at 0x3afd00000-0x3afd1b000
00bc:trace:module:map_image_into_view mapping L"\\??\\C:\\windows\\system32\\imm32.dll" section .text at 0x3afd01000 off 1000 size d000 virt cae0 flags 60000060
00bc:trace:module:map_image_into_view mapping L"\\??\\C:\\windows\\system32\\imm32.dll" section .data at 0x3afd0e000 off e000 size 1000 virt 120 flags c0000040
00bc:trace:module:map_image_into_view mapping L"\\??\\C:\\windows\\system32\\imm32.dll" section .rodata at 0x3afd0f000 off f000 size 1000 virt 3ec flags c0000040
00bc:trace:module:map_image_into_view mapping L"\\??\\C:\\windows\\system32\\imm32.dll" section .rdata at 0x3afd10000 off 10000 size 2000 virt 1cd0 flags 40000040
00bc:trace:module:map_image_into_view mapping L"\\??\\C:\\windows\\system32\\imm32.dll" section .pdata at 0x3afd12000 off 12000 size 1000 virt 5e8 flags 40000040
00bc:trace:module:map_image_into_view mapping L"\\??\\C:\\windows\\system32\\imm32.dll" section .xdata at 0x3afd13000 off 13000 size 1000 virt 6fc flags 40000040
00bc:trace:module:map_image_into_view mapping L"\\??\\C:\\windows\\system32\\imm32.dll" section .bss at 0x3afd14000 off 0 size 0 virt 160 flags c0000080
00bc:trace:module:map_image_into_view mapping L"\\??\\C:\\windows\\system32\\imm32.dll" section .edata at 0x3afd15000 off 14000 size 3000 virt 2b29 flags 40000040
00bc:trace:module:map_image_into_view mapping L"\\??\\C:\\windows\\system32\\imm32.dll" section .idata at 0x3afd18000 off 17000 size 1000 virt cb8 flags c0000040
00bc:trace:module:map_image_into_view mapping L"\\??\\C:\\windows\\system32\\imm32.dll" section .rsrc at 0x3afd19000 off 18000 size 1000 virt 3a8 flags 40000040
00bc:trace:module:map_image_into_view mapping L"\\??\\C:\\windows\\system32\\imm32.dll" section .reloc at 0x3afd1a000 off 19000 size 1000 virt 50 flags 42000040
00bc:trace:module:load_dll looking for L"advapi32.dll" in L"C:\\windows\\system32;C:\\windows\\system32;C:\\windows\\system;C:\\windows;.;C:\\windows\\system32;C:\\windows;C:\\windows\\system32\\wbem;C:\\windows\\system32\\WindowsPowershell\\v1.0"
00bc:trace:module:load_dll Found L"C:\\windows\\system32\\advapi32.dll" for L"advapi32.dll" at 0000000330260000, count=-1
00bc:trace:module:import_dll is not hybrid module
00bc:trace:module:load_dll looking for L"kernel32.dll" in L"C:\\windows\\system32;C:\\windows\\system32;C:\\windows\\system;C:\\windows;.;C:\\windows\\system32;C:\\windows;C:\\windows\\system32\\wbem;C:\\windows\\system32\\WindowsPowershell\\v1.0"
00bc:trace:module:load_dll Found L"C:\\windows\\system32\\kernel32.dll" for L"kernel32.dll" at 000000007B600000, count=-1
00bc:trace:module:import_dll is not hybrid module
00bc:trace:module:load_dll looking for L"ntdll.dll" in L"C:\\windows\\system32;C:\\windows\\system32;C:\\windows\\system;C:\\windows;.;C:\\windows\\system32;C:\\windows;C:\\windows\\system32\\wbem;C:\\windows\\system32\\WindowsPowershell\\v1.0"
00bc:trace:module:load_dll Found L"C:\\windows\\system32\\ntdll.dll" for L"ntdll.dll" at 0000000170000000, count=-1
00bc:trace:module:import_dll is not hybrid module
00bc:trace:module:load_dll looking for L"ucrtbase.dll" in L"C:\\windows\\system32;C:\\windows\\system32;C:\\windows\\system;C:\\windows;.;C:\\windows\\system32;C:\\windows;C:\\windows\\system32\\wbem;C:\\windows\\system32\\WindowsPowershell\\v1.0"
00bc:trace:module:load_dll Found L"C:\\windows\\system32\\ucrtbase.dll" for L"ucrtbase.dll" at 00000003AF670000, count=-1
00bc:trace:module:import_dll is not hybrid module
00bc:trace:module:load_dll looking for L"user32.dll" in L"C:\\windows\\system32;C:\\windows\\system32;C:\\windows\\system;C:\\windows;.;C:\\windows\\system32;C:\\windows;C:\\windows\\system32\\wbem;C:\\windows\\system32\\WindowsPowershell\\v1.0"
00bc:trace:module:load_dll Found L"C:\\windows\\system32\\user32.dll" for L"user32.dll" at 000000023D820000, count=-1
00bc:trace:module:import_dll is not hybrid module
00bc:trace:module:build_module loaded L"\\??\\C:\\windows\\system32\\imm32.dll" 0000000000340DE0 00000003AFD00000
00bc:trace:loaddll:build_module Loaded L"C:\\windows\\system32\\imm32.dll" at 00000003AFD00000: builtin
00bc:trace:module:load_dll Loaded module L"\\??\\C:\\windows\\system32\\imm32.dll" at 00000003AFD00000
00bc:trace:module:process_attach (L"imm32.dll",0000000000000000) - START
00bc:trace:module:MODULE_InitDLL (00000003AFD00000 L"imm32.dll",PROCESS_ATTACH,0000000000000000) 00000003AFD0CE20 - CALL
00bc:trace:module:LdrGetDllHandleEx flags 0x1, load_path 0000000000000000, dll_characteristics 0000000000000000, name 000000000021E530, base 000000000021E528.
00bc:trace:module:LdrGetDllHandleEx L"ntdll.dll" -> 0000000170000000 (load path (null))
00bc:trace:module:LdrGetDllHandleEx flags 0x1, load_path 0000000000000000, dll_characteristics 0000000000000000, name 000000000021E9A0, base 000000000021E998.
00bc:trace:module:LdrGetDllHandleEx L"imm32.dll" -> 00000003AFD00000 (load path (null))
00bc:trace:module:MODULE_InitDLL (00000003AFD00000,PROCESS_ATTACH,0000000000000000) - RETURN 1
00bc:trace:module:process_attach (L"imm32.dll",0000000000000000) - END
00bc:trace:module:MODULE_InitDLL (000000023D820000,PROCESS_ATTACH,000000000021FB00) - RETURN 1
00bc:trace:module:process_attach (L"user32.dll",000000000021FB00) - END
00bc:trace:module:MODULE_InitDLL (000000026B4C0000 L"gdi32.dll",PROCESS_ATTACH,000000000021FB00) 000000026B51E670 - CALL
00bc:trace:module:MODULE_InitDLL (000000026B4C0000,PROCESS_ATTACH,000000000021FB00) - RETURN 1
00bc:trace:module:process_attach (L"gdi32.dll",000000000021FB00) - END
00bc:trace:module:process_attach (L"rpcrt4.dll",000000000021FB00) - START
00bc:trace:module:MODULE_InitDLL (0000000231AE0000 L"rpcrt4.dll",PROCESS_ATTACH,000000000021FB00) 0000000231B334D0 - CALL
00bc:trace:module:MODULE_InitDLL (0000000231AE0000,PROCESS_ATTACH,000000000021FB00) - RETURN 1
00bc:trace:module:process_attach (L"rpcrt4.dll",000000000021FB00) - END
00bc:trace:module:LdrGetDllHandleEx flags 0x1, load_path 0000000000000000, dll_characteristics 0000000000000000, name 000000000021ECF0, base 000000000021ECE8.
00bc:trace:module:LdrGetDllHandleEx L"ntdll.dll" -> 0000000170000000 (load path (null))
00bc:trace:module:LdrGetDllHandleEx flags 0x1, load_path 0000000000000000, dll_characteristics 0000000000000000, name 000000000021E9A0, base 000000000021E998.
00bc:trace:module:LdrGetDllHandleEx L"ntdll.dll" -> 0000000170000000 (load path (null))
00bc:trace:module:LdrGetDllHandleEx flags 0x1, load_path 0000000000000000, dll_characteristics 0000000000000000, name 000000000021ECF0, base 000000000021ECE8.
00bc:trace:module:LdrGetDllHandleEx L"ntdll.dll" -> 0000000170000000 (load path (null))
00bc:trace:module:LdrGetDllHandleEx flags 0x1, load_path 0000000000000000, dll_characteristics 0000000000000000, name 000000000021EA10, base 000000000021EA08.
00bc:trace:module:LdrGetDllHandleEx L"ntdll.dll" -> 0000000170000000 (load path (null))
00bc:trace:module:load_dll looking for L"winemac.drv" in L"C:\\windows\\system32;C:\\windows\\system32;C:\\windows\\system;C:\\windows;.;C:\\windows\\system32;C:\\windows;C:\\windows\\system32\\wbem;C:\\windows\\system32\\WindowsPowershell\\v1.0"
00bc:trace:module:get_load_order looking for L"C:\\windows\\system32\\winemac.drv"
00bc:trace:module:get_load_order got hardcoded default for L"winemac.drv"
00bc:trace:module:load_builtin L"\\??\\C:\\windows\\system32\\winemac.drv" is a fake Wine dll
00bc:trace:module:load_dll looking for L"advapi32.dll" in L"C:\\windows\\system32;C:\\windows\\system32;C:\\windows\\system;C:\\windows;.;C:\\windows\\system32;C:\\windows;C:\\windows\\system32\\wbem;C:\\windows\\system32\\WindowsPowershell\\v1.0"
00bc:trace:module:load_dll Found L"C:\\windows\\system32\\advapi32.dll" for L"advapi32.dll" at 0000000330260000, count=-1
00bc:trace:module:import_dll is not hybrid module
00bc:trace:module:load_dll looking for L"gdi32.dll" in L"C:\\windows\\system32;C:\\windows\\system32;C:\\windows\\system;C:\\windows;.;C:\\windows\\system32;C:\\windows;C:\\windows\\system32\\wbem;C:\\windows\\system32\\WindowsPowershell\\v1.0"
00bc:trace:module:load_dll Found L"C:\\windows\\system32\\gdi32.dll" for L"gdi32.dll" at 000000026B4C0000, count=-1
00bc:trace:module:import_dll is not hybrid module
00bc:trace:module:load_dll looking for L"kernel32.dll" in L"C:\\windows\\system32;C:\\windows\\system32;C:\\windows\\system;C:\\windows;.;C:\\windows\\system32;C:\\windows;C:\\windows\\system32\\wbem;C:\\windows\\system32\\WindowsPowershell\\v1.0"
00bc:trace:module:load_dll Found L"C:\\windows\\system32\\kernel32.dll" for L"kernel32.dll" at 000000007B600000, count=-1
00bc:trace:module:import_dll is not hybrid module
00bc:trace:module:load_dll looking for L"ntdll.dll" in L"C:\\windows\\system32;C:\\windows\\system32;C:\\windows\\system;C:\\windows;.;C:\\windows\\system32;C:\\windows;C:\\windows\\system32\\wbem;C:\\windows\\system32\\WindowsPowershell\\v1.0"
00bc:trace:module:load_dll Found L"C:\\windows\\system32\\ntdll.dll" for L"ntdll.dll" at 0000000170000000, count=-1
00bc:trace:module:import_dll is not hybrid module
00bc:trace:module:load_dll looking for L"user32.dll" in L"C:\\windows\\system32;C:\\windows\\system32;C:\\windows\\system;C:\\windows;.;C:\\windows\\system32;C:\\windows;C:\\windows\\system32\\wbem;C:\\windows\\system32\\WindowsPowershell\\v1.0"
00bc:trace:module:load_dll Found L"C:\\windows\\system32\\user32.dll" for L"user32.dll" at 000000023D820000, count=-1
00bc:trace:module:import_dll is not hybrid module
00bc:trace:module:load_dll looking for L"win32u.dll" in L"C:\\windows\\system32;C:\\windows\\system32;C:\\windows\\system;C:\\windows;.;C:\\windows\\system32;C:\\windows;C:\\windows\\system32\\wbem;C:\\windows\\system32\\WindowsPowershell\\v1.0"
00bc:trace:module:load_dll Found L"C:\\windows\\system32\\win32u.dll" for L"win32u.dll" at 000000006D980000, count=-1
00bc:trace:module:import_dll is not hybrid module
00bc:trace:module:build_module loaded L"\\??\\C:\\windows\\system32\\winemac.drv" 0000000000346CE0 000000006DB50000
00bc:trace:loaddll:build_module Loaded L"C:\\windows\\system32\\winemac.drv" at 000000006DB50000: builtin
00bc:trace:module:load_dll Loaded module L"\\??\\C:\\windows\\system32\\winemac.drv" at 000000006DB50000
00bc:trace:module:process_attach (L"winemac.drv",0000000000000000) - START
00bc:trace:module:MODULE_InitDLL (000000006DB50000 L"winemac.drv",PROCESS_ATTACH,0000000000000000) 000000006DB73B90 - CALL
00bc:trace:module:LdrGetDllFullName module 0000000000000000, name 000000000021E300.
00bc:trace:module:GetModuleFileNameW L"C:\\windows\\system32\\explorer.exe"
00bc:trace:module:FindResourceExW 000000006DB50000 #0006 #0011 0000
00bc:trace:module:LoadResource 000000006DB50000 000000006DBD9A40
00bc:trace:module:FindResourceExW 000000006DB50000 #0006 #0011 0000
00bc:trace:module:LoadResource 000000006DB50000 000000006DBD9A40
00bc:trace:module:FindResourceExW 000000006DB50000 #0006 #0011 0000
00bc:trace:module:LoadResource 000000006DB50000 000000006DBD9A40
00bc:trace:module:FindResourceExW 000000006DB50000 #0006 #0011 0000
00bc:trace:module:LoadResource 000000006DB50000 000000006DBD9A40
00bc:trace:module:FindResourceExW 000000006DB50000 #0006 #0011 0000
00bc:trace:module:LoadResource 000000006DB50000 000000006DBD9A40
00bc:trace:module:FindResourceExW 000000006DB50000 #0006 #0011 0000
00bc:trace:module:LoadResource 000000006DB50000 000000006DBD9A40
00bc:trace:module:FindResourceExW 000000006DB50000 #0006 #0011 0000
00bc:trace:module:LoadResource 000000006DB50000 000000006DBD9A40
00bc:trace:module:FindResourceExW 000000006DB50000 #0006 #0012 0000
00bc:trace:module:LoadResource 000000006DB50000 000000006DBD9C00
00bc:trace:module:FindResourceExW 000000006DB50000 #0006 #0012 0000
00bc:trace:module:LoadResource 000000006DB50000 000000006DBD9C00
00bc:trace:module:FindResourceExW 000000006DB50000 #0006 #0012 0000
00bc:trace:module:LoadResource 000000006DB50000 000000006DBD9C00
00bc:trace:module:FindResourceExW 000000006DB50000 #0006 #0012 0000
00bc:trace:module:LoadResource 000000006DB50000 000000006DBD9C00
00bc:trace:module:FindResourceExW 000000006DB50000 #0006 #0012 0000
00bc:trace:module:LoadResource 000000006DB50000 000000006DBD9C00
00bc:trace:module:LdrGetDllFullName module 0000000000000000, name 000000000021D810.
00bc:trace:module:GetModuleFileNameW L"C:\\windows\\system32\\explorer.exe"
00bc:trace:module:MODULE_InitDLL (000000006DB50000,PROCESS_ATTACH,0000000000000000) - RETURN 1
00bc:trace:module:process_attach (L"winemac.drv",0000000000000000) - END
00bc:trace:module:FindResourceExW 000000023D820000 #000c #7f00 0000
00bc:trace:module:LoadResource 000000023D820000 000000023D93B4B0
00bc:trace:module:FindResourceExW 000000023D820000 #0001 #0003 0000
00bc:trace:module:LdrGetDllFullName module 000000023D820000, name 000000000021DFD0.
00bc:trace:module:LoadResource 000000023D820000 000000023D939880
00bc:trace:module:LdrGetDllHandleEx flags 0x1, load_path 0000000000000000, dll_characteristics 0000000000000000, name 000000000021D5C0, base 000000000021D5B8.
00bc:trace:module:LdrGetDllHandleEx L"ntdll.dll" -> 0000000170000000 (load path (null))
00bc:trace:module:LdrGetDllFullName module 000000023D820000, name 000000000021DC30.
00bc:trace:module:FindResourceExW 000000023D820000 #000c #7f00 0000
00bc:trace:module:LoadResource 000000023D820000 000000023D93B4B0
00bc:trace:module:FindResourceExW 000000023D820000 #0001 #0003 0000
00bc:trace:module:LdrGetDllFullName module 000000023D820000, name 000000000021DFD0.
00bc:trace:module:FindResourceExW 000000023D820000 #000c #7f00 0000
00bc:trace:module:LoadResource 000000023D820000 000000023D93B4B0
00bc:trace:module:FindResourceExW 000000023D820000 #0001 #0003 0000
00bc:trace:module:LdrGetDllFullName module 000000023D820000, name 000000000021DFD0.
00bc:trace:module:FindResourceExW 000000023D820000 #000c #7f00 0000
00bc:trace:module:LoadResource 000000023D820000 000000023D93B4B0
00bc:trace:module:FindResourceExW 000000023D820000 #0001 #0003 0000
00bc:trace:module:LdrGetDllFullName module 000000023D820000, name 000000000021DFD0.
00bc:trace:module:FindResourceExW 000000023D820000 #000c #7f01 0000
00bc:trace:module:LoadResource 000000023D820000 000000023D93B4C0
00bc:trace:module:FindResourceExW 000000023D820000 #0001 #0009 0000
00bc:trace:module:LdrGetDllFullName module 000000023D820000, name 000000000021DFD0.
00bc:trace:module:LoadResource 000000023D820000 000000023D9398E0
00bc:trace:module:LdrGetDllFullName module 000000023D820000, name 000000000021DC30.
00bc:trace:module:FindResourceExW 000000023D820000 #000c #7f00 0000
00bc:trace:module:LoadResource 000000023D820000 000000023D93B4B0
00bc:trace:module:FindResourceExW 000000023D820000 #0001 #0003 0000
00bc:trace:module:LdrGetDllFullName module 000000023D820000, name 000000000021DFD0.
00bc:trace:module:FindResourceExW 000000023D820000 #000c #7f00 0000
00bc:trace:module:LoadResource 000000023D820000 000000023D93B4B0
00bc:trace:module:FindResourceExW 000000023D820000 #0001 #0003 0000
00bc:trace:module:LdrGetDllFullName module 000000023D820000, name 000000000021DFD0.
00bc:trace:module:FindResourceExW 000000023D820000 #000c #7f00 0000
00bc:trace:module:LoadResource 000000023D820000 000000023D93B4B0
00bc:trace:module:FindResourceExW 000000023D820000 #0001 #0003 0000
00bc:trace:module:LdrGetDllFullName module 000000023D820000, name 000000000021DFD0.
00bc:trace:module:FindResourceExW 000000023D820000 #000c #7f00 0000
00bc:trace:module:LoadResource 000000023D820000 000000023D93B4B0
00bc:trace:module:FindResourceExW 000000023D820000 #0001 #0003 0000
00bc:trace:module:LdrGetDllFullName module 000000023D820000, name 000000000021DFD0.
00bc:trace:module:FindResourceExW 000000023D820000 #000c #7f00 0000
00bc:trace:module:LoadResource 000000023D820000 000000023D93B4B0
00bc:trace:module:FindResourceExW 000000023D820000 #0001 #0003 0000
00bc:trace:module:LdrGetDllFullName module 000000023D820000, name 000000000021DFD0.
00bc:trace:module:FindResourceExW 000000023D820000 #000c #7f00 0000
00bc:trace:module:LoadResource 000000023D820000 000000023D93B4B0
00bc:trace:module:FindResourceExW 000000023D820000 #0001 #0003 0000
00bc:trace:module:LdrGetDllFullName module 000000023D820000, name 000000000021DFD0.
00bc:trace:module:FindResourceExW 000000023D820000 #000c #7f00 0000
00bc:trace:module:LoadResource 000000023D820000 000000023D93B4B0
00bc:trace:module:FindResourceExW 000000023D820000 #0001 #0003 0000
00bc:trace:module:LdrGetDllFullName module 000000023D820000, name 000000000021DFD0.
00bc:trace:module:load_dll looking for L"uxtheme.dll" in L"C:\\windows\\system32;C:\\windows\\system32;C:\\windows\\system;C:\\windows;.;C:\\windows\\system32;C:\\windows;C:\\windows\\system32\\wbem;C:\\windows\\system32\\WindowsPowershell\\v1.0"
00bc:trace:module:get_load_order looking for L"C:\\windows\\system32\\uxtheme.dll"
00bc:trace:module:get_load_order got hardcoded default for L"uxtheme.dll"
00bc:trace:module:map_image_into_view mapping PE file L"\\??\\C:\\windows\\system32\\uxtheme.dll" at 0x2f7230000-0x2f726a000
00bc:trace:module:map_image_into_view mapping L"\\??\\C:\\windows\\system32\\uxtheme.dll" section .text at 0x2f7231000 off 1000 size 18000 virt 17390 flags 60000060
00bc:trace:module:map_image_into_view mapping L"\\??\\C:\\windows\\system32\\uxtheme.dll" section .data at 0x2f7249000 off 19000 size 1000 virt 110 flags c0000040
00bc:trace:module:map_image_into_view mapping L"\\??\\C:\\windows\\system32\\uxtheme.dll" section .rodata at 0x2f724a000 off 1a000 size 1000 virt 430 flags c0000040
00bc:trace:module:map_image_into_view mapping L"\\??\\C:\\windows\\system32\\uxtheme.dll" section .rdata at 0x2f724b000 off 1b000 size 16000 virt 15af0 flags 40000040
00bc:trace:module:map_image_into_view mapping L"\\??\\C:\\windows\\system32\\uxtheme.dll" section .pdata at 0x2f7261000 off 31000 size 1000 virt 84c flags 40000040
00bc:trace:module:map_image_into_view mapping L"\\??\\C:\\windows\\system32\\uxtheme.dll" section .xdata at 0x2f7262000 off 32000 size 1000 virt 958 flags 40000040
00bc:trace:module:map_image_into_view mapping L"\\??\\C:\\windows\\system32\\uxtheme.dll" section .bss at 0x2f7263000 off 0 size 0 virt 4a0 flags c0000080
00bc:trace:module:map_image_into_view mapping L"\\??\\C:\\windows\\system32\\uxtheme.dll" section .edata at 0x2f7264000 off 33000 size 2000 virt 1de0 flags 40000040
00bc:trace:module:map_image_into_view mapping L"\\??\\C:\\windows\\system32\\uxtheme.dll" section .idata at 0x2f7266000 off 35000 size 2000 virt 1474 flags c0000040
00bc:trace:module:map_image_into_view mapping L"\\??\\C:\\windows\\system32\\uxtheme.dll" section .rsrc at 0x2f7268000 off 37000 size 1000 virt 5f8 flags 40000040
00bc:trace:module:map_image_into_view mapping L"\\??\\C:\\windows\\system32\\uxtheme.dll" section .reloc at 0x2f7269000 off 38000 size 1000 virt c0 flags 42000040
00bc:trace:module:load_dll looking for L"advapi32.dll" in L"C:\\windows\\system32;C:\\windows\\system32;C:\\windows\\system;C:\\windows;.;C:\\windows\\system32;C:\\windows;C:\\windows\\system32\\wbem;C:\\windows\\system32\\WindowsPowershell\\v1.0"
00bc:trace:module:load_dll Found L"C:\\windows\\system32\\advapi32.dll" for L"advapi32.dll" at 0000000330260000, count=-1
00bc:trace:module:import_dll is not hybrid module
00bc:trace:module:load_dll looking for L"gdi32.dll" in L"C:\\windows\\system32;C:\\windows\\system32;C:\\windows\\system;C:\\windows;.;C:\\windows\\system32;C:\\windows;C:\\windows\\system32\\wbem;C:\\windows\\system32\\WindowsPowershell\\v1.0"
00bc:trace:module:load_dll Found L"C:\\windows\\system32\\gdi32.dll" for L"gdi32.dll" at 000000026B4C0000, count=-1
00bc:trace:module:import_dll is not hybrid module
00bc:trace:module:load_dll looking for L"kernel32.dll" in L"C:\\windows\\system32;C:\\windows\\system32;C:\\windows\\system;C:\\windows;.;C:\\windows\\system32;C:\\windows;C:\\windows\\system32\\wbem;C:\\windows\\system32\\WindowsPowershell\\v1.0"
00bc:trace:module:load_dll Found L"C:\\windows\\system32\\kernel32.dll" for L"kernel32.dll" at 000000007B600000, count=-1
00bc:trace:module:import_dll is not hybrid module
00bc:trace:module:load_dll looking for L"ntdll.dll" in L"C:\\windows\\system32;C:\\windows\\system32;C:\\windows\\system;C:\\windows;.;C:\\windows\\system32;C:\\windows;C:\\windows\\system32\\wbem;C:\\windows\\system32\\WindowsPowershell\\v1.0"
00bc:trace:module:load_dll Found L"C:\\windows\\system32\\ntdll.dll" for L"ntdll.dll" at 0000000170000000, count=-1
00bc:trace:module:import_dll is not hybrid module
00bc:trace:module:load_dll looking for L"ucrtbase.dll" in L"C:\\windows\\system32;C:\\windows\\system32;C:\\windows\\system;C:\\windows;.;C:\\windows\\system32;C:\\windows;C:\\windows\\system32\\wbem;C:\\windows\\system32\\WindowsPowershell\\v1.0"
00bc:trace:module:load_dll Found L"C:\\windows\\system32\\ucrtbase.dll" for L"ucrtbase.dll" at 00000003AF670000, count=-1
00bc:trace:module:import_dll is not hybrid module
00bc:trace:module:load_dll looking for L"user32.dll" in L"C:\\windows\\system32;C:\\windows\\system32;C:\\windows\\system;C:\\windows;.;C:\\windows\\system32;C:\\windows;C:\\windows\\system32\\wbem;C:\\windows\\system32\\WindowsPowershell\\v1.0"
00bc:trace:module:load_dll Found L"C:\\windows\\system32\\user32.dll" for L"user32.dll" at 000000023D820000, count=-1
00bc:trace:module:import_dll is not hybrid module
00bc:trace:module:build_module loaded L"\\??\\C:\\windows\\system32\\uxtheme.dll" 0000000000346FD0 00000002F7230000
00bc:trace:loaddll:build_module Loaded L"C:\\windows\\system32\\uxtheme.dll" at 00000002F7230000: builtin
00bc:trace:module:load_dll Loaded module L"\\??\\C:\\windows\\system32\\uxtheme.dll" at 00000002F7230000
00bc:trace:module:process_attach (L"uxtheme.dll",0000000000000000) - START
00bc:trace:module:MODULE_InitDLL (00000002F7230000 L"uxtheme.dll",PROCESS_ATTACH,0000000000000000) 00000002F72473B0 - CALL
00bc:trace:module:LdrGetDllHandleEx flags 0x1, load_path 0000000000000000, dll_characteristics 0000000000000000, name 000000000021DAF0, base 000000000021DAE8.
00bc:trace:module:LdrGetDllHandleEx L"ntdll.dll" -> 0000000170000000 (load path (null))
00bc:trace:module:LdrGetDllHandleEx flags 0x1, load_path 0000000000000000, dll_characteristics 0000000000000000, name 000000000021DB00, base 000000000021DAF8.
00bc:trace:module:LdrGetDllHandleEx L"ntdll.dll" -> 0000000170000000 (load path (null))
00bc:trace:module:LdrGetDllHandleEx flags 0, load_path 00000000003473A0, dll_characteristics 0000000000000000, name 000000000021DCC0, base 000000000021DC68.
00bc:trace:module:LdrGetDllHandleEx L"C:\\windows\\resources\\themes\\light\\light.msstyles" -> 0000000000000000 (load path L"C:\\windows\\system32;C:\\windows\\system32;C:\\windows\\system;C:\\windows;.;C:\\windows\\system32;C:\\windows;C:\\windows\\system32\\wbem;C:\\windows\\system32\\WindowsPowershell\\v1.0")
00bc:trace:module:FindResourceExW 0000000000E10001 L"PACKTHEM_VERSION" #0001 0000
00bc:trace:module:LoadResource 0000000000E10001 0000000000E15310
00bc:trace:module:FindResourceExW 0000000000E10001 L"COLORNAMES" #0001 0000
00bc:trace:module:LoadResource 0000000000E10001 0000000000E152F0
00bc:trace:module:FindResourceExW 0000000000E10001 L"SIZENAMES" #0001 0000
00bc:trace:module:LoadResource 0000000000E10001 0000000000E15320
00bc:trace:module:FindResourceExW 0000000000E10001 L"FILERESNAMES" #0001 0000
00bc:trace:module:LoadResource 0000000000E10001 0000000000E15300
00bc:trace:module:FindResourceExW 0000000000E10001 L"TEXTFILE" L"BLUE_INI" 0000
00bc:trace:module:LoadResource 0000000000E10001 0000000000E15330
00bc:trace:module:MODULE_InitDLL (00000002F7230000,PROCESS_ATTACH,0000000000000000) - RETURN 1
00bc:trace:module:process_attach (L"uxtheme.dll",0000000000000000) - END
00bc:trace:module:LdrGetDllHandleEx flags 0x1, load_path 0000000000000000, dll_characteristics 0000000000000000, name 000000000021E120, base 000000000021E118.
00bc:trace:module:LdrGetDllHandleEx L"ntdll.dll" -> 0000000170000000 (load path (null))
00c4:trace:module:MODULE_InitDLL (00000001C8DB0000 L"msvcrt.dll",THREAD_ATTACH,0000000000000000) 00000001C8E3E9D0 - CALL
00c4:trace:module:MODULE_InitDLL (00000001C8DB0000,THREAD_ATTACH,0000000000000000) - RETURN 1
00c4:trace:module:MODULE_InitDLL (00000003AF670000 L"ucrtbase.dll",THREAD_ATTACH,0000000000000000) 00000003AF71AC10 - CALL
00c4:trace:module:MODULE_InitDLL (00000003AF670000,THREAD_ATTACH,0000000000000000) - RETURN 1
00c4:trace:module:MODULE_InitDLL (000000023D820000 L"user32.dll",THREAD_ATTACH,0000000000000000) 000000023D8F6990 - CALL
00c4:trace:module:MODULE_InitDLL (000000023D820000,THREAD_ATTACH,0000000000000000) - RETURN 1
00c4:trace:module:MODULE_InitDLL (00000003AFD00000 L"imm32.dll",THREAD_ATTACH,0000000000000000) 00000003AFD0CE20 - CALL
00c4:trace:module:MODULE_InitDLL (00000003AFD00000,THREAD_ATTACH,0000000000000000) - RETURN 1
00c4:trace:module:MODULE_InitDLL (0000000231AE0000 L"rpcrt4.dll",THREAD_ATTACH,0000000000000000) 0000000231B334D0 - CALL
00c4:trace:module:MODULE_InitDLL (0000000231AE0000,THREAD_ATTACH,0000000000000000) - RETURN 1
00bc:trace:module:FindResourceExW 000000023D820000 #000e #7f05 0000
00bc:trace:module:LoadResource 000000023D820000 000000023D93B6C0
00c4:trace:module:EnumResourceNamesExW 0000000000000000 #000e 000000006DB69FF0 174e9b0
00bc:trace:module:FindResourceExW 000000023D820000 #0003 #003b 0000
00bc:trace:module:LdrGetDllFullName module 000000023D820000, name 000000000021E8F0.
00bc:trace:module:LoadResource 000000023D820000 000000023D93A520
00bc:trace:module:LdrGetDllFullName module 000000023D820000, name 000000000021E550.
00bc:trace:module:LdrResolveDelayLoadedAPI (000000023D820000, 000000023D8F7B60, 0000000000000000, 000000007B60C510, 000000023D933488, 0x00000000)
00bc:trace:module:load_dll looking for L"imm32.dll" in (null)
00bc:trace:module:load_dll Found L"C:\\windows\\system32\\imm32.dll" for L"imm32.dll" at 00000003AFD00000, count=2
00bc:trace:module:FindResourceExW 000000023D820000 #000e #7f05 0000
00bc:trace:module:LoadResource 000000023D820000 000000023D93B6C0
00bc:trace:module:FindResourceExW 000000023D820000 #0003 #003b 0000
00bc:trace:module:LdrGetDllFullName module 000000023D820000, name 000000000021E820.
00bc:trace:module:FindResourceExW 000000023D820000 #000c #7f00 0000
00bc:trace:module:LoadResource 000000023D820000 000000023D93B4B0
00bc:trace:module:FindResourceExW 000000023D820000 #0001 #0003 0000
00bc:trace:module:LdrGetDllFullName module 000000023D820000, name 000000000021E820.
00bc:trace:module:LdrGetDllHandleEx flags 0x1, load_path 0000000000000000, dll_characteristics 0000000000000000, name 000000000021E240, base 000000000021E238.
00bc:trace:module:LdrGetDllHandleEx L"C:\\windows\\system32\\user32.dll" -> 000000023D820000 (load path (null))
00bc:trace:module:FindResourceExW 000000023D820000 #000e #7f05 0000
00bc:trace:module:LoadResource 000000023D820000 000000023D93B6C0
00bc:trace:module:FindResourceExW 000000023D820000 #0003 #003c 0000
00bc:trace:module:LoadResource 000000023D820000 000000023D93A530
00bc:trace:module:LdrGetDllFullName module 000000023D820000, name 000000000021DC40.
00bc:trace:module:LdrGetDllFullName module 0000000000000000, name 000000000021E6B0.
00bc:trace:module:GetModuleFileNameW L"C:\\windows\\system32\\explorer.exe"
00bc:trace:module:LdrGetDllHandleEx flags 0, load_path 000000000037BB90, dll_characteristics 0000000000000000, name 000000000021E650, base 000000000021E5F8.
00bc:trace:module:LdrAddRefDll (L"explorer.exe") ldr.LoadCount: -1
00bc:trace:module:LdrGetDllHandleEx L"C:\\windows\\system32\\explorer.exe" -> 0000000140000000 (load path L"C:\\windows\\system32;C:\\windows\\system32;C:\\windows\\system;C:\\windows;.;C:\\windows\\system32;C:\\windows;C:\\windows\\system32\\wbem;C:\\windows\\system32\\WindowsPowershell\\v1.0")
00bc:trace:module:FindResourceExW 0000000140000000 #0010 #0001 0000
00bc:trace:module:LdrUnloadDll (0000000140000000)
00bc:trace:module:LdrUnloadDll (L"explorer.exe") - START
00bc:trace:module:LdrUnloadDll END
00bc:trace:module:LdrGetDllHandleEx flags 0, load_path 000000000037C280, dll_characteristics 0000000000000000, name 000000000021E620, base 000000000021E5C8.
00bc:trace:module:LdrAddRefDll (L"explorer.exe") ldr.LoadCount: -1
00bc:trace:module:LdrGetDllHandleEx L"C:\\windows\\system32\\explorer.exe" -> 0000000140000000 (load path L"C:\\windows\\system32;C:\\windows\\system32;C:\\windows\\system;C:\\windows;.;C:\\windows\\system32;C:\\windows;C:\\windows\\system32\\wbem;C:\\windows\\system32\\WindowsPowershell\\v1.0")
00bc:trace:module:FindResourceExW 0000000140000000 #0010 #0001 0000
00bc:trace:module:LoadResource 0000000140000000 000000014001F3C8
00bc:trace:module:LdrUnloadDll (0000000140000000)
00bc:trace:module:LdrUnloadDll (L"explorer.exe") - START
00bc:trace:module:LdrUnloadDll END
00bc:trace:module:FindResourceExW 0000000000000000 #0006 #0001 0000
00bc:trace:module:LoadResource 0000000000000000 000000014001F368
00bc:trace:module:load_dll looking for L"shell32.dll" in L"C:\\windows\\system32;C:\\windows\\system32;C:\\windows\\system;C:\\windows;.;C:\\windows\\system32;C:\\windows;C:\\windows\\system32\\wbem;C:\\windows\\system32\\WindowsPowershell\\v1.0"
00bc:trace:module:get_load_order looking for L"C:\\windows\\system32\\shell32.dll"
00bc:trace:module:get_load_order got hardcoded default for L"shell32.dll"
00bc:trace:module:map_image_into_view mapping PE file L"\\??\\C:\\windows\\system32\\SHELL32.dll" at 0x1c69e0000-0x1c732b000
00bc:trace:module:map_image_into_view mapping L"\\??\\C:\\windows\\system32\\SHELL32.dll" section .text at 0x1c69e1000 off 1000 size b4000 virt b32f0 flags 60000060
00bc:trace:module:map_image_into_view mapping L"\\??\\C:\\windows\\system32\\SHELL32.dll" section .data at 0x1c6a95000 off b5000 size 2000 virt 13e0 flags c0000040
00bc:trace:module:map_image_into_view mapping L"\\??\\C:\\windows\\system32\\SHELL32.dll" section .rodata at 0x1c6a97000 off b7000 size 2000 virt 18ec flags c0000040
00bc:trace:module:map_image_into_view mapping L"\\??\\C:\\windows\\system32\\SHELL32.dll" section .rdata at 0x1c6a99000 off b9000 size 2a000 virt 29cf0 flags 40000040
00bc:trace:module:map_image_into_view mapping L"\\??\\C:\\windows\\system32\\SHELL32.dll" section .pdata at 0x1c6ac3000 off e3000 size 6000 virt 57fc flags 40000040
00bc:trace:module:map_image_into_view mapping L"\\??\\C:\\windows\\system32\\SHELL32.dll" section .xdata at 0x1c6ac9000 off e9000 size 7000 virt 6178 flags 40000040
00bc:trace:module:map_image_into_view mapping L"\\??\\C:\\windows\\system32\\SHELL32.dll" section .bss at 0x1c6ad0000 off 0 size 0 virt 570 flags c0000080
00bc:trace:module:map_image_into_view mapping L"\\??\\C:\\windows\\system32\\SHELL32.dll" section .edata at 0x1c6ad1000 off f0000 size 15000 virt 14070 flags 40000040
00bc:trace:module:map_image_into_view mapping L"\\??\\C:\\windows\\system32\\SHELL32.dll" section .idata at 0x1c6ae6000 off 105000 size 5000 virt 4aa0 flags c0000040
00bc:trace:module:map_image_into_view mapping L"\\??\\C:\\windows\\system32\\SHELL32.dll" section .rsrc at 0x1c6aeb000 off 10a000 size 83e000 virt 83d918 flags 40000040
00bc:trace:module:map_image_into_view mapping L"\\??\\C:\\windows\\system32\\SHELL32.dll" section .reloc at 0x1c7329000 off 948000 size 2000 virt 12a4 flags 42000040
00bc:trace:module:load_dll looking for L"advapi32.dll" in L"C:\\windows\\system32;C:\\windows\\system32;C:\\windows\\system;C:\\windows;.;C:\\windows\\system32;C:\\windows;C:\\windows\\system32\\wbem;C:\\windows\\system32\\WindowsPowershell\\v1.0"
00bc:trace:module:load_dll Found L"C:\\windows\\system32\\advapi32.dll" for L"advapi32.dll" at 0000000330260000, count=-1
00bc:trace:module:import_dll is not hybrid module
00bc:trace:module:load_dll looking for L"gdi32.dll" in L"C:\\windows\\system32;C:\\windows\\system32;C:\\windows\\system;C:\\windows;.;C:\\windows\\system32;C:\\windows;C:\\windows\\system32\\wbem;C:\\windows\\system32\\WindowsPowershell\\v1.0"
00bc:trace:module:load_dll Found L"C:\\windows\\system32\\gdi32.dll" for L"gdi32.dll" at 000000026B4C0000, count=-1
00bc:trace:module:import_dll is not hybrid module
00bc:trace:module:load_dll looking for L"kernel32.dll" in L"C:\\windows\\system32;C:\\windows\\system32;C:\\windows\\system;C:\\windows;.;C:\\windows\\system32;C:\\windows;C:\\windows\\system32\\wbem;C:\\windows\\system32\\WindowsPowershell\\v1.0"
00bc:trace:module:load_dll Found L"C:\\windows\\system32\\kernel32.dll" for L"kernel32.dll" at 000000007B600000, count=-1
00bc:trace:module:import_dll is not hybrid module
00bc:trace:module:load_dll looking for L"ntdll.dll" in L"C:\\windows\\system32;C:\\windows\\system32;C:\\windows\\system;C:\\windows;.;C:\\windows\\system32;C:\\windows;C:\\windows\\system32\\wbem;C:\\windows\\system32\\WindowsPowershell\\v1.0"
00bc:trace:module:load_dll Found L"C:\\windows\\system32\\ntdll.dll" for L"ntdll.dll" at 0000000170000000, count=-1
00bc:trace:module:import_dll is not hybrid module
00bc:trace:module:load_dll looking for L"shlwapi.dll" in L"C:\\windows\\system32;C:\\windows\\system32;C:\\windows\\system;C:\\windows;.;C:\\windows\\system32;C:\\windows;C:\\windows\\system32\\wbem;C:\\windows\\system32\\WindowsPowershell\\v1.0"
00bc:trace:module:get_load_order looking for L"C:\\windows\\system32\\shlwapi.dll"
00bc:trace:module:get_load_order got hardcoded default for L"shlwapi.dll"
00bc:trace:module:map_image_into_view mapping PE file L"\\??\\C:\\windows\\system32\\SHLWAPI.dll" at 0x2e3540000-0x2e359a000
00bc:trace:module:map_image_into_view mapping L"\\??\\C:\\windows\\system32\\SHLWAPI.dll" section .text at 0x2e3541000 off 1000 size 27000 virt 26130 flags 60000060
00bc:trace:module:map_image_into_view mapping L"\\??\\C:\\windows\\system32\\SHLWAPI.dll" section .data at 0x2e3568000 off 28000 size 1000 virt 210 flags c0000040
00bc:trace:module:map_image_into_view mapping L"\\??\\C:\\windows\\system32\\SHLWAPI.dll" section .rodata at 0x2e3569000 off 29000 size 2000 virt 18fc flags c0000040
00bc:trace:module:map_image_into_view mapping L"\\??\\C:\\windows\\system32\\SHLWAPI.dll" section .rdata at 0x2e356b000 off 2b000 size b000 virt a550 flags 40000040
00bc:trace:module:map_image_into_view mapping L"\\??\\C:\\windows\\system32\\SHLWAPI.dll" section .pdata at 0x2e3576000 off 36000 size 2000 virt 1188 flags 40000040
00bc:trace:module:map_image_into_view mapping L"\\??\\C:\\windows\\system32\\SHLWAPI.dll" section .xdata at 0x2e3578000 off 38000 size 2000 virt 14c0 flags 40000040
00bc:trace:module:map_image_into_view mapping L"\\??\\C:\\windows\\system32\\SHLWAPI.dll" section .bss at 0x2e357a000 off 0 size 0 virt 1c0 flags c0000080
00bc:trace:module:map_image_into_view mapping L"\\??\\C:\\windows\\system32\\SHLWAPI.dll" section .edata at 0x2e357b000 off 3a000 size 14000 virt 13ab5 flags 40000040
00bc:trace:module:map_image_into_view mapping L"\\??\\C:\\windows\\system32\\SHLWAPI.dll" section .idata at 0x2e358f000 off 4e000 size 5000 virt 4414 flags c0000040
00bc:trace:module:map_image_into_view mapping L"\\??\\C:\\windows\\system32\\SHLWAPI.dll" section .rsrc at 0x2e3594000 off 53000 size 5000 virt 4ed0 flags 40000040
00bc:trace:module:map_image_into_view mapping L"\\??\\C:\\windows\\system32\\SHLWAPI.dll" section .reloc at 0x2e3599000 off 58000 size 1000 virt d8 flags 42000040
00bc:trace:module:load_dll looking for L"advapi32.dll" in L"C:\\windows\\system32;C:\\windows\\system32;C:\\windows\\system;C:\\windows;.;C:\\windows\\system32;C:\\windows;C:\\windows\\system32\\wbem;C:\\windows\\system32\\WindowsPowershell\\v1.0"
00bc:trace:module:load_dll Found L"C:\\windows\\system32\\advapi32.dll" for L"advapi32.dll" at 0000000330260000, count=-1
00bc:trace:module:import_dll is not hybrid module
00bc:trace:module:load_dll looking for L"gdi32.dll" in L"C:\\windows\\system32;C:\\windows\\system32;C:\\windows\\system;C:\\windows;.;C:\\windows\\system32;C:\\windows;C:\\windows\\system32\\wbem;C:\\windows\\system32\\WindowsPowershell\\v1.0"
00bc:trace:module:load_dll Found L"C:\\windows\\system32\\gdi32.dll" for L"gdi32.dll" at 000000026B4C0000, count=-1
00bc:trace:module:import_dll is not hybrid module
00bc:trace:module:load_dll looking for L"kernel32.dll" in L"C:\\windows\\system32;C:\\windows\\system32;C:\\windows\\system;C:\\windows;.;C:\\windows\\system32;C:\\windows;C:\\windows\\system32\\wbem;C:\\windows\\system32\\WindowsPowershell\\v1.0"
00bc:trace:module:load_dll Found L"C:\\windows\\system32\\kernel32.dll" for L"kernel32.dll" at 000000007B600000, count=-1
00bc:trace:module:import_dll is not hybrid module
00bc:trace:module:load_dll looking for L"kernelbase.dll" in L"C:\\windows\\system32;C:\\windows\\system32;C:\\windows\\system;C:\\windows;.;C:\\windows\\system32;C:\\windows;C:\\windows\\system32\\wbem;C:\\windows\\system32\\WindowsPowershell\\v1.0"
00bc:trace:module:load_dll Found L"C:\\windows\\system32\\kernelbase.dll" for L"kernelbase.dll" at 000000007B000000, count=-1
00bc:trace:module:import_dll is not hybrid module
00bc:trace:module:load_dll looking for L"ntdll.dll" in L"C:\\windows\\system32;C:\\windows\\system32;C:\\windows\\system;C:\\windows;.;C:\\windows\\system32;C:\\windows;C:\\windows\\system32\\wbem;C:\\windows\\system32\\WindowsPowershell\\v1.0"
00bc:trace:module:load_dll Found L"C:\\windows\\system32\\ntdll.dll" for L"ntdll.dll" at 0000000170000000, count=-1
00bc:trace:module:import_dll is not hybrid module
00bc:trace:module:load_dll looking for L"shcore.dll" in L"C:\\windows\\system32;C:\\windows\\system32;C:\\windows\\system;C:\\windows;.;C:\\windows\\system32;C:\\windows;C:\\windows\\system32\\wbem;C:\\windows\\system32\\WindowsPowershell\\v1.0"
00bc:trace:module:get_load_order looking for L"C:\\windows\\system32\\shcore.dll"
00bc:trace:module:get_load_order got hardcoded default for L"shcore.dll"
00bc:trace:module:map_image_into_view mapping PE file L"\\??\\C:\\windows\\system32\\shcore.dll" at 0x3126f0000-0x31270b000
00bc:trace:module:map_image_into_view mapping L"\\??\\C:\\windows\\system32\\shcore.dll" section .text at 0x3126f1000 off 1000 size b000 virt a310 flags 60000020
00bc:trace:module:map_image_into_view mapping L"\\??\\C:\\windows\\system32\\shcore.dll" section .data at 0x3126fc000 off c000 size 1000 virt b0 flags c0000040
00bc:trace:module:map_image_into_view mapping L"\\??\\C:\\windows\\system32\\shcore.dll" section .rodata at 0x3126fd000 off d000 size 1000 virt fb4 flags c0000040
00bc:trace:module:map_image_into_view mapping L"\\??\\C:\\windows\\system32\\shcore.dll" section .rdata at 0x3126fe000 off e000 size 3000 virt 2360 flags 40000040
00bc:trace:module:map_image_into_view mapping L"\\??\\C:\\windows\\system32\\shcore.dll" section .pdata at 0x312701000 off 11000 size 1000 virt 570 flags 40000040
00bc:trace:module:map_image_into_view mapping L"\\??\\C:\\windows\\system32\\shcore.dll" section .xdata at 0x312702000 off 12000 size 1000 virt 654 flags 40000040
00bc:trace:module:map_image_into_view mapping L"\\??\\C:\\windows\\system32\\shcore.dll" section .bss at 0x312703000 off 0 size 0 virt 160 flags c0000080
00bc:trace:module:map_image_into_view mapping L"\\??\\C:\\windows\\system32\\shcore.dll" section .edata at 0x312704000 off 13000 size 5000 virt 480e flags 40000040
00bc:trace:module:map_image_into_view mapping L"\\??\\C:\\windows\\system32\\shcore.dll" section .idata at 0x312709000 off 18000 size 1000 virt c5c flags c0000040
00bc:trace:module:map_image_into_view mapping L"\\??\\C:\\windows\\system32\\shcore.dll" section .reloc at 0x31270a000 off 19000 size 1000 virt a8 flags 42000040
00bc:trace:module:load_dll looking for L"advapi32.dll" in L"C:\\windows\\system32;C:\\windows\\system32;C:\\windows\\system;C:\\windows;.;C:\\windows\\system32;C:\\windows;C:\\windows\\system32\\wbem;C:\\windows\\system32\\WindowsPowershell\\v1.0"
00bc:trace:module:load_dll Found L"C:\\windows\\system32\\advapi32.dll" for L"advapi32.dll" at 0000000330260000, count=-1
00bc:trace:module:import_dll is not hybrid module
00bc:trace:module:load_dll looking for L"kernel32.dll" in L"C:\\windows\\system32;C:\\windows\\system32;C:\\windows\\system;C:\\windows;.;C:\\windows\\system32;C:\\windows;C:\\windows\\system32\\wbem;C:\\windows\\system32\\WindowsPowershell\\v1.0"
00bc:trace:module:load_dll Found L"C:\\windows\\system32\\kernel32.dll" for L"kernel32.dll" at 000000007B600000, count=-1
00bc:trace:module:import_dll is not hybrid module
00bc:trace:module:load_dll looking for L"ntdll.dll" in L"C:\\windows\\system32;C:\\windows\\system32;C:\\windows\\system;C:\\windows;.;C:\\windows\\system32;C:\\windows;C:\\windows\\system32\\wbem;C:\\windows\\system32\\WindowsPowershell\\v1.0"
00bc:trace:module:load_dll Found L"C:\\windows\\system32\\ntdll.dll" for L"ntdll.dll" at 0000000170000000, count=-1
00bc:trace:module:import_dll is not hybrid module
00bc:trace:module:load_dll looking for L"ole32.dll" in L"C:\\windows\\system32;C:\\windows\\system32;C:\\windows\\system;C:\\windows;.;C:\\windows\\system32;C:\\windows;C:\\windows\\system32\\wbem;C:\\windows\\system32\\WindowsPowershell\\v1.0"
00bc:trace:module:get_load_order looking for L"C:\\windows\\system32\\ole32.dll"
00bc:trace:module:get_load_order got hardcoded default for L"ole32.dll"
00bc:trace:module:map_image_into_view mapping PE file L"\\??\\C:\\windows\\system32\\ole32.dll" at 0x2e8f10000-0x2e9039000
00bc:trace:module:map_image_into_view mapping L"\\??\\C:\\windows\\system32\\ole32.dll" section .text at 0x2e8f11000 off 1000 size b6000 virt b5ab0 flags 60000060
00bc:trace:module:map_image_into_view mapping L"\\??\\C:\\windows\\system32\\ole32.dll" section .data at 0x2e8fc7000 off b7000 size 1000 virt 480 flags c0000040
00bc:trace:module:map_image_into_view mapping L"\\??\\C:\\windows\\system32\\ole32.dll" section .rodata at 0x2e8fc8000 off b8000 size 1000 virt 778 flags c0000040
00bc:trace:module:map_image_into_view mapping L"\\??\\C:\\windows\\system32\\ole32.dll" section .rdata at 0x2e8fc9000 off b9000 size 1e000 virt 1db90 flags 40000040
00bc:trace:module:map_image_into_view mapping L"\\??\\C:\\windows\\system32\\ole32.dll" section .pdata at 0x2e8fe7000 off d7000 size 7000 virt 699c flags 40000040
00bc:trace:module:map_image_into_view mapping L"\\??\\C:\\windows\\system32\\ole32.dll" section .xdata at 0x2e8fee000 off de000 size 7000 virt 680c flags 40000040
00bc:trace:module:map_image_into_view mapping L"\\??\\C:\\windows\\system32\\ole32.dll" section .bss at 0x2e8ff5000 off 0 size 0 virt 210 flags c0000080
00bc:trace:module:map_image_into_view mapping L"\\??\\C:\\windows\\system32\\ole32.dll" section .edata at 0x2e8ff6000 off e5000 size 18000 virt 17412 flags 40000040
00bc:trace:module:map_image_into_view mapping L"\\??\\C:\\windows\\system32\\ole32.dll" section .idata at 0x2e900e000 off fd000 size 4000 virt 367c flags c0000040
00bc:trace:module:map_image_into_view mapping L"\\??\\C:\\windows\\system32\\ole32.dll" section .rsrc at 0x2e9012000 off 101000 size 25000 virt 24bc0 flags 40000040
00bc:trace:module:map_image_into_view mapping L"\\??\\C:\\windows\\system32\\ole32.dll" section .reloc at 0x2e9037000 off 126000 size 2000 virt 181c flags 42000040
00bc:trace:module:load_dll looking for L"advapi32.dll" in L"C:\\windows\\system32;C:\\windows\\system32;C:\\windows\\system;C:\\windows;.;C:\\windows\\system32;C:\\windows;C:\\windows\\system32\\wbem;C:\\windows\\system32\\WindowsPowershell\\v1.0"
00bc:trace:module:load_dll Found L"C:\\windows\\system32\\advapi32.dll" for L"advapi32.dll" at 0000000330260000, count=-1
00bc:trace:module:import_dll is not hybrid module
00bc:trace:module:load_dll looking for L"combase.dll" in L"C:\\windows\\system32;C:\\windows\\system32;C:\\windows\\system;C:\\windows;.;C:\\windows\\system32;C:\\windows;C:\\windows\\system32\\wbem;C:\\windows\\system32\\WindowsPowershell\\v1.0"
00bc:trace:module:get_load_order looking for L"C:\\windows\\system32\\combase.dll"
00bc:trace:module:get_load_order got hardcoded default for L"combase.dll"
00bc:trace:module:map_image_into_view mapping PE file L"\\??\\C:\\windows\\system32\\combase.dll" at 0x327020000-0x327079000
00bc:trace:module:map_image_into_view mapping L"\\??\\C:\\windows\\system32\\combase.dll" section .text at 0x327021000 off 1000 size 2c000 virt 2bef0 flags 60000060
00bc:trace:module:map_image_into_view mapping L"\\??\\C:\\windows\\system32\\combase.dll" section .data at 0x32704d000 off 2d000 size 1000 virt 580 flags c0000040
00bc:trace:module:map_image_into_view mapping L"\\??\\C:\\windows\\system32\\combase.dll" section .rodata at 0x32704e000 off 2e000 size 2000 virt 16c0 flags c0000040
00bc:trace:module:map_image_into_view mapping L"\\??\\C:\\windows\\system32\\combase.dll" section .rdata at 0x327050000 off 30000 size e000 virt d2d0 flags 40000040
00bc:trace:module:map_image_into_view mapping L"\\??\\C:\\windows\\system32\\combase.dll" section .pdata at 0x32705e000 off 3e000 size 2000 virt 1710 flags 40000040
00bc:trace:module:map_image_into_view mapping L"\\??\\C:\\windows\\system32\\combase.dll" section .xdata at 0x327060000 off 40000 size 2000 virt 1910 flags 40000040
00bc:trace:module:map_image_into_view mapping L"\\??\\C:\\windows\\system32\\combase.dll" section .bss at 0x327062000 off 0 size 0 virt 1a0 flags c0000080
00bc:trace:module:map_image_into_view mapping L"\\??\\C:\\windows\\system32\\combase.dll" section .edata at 0x327063000 off 42000 size 13000 virt 12d6e flags 40000040
00bc:trace:module:map_image_into_view mapping L"\\??\\C:\\windows\\system32\\combase.dll" section .idata at 0x327076000 off 55000 size 2000 virt 17e8 flags c0000040
00bc:trace:module:map_image_into_view mapping L"\\??\\C:\\windows\\system32\\combase.dll" section .reloc at 0x327078000 off 57000 size 1000 virt 250 flags 42000040
00bc:trace:module:load_dll looking for L"advapi32.dll" in L"C:\\windows\\system32;C:\\windows\\system32;C:\\windows\\system;C:\\windows;.;C:\\windows\\system32;C:\\windows;C:\\windows\\system32\\wbem;C:\\windows\\system32\\WindowsPowershell\\v1.0"
00bc:trace:module:load_dll Found L"C:\\windows\\system32\\advapi32.dll" for L"advapi32.dll" at 0000000330260000, count=-1
00bc:trace:module:import_dll is not hybrid module
00bc:trace:module:load_dll looking for L"gdi32.dll" in L"C:\\windows\\system32;C:\\windows\\system32;C:\\windows\\system;C:\\windows;.;C:\\windows\\system32;C:\\windows;C:\\windows\\system32\\wbem;C:\\windows\\system32\\WindowsPowershell\\v1.0"
00bc:trace:module:load_dll Found L"C:\\windows\\system32\\gdi32.dll" for L"gdi32.dll" at 000000026B4C0000, count=-1
00bc:trace:module:import_dll is not hybrid module
00bc:trace:module:load_dll looking for L"kernel32.dll" in L"C:\\windows\\system32;C:\\windows\\system32;C:\\windows\\system;C:\\windows;.;C:\\windows\\system32;C:\\windows;C:\\windows\\system32\\wbem;C:\\windows\\system32\\WindowsPowershell\\v1.0"
00bc:trace:module:load_dll Found L"C:\\windows\\system32\\kernel32.dll" for L"kernel32.dll" at 000000007B600000, count=-1
00bc:trace:module:import_dll is not hybrid module
00bc:trace:module:load_dll looking for L"ntdll.dll" in L"C:\\windows\\system32;C:\\windows\\system32;C:\\windows\\system;C:\\windows;.;C:\\windows\\system32;C:\\windows;C:\\windows\\system32\\wbem;C:\\windows\\system32\\WindowsPowershell\\v1.0"
00bc:trace:module:load_dll Found L"C:\\windows\\system32\\ntdll.dll" for L"ntdll.dll" at 0000000170000000, count=-1
00bc:trace:module:import_dll is not hybrid module
00bc:trace:module:load_dll looking for L"ole32.dll" in L"C:\\windows\\system32;C:\\windows\\system32;C:\\windows\\system;C:\\windows;.;C:\\windows\\system32;C:\\windows;C:\\windows\\system32\\wbem;C:\\windows\\system32\\WindowsPowershell\\v1.0"
00bc:trace:module:load_dll Found L"C:\\windows\\system32\\ole32.dll" for L"ole32.dll" at 00000002E8F10000, count=2
00bc:trace:module:import_dll is not hybrid module
00bc:trace:module:load_dll looking for L"rpcrt4.dll" in L"C:\\windows\\system32;C:\\windows\\system32;C:\\windows\\system;C:\\windows;.;C:\\windows\\system32;C:\\windows;C:\\windows\\system32\\wbem;C:\\windows\\system32\\WindowsPowershell\\v1.0"
00bc:trace:module:load_dll Found L"C:\\windows\\system32\\rpcrt4.dll" for L"rpcrt4.dll" at 0000000231AE0000, count=-1
00bc:trace:module:import_dll is not hybrid module
00bc:trace:module:load_dll looking for L"ucrtbase.dll" in L"C:\\windows\\system32;C:\\windows\\system32;C:\\windows\\system;C:\\windows;.;C:\\windows\\system32;C:\\windows;C:\\windows\\system32\\wbem;C:\\windows\\system32\\WindowsPowershell\\v1.0"
00bc:trace:module:load_dll Found L"C:\\windows\\system32\\ucrtbase.dll" for L"ucrtbase.dll" at 00000003AF670000, count=-1
00bc:trace:module:import_dll is not hybrid module
00bc:trace:module:load_dll looking for L"user32.dll" in L"C:\\windows\\system32;C:\\windows\\system32;C:\\windows\\system;C:\\windows;.;C:\\windows\\system32;C:\\windows;C:\\windows\\system32\\wbem;C:\\windows\\system32\\WindowsPowershell\\v1.0"
00bc:trace:module:load_dll Found L"C:\\windows\\system32\\user32.dll" for L"user32.dll" at 000000023D820000, count=-1
00bc:trace:module:import_dll is not hybrid module
00bc:trace:module:build_module loaded L"\\??\\C:\\windows\\system32\\combase.dll" 000000000037CBA0 0000000327020000
00bc:trace:loaddll:build_module Loaded L"C:\\windows\\system32\\combase.dll" at 0000000327020000: builtin
00bc:trace:module:load_dll Loaded module L"\\??\\C:\\windows\\system32\\combase.dll" at 0000000327020000
00bc:trace:module:import_dll is not hybrid module
00bc:trace:module:load_dll looking for L"gdi32.dll" in L"C:\\windows\\system32;C:\\windows\\system32;C:\\windows\\system;C:\\windows;.;C:\\windows\\system32;C:\\windows;C:\\windows\\system32\\wbem;C:\\windows\\system32\\WindowsPowershell\\v1.0"
00bc:trace:module:load_dll Found L"C:\\windows\\system32\\gdi32.dll" for L"gdi32.dll" at 000000026B4C0000, count=-1
00bc:trace:module:import_dll is not hybrid module
00bc:trace:module:load_dll looking for L"kernel32.dll" in L"C:\\windows\\system32;C:\\windows\\system32;C:\\windows\\system;C:\\windows;.;C:\\windows\\system32;C:\\windows;C:\\windows\\system32\\wbem;C:\\windows\\system32\\WindowsPowershell\\v1.0"
00bc:trace:module:load_dll Found L"C:\\windows\\system32\\kernel32.dll" for L"kernel32.dll" at 000000007B600000, count=-1
00bc:trace:module:import_dll is not hybrid module
00bc:trace:module:load_dll looking for L"kernelbase.dll" in L"C:\\windows\\system32;C:\\windows\\system32;C:\\windows\\system;C:\\windows;.;C:\\windows\\system32;C:\\windows;C:\\windows\\system32\\wbem;C:\\windows\\system32\\WindowsPowershell\\v1.0"
00bc:trace:module:load_dll Found L"C:\\windows\\system32\\kernelbase.dll" for L"kernelbase.dll" at 000000007B000000, count=-1
00bc:trace:module:import_dll is not hybrid module
00bc:trace:module:load_dll looking for L"ntdll.dll" in L"C:\\windows\\system32;C:\\windows\\system32;C:\\windows\\system;C:\\windows;.;C:\\windows\\system32;C:\\windows;C:\\windows\\system32\\wbem;C:\\windows\\system32\\WindowsPowershell\\v1.0"
00bc:trace:module:load_dll Found L"C:\\windows\\system32\\ntdll.dll" for L"ntdll.dll" at 0000000170000000, count=-1
00bc:trace:module:import_dll is not hybrid module
00bc:trace:module:load_dll looking for L"rpcrt4.dll" in L"C:\\windows\\system32;C:\\windows\\system32;C:\\windows\\system;C:\\windows;.;C:\\windows\\system32;C:\\windows;C:\\windows\\system32\\wbem;C:\\windows\\system32\\WindowsPowershell\\v1.0"
00bc:trace:module:load_dll Found L"C:\\windows\\system32\\rpcrt4.dll" for L"rpcrt4.dll" at 0000000231AE0000, count=-1
00bc:trace:module:import_dll is not hybrid module
00bc:trace:module:load_dll looking for L"ucrtbase.dll" in L"C:\\windows\\system32;C:\\windows\\system32;C:\\windows\\system;C:\\windows;.;C:\\windows\\system32;C:\\windows;C:\\windows\\system32\\wbem;C:\\windows\\system32\\WindowsPowershell\\v1.0"
00bc:trace:module:load_dll Found L"C:\\windows\\system32\\ucrtbase.dll" for L"ucrtbase.dll" at 00000003AF670000, count=-1
00bc:trace:module:import_dll is not hybrid module
00bc:trace:module:load_dll looking for L"user32.dll" in L"C:\\windows\\system32;C:\\windows\\system32;C:\\windows\\system;C:\\windows;.;C:\\windows\\system32;C:\\windows;C:\\windows\\system32\\wbem;C:\\windows\\system32\\WindowsPowershell\\v1.0"
00bc:trace:module:load_dll Found L"C:\\windows\\system32\\user32.dll" for L"user32.dll" at 000000023D820000, count=-1
00bc:trace:module:import_dll is not hybrid module
00bc:trace:module:build_module loaded L"\\??\\C:\\windows\\system32\\ole32.dll" 000000000037C890 00000002E8F10000
00bc:trace:loaddll:build_module Loaded L"C:\\windows\\system32\\ole32.dll" at 00000002E8F10000: builtin
00bc:trace:module:load_dll Loaded module L"\\??\\C:\\windows\\system32\\ole32.dll" at 00000002E8F10000
00bc:trace:module:import_dll is not hybrid module
00bc:trace:module:load_dll looking for L"ucrtbase.dll" in L"C:\\windows\\system32;C:\\windows\\system32;C:\\windows\\system;C:\\windows;.;C:\\windows\\system32;C:\\windows;C:\\windows\\system32\\wbem;C:\\windows\\system32\\WindowsPowershell\\v1.0"
00bc:trace:module:load_dll Found L"C:\\windows\\system32\\ucrtbase.dll" for L"ucrtbase.dll" at 00000003AF670000, count=-1
00bc:trace:module:import_dll is not hybrid module
00bc:trace:module:load_dll looking for L"user32.dll" in L"C:\\windows\\system32;C:\\windows\\system32;C:\\windows\\system;C:\\windows;.;C:\\windows\\system32;C:\\windows;C:\\windows\\system32\\wbem;C:\\windows\\system32\\WindowsPowershell\\v1.0"
00bc:trace:module:load_dll Found L"C:\\windows\\system32\\user32.dll" for L"user32.dll" at 000000023D820000, count=-1
00bc:trace:module:import_dll is not hybrid module
00bc:trace:module:build_module loaded L"\\??\\C:\\windows\\system32\\shcore.dll" 000000000037C580 00000003126F0000
00bc:trace:loaddll:build_module Loaded L"C:\\windows\\system32\\shcore.dll" at 00000003126F0000: builtin
00bc:trace:module:load_dll Loaded module L"\\??\\C:\\windows\\system32\\shcore.dll" at 00000003126F0000
00bc:trace:module:import_dll is not hybrid module
00bc:trace:module:load_dll looking for L"ucrtbase.dll" in L"C:\\windows\\system32;C:\\windows\\system32;C:\\windows\\system;C:\\windows;.;C:\\windows\\system32;C:\\windows;C:\\windows\\system32\\wbem;C:\\windows\\system32\\WindowsPowershell\\v1.0"
00bc:trace:module:load_dll Found L"C:\\windows\\system32\\ucrtbase.dll" for L"ucrtbase.dll" at 00000003AF670000, count=-1
00bc:trace:module:import_dll is not hybrid module
00bc:trace:module:load_dll looking for L"user32.dll" in L"C:\\windows\\system32;C:\\windows\\system32;C:\\windows\\system;C:\\windows;.;C:\\windows\\system32;C:\\windows;C:\\windows\\system32\\wbem;C:\\windows\\system32\\WindowsPowershell\\v1.0"
00bc:trace:module:load_dll Found L"C:\\windows\\system32\\user32.dll" for L"user32.dll" at 000000023D820000, count=-1
00bc:trace:module:import_dll is not hybrid module
00bc:trace:module:build_module loaded L"\\??\\C:\\windows\\system32\\shlwapi.dll" 000000000037C1F0 00000002E3540000
00bc:trace:loaddll:build_module Loaded L"C:\\windows\\system32\\shlwapi.dll" at 00000002E3540000: builtin
00bc:trace:module:load_dll Loaded module L"\\??\\C:\\windows\\system32\\shlwapi.dll" at 00000002E3540000
00bc:trace:module:import_dll is not hybrid module
00bc:trace:module:load_dll looking for L"ucrtbase.dll" in L"C:\\windows\\system32;C:\\windows\\system32;C:\\windows\\system;C:\\windows;.;C:\\windows\\system32;C:\\windows;C:\\windows\\system32\\wbem;C:\\windows\\system32\\WindowsPowershell\\v1.0"
00bc:trace:module:load_dll Found L"C:\\windows\\system32\\ucrtbase.dll" for L"ucrtbase.dll" at 00000003AF670000, count=-1
00bc:trace:module:import_dll is not hybrid module
00bc:trace:module:load_dll looking for L"user32.dll" in L"C:\\windows\\system32;C:\\windows\\system32;C:\\windows\\system;C:\\windows;.;C:\\windows\\system32;C:\\windows;C:\\windows\\system32\\wbem;C:\\windows\\system32\\WindowsPowershell\\v1.0"
00bc:trace:module:load_dll Found L"C:\\windows\\system32\\user32.dll" for L"user32.dll" at 000000023D820000, count=-1
00bc:trace:module:import_dll is not hybrid module
00bc:trace:module:build_module loaded L"\\??\\C:\\windows\\system32\\shell32.dll" 000000000037BEA0 00000001C69E0000
00bc:trace:loaddll:build_module Loaded L"C:\\windows\\system32\\shell32.dll" at 00000001C69E0000: builtin
00bc:trace:module:load_dll Loaded module L"\\??\\C:\\windows\\system32\\shell32.dll" at 00000001C69E0000
00bc:trace:module:process_attach (L"shell32.dll",0000000000000000) - START
00bc:trace:module:process_attach (L"shlwapi.dll",0000000000000000) - START
00bc:trace:module:process_attach (L"shcore.dll",0000000000000000) - START
00bc:trace:module:process_attach (L"ole32.dll",0000000000000000) - START
00bc:trace:module:process_attach (L"combase.dll",0000000000000000) - START
00bc:trace:module:MODULE_InitDLL (0000000327020000 L"combase.dll",PROCESS_ATTACH,0000000000000000) 000000032704BE40 - CALL
00bc:trace:module:LdrGetDllHandleEx flags 0x1, load_path 0000000000000000, dll_characteristics 0000000000000000, name 000000000021DF80, base 000000000021DF78.
00bc:trace:module:LdrGetDllHandleEx L"ntdll.dll" -> 0000000170000000 (load path (null))
00bc:trace:module:MODULE_InitDLL (0000000327020000,PROCESS_ATTACH,0000000000000000) - RETURN 1
00bc:trace:module:process_attach (L"combase.dll",0000000000000000) - END
00bc:trace:module:MODULE_InitDLL (00000002E8F10000 L"ole32.dll",PROCESS_ATTACH,0000000000000000) 00000002E8FC5810 - CALL
00bc:trace:module:LdrGetDllHandleEx flags 0x1, load_path 0000000000000000, dll_characteristics 0000000000000000, name 000000000021E020, base 000000000021E018.
00bc:trace:module:LdrGetDllHandleEx L"ntdll.dll" -> 0000000170000000 (load path (null))
00bc:trace:module:MODULE_InitDLL (00000002E8F10000,PROCESS_ATTACH,0000000000000000) - RETURN 1
00bc:trace:module:process_attach (L"ole32.dll",0000000000000000) - END
00bc:trace:module:MODULE_InitDLL (00000003126F0000 L"shcore.dll",PROCESS_ATTACH,0000000000000000) 00000003126FA680 - CALL
00bc:trace:module:LdrGetDllHandleEx flags 0x1, load_path 0000000000000000, dll_characteristics 0000000000000000, name 000000000021E0A0, base 000000000021E098.
00bc:trace:module:LdrGetDllHandleEx L"ntdll.dll" -> 0000000170000000 (load path (null))
00bc:trace:module:MODULE_InitDLL (00000003126F0000,PROCESS_ATTACH,0000000000000000) - RETURN 1
00bc:trace:module:process_attach (L"shcore.dll",0000000000000000) - END
00bc:trace:module:MODULE_InitDLL (00000002E3540000 L"shlwapi.dll",PROCESS_ATTACH,0000000000000000) 00000002E3566380 - CALL
00bc:trace:module:LdrGetDllHandleEx flags 0x1, load_path 0000000000000000, dll_characteristics 0000000000000000, name 000000000021E120, base 000000000021E118.
00bc:trace:module:LdrGetDllHandleEx L"ntdll.dll" -> 0000000170000000 (load path (null))
00bc:trace:module:MODULE_InitDLL (00000002E3540000,PROCESS_ATTACH,0000000000000000) - RETURN 1
00bc:trace:module:process_attach (L"shlwapi.dll",0000000000000000) - END
00bc:trace:module:MODULE_InitDLL (00000001C69E0000 L"shell32.dll",PROCESS_ATTACH,0000000000000000) 00000001C6A92AA0 - CALL
00bc:trace:module:LdrGetDllHandleEx flags 0x1, load_path 0000000000000000, dll_characteristics 0000000000000000, name 000000000021E1A0, base 000000000021E198.
00bc:trace:module:LdrGetDllHandleEx L"ntdll.dll" -> 0000000170000000 (load path (null))
00bc:trace:module:LdrGetDllFullName module 00000001C69E0000, name 000000000021E640.
00bc:trace:module:GetModuleFileNameW L"C:\\windows\\system32\\shell32.dll"
00bc:trace:module:MODULE_InitDLL (00000001C69E0000,PROCESS_ATTACH,0000000000000000) - RETURN 1
00bc:trace:module:process_attach (L"shell32.dll",0000000000000000) - END
00bc:trace:module:LdrResolveDelayLoadedAPI (0000000140000000, 0000000140011EB0, 0000000000000000, 000000007B60C510, 000000014001DA40, 0x00000000)
00bc:trace:module:load_dll looking for L"shell32.dll" in (null)
00bc:trace:module:load_dll Found L"C:\\windows\\system32\\shell32.dll" for L"shell32.dll" at 00000001C69E0000, count=2
00bc:trace:module:LdrGetDllHandleEx flags 0x1, load_path 0000000000000000, dll_characteristics 0000000000000000, name 000000000021E9A0, base 000000000021E998.
00bc:trace:module:LdrGetDllHandleEx L"ntdll.dll" -> 0000000170000000 (load path (null))
00bc:trace:module:LdrResolveDelayLoadedAPI (00000001C69E0000, 00000001C6A93DF0, 0000000000000000, 000000007B60C510, 00000001C6AE7818, 0x00000000)
00bc:trace:module:load_dll looking for L"ole32.dll" in (null)
00bc:trace:module:load_dll Found L"C:\\windows\\system32\\ole32.dll" for L"ole32.dll" at 00000002E8F10000, count=2
00bc:trace:module:LdrResolveDelayLoadedAPI (0000000140000000, 0000000140011EF0, 0000000000000000, 000000007B60C510, 000000014001D960, 0x00000000)
00bc:trace:module:load_dll looking for L"ole32.dll" in (null)
00bc:trace:module:load_dll Found L"C:\\windows\\system32\\ole32.dll" for L"ole32.dll" at 00000002E8F10000, count=3
00bc:trace:module:LdrResolveDelayLoadedAPI (0000000140000000, 0000000140011EF0, 0000000000000000, 000000007B60C510, 000000014001D968, 0x00000000)
00bc:trace:module:LdrGetDllHandleEx flags 0x1, load_path 0000000000000000, dll_characteristics 0000000000000000, name 000000000021EAF0, base 000000000021EAE8.
00bc:trace:module:LdrGetDllHandleEx L"ntdll.dll" -> 0000000170000000 (load path (null))
00bc:trace:module:load_dll looking for L"C:\\windows\\system32\\ole32.dll" in L"C:\\windows\\system32;C:\\windows\\system32;C:\\windows\\system;C:\\windows;.;C:\\windows\\system32;C:\\windows;C:\\windows\\system32\\wbem;C:\\windows\\system32\\WindowsPowershell\\v1.0"
00bc:trace:module:load_dll Found L"C:\\windows\\system32\\ole32.dll" for L"C:\\windows\\system32\\ole32.dll" at 00000002E8F10000, count=4
00c8:trace:module:MODULE_InitDLL (00000001C8DB0000 L"msvcrt.dll",THREAD_ATTACH,0000000000000000) 00000001C8E3E9D0 - CALL
00c8:trace:module:MODULE_InitDLL (00000001C8DB0000,THREAD_ATTACH,0000000000000000) - RETURN 1
00c8:trace:module:MODULE_InitDLL (00000003AF670000 L"ucrtbase.dll",THREAD_ATTACH,0000000000000000) 00000003AF71AC10 - CALL
00c8:trace:module:MODULE_InitDLL (00000003AF670000,THREAD_ATTACH,0000000000000000) - RETURN 1
00c8:trace:module:MODULE_InitDLL (000000023D820000 L"user32.dll",THREAD_ATTACH,0000000000000000) 000000023D8F6990 - CALL
00c8:trace:module:MODULE_InitDLL (000000023D820000,THREAD_ATTACH,0000000000000000) - RETURN 1
00c8:trace:module:MODULE_InitDLL (00000003AFD00000 L"imm32.dll",THREAD_ATTACH,0000000000000000) 00000003AFD0CE20 - CALL
00c8:trace:module:MODULE_InitDLL (00000003AFD00000,THREAD_ATTACH,0000000000000000) - RETURN 1
00c8:trace:module:MODULE_InitDLL (0000000231AE0000 L"rpcrt4.dll",THREAD_ATTACH,0000000000000000) 0000000231B334D0 - CALL
00c8:trace:module:MODULE_InitDLL (0000000231AE0000,THREAD_ATTACH,0000000000000000) - RETURN 1
00c8:trace:module:MODULE_InitDLL (0000000327020000 L"combase.dll",THREAD_ATTACH,0000000000000000) 000000032704BE40 - CALL
00c8:trace:module:MODULE_InitDLL (0000000327020000,THREAD_ATTACH,0000000000000000) - RETURN 1
00c8:trace:module:MODULE_InitDLL (00000002E8F10000 L"ole32.dll",THREAD_ATTACH,0000000000000000) 00000002E8FC5810 - CALL
00c8:trace:module:MODULE_InitDLL (00000002E8F10000,THREAD_ATTACH,0000000000000000) - RETURN 1
00bc:trace:module:load_dll looking for L"C:\\windows\\system32\\actxprxy.dll" in L"C:\\windows\\system32;C:\\windows\\system32;C:\\windows\\system;C:\\windows;.;C:\\windows\\system32;C:\\windows;C:\\windows\\system32\\wbem;C:\\windows\\system32\\WindowsPowershell\\v1.0"
00bc:trace:module:get_load_order looking for L"C:\\windows\\system32\\actxprxy.dll"
00bc:trace:module:get_load_order got hardcoded default for L"actxprxy.dll"
00bc:trace:module:map_image_into_view mapping PE file L"\\??\\C:\\windows\\system32\\actxprxy.dll" at 0x1d0830000-0x1d0980000
00bc:trace:module:map_image_into_view mapping L"\\??\\C:\\windows\\system32\\actxprxy.dll" section .text at 0x1d0831000 off 1000 size f6000 virt f5d70 flags 60000020
00bc:trace:module:map_image_into_view mapping L"\\??\\C:\\windows\\system32\\actxprxy.dll" section .data at 0x1d0927000 off f7000 size 1000 virt cd0 flags c0000040
00bc:trace:module:map_image_into_view mapping L"\\??\\C:\\windows\\system32\\actxprxy.dll" section .rodata at 0x1d0928000 off f8000 size 1000 virt 1c flags c0000040
00bc:trace:module:map_image_into_view mapping L"\\??\\C:\\windows\\system32\\actxprxy.dll" section .rdata at 0x1d0929000 off f9000 size 1b000 virt 1a750 flags 40000040
00bc:trace:module:map_image_into_view mapping L"\\??\\C:\\windows\\system32\\actxprxy.dll" section .pdata at 0x1d0944000 off 114000 size 9000 virt 8994 flags 40000040
00bc:trace:module:map_image_into_view mapping L"\\??\\C:\\windows\\system32\\actxprxy.dll" section .xdata at 0x1d094d000 off 11d000 size 8000 virt 78e8 flags 40000040
00bc:trace:module:map_image_into_view mapping L"\\??\\C:\\windows\\system32\\actxprxy.dll" section .bss at 0x1d0955000 off 0 size 0 virt 190 flags c0000080
00bc:trace:module:map_image_into_view mapping L"\\??\\C:\\windows\\system32\\actxprxy.dll" section .edata at 0x1d0956000 off 125000 size 1d000 virt 1c918 flags 40000040
00bc:trace:module:map_image_into_view mapping L"\\??\\C:\\windows\\system32\\actxprxy.dll" section .idata at 0x1d0973000 off 142000 size 2000 virt 173c flags c0000040
00bc:trace:module:map_image_into_view mapping L"\\??\\C:\\windows\\system32\\actxprxy.dll" section .rsrc at 0x1d0975000 off 144000 size 8000 virt 7310 flags 40000040
00bc:trace:module:map_image_into_view mapping L"\\??\\C:\\windows\\system32\\actxprxy.dll" section .reloc at 0x1d097d000 off 14c000 size 3000 virt 2778 flags 42000040
00bc:trace:module:load_dll looking for L"kernel32.dll" in L"C:\\windows\\system32;C:\\windows\\system32;C:\\windows\\system;C:\\windows;.;C:\\windows\\system32;C:\\windows;C:\\windows\\system32\\wbem;C:\\windows\\system32\\WindowsPowershell\\v1.0"
00bc:trace:module:load_dll Found L"C:\\windows\\system32\\kernel32.dll" for L"kernel32.dll" at 000000007B600000, count=-1
00bc:trace:module:import_dll is not hybrid module
00bc:trace:module:load_dll looking for L"ntdll.dll" in L"C:\\windows\\system32;C:\\windows\\system32;C:\\windows\\system;C:\\windows;.;C:\\windows\\system32;C:\\windows;C:\\windows\\system32\\wbem;C:\\windows\\system32\\WindowsPowershell\\v1.0"
00bc:trace:module:load_dll Found L"C:\\windows\\system32\\ntdll.dll" for L"ntdll.dll" at 0000000170000000, count=-1
00bc:trace:module:import_dll is not hybrid module
00bc:trace:module:load_dll looking for L"ole32.dll" in L"C:\\windows\\system32;C:\\windows\\system32;C:\\windows\\system;C:\\windows;.;C:\\windows\\system32;C:\\windows;C:\\windows\\system32\\wbem;C:\\windows\\system32\\WindowsPowershell\\v1.0"
00bc:trace:module:load_dll Found L"C:\\windows\\system32\\ole32.dll" for L"ole32.dll" at 00000002E8F10000, count=5
00bc:trace:module:import_dll is not hybrid module
00bc:trace:module:load_dll looking for L"oleaut32.dll" in L"C:\\windows\\system32;C:\\windows\\system32;C:\\windows\\system;C:\\windows;.;C:\\windows\\system32;C:\\windows;C:\\windows\\system32\\wbem;C:\\windows\\system32\\WindowsPowershell\\v1.0"
00bc:trace:module:get_load_order looking for L"C:\\windows\\system32\\oleaut32.dll"
00bc:trace:module:get_load_order got hardcoded default for L"oleaut32.dll"
00bc:trace:module:map_image_into_view mapping PE file L"\\??\\C:\\windows\\system32\\OLEAUT32.dll" at 0x2739c0000-0x273b07000
00bc:trace:module:map_image_into_view mapping L"\\??\\C:\\windows\\system32\\OLEAUT32.dll" section .text at 0x2739c1000 off 1000 size bc000 virt bb590 flags 60000060
00bc:trace:module:map_image_into_view mapping L"\\??\\C:\\windows\\system32\\OLEAUT32.dll" section .data at 0x273a7d000 off bd000 size 2000 virt 1100 flags c0000040
00bc:trace:module:map_image_into_view mapping L"\\??\\C:\\windows\\system32\\OLEAUT32.dll" section .rodata at 0x273a7f000 off bf000 size 1000 virt 984 flags c0000040
00bc:trace:module:map_image_into_view mapping L"\\??\\C:\\windows\\system32\\OLEAUT32.dll" section .rdata at 0x273a80000 off c0000 size 1f000 virt 1eca0 flags 40000040
00bc:trace:module:map_image_into_view mapping L"\\??\\C:\\windows\\system32\\OLEAUT32.dll" section .pdata at 0x273a9f000 off df000 size 6000 virt 5718 flags 40000040
00bc:trace:module:map_image_into_view mapping L"\\??\\C:\\windows\\system32\\OLEAUT32.dll" section .xdata at 0x273aa5000 off e5000 size 6000 virt 5140 flags 40000040
00bc:trace:module:map_image_into_view mapping L"\\??\\C:\\windows\\system32\\OLEAUT32.dll" section .bss at 0x273aab000 off 0 size 0 virt 38230 flags c0000080
00bc:trace:module:map_image_into_view mapping L"\\??\\C:\\windows\\system32\\OLEAUT32.dll" section .edata at 0x273ae4000 off eb000 size 19000 virt 18c59 flags 40000040
00bc:trace:module:map_image_into_view mapping L"\\??\\C:\\windows\\system32\\OLEAUT32.dll" section .idata at 0x273afd000 off 104000 size 3000 virt 2aa4 flags c0000040
00bc:trace:module:map_image_into_view mapping L"\\??\\C:\\windows\\system32\\OLEAUT32.dll" section .rsrc at 0x273b00000 off 107000 size 5000 virt 4ee0 flags 40000040
00bc:trace:module:map_image_into_view mapping L"\\??\\C:\\windows\\system32\\OLEAUT32.dll" section .reloc at 0x273b05000 off 10c000 size 2000 virt 151c flags 42000040
00bc:trace:module:load_dll looking for L"advapi32.dll" in L"C:\\windows\\system32;C:\\windows\\system32;C:\\windows\\system;C:\\windows;.;C:\\windows\\system32;C:\\windows;C:\\windows\\system32\\wbem;C:\\windows\\system32\\WindowsPowershell\\v1.0"
00bc:trace:module:load_dll Found L"C:\\windows\\system32\\advapi32.dll" for L"advapi32.dll" at 0000000330260000, count=-1
00bc:trace:module:import_dll is not hybrid module
00bc:trace:module:load_dll looking for L"gdi32.dll" in L"C:\\windows\\system32;C:\\windows\\system32;C:\\windows\\system;C:\\windows;.;C:\\windows\\system32;C:\\windows;C:\\windows\\system32\\wbem;C:\\windows\\system32\\WindowsPowershell\\v1.0"
00bc:trace:module:load_dll Found L"C:\\windows\\system32\\gdi32.dll" for L"gdi32.dll" at 000000026B4C0000, count=-1
00bc:trace:module:import_dll is not hybrid module
00bc:trace:module:load_dll looking for L"kernel32.dll" in L"C:\\windows\\system32;C:\\windows\\system32;C:\\windows\\system;C:\\windows;.;C:\\windows\\system32;C:\\windows;C:\\windows\\system32\\wbem;C:\\windows\\system32\\WindowsPowershell\\v1.0"
00bc:trace:module:load_dll Found L"C:\\windows\\system32\\kernel32.dll" for L"kernel32.dll" at 000000007B600000, count=-1
00bc:trace:module:import_dll is not hybrid module
00bc:trace:module:load_dll looking for L"ntdll.dll" in L"C:\\windows\\system32;C:\\windows\\system32;C:\\windows\\system;C:\\windows;.;C:\\windows\\system32;C:\\windows;C:\\windows\\system32\\wbem;C:\\windows\\system32\\WindowsPowershell\\v1.0"
00bc:trace:module:load_dll Found L"C:\\windows\\system32\\ntdll.dll" for L"ntdll.dll" at 0000000170000000, count=-1
00bc:trace:module:import_dll is not hybrid module
00bc:trace:module:load_dll looking for L"ole32.dll" in L"C:\\windows\\system32;C:\\windows\\system32;C:\\windows\\system;C:\\windows;.;C:\\windows\\system32;C:\\windows;C:\\windows\\system32\\wbem;C:\\windows\\system32\\WindowsPowershell\\v1.0"
00bc:trace:module:load_dll Found L"C:\\windows\\system32\\ole32.dll" for L"ole32.dll" at 00000002E8F10000, count=6
00bc:trace:module:import_dll is not hybrid module
00bc:trace:module:load_dll looking for L"rpcrt4.dll" in L"C:\\windows\\system32;C:\\windows\\system32;C:\\windows\\system;C:\\windows;.;C:\\windows\\system32;C:\\windows;C:\\windows\\system32\\wbem;C:\\windows\\system32\\WindowsPowershell\\v1.0"
00bc:trace:module:load_dll Found L"C:\\windows\\system32\\rpcrt4.dll" for L"rpcrt4.dll" at 0000000231AE0000, count=-1
00bc:trace:module:import_dll is not hybrid module
00bc:trace:module:load_dll looking for L"ucrtbase.dll" in L"C:\\windows\\system32;C:\\windows\\system32;C:\\windows\\system;C:\\windows;.;C:\\windows\\system32;C:\\windows;C:\\windows\\system32\\wbem;C:\\windows\\system32\\WindowsPowershell\\v1.0"
00bc:trace:module:load_dll Found L"C:\\windows\\system32\\ucrtbase.dll" for L"ucrtbase.dll" at 00000003AF670000, count=-1
00bc:trace:module:import_dll is not hybrid module
00bc:trace:module:load_dll looking for L"user32.dll" in L"C:\\windows\\system32;C:\\windows\\system32;C:\\windows\\system;C:\\windows;.;C:\\windows\\system32;C:\\windows;C:\\windows\\system32\\wbem;C:\\windows\\system32\\WindowsPowershell\\v1.0"
00bc:trace:module:load_dll Found L"C:\\windows\\system32\\user32.dll" for L"user32.dll" at 000000023D820000, count=-1
00bc:trace:module:import_dll is not hybrid module
00bc:trace:module:build_module loaded L"\\??\\C:\\windows\\system32\\oleaut32.dll" 0000000000381080 00000002739C0000
00bc:trace:loaddll:build_module Loaded L"C:\\windows\\system32\\oleaut32.dll" at 00000002739C0000: builtin
00bc:trace:module:load_dll Loaded module L"\\??\\C:\\windows\\system32\\oleaut32.dll" at 00000002739C0000
00bc:trace:module:import_dll is not hybrid module
00bc:trace:module:load_dll looking for L"rpcrt4.dll" in L"C:\\windows\\system32;C:\\windows\\system32;C:\\windows\\system;C:\\windows;.;C:\\windows\\system32;C:\\windows;C:\\windows\\system32\\wbem;C:\\windows\\system32\\WindowsPowershell\\v1.0"
00bc:trace:module:load_dll Found L"C:\\windows\\system32\\rpcrt4.dll" for L"rpcrt4.dll" at 0000000231AE0000, count=-1
00bc:trace:module:import_dll is not hybrid module
00bc:trace:module:load_dll looking for L"ucrtbase.dll" in L"C:\\windows\\system32;C:\\windows\\system32;C:\\windows\\system;C:\\windows;.;C:\\windows\\system32;C:\\windows;C:\\windows\\system32\\wbem;C:\\windows\\system32\\WindowsPowershell\\v1.0"
00bc:trace:module:load_dll Found L"C:\\windows\\system32\\ucrtbase.dll" for L"ucrtbase.dll" at 00000003AF670000, count=-1
00bc:trace:module:import_dll is not hybrid module
00bc:trace:module:build_module loaded L"\\??\\C:\\windows\\system32\\actxprxy.dll" 0000000000380E00 00000001D0830000
00bc:trace:loaddll:build_module Loaded L"C:\\windows\\system32\\actxprxy.dll" at 00000001D0830000: builtin
00bc:trace:module:load_dll Loaded module L"\\??\\C:\\windows\\system32\\actxprxy.dll" at 00000001D0830000
00bc:trace:module:process_attach (L"actxprxy.dll",0000000000000000) - START
00bc:trace:module:process_attach (L"oleaut32.dll",0000000000000000) - START
00bc:trace:module:MODULE_InitDLL (00000002739C0000 L"oleaut32.dll",PROCESS_ATTACH,0000000000000000) 0000000273A7B130 - CALL
00bc:trace:module:MODULE_InitDLL (00000002739C0000,PROCESS_ATTACH,0000000000000000) - RETURN 1
00bc:trace:module:process_attach (L"oleaut32.dll",0000000000000000) - END
00bc:trace:module:MODULE_InitDLL (00000001D0830000 L"actxprxy.dll",PROCESS_ATTACH,0000000000000000) 00000001D0925C30 - CALL
00bc:trace:module:MODULE_InitDLL (00000001D0830000,PROCESS_ATTACH,0000000000000000) - RETURN 1
00bc:trace:module:process_attach (L"actxprxy.dll",0000000000000000) - END
00bc:trace:module:LdrGetDllHandleEx flags 0x1, load_path 0000000000000000, dll_characteristics 0000000000000000, name 000000000021E210, base 000000000021E208.
00bc:trace:module:LdrGetDllHandleEx L"ntdll.dll" -> 0000000170000000 (load path (null))
00bc:trace:module:LdrResolveDelayLoadedAPI (000000032A700000, 000000032A71BE70, 0000000000000000, 000000007B60C510, 000000032A72A620, 0x00000000)
00bc:trace:module:load_dll looking for L"rpcrt4.dll" in (null)
00bc:trace:module:load_dll Found L"C:\\windows\\system32\\rpcrt4.dll" for L"rpcrt4.dll" at 0000000231AE0000, count=-1
00bc:trace:module:LdrResolveDelayLoadedAPI (000000032A700000, 000000032A71BE70, 0000000000000000, 000000007B60C510, 000000032A72A700, 0x00000000)
00bc:trace:module:LdrResolveDelayLoadedAPI (000000032A700000, 000000032A71BE70, 0000000000000000, 000000007B60C510, 000000032A72A6E8, 0x00000000)
00bc:trace:module:LdrResolveDelayLoadedAPI (000000032A700000, 000000032A71BE70, 0000000000000000, 000000007B60C510, 000000032A72A710, 0x00000000)
00bc:trace:module:LdrResolveDelayLoadedAPI (000000032A700000, 000000032A71BE70, 0000000000000000, 000000007B60C510, 000000032A72A6A0, 0x00000000)
00bc:trace:module:LdrResolveDelayLoadedAPI (000000032A700000, 000000032A71BE70, 0000000000000000, 000000007B60C510, 000000032A72A680, 0x00000000)
00cc:trace:module:MODULE_InitDLL (00000001C8DB0000 L"msvcrt.dll",THREAD_ATTACH,0000000000000000) 00000001C8E3E9D0 - CALL
00cc:trace:module:MODULE_InitDLL (00000001C8DB0000,THREAD_ATTACH,0000000000000000) - RETURN 1
00cc:trace:module:MODULE_InitDLL (00000003AF670000 L"ucrtbase.dll",THREAD_ATTACH,0000000000000000) 00000003AF71AC10 - CALL
00cc:trace:module:MODULE_InitDLL (00000003AF670000,THREAD_ATTACH,0000000000000000) - RETURN 1
00cc:trace:module:MODULE_InitDLL (0000000231AE0000 L"rpcrt4.dll",THREAD_ATTACH,0000000000000000) 0000000231B334D0 - CALL
00cc:trace:module:MODULE_InitDLL (0000000231AE0000,THREAD_ATTACH,0000000000000000) - RETURN 1
00bc:trace:module:LdrResolveDelayLoadedAPI (000000032A700000, 000000032A71BE70, 0000000000000000, 000000007B60C510, 000000032A72A6A8, 0x00000000)
00bc:trace:module:LdrResolveDelayLoadedAPI (000000032A700000, 000000032A71BE70, 0000000000000000, 000000007B60C510, 000000032A72A6B8, 0x00000000)
00bc:trace:module:LdrResolveDelayLoadedAPI (000000032A700000, 000000032A71BE70, 0000000000000000, 000000007B60C510, 000000032A72A618, 0x00000000)
00bc:trace:module:LdrResolveDelayLoadedAPI (000000032A700000, 000000032A71BE70, 0000000000000000, 000000007B60C510, 000000032A72A678, 0x00000000)
00bc:trace:module:LdrResolveDelayLoadedAPI (000000032A700000, 000000032A71BE70, 0000000000000000, 000000007B60C510, 000000032A72A6D8, 0x00000000)
00bc:trace:module:LdrResolveDelayLoadedAPI (000000032A700000, 000000032A71BE70, 0000000000000000, 000000007B60C510, 000000032A72A608, 0x00000000)
00bc:trace:module:LdrResolveDelayLoadedAPI (000000032A700000, 000000032A71BE70, 0000000000000000, 000000007B60C510, 000000032A72A658, 0x00000000)
00bc:trace:module:LdrResolveDelayLoadedAPI (000000032A700000, 000000032A71BE70, 0000000000000000, 000000007B60C510, 000000032A72A610, 0x00000000)
00bc:trace:module:LdrResolveDelayLoadedAPI (000000032A700000, 000000032A71BE70, 0000000000000000, 000000007B60C510, 000000032A72A660, 0x00000000)
00d4:trace:module:get_load_order looking for L"C:\\windows\\system32\\rpcss.exe"
00d4:trace:module:get_load_order got hardcoded default for L"rpcss.exe"
00d4:trace:module:get_load_order looking for L"C:\\windows\\system32\\rpcss.exe"
00d4:trace:module:get_load_order got hardcoded default for L"rpcss.exe"
00d4:trace:module:map_image_into_view mapping PE file L"\\??\\C:\\windows\\system32\\rpcss.exe" at 0x140000000-0x140010000
00d4:trace:module:map_image_into_view mapping L"\\??\\C:\\windows\\system32\\rpcss.exe" section .text at 0x140001000 off 1000 size 8000 virt 7810 flags 60000020
00d4:trace:module:map_image_into_view mapping L"\\??\\C:\\windows\\system32\\rpcss.exe" section .data at 0x140009000 off 9000 size 1000 virt 410 flags c0000040
00d4:trace:module:map_image_into_view mapping L"\\??\\C:\\windows\\system32\\rpcss.exe" section .rdata at 0x14000a000 off a000 size 1000 virt fb0 flags 40000040
00d4:trace:module:map_image_into_view mapping L"\\??\\C:\\windows\\system32\\rpcss.exe" section .pdata at 0x14000b000 off b000 size 1000 virt 48c flags 40000040
00d4:trace:module:map_image_into_view mapping L"\\??\\C:\\windows\\system32\\rpcss.exe" section .xdata at 0x14000c000 off c000 size 1000 virt 464 flags 40000040
00d4:trace:module:map_image_into_view mapping L"\\??\\C:\\windows\\system32\\rpcss.exe" section .bss at 0x14000d000 off 0 size 0 virt 160 flags c0000080
00d4:trace:module:map_image_into_view mapping L"\\??\\C:\\windows\\system32\\rpcss.exe" section .idata at 0x14000e000 off d000 size 1000 virt b58 flags c0000040
00d4:trace:module:map_image_into_view mapping L"\\??\\C:\\windows\\system32\\rpcss.exe" section .reloc at 0x14000f000 off e000 size 1000 virt f4 flags 42000040
00d4:trace:module:map_image_into_view mapping PE file L"\\??\\C:\\windows\\system32\\ntdll.dll" at 0x170000000-0x1700b4000
00d4:trace:module:map_image_into_view mapping L"\\??\\C:\\windows\\system32\\ntdll.dll" section .text at 0x170001000 off 1000 size 7b000 virt 7a540 flags 60000020
00d4:trace:module:map_image_into_view mapping L"\\??\\C:\\windows\\system32\\ntdll.dll" section .data at 0x17007c000 off 7c000 size 1000 virt e80 flags c0000040
00d4:trace:module:map_image_into_view mapping L"\\??\\C:\\windows\\system32\\ntdll.dll" section .rodata at 0x17007d000 off 7d000 size 2000 virt 1f48 flags c0000040
00d4:trace:module:map_image_into_view mapping L"\\??\\C:\\windows\\system32\\ntdll.dll" section .rdata at 0x17007f000 off 7f000 size 13000 virt 12310 flags 40000040
00d4:trace:module:map_image_into_view mapping L"\\??\\C:\\windows\\system32\\ntdll.dll" section .pdata at 0x170092000 off 92000 size 4000 virt 3030 flags 40000040
00d4:trace:module:map_image_into_view mapping L"\\??\\C:\\windows\\system32\\ntdll.dll" section .xdata at 0x170096000 off 96000 size 4000 virt 33b4 flags 40000040
00d4:trace:module:map_image_into_view mapping L"\\??\\C:\\windows\\system32\\ntdll.dll" section .bss at 0x17009a000 off 0 size 0 virt 34f0 flags c0000080
00d4:trace:module:map_image_into_view mapping L"\\??\\C:\\windows\\system32\\ntdll.dll" section .edata at 0x17009e000 off 9a000 size 13000 virt 1211e flags 40000040
00d4:trace:module:map_image_into_view mapping L"\\??\\C:\\windows\\system32\\ntdll.dll" section .idata at 0x1700b1000 off ad000 size 1000 virt 18 flags c0000040
00d4:trace:module:map_image_into_view mapping L"\\??\\C:\\windows\\system32\\ntdll.dll" section .rsrc at 0x1700b2000 off ae000 size 1000 virt 3b0 flags 40000040
00d4:trace:module:map_image_into_view mapping L"\\??\\C:\\windows\\system32\\ntdll.dll" section .reloc at 0x1700b3000 off af000 size 1000 virt 17c flags 42000040
00d4:trace:module:load_apiset_dll loaded L"\\??\\C:\\windows\\system32\\apisetschema.dll" apiset at 0x321000
00d4:trace:module:build_module loaded L"\\??\\C:\\windows\\system32\\rpcss.exe" 00000000003319A0 0000000140000000
00d4:trace:loaddll:build_module Loaded L"C:\\windows\\system32\\rpcss.exe" at 0000000140000000: builtin
00d4:trace:module:load_dll looking for L"kernel32.dll" in (null)
00d4:trace:module:get_load_order looking for L"C:\\windows\\system32\\kernel32.dll"
00d4:trace:module:get_load_order got hardcoded default for L"kernel32.dll"
00d4:trace:module:map_image_into_view mapping PE file L"\\??\\C:\\windows\\system32\\kernel32.dll" at 0x7b600000-0x7b665000
00d4:trace:module:map_image_into_view mapping L"\\??\\C:\\windows\\system32\\kernel32.dll" section .text at 0x7b601000 off 1000 size 37000 virt 36200 flags 60000020
00d4:trace:module:map_image_into_view mapping L"\\??\\C:\\windows\\system32\\kernel32.dll" section .data at 0x7b638000 off 38000 size 1000 virt 280 flags c0000040
00d4:trace:module:map_image_into_view mapping L"\\??\\C:\\windows\\system32\\kernel32.dll" section .rodata at 0x7b639000 off 39000 size 2000 virt 1cf0 flags c0000040
00d4:trace:module:map_image_into_view mapping L"\\??\\C:\\windows\\system32\\kernel32.dll" section .rdata at 0x7b63b000 off 3b000 size 4000 virt 38e0 flags 40000040
00d4:trace:module:map_image_into_view mapping L"\\??\\C:\\windows\\system32\\kernel32.dll" section .pdata at 0x7b63f000 off 3f000 size 2000 virt 15d8 flags 40000040
00d4:trace:module:map_image_into_view mapping L"\\??\\C:\\windows\\system32\\kernel32.dll" section .xdata at 0x7b641000 off 41000 size 2000 virt 17a0 flags 40000040
00d4:trace:module:map_image_into_view mapping L"\\??\\C:\\windows\\system32\\kernel32.dll" section .bss at 0x7b643000 off 0 size 0 virt 260 flags c0000080
00d4:trace:module:map_image_into_view mapping L"\\??\\C:\\windows\\system32\\kernel32.dll" section .edata at 0x7b644000 off 43000 size e000 virt da78 flags 40000040
00d4:trace:module:map_image_into_view mapping L"\\??\\C:\\windows\\system32\\kernel32.dll" section .idata at 0x7b652000 off 51000 size a000 virt 9054 flags c0000040
00d4:trace:module:map_image_into_view mapping L"\\??\\C:\\windows\\system32\\kernel32.dll" section .rsrc at 0x7b65c000 off 5b000 size 8000 virt 7e00 flags 40000040
00d4:trace:module:map_image_into_view mapping L"\\??\\C:\\windows\\system32\\kernel32.dll" section .reloc at 0x7b664000 off 63000 size 1000 virt 48 flags 42000040
00d4:trace:module:load_dll looking for L"kernelbase.dll" in (null)
00d4:trace:module:get_load_order looking for L"C:\\windows\\system32\\kernelbase.dll"
00d4:trace:module:get_load_order got hardcoded default for L"kernelbase.dll"
00d4:trace:module:map_image_into_view mapping PE file L"\\??\\C:\\windows\\system32\\kernelbase.dll" at 0x7b000000-0x7b266000
00d4:trace:module:map_image_into_view mapping L"\\??\\C:\\windows\\system32\\kernelbase.dll" section .text at 0x7b001000 off 1000 size 99000 virt 98db0 flags 60000020
00d4:trace:module:map_image_into_view mapping L"\\??\\C:\\windows\\system32\\kernelbase.dll" section .data at 0x7b09a000 off 9a000 size 2000 virt 1dc0 flags c0000040
00d4:trace:module:map_image_into_view mapping L"\\??\\C:\\windows\\system32\\kernelbase.dll" section .rodata at 0x7b09c000 off 9c000 size 2000 virt 1d88 flags c0000040
00d4:trace:module:map_image_into_view mapping L"\\??\\C:\\windows\\system32\\kernelbase.dll" section .rdata at 0x7b09e000 off 9e000 size 20000 virt 1f110 flags 40000040
00d4:trace:module:map_image_into_view mapping L"\\??\\C:\\windows\\system32\\kernelbase.dll" section .pdata at 0x7b0be000 off be000 size 4000 virt 3f54 flags 40000040
00d4:trace:module:map_image_into_view mapping L"\\??\\C:\\windows\\system32\\kernelbase.dll" section .xdata at 0x7b0c2000 off c2000 size 5000 virt 46c4 flags 40000040
00d4:trace:module:map_image_into_view mapping L"\\??\\C:\\windows\\system32\\kernelbase.dll" section .bss at 0x7b0c7000 off 0 size 0 virt 28e0 flags c0000080
00d4:trace:module:map_image_into_view mapping L"\\??\\C:\\windows\\system32\\kernelbase.dll" section .edata at 0x7b0ca000 off c7000 size 20000 virt 1f903 flags 40000040
00d4:trace:module:map_image_into_view mapping L"\\??\\C:\\windows\\system32\\kernelbase.dll" section .idata at 0x7b0ea000 off e7000 size 5000 virt 43f4 flags c0000040
00d4:trace:module:map_image_into_view mapping L"\\??\\C:\\windows\\system32\\kernelbase.dll" section .rsrc at 0x7b0ef000 off ec000 size 176000 virt 1757f0 flags 40000040
00d4:trace:module:map_image_into_view mapping L"\\??\\C:\\windows\\system32\\kernelbase.dll" section .reloc at 0x7b265000 off 262000 size 1000 virt 23c flags 42000040
00d4:trace:module:load_dll looking for L"ntdll.dll" in (null)
00d4:trace:module:load_dll Found L"C:\\windows\\system32\\ntdll.dll" for L"ntdll.dll" at 0000000170000000, count=2
00d4:trace:module:import_dll is not hybrid module
00d4:trace:module:build_module loaded L"\\??\\C:\\windows\\system32\\kernelbase.dll" 0000000000332090 000000007B000000
00d4:trace:loaddll:build_module Loaded L"C:\\windows\\system32\\kernelbase.dll" at 000000007B000000: builtin
00d4:trace:module:load_dll Loaded module L"\\??\\C:\\windows\\system32\\kernelbase.dll" at 000000007B000000
00d4:trace:module:import_dll is not hybrid module
00d4:trace:module:load_dll looking for L"ntdll.dll" in (null)
00d4:trace:module:load_dll Found L"C:\\windows\\system32\\ntdll.dll" for L"ntdll.dll" at 0000000170000000, count=3
00d4:trace:module:import_dll is not hybrid module
00d4:trace:module:build_module loaded L"\\??\\C:\\windows\\system32\\kernel32.dll" 0000000000331DA0 000000007B600000
00d4:trace:loaddll:build_module Loaded L"C:\\windows\\system32\\kernel32.dll" at 000000007B600000: builtin
00d4:trace:module:load_dll Loaded module L"\\??\\C:\\windows\\system32\\kernel32.dll" at 000000007B600000
00d4:trace:module:load_dll looking for L"advapi32.dll" in (null)
00d4:trace:module:get_load_order looking for L"C:\\windows\\system32\\advapi32.dll"
00d4:trace:module:get_load_order got hardcoded default for L"advapi32.dll"
00d4:trace:module:map_image_into_view mapping PE file L"\\??\\C:\\windows\\system32\\advapi32.dll" at 0x330260000-0x3302a4000
00d4:trace:module:map_image_into_view mapping L"\\??\\C:\\windows\\system32\\advapi32.dll" section .text at 0x330261000 off 1000 size 29000 virt 28090 flags 60000060
00d4:trace:module:map_image_into_view mapping L"\\??\\C:\\windows\\system32\\advapi32.dll" section .data at 0x33028a000 off 2a000 size 1000 virt 1a0 flags c0000040
00d4:trace:module:map_image_into_view mapping L"\\??\\C:\\windows\\system32\\advapi32.dll" section .rodata at 0x33028b000 off 2b000 size 1000 virt e3c flags c0000040
00d4:trace:module:map_image_into_view mapping L"\\??\\C:\\windows\\system32\\advapi32.dll" section .rdata at 0x33028c000 off 2c000 size 6000 virt 5fa0 flags 40000040
00d4:trace:module:map_image_into_view mapping L"\\??\\C:\\windows\\system32\\advapi32.dll" section .pdata at 0x330292000 off 32000 size 2000 virt 1260 flags 40000040
00d4:trace:module:map_image_into_view mapping L"\\??\\C:\\windows\\system32\\advapi32.dll" section .xdata at 0x330294000 off 34000 size 2000 virt 159c flags 40000040
00d4:trace:module:map_image_into_view mapping L"\\??\\C:\\windows\\system32\\advapi32.dll" section .bss at 0x330296000 off 0 size 0 virt da0 flags c0000080
00d4:trace:module:map_image_into_view mapping L"\\??\\C:\\windows\\system32\\advapi32.dll" section .edata at 0x330297000 off 36000 size 8000 virt 74c5 flags 40000040
00d4:trace:module:map_image_into_view mapping L"\\??\\C:\\windows\\system32\\advapi32.dll" section .idata at 0x33029f000 off 3e000 size 3000 virt 2f74 flags c0000040
00d4:trace:module:map_image_into_view mapping L"\\??\\C:\\windows\\system32\\advapi32.dll" section .rsrc at 0x3302a2000 off 41000 size 1000 virt 3c8 flags 40000040
00d4:trace:module:map_image_into_view mapping L"\\??\\C:\\windows\\system32\\advapi32.dll" section .reloc at 0x3302a3000 off 42000 size 1000 virt 138 flags 42000040
00d4:trace:module:load_dll looking for L"kernel32.dll" in (null)
00d4:trace:module:load_dll Found L"C:\\windows\\system32\\kernel32.dll" for L"kernel32.dll" at 000000007B600000, count=2
00d4:trace:module:import_dll is not hybrid module
00d4:trace:module:load_dll looking for L"kernelbase.dll" in (null)
00d4:trace:module:load_dll Found L"C:\\windows\\system32\\kernelbase.dll" for L"kernelbase.dll" at 000000007B000000, count=2
00d4:trace:module:import_dll is not hybrid module
00d4:trace:module:load_dll looking for L"msvcrt.dll" in (null)
00d4:trace:module:get_load_order looking for L"C:\\windows\\system32\\msvcrt.dll"
00d4:trace:module:get_load_order got hardcoded default for L"msvcrt.dll"
00d4:trace:module:map_image_into_view mapping PE file L"\\??\\C:\\windows\\system32\\msvcrt.dll" at 0x1c8db0000-0x1c8e6c000
00d4:trace:module:map_image_into_view mapping L"\\??\\C:\\windows\\system32\\msvcrt.dll" section .text at 0x1c8db1000 off 1000 size 8f000 virt 8e220 flags 60000060
00d4:trace:module:map_image_into_view mapping L"\\??\\C:\\windows\\system32\\msvcrt.dll" section .data at 0x1c8e40000 off 90000 size 2000 virt 1830 flags c0000040
00d4:trace:module:map_image_into_view mapping L"\\??\\C:\\windows\\system32\\msvcrt.dll" section .rodata at 0x1c8e42000 off 92000 size 2000 virt 1394 flags c0000040
00d4:trace:module:map_image_into_view mapping L"\\??\\C:\\windows\\system32\\msvcrt.dll" section .rdata at 0x1c8e44000 off 94000 size b000 virt aef0 flags 40000040
00d4:trace:module:map_image_into_view mapping L"\\??\\C:\\windows\\system32\\msvcrt.dll" section .pdata at 0x1c8e4f000 off 9f000 size 5000 virt 4278 flags 40000040
00d4:trace:module:map_image_into_view mapping L"\\??\\C:\\windows\\system32\\msvcrt.dll" section .xdata at 0x1c8e54000 off a4000 size 5000 virt 42d0 flags 40000040
00d4:trace:module:map_image_into_view mapping L"\\??\\C:\\windows\\system32\\msvcrt.dll" section .bss at 0x1c8e59000 off 0 size 0 virt 1c60 flags c0000080
00d4:trace:module:map_image_into_view mapping L"\\??\\C:\\windows\\system32\\msvcrt.dll" section .edata at 0x1c8e5b000 off a9000 size d000 virt ca71 flags 40000040
00d4:trace:module:map_image_into_view mapping L"\\??\\C:\\windows\\system32\\msvcrt.dll" section .idata at 0x1c8e68000 off b6000 size 2000 virt 1868 flags c0000040
00d4:trace:module:map_image_into_view mapping L"\\??\\C:\\windows\\system32\\msvcrt.dll" section .rsrc at 0x1c8e6a000 off b8000 size 1000 virt 398 flags 40000040
00d4:trace:module:map_image_into_view mapping L"\\??\\C:\\windows\\system32\\msvcrt.dll" section .reloc at 0x1c8e6b000 off b9000 size 1000 virt 25c flags 42000040
00d4:trace:module:load_dll looking for L"kernel32.dll" in (null)
00d4:trace:module:load_dll Found L"C:\\windows\\system32\\kernel32.dll" for L"kernel32.dll" at 000000007B600000, count=3
00d4:trace:module:import_dll is not hybrid module
00d4:trace:module:load_dll looking for L"ntdll.dll" in (null)
00d4:trace:module:load_dll Found L"C:\\windows\\system32\\ntdll.dll" for L"ntdll.dll" at 0000000170000000, count=4
00d4:trace:module:import_dll is not hybrid module
00d4:trace:module:build_module loaded L"\\??\\C:\\windows\\system32\\msvcrt.dll" 00000000003325A0 00000001C8DB0000
00d4:trace:loaddll:build_module Loaded L"C:\\windows\\system32\\msvcrt.dll" at 00000001C8DB0000: builtin
00d4:trace:module:load_dll Loaded module L"\\??\\C:\\windows\\system32\\msvcrt.dll" at 00000001C8DB0000
00d4:trace:module:import_dll is not hybrid module
00d4:trace:module:load_dll looking for L"ntdll.dll" in (null)
00d4:trace:module:load_dll Found L"C:\\windows\\system32\\ntdll.dll" for L"ntdll.dll" at 0000000170000000, count=5
00d4:trace:module:import_dll is not hybrid module
00d4:trace:module:load_dll looking for L"sechost.dll" in (null)
00d4:trace:module:get_load_order looking for L"C:\\windows\\system32\\sechost.dll"
00d4:trace:module:get_load_order got hardcoded default for L"sechost.dll"
00d4:trace:module:map_image_into_view mapping PE file L"\\??\\C:\\windows\\system32\\sechost.dll" at 0x32a700000-0x32a72d000
00d4:trace:module:map_image_into_view mapping L"\\??\\C:\\windows\\system32\\sechost.dll" section .text at 0x32a701000 off 1000 size 1b000 virt 1aeb0 flags 60000060
00d4:trace:module:map_image_into_view mapping L"\\??\\C:\\windows\\system32\\sechost.dll" section .data at 0x32a71c000 off 1c000 size 1000 virt 170 flags c0000040
00d4:trace:module:map_image_into_view mapping L"\\??\\C:\\windows\\system32\\sechost.dll" section .rodata at 0x32a71d000 off 1d000 size 1000 virt ef0 flags c0000040
00d4:trace:module:map_image_into_view mapping L"\\??\\C:\\windows\\system32\\sechost.dll" section .rdata at 0x32a71e000 off 1e000 size 4000 virt 38d0 flags 40000040
00d4:trace:module:map_image_into_view mapping L"\\??\\C:\\windows\\system32\\sechost.dll" section .pdata at 0x32a722000 off 22000 size 1000 virt b64 flags 40000040
00d4:trace:module:map_image_into_view mapping L"\\??\\C:\\windows\\system32\\sechost.dll" section .xdata at 0x32a723000 off 23000 size 1000 virt c00 flags 40000040
00d4:trace:module:map_image_into_view mapping L"\\??\\C:\\windows\\system32\\sechost.dll" section .bss at 0x32a724000 off 0 size 0 virt 1a0 flags c0000080
00d4:trace:module:map_image_into_view mapping L"\\??\\C:\\windows\\system32\\sechost.dll" section .edata at 0x32a725000 off 24000 size 5000 virt 46ae flags 40000040
00d4:trace:module:map_image_into_view mapping L"\\??\\C:\\windows\\system32\\sechost.dll" section .idata at 0x32a72a000 off 29000 size 2000 virt 121c flags c0000040
00d4:trace:module:map_image_into_view mapping L"\\??\\C:\\windows\\system32\\sechost.dll" section .reloc at 0x32a72c000 off 2b000 size 1000 virt f8 flags 42000040
00d4:trace:module:load_dll looking for L"kernel32.dll" in (null)
00d4:trace:module:load_dll Found L"C:\\windows\\system32\\kernel32.dll" for L"kernel32.dll" at 000000007B600000, count=4
00d4:trace:module:import_dll is not hybrid module
00d4:trace:module:load_dll looking for L"kernelbase.dll" in (null)
00d4:trace:module:load_dll Found L"C:\\windows\\system32\\kernelbase.dll" for L"kernelbase.dll" at 000000007B000000, count=3
00d4:trace:module:import_dll is not hybrid module
00d4:trace:module:load_dll looking for L"ntdll.dll" in (null)
00d4:trace:module:load_dll Found L"C:\\windows\\system32\\ntdll.dll" for L"ntdll.dll" at 0000000170000000, count=6
00d4:trace:module:import_dll is not hybrid module
00d4:trace:module:load_dll looking for L"ucrtbase.dll" in (null)
00d4:trace:module:get_load_order looking for L"C:\\windows\\system32\\ucrtbase.dll"
00d4:trace:module:get_load_order got hardcoded default for L"ucrtbase.dll"
00d4:trace:module:map_image_into_view mapping PE file L"\\??\\C:\\windows\\system32\\ucrtbase.dll" at 0x3af670000-0x3af759000
00d4:trace:module:map_image_into_view mapping L"\\??\\C:\\windows\\system32\\ucrtbase.dll" section .text at 0x3af671000 off 1000 size ab000 virt aa4c0 flags 60000060
00d4:trace:module:map_image_into_view mapping L"\\??\\C:\\windows\\system32\\ucrtbase.dll" section .data at 0x3af71c000 off ac000 size 2000 virt 1ac0 flags c0000040
00d4:trace:module:map_image_into_view mapping L"\\??\\C:\\windows\\system32\\ucrtbase.dll" section .rodata at 0x3af71e000 off ae000 size 4000 virt 3988 flags c0000040
00d4:trace:module:map_image_into_view mapping L"\\??\\C:\\windows\\system32\\ucrtbase.dll" section .rdata at 0x3af722000 off b2000 size d000 virt cb50 flags 40000040
00d4:trace:module:map_image_into_view mapping L"\\??\\C:\\windows\\system32\\ucrtbase.dll" section .pdata at 0x3af72f000 off bf000 size 5000 virt 4d10 flags 40000040
00d4:trace:module:map_image_into_view mapping L"\\??\\C:\\windows\\system32\\ucrtbase.dll" section .xdata at 0x3af734000 off c4000 size 5000 virt 4cd0 flags 40000040
00d4:trace:module:map_image_into_view mapping L"\\??\\C:\\windows\\system32\\ucrtbase.dll" section .bss at 0x3af739000 off 0 size 0 virt 20c0 flags c0000080
00d4:trace:module:map_image_into_view mapping L"\\??\\C:\\windows\\system32\\ucrtbase.dll" section .edata at 0x3af73c000 off c9000 size 19000 virt 186cd flags 40000040
00d4:trace:module:map_image_into_view mapping L"\\??\\C:\\windows\\system32\\ucrtbase.dll" section .idata at 0x3af755000 off e2000 size 2000 virt 1a84 flags c0000040
00d4:trace:module:map_image_into_view mapping L"\\??\\C:\\windows\\system32\\ucrtbase.dll" section .rsrc at 0x3af757000 off e4000 size 1000 virt 3c8 flags 40000040
00d4:trace:module:map_image_into_view mapping L"\\??\\C:\\windows\\system32\\ucrtbase.dll" section .reloc at 0x3af758000 off e5000 size 1000 virt 29c flags 42000040
00d4:trace:module:load_dll looking for L"kernel32.dll" in (null)
00d4:trace:module:load_dll Found L"C:\\windows\\system32\\kernel32.dll" for L"kernel32.dll" at 000000007B600000, count=5
00d4:trace:module:import_dll is not hybrid module
00d4:trace:module:load_dll looking for L"ntdll.dll" in (null)
00d4:trace:module:load_dll Found L"C:\\windows\\system32\\ntdll.dll" for L"ntdll.dll" at 0000000170000000, count=7
00d4:trace:module:import_dll is not hybrid module
00d4:trace:module:build_module loaded L"\\??\\C:\\windows\\system32\\ucrtbase.dll" 0000000000332B80 00000003AF670000
00d4:trace:loaddll:build_module Loaded L"C:\\windows\\system32\\ucrtbase.dll" at 00000003AF670000: builtin
00d4:trace:module:load_dll Loaded module L"\\??\\C:\\windows\\system32\\ucrtbase.dll" at 00000003AF670000
00d4:trace:module:import_dll is not hybrid module
00d4:trace:module:build_module loaded L"\\??\\C:\\windows\\system32\\sechost.dll" 0000000000332870 000000032A700000
00d4:trace:loaddll:build_module Loaded L"C:\\windows\\system32\\sechost.dll" at 000000032A700000: builtin
00d4:trace:module:load_dll Loaded module L"\\??\\C:\\windows\\system32\\sechost.dll" at 000000032A700000
00d4:trace:module:import_dll is not hybrid module
00d4:trace:module:build_module loaded L"\\??\\C:\\windows\\system32\\advapi32.dll" 0000000000332390 0000000330260000
00d4:trace:loaddll:build_module Loaded L"C:\\windows\\system32\\advapi32.dll" at 0000000330260000: builtin
00d4:trace:module:load_dll Loaded module L"\\??\\C:\\windows\\system32\\advapi32.dll" at 0000000330260000
00d4:trace:module:import_dll is not hybrid module
00d4:trace:module:load_dll looking for L"kernel32.dll" in (null)
00d4:trace:module:load_dll Found L"C:\\windows\\system32\\kernel32.dll" for L"kernel32.dll" at 000000007B600000, count=6
00d4:trace:module:import_dll is not hybrid module
00d4:trace:module:load_dll looking for L"ntdll.dll" in (null)
00d4:trace:module:load_dll Found L"C:\\windows\\system32\\ntdll.dll" for L"ntdll.dll" at 0000000170000000, count=8
00d4:trace:module:import_dll is not hybrid module
00d4:trace:module:load_dll looking for L"rpcrt4.dll" in (null)
00d4:trace:module:get_load_order looking for L"C:\\windows\\system32\\rpcrt4.dll"
00d4:trace:module:get_load_order got hardcoded default for L"rpcrt4.dll"
00d4:trace:module:map_image_into_view mapping PE file L"\\??\\C:\\windows\\system32\\rpcrt4.dll" at 0x231ae0000-0x231b70000
00d4:trace:module:map_image_into_view mapping L"\\??\\C:\\windows\\system32\\rpcrt4.dll" section .text at 0x231ae1000 off 1000 size 54000 virt 53970 flags 60000060
00d4:trace:module:map_image_into_view mapping L"\\??\\C:\\windows\\system32\\rpcrt4.dll" section .data at 0x231b35000 off 55000 size 1000 virt 710 flags c0000040
00d4:trace:module:map_image_into_view mapping L"\\??\\C:\\windows\\system32\\rpcrt4.dll" section .rodata at 0x231b36000 off 56000 size 2000 virt 1b44 flags c0000040
00d4:trace:module:map_image_into_view mapping L"\\??\\C:\\windows\\system32\\rpcrt4.dll" section .rdata at 0x231b38000 off 58000 size 16000 virt 153f0 flags 40000040
00d4:trace:module:map_image_into_view mapping L"\\??\\C:\\windows\\system32\\rpcrt4.dll" section .pdata at 0x231b4e000 off 6e000 size 3000 virt 22f8 flags 40000040
00d4:trace:module:map_image_into_view mapping L"\\??\\C:\\windows\\system32\\rpcrt4.dll" section .xdata at 0x231b51000 off 71000 size 3000 virt 2934 flags 40000040
00d4:trace:module:map_image_into_view mapping L"\\??\\C:\\windows\\system32\\rpcrt4.dll" section .bss at 0x231b54000 off 0 size 0 virt 690 flags c0000080
00d4:trace:module:map_image_into_view mapping L"\\??\\C:\\windows\\system32\\rpcrt4.dll" section .edata at 0x231b55000 off 74000 size 17000 virt 16730 flags 40000040
00d4:trace:module:map_image_into_view mapping L"\\??\\C:\\windows\\system32\\rpcrt4.dll" section .idata at 0x231b6c000 off 8b000 size 2000 virt 19ac flags c0000040
00d4:trace:module:map_image_into_view mapping L"\\??\\C:\\windows\\system32\\rpcrt4.dll" section .rsrc at 0x231b6e000 off 8d000 size 1000 virt 3a8 flags 40000040
00d4:trace:module:map_image_into_view mapping L"\\??\\C:\\windows\\system32\\rpcrt4.dll" section .reloc at 0x231b6f000 off 8e000 size 1000 virt 504 flags 42000040
00d4:trace:module:load_dll looking for L"advapi32.dll" in (null)
00d4:trace:module:load_dll Found L"C:\\windows\\system32\\advapi32.dll" for L"advapi32.dll" at 0000000330260000, count=2
00d4:trace:module:import_dll is not hybrid module
00d4:trace:module:load_dll looking for L"kernel32.dll" in (null)
00d4:trace:module:load_dll Found L"C:\\windows\\system32\\kernel32.dll" for L"kernel32.dll" at 000000007B600000, count=7
00d4:trace:module:import_dll is not hybrid module
00d4:trace:module:load_dll looking for L"ntdll.dll" in (null)
00d4:trace:module:load_dll Found L"C:\\windows\\system32\\ntdll.dll" for L"ntdll.dll" at 0000000170000000, count=9
00d4:trace:module:import_dll is not hybrid module
00d4:trace:module:load_dll looking for L"ucrtbase.dll" in (null)
00d4:trace:module:load_dll Found L"C:\\windows\\system32\\ucrtbase.dll" for L"ucrtbase.dll" at 00000003AF670000, count=2
00d4:trace:module:import_dll is not hybrid module
00d4:trace:module:build_module loaded L"\\??\\C:\\windows\\system32\\rpcrt4.dll" 0000000000332E70 0000000231AE0000
00d4:trace:loaddll:build_module Loaded L"C:\\windows\\system32\\rpcrt4.dll" at 0000000231AE0000: builtin
00d4:trace:module:load_dll Loaded module L"\\??\\C:\\windows\\system32\\rpcrt4.dll" at 0000000231AE0000
00d4:trace:module:import_dll is not hybrid module
00d4:trace:module:load_dll looking for L"ucrtbase.dll" in (null)
00d4:trace:module:load_dll Found L"C:\\windows\\system32\\ucrtbase.dll" for L"ucrtbase.dll" at 00000003AF670000, count=3
00d4:trace:module:import_dll is not hybrid module
00d4:trace:module:process_attach (L"ntdll.dll",000000000021FB00) - START
00d4:trace:module:MODULE_InitDLL (0000000170000000 L"ntdll.dll",PROCESS_ATTACH,000000000021FB00) 000000017007B180 - CALL
00d4:trace:module:MODULE_InitDLL (0000000170000000,PROCESS_ATTACH,000000000021FB00) - RETURN 1
00d4:trace:module:process_attach (L"ntdll.dll",000000000021FB00) - END
00d4:trace:module:process_attach (L"kernel32.dll",000000000021FB00) - START
00d4:trace:module:process_attach (L"kernelbase.dll",000000000021FB00) - START
00d4:trace:module:MODULE_InitDLL (000000007B000000 L"kernelbase.dll",PROCESS_ATTACH,000000000021FB00) 000000007B04C9C0 - CALL
00d4:trace:module:LdrGetDllHandleEx flags 0, load_path 0000000000335310, dll_characteristics 0000000000000000, name 000000000021EC00, base 000000000021EBA8.
00d4:trace:module:LdrGetDllHandleEx L"C:\\windows\\system32\\tzres.dll" -> 0000000000000000 (load path L"C:\\windows\\system32;C:\\windows\\system32;C:\\windows\\system;C:\\windows;.;C:\\windows\\system32;C:\\windows;C:\\windows\\system32\\wbem;C:\\windows\\system32\\WindowsPowershell\\v1.0")
00d4:trace:module:get_load_order looking for L"C:\\windows\\system32\\tzres.dll"
00d4:trace:module:get_load_order got hardcoded default for L"tzres.dll"
00d4:trace:module:map_image_into_view mapping PE file L"\\??\\C:\\windows\\system32\\tzres.dll" at 0x10000000-0x10073000
00d4:trace:module:map_image_into_view mapping L"\\??\\C:\\windows\\system32\\tzres.dll" section .rsrc at 0x10001000 off 1000 size 72000 virt 71d74 flags 40000040
00d4:trace:module:FindResourceExW 0000000010000002 #0006 #0786 0000
00d4:trace:module:LoadResource 0000000010000002 000000001000B4B8
00d4:trace:module:LdrGetDllHandleEx flags 0, load_path 0000000000335420, dll_characteristics 0000000000000000, name 000000000021EC00, base 000000000021EBA8.
00d4:trace:module:LdrGetDllHandleEx L"C:\\windows\\system32\\tzres.dll" -> 0000000000000000 (load path L"C:\\windows\\system32;C:\\windows\\system32;C:\\windows\\system;C:\\windows;.;C:\\windows\\system32;C:\\windows;C:\\windows\\system32\\wbem;C:\\windows\\system32\\WindowsPowershell\\v1.0")
00d4:trace:module:get_load_order looking for L"C:\\windows\\system32\\tzres.dll"
00d4:trace:module:get_load_order got hardcoded default for L"tzres.dll"
00d4:trace:module:map_image_into_view mapping PE file L"\\??\\C:\\windows\\system32\\tzres.dll" at 0x10000000-0x10073000
00d4:trace:module:map_image_into_view mapping L"\\??\\C:\\windows\\system32\\tzres.dll" section .rsrc at 0x10001000 off 1000 size 72000 virt 71d74 flags 40000040
00d4:trace:module:FindResourceExW 0000000010000002 #0006 #0786 0000
00d4:trace:module:LoadResource 0000000010000002 000000001000B4B8
00d4:trace:module:MODULE_InitDLL (000000007B000000,PROCESS_ATTACH,000000000021FB00) - RETURN 1
00d4:trace:module:process_attach (L"kernelbase.dll",000000000021FB00) - END
00d4:trace:module:MODULE_InitDLL (000000007B600000 L"kernel32.dll",PROCESS_ATTACH,000000000021FB00) 000000007B636E80 - CALL
00d4:trace:module:MODULE_InitDLL (000000007B600000,PROCESS_ATTACH,000000000021FB00) - RETURN 1
00d4:trace:module:process_attach (L"kernel32.dll",000000000021FB00) - END
00d4:trace:module:process_attach (L"advapi32.dll",000000000021FB00) - START
00d4:trace:module:process_attach (L"msvcrt.dll",000000000021FB00) - START
00d4:trace:module:MODULE_InitDLL (00000001C8DB0000 L"msvcrt.dll",PROCESS_ATTACH,000000000021FB00) 00000001C8E3E9D0 - CALL
00d4:trace:module:LdrGetDllFullName module 0000000000000000, name 000000000021F020.
00d4:trace:module:GetModuleFileNameW L"C:\\windows\\system32\\rpcss.exe"
00d4:trace:module:LdrGetDllFullName module 0000000000000000, name 000000000021F070.
00d4:trace:module:GetModuleFileNameW L"C:\\windows\\system32\\rpcss.exe"
00d4:trace:module:LdrAddRefDll (L"msvcrt.dll") ldr.LoadCount: -1
00d4:trace:module:MODULE_InitDLL (00000001C8DB0000,PROCESS_ATTACH,000000000021FB00) - RETURN 1
00d4:trace:module:process_attach (L"msvcrt.dll",000000000021FB00) - END
00d4:trace:module:process_attach (L"sechost.dll",000000000021FB00) - START
00d4:trace:module:process_attach (L"ucrtbase.dll",000000000021FB00) - START
00d4:trace:module:MODULE_InitDLL (00000003AF670000 L"ucrtbase.dll",PROCESS_ATTACH,000000000021FB00) 00000003AF71AC10 - CALL
00d4:trace:module:LdrGetDllFullName module 0000000000000000, name 000000000021EFA0.
00d4:trace:module:GetModuleFileNameW L"C:\\windows\\system32\\rpcss.exe"
00d4:trace:module:LdrGetDllFullName module 0000000000000000, name 000000000021EFF0.
00d4:trace:module:GetModuleFileNameW L"C:\\windows\\system32\\rpcss.exe"
00d4:trace:module:MODULE_InitDLL (00000003AF670000,PROCESS_ATTACH,000000000021FB00) - RETURN 1
00d4:trace:module:process_attach (L"ucrtbase.dll",000000000021FB00) - END
00d4:trace:module:MODULE_InitDLL (000000032A700000 L"sechost.dll",PROCESS_ATTACH,000000000021FB00) 000000032A71AF60 - CALL
00d4:trace:module:MODULE_InitDLL (000000032A700000,PROCESS_ATTACH,000000000021FB00) - RETURN 1
00d4:trace:module:process_attach (L"sechost.dll",000000000021FB00) - END
00d4:trace:module:MODULE_InitDLL (0000000330260000 L"advapi32.dll",PROCESS_ATTACH,000000000021FB00) 0000000330288030 - CALL
00d4:trace:module:MODULE_InitDLL (0000000330260000,PROCESS_ATTACH,000000000021FB00) - RETURN 1
00d4:trace:module:process_attach (L"advapi32.dll",000000000021FB00) - END
00d4:trace:module:process_attach (L"rpcrt4.dll",000000000021FB00) - START
00d4:trace:module:MODULE_InitDLL (0000000231AE0000 L"rpcrt4.dll",PROCESS_ATTACH,000000000021FB00) 0000000231B334D0 - CALL
00d4:trace:module:MODULE_InitDLL (0000000231AE0000,PROCESS_ATTACH,000000000021FB00) - RETURN 1
00d4:trace:module:process_attach (L"rpcrt4.dll",000000000021FB00) - END
00d4:trace:module:LdrGetDllHandleEx flags 0x1, load_path 0000000000000000, dll_characteristics 0000000000000000, name 000000000021F870, base 000000000021F868.
00d4:trace:module:LdrGetDllHandleEx L"ntdll.dll" -> 0000000170000000 (load path (null))
00d4:trace:module:LdrResolveDelayLoadedAPI (000000032A700000, 000000032A71BE70, 0000000000000000, 000000007B60C510, 000000032A72A620, 0x00000000)
00d4:trace:module:load_dll looking for L"rpcrt4.dll" in (null)
00d4:trace:module:load_dll Found L"C:\\windows\\system32\\rpcrt4.dll" for L"rpcrt4.dll" at 0000000231AE0000, count=-1
00d4:trace:module:LdrGetDllHandleEx flags 0x1, load_path 0000000000000000, dll_characteristics 0000000000000000, name 000000000021ECE0, base 000000000021ECD8.
00d4:trace:module:LdrGetDllHandleEx L"ntdll.dll" -> 0000000170000000 (load path (null))
00d4:trace:module:LdrResolveDelayLoadedAPI (000000032A700000, 000000032A71BE70, 0000000000000000, 000000007B60C510, 000000032A72A700, 0x00000000)
00d4:trace:module:LdrGetDllHandleEx flags 0x1, load_path 0000000000000000, dll_characteristics 0000000000000000, name 000000000021EEF0, base 000000000021EEE8.
00d4:trace:module:LdrGetDllHandleEx L"ntdll.dll" -> 0000000170000000 (load path (null))
00d4:trace:module:LdrResolveDelayLoadedAPI (000000032A700000, 000000032A71BE70, 0000000000000000, 000000007B60C510, 000000032A72A6E8, 0x00000000)
00d4:trace:module:LdrResolveDelayLoadedAPI (000000032A700000, 000000032A71BE70, 0000000000000000, 000000007B60C510, 000000032A72A710, 0x00000000)
00d4:trace:module:LdrResolveDelayLoadedAPI (000000032A700000, 000000032A71BE70, 0000000000000000, 000000007B60C510, 000000032A72A6A0, 0x00000000)
00d4:trace:module:LdrResolveDelayLoadedAPI (000000032A700000, 000000032A71BE70, 0000000000000000, 000000007B60C510, 000000032A72A680, 0x00000000)
00d8:trace:module:MODULE_InitDLL (00000001C8DB0000 L"msvcrt.dll",THREAD_ATTACH,0000000000000000) 00000001C8E3E9D0 - CALL
00d8:trace:module:MODULE_InitDLL (00000001C8DB0000,THREAD_ATTACH,0000000000000000) - RETURN 1
00d8:trace:module:MODULE_InitDLL (00000003AF670000 L"ucrtbase.dll",THREAD_ATTACH,0000000000000000) 00000003AF71AC10 - CALL
00d8:trace:module:MODULE_InitDLL (00000003AF670000,THREAD_ATTACH,0000000000000000) - RETURN 1
00d8:trace:module:MODULE_InitDLL (0000000231AE0000 L"rpcrt4.dll",THREAD_ATTACH,0000000000000000) 0000000231B334D0 - CALL
00d8:trace:module:MODULE_InitDLL (0000000231AE0000,THREAD_ATTACH,0000000000000000) - RETURN 1
00d4:trace:module:LdrResolveDelayLoadedAPI (000000032A700000, 000000032A71BE70, 0000000000000000, 000000007B60C510, 000000032A72A6A8, 0x00000000)
00d4:trace:module:LdrResolveDelayLoadedAPI (000000032A700000, 000000032A71BE70, 0000000000000000, 000000007B60C510, 000000032A72A6B8, 0x00000000)
00dc:trace:module:MODULE_InitDLL (00000001C8DB0000 L"msvcrt.dll",THREAD_ATTACH,0000000000000000) 00000001C8E3E9D0 - CALL
00dc:trace:module:MODULE_InitDLL (00000001C8DB0000,THREAD_ATTACH,0000000000000000) - RETURN 1
00dc:trace:module:MODULE_InitDLL (00000003AF670000 L"ucrtbase.dll",THREAD_ATTACH,0000000000000000) 00000003AF71AC10 - CALL
00dc:trace:module:MODULE_InitDLL (00000003AF670000,THREAD_ATTACH,0000000000000000) - RETURN 1
00dc:trace:module:MODULE_InitDLL (0000000231AE0000 L"rpcrt4.dll",THREAD_ATTACH,0000000000000000) 0000000231B334D0 - CALL
00dc:trace:module:MODULE_InitDLL (0000000231AE0000,THREAD_ATTACH,0000000000000000) - RETURN 1
00d4:trace:module:LdrResolveDelayLoadedAPI (000000032A700000, 000000032A71BE70, 0000000000000000, 000000007B60C510, 000000032A72A618, 0x00000000)
00d4:trace:module:LdrResolveDelayLoadedAPI (000000032A700000, 000000032A71BE70, 0000000000000000, 000000007B60C510, 000000032A72A678, 0x00000000)
00d4:trace:module:LdrResolveDelayLoadedAPI (000000032A700000, 000000032A71BE70, 0000000000000000, 000000007B60C510, 000000032A72A6D8, 0x00000000)
00e0:trace:module:MODULE_InitDLL (00000001C8DB0000 L"msvcrt.dll",THREAD_ATTACH,0000000000000000) 00000001C8E3E9D0 - CALL
00e0:trace:module:MODULE_InitDLL (00000001C8DB0000,THREAD_ATTACH,0000000000000000) - RETURN 1
00e0:trace:module:MODULE_InitDLL (00000003AF670000 L"ucrtbase.dll",THREAD_ATTACH,0000000000000000) 00000003AF71AC10 - CALL
00e0:trace:module:MODULE_InitDLL (00000003AF670000,THREAD_ATTACH,0000000000000000) - RETURN 1
00e0:trace:module:MODULE_InitDLL (0000000231AE0000 L"rpcrt4.dll",THREAD_ATTACH,0000000000000000) 0000000231B334D0 - CALL
00e0:trace:module:MODULE_InitDLL (0000000231AE0000,THREAD_ATTACH,0000000000000000) - RETURN 1
00e0:trace:module:LdrResolveDelayLoadedAPI (000000032A700000, 000000032A71BE70, 0000000000000000, 000000007B60C510, 000000032A72A608, 0x00000000)
00e0:trace:module:LdrResolveDelayLoadedAPI (000000032A700000, 000000032A71BE70, 0000000000000000, 000000007B60C510, 000000032A72A658, 0x00000000)
00e0:trace:module:LdrResolveDelayLoadedAPI (000000032A700000, 000000032A71BE70, 0000000000000000, 000000007B60C510, 000000032A72A610, 0x00000000)
00e0:trace:module:LdrResolveDelayLoadedAPI (000000032A700000, 000000032A71BE70, 0000000000000000, 000000007B60C510, 000000032A72A660, 0x00000000)
00e4:trace:module:MODULE_InitDLL (00000001C8DB0000 L"msvcrt.dll",THREAD_ATTACH,0000000000000000) 00000001C8E3E9D0 - CALL
00e4:trace:module:MODULE_InitDLL (00000001C8DB0000,THREAD_ATTACH,0000000000000000) - RETURN 1
00e4:trace:module:MODULE_InitDLL (00000003AF670000 L"ucrtbase.dll",THREAD_ATTACH,0000000000000000) 00000003AF71AC10 - CALL
00e4:trace:module:MODULE_InitDLL (00000003AF670000,THREAD_ATTACH,0000000000000000) - RETURN 1
00e4:trace:module:MODULE_InitDLL (0000000231AE0000 L"rpcrt4.dll",THREAD_ATTACH,0000000000000000) 0000000231B334D0 - CALL
00e4:trace:module:MODULE_InitDLL (0000000231AE0000,THREAD_ATTACH,0000000000000000) - RETURN 1
00e4:trace:module:LdrGetDllHandleEx flags 0x1, load_path 0000000000000000, dll_characteristics 0000000000000000, name 00000000010BF840, base 00000000010BF838.
00e4:trace:module:LdrGetDllHandleEx L"ntdll.dll" -> 0000000170000000 (load path (null))
00e8:trace:module:MODULE_InitDLL (00000001C8DB0000 L"msvcrt.dll",THREAD_ATTACH,0000000000000000) 00000001C8E3E9D0 - CALL
00e8:trace:module:MODULE_InitDLL (00000001C8DB0000,THREAD_ATTACH,0000000000000000) - RETURN 1
00e8:trace:module:MODULE_InitDLL (00000003AF670000 L"ucrtbase.dll",THREAD_ATTACH,0000000000000000) 00000003AF71AC10 - CALL
00e8:trace:module:MODULE_InitDLL (00000003AF670000,THREAD_ATTACH,0000000000000000) - RETURN 1
00e8:trace:module:MODULE_InitDLL (0000000231AE0000 L"rpcrt4.dll",THREAD_ATTACH,0000000000000000) 0000000231B334D0 - CALL
00e8:trace:module:MODULE_InitDLL (0000000231AE0000,THREAD_ATTACH,0000000000000000) - RETURN 1
00ec:trace:module:MODULE_InitDLL (00000001C8DB0000 L"msvcrt.dll",THREAD_ATTACH,0000000000000000) 00000001C8E3E9D0 - CALL
00ec:trace:module:MODULE_InitDLL (00000001C8DB0000,THREAD_ATTACH,0000000000000000) - RETURN 1
00ec:trace:module:MODULE_InitDLL (00000003AF670000 L"ucrtbase.dll",THREAD_ATTACH,0000000000000000) 00000003AF71AC10 - CALL
00ec:trace:module:MODULE_InitDLL (00000003AF670000,THREAD_ATTACH,0000000000000000) - RETURN 1
00ec:trace:module:MODULE_InitDLL (0000000231AE0000 L"rpcrt4.dll",THREAD_ATTACH,0000000000000000) 0000000231B334D0 - CALL
00ec:trace:module:MODULE_InitDLL (0000000231AE0000,THREAD_ATTACH,0000000000000000) - RETURN 1
00e4:trace:module:LdrResolveDelayLoadedAPI (000000032A700000, 000000032A71BE70, 0000000000000000, 000000007B60C510, 000000032A72A6C0, 0x00000000)
00bc:trace:module:LdrResolveDelayLoadedAPI (000000032A700000, 000000032A71BE70, 0000000000000000, 000000007B60C510, 000000032A72A6D0, 0x00000000)
00bc:trace:module:LdrResolveDelayLoadedAPI (000000032A700000, 000000032A71BE70, 0000000000000000, 000000007B60C510, 000000032A72A650, 0x00000000)
00cc:trace:module:LdrShutdownThread ()
00cc:trace:module:MODULE_InitDLL (0000000231AE0000 L"rpcrt4.dll",THREAD_DETACH,0000000000000000) 0000000231B334D0 - CALL
00cc:trace:module:MODULE_InitDLL (0000000231AE0000,THREAD_DETACH,0000000000000000) - RETURN 1
00cc:trace:module:MODULE_InitDLL (00000003AF670000 L"ucrtbase.dll",THREAD_DETACH,0000000000000000) 00000003AF71AC10 - CALL
00cc:trace:module:MODULE_InitDLL (00000003AF670000,THREAD_DETACH,0000000000000000) - RETURN 1
00cc:trace:module:MODULE_InitDLL (00000001C8DB0000 L"msvcrt.dll",THREAD_DETACH,0000000000000000) 00000001C8E3E9D0 - CALL
00cc:trace:module:MODULE_InitDLL (00000001C8DB0000,THREAD_DETACH,0000000000000000) - RETURN 1
00f0:trace:module:MODULE_InitDLL (00000001C8DB0000 L"msvcrt.dll",THREAD_ATTACH,0000000000000000) 00000001C8E3E9D0 - CALL
00f0:trace:module:MODULE_InitDLL (00000001C8DB0000,THREAD_ATTACH,0000000000000000) - RETURN 1
00f0:trace:module:MODULE_InitDLL (00000003AF670000 L"ucrtbase.dll",THREAD_ATTACH,0000000000000000) 00000003AF71AC10 - CALL
00f0:trace:module:MODULE_InitDLL (00000003AF670000,THREAD_ATTACH,0000000000000000) - RETURN 1
00f0:trace:module:MODULE_InitDLL (0000000231AE0000 L"rpcrt4.dll",THREAD_ATTACH,0000000000000000) 0000000231B334D0 - CALL
00f0:trace:module:MODULE_InitDLL (0000000231AE0000,THREAD_ATTACH,0000000000000000) - RETURN 1
00f4:trace:module:MODULE_InitDLL (00000001C8DB0000 L"msvcrt.dll",THREAD_ATTACH,0000000000000000) 00000001C8E3E9D0 - CALL
00f4:trace:module:MODULE_InitDLL (00000001C8DB0000,THREAD_ATTACH,0000000000000000) - RETURN 1
00f4:trace:module:MODULE_InitDLL (00000003AF670000 L"ucrtbase.dll",THREAD_ATTACH,0000000000000000) 00000003AF71AC10 - CALL
00f4:trace:module:MODULE_InitDLL (00000003AF670000,THREAD_ATTACH,0000000000000000) - RETURN 1
00f4:trace:module:MODULE_InitDLL (0000000231AE0000 L"rpcrt4.dll",THREAD_ATTACH,0000000000000000) 0000000231B334D0 - CALL
00f4:trace:module:MODULE_InitDLL (0000000231AE0000,THREAD_ATTACH,0000000000000000) - RETURN 1
0024:trace:module:load_dll looking for L"winemac.drv" in L"Z:\\Volumes\\SSD\\Neva;C:\\windows\\system32;C:\\windows\\system;C:\\windows;.;C:\\windows\\system32;C:\\windows;C:\\windows\\system32\\wbem;C:\\windows\\system32\\WindowsPowershell\\v1.0"
0024:trace:module:get_load_order looking for L"C:\\windows\\system32\\winemac.drv"
0024:trace:module:get_load_order got hardcoded default for L"winemac.drv"
0024:trace:module:load_builtin L"\\??\\C:\\windows\\system32\\winemac.drv" is a fake Wine dll
0024:trace:module:load_dll looking for L"advapi32.dll" in L"Z:\\Volumes\\SSD\\Neva;C:\\windows\\system32;C:\\windows\\system;C:\\windows;.;C:\\windows\\system32;C:\\windows;C:\\windows\\system32\\wbem;C:\\windows\\system32\\WindowsPowershell\\v1.0"
0024:trace:module:load_dll Found L"C:\\windows\\system32\\advapi32.dll" for L"advapi32.dll" at 0000000330260000, count=-1
0024:trace:module:import_dll is not hybrid module
0024:trace:module:load_dll looking for L"gdi32.dll" in L"Z:\\Volumes\\SSD\\Neva;C:\\windows\\system32;C:\\windows\\system;C:\\windows;.;C:\\windows\\system32;C:\\windows;C:\\windows\\system32\\wbem;C:\\windows\\system32\\WindowsPowershell\\v1.0"
0024:trace:module:load_dll Found L"C:\\windows\\system32\\gdi32.dll" for L"gdi32.dll" at 000000026B4C0000, count=-1
0024:trace:module:import_dll is not hybrid module
0024:trace:module:load_dll looking for L"kernel32.dll" in L"Z:\\Volumes\\SSD\\Neva;C:\\windows\\system32;C:\\windows\\system;C:\\windows;.;C:\\windows\\system32;C:\\windows;C:\\windows\\system32\\wbem;C:\\windows\\system32\\WindowsPowershell\\v1.0"
0024:trace:module:load_dll Found L"C:\\windows\\system32\\kernel32.dll" for L"kernel32.dll" at 000000007B600000, count=-1
0024:trace:module:import_dll is not hybrid module
0024:trace:module:load_dll looking for L"ntdll.dll" in L"Z:\\Volumes\\SSD\\Neva;C:\\windows\\system32;C:\\windows\\system;C:\\windows;.;C:\\windows\\system32;C:\\windows;C:\\windows\\system32\\wbem;C:\\windows\\system32\\WindowsPowershell\\v1.0"
0024:trace:module:load_dll Found L"C:\\windows\\system32\\ntdll.dll" for L"ntdll.dll" at 0000000170000000, count=-1
0024:trace:module:import_dll is not hybrid module
0024:trace:module:load_dll looking for L"user32.dll" in L"Z:\\Volumes\\SSD\\Neva;C:\\windows\\system32;C:\\windows\\system;C:\\windows;.;C:\\windows\\system32;C:\\windows;C:\\windows\\system32\\wbem;C:\\windows\\system32\\WindowsPowershell\\v1.0"
0024:trace:module:load_dll Found L"C:\\windows\\system32\\USER32.dll" for L"user32.dll" at 000000023D820000, count=-1
0024:trace:module:import_dll is not hybrid module
0024:trace:module:load_dll looking for L"win32u.dll" in L"Z:\\Volumes\\SSD\\Neva;C:\\windows\\system32;C:\\windows\\system;C:\\windows;.;C:\\windows\\system32;C:\\windows;C:\\windows\\system32\\wbem;C:\\windows\\system32\\WindowsPowershell\\v1.0"
0024:trace:module:load_dll Found L"C:\\windows\\system32\\win32u.dll" for L"win32u.dll" at 000000006D980000, count=-1
0024:trace:module:import_dll is not hybrid module
0024:trace:module:build_module loaded L"\\??\\C:\\windows\\system32\\winemac.drv" 0000000000262290 00000000714A0000
0024:trace:loaddll:build_module Loaded L"C:\\windows\\system32\\winemac.drv" at 00000000714A0000: builtin
0024:trace:module:load_dll Loaded module L"\\??\\C:\\windows\\system32\\winemac.drv" at 00000000714A0000
0024:trace:module:process_attach (L"winemac.drv",0000000000000000) - START
0024:trace:module:MODULE_InitDLL (00000000714A0000 L"winemac.drv",PROCESS_ATTACH,0000000000000000) 00000000714BBB90 - CALL
0024:trace:module:LdrGetDllFullName module 0000000000000000, name 000000000010C5B0.
0024:trace:module:GetModuleFileNameW L"Z:\\Volumes\\SSD\\Neva\\Neva.exe"
0024:trace:module:FindResourceExW 00000000714A0000 #0006 #0011 0000
0024:trace:module:LoadResource 00000000714A0000 0000000071521A40
0024:trace:module:FindResourceExW 00000000714A0000 #0006 #0011 0000
0024:trace:module:LoadResource 00000000714A0000 0000000071521A40
0024:trace:module:FindResourceExW 00000000714A0000 #0006 #0011 0000
0024:trace:module:LoadResource 00000000714A0000 0000000071521A40
0024:trace:module:FindResourceExW 00000000714A0000 #0006 #0011 0000
0024:trace:module:LoadResource 00000000714A0000 0000000071521A40
0024:trace:module:FindResourceExW 00000000714A0000 #0006 #0011 0000
0024:trace:module:LoadResource 00000000714A0000 0000000071521A40
0024:trace:module:FindResourceExW 00000000714A0000 #0006 #0011 0000
0024:trace:module:LoadResource 00000000714A0000 0000000071521A40
0024:trace:module:FindResourceExW 00000000714A0000 #0006 #0011 0000
0024:trace:module:LoadResource 00000000714A0000 0000000071521A40
0024:trace:module:FindResourceExW 00000000714A0000 #0006 #0012 0000
0024:trace:module:LoadResource 00000000714A0000 0000000071521C00
0024:trace:module:FindResourceExW 00000000714A0000 #0006 #0012 0000
0024:trace:module:LoadResource 00000000714A0000 0000000071521C00
0024:trace:module:FindResourceExW 00000000714A0000 #0006 #0012 0000
0024:trace:module:LoadResource 00000000714A0000 0000000071521C00
0024:trace:module:FindResourceExW 00000000714A0000 #0006 #0012 0000
0024:trace:module:LoadResource 00000000714A0000 0000000071521C00
0024:trace:module:FindResourceExW 00000000714A0000 #0006 #0012 0000
0024:trace:module:LoadResource 00000000714A0000 0000000071521C00
0024:trace:module:MODULE_InitDLL (00000000714A0000,PROCESS_ATTACH,0000000000000000) - RETURN 1
0024:trace:module:process_attach (L"winemac.drv",0000000000000000) - END
0024:trace:module:EnumResourceNamesExW 0000000000000000 #000e 00000000714B1FF0 10e1d0
0024:trace:module:FindResourceExW 0000000140000000 #000e #0067 0000
0024:trace:module:LoadResource 0000000000000000 000000014001C280
0024:trace:module:FindResourceExW 0000000000000000 #0003 #0001 0000
0024:trace:module:LoadResource 0000000000000000 000000014001C1F0
0024:trace:module:LdrGetDllHandleEx flags 0x1, load_path 0000000000000000, dll_characteristics 0000000000000000, name 000000000010D810, base 000000000010D808.
0024:trace:module:LdrGetDllHandleEx L"ntdll.dll" -> 0000000170000000 (load path (null))
0024:trace:module:FindResourceExW 0000000000000000 #0003 #0002 0000
0024:trace:module:LoadResource 0000000000000000 000000014001C200
0024:trace:module:FindResourceExW 0000000000000000 #0003 #0003 0000
0024:trace:module:LoadResource 0000000000000000 000000014001C210
0024:trace:module:FindResourceExW 0000000000000000 #0003 #0004 0000
0024:trace:module:LoadResource 0000000000000000 000000014001C220
0024:trace:module:FindResourceExW 0000000000000000 #0003 #0005 0000
0024:trace:module:LoadResource 0000000000000000 000000014001C230
0024:trace:module:FindResourceExW 0000000000000000 #0003 #0006 0000
0024:trace:module:LoadResource 0000000000000000 000000014001C240
0024:trace:module:FindResourceExW 0000000000000000 #0003 #0007 0000
0024:trace:module:LoadResource 0000000000000000 000000014001C250
0024:trace:module:FindResourceExW 0000000000000000 #0003 #0008 0000
0024:trace:module:LoadResource 0000000000000000 000000014001C260
0024:trace:module:FindResourceExW 0000000000000000 #0003 #0009 0000
0024:trace:module:LoadResource 0000000000000000 000000014001C270
0024:trace:module:FindResourceExW 000000023D820000 #000c #7f00 0000
0024:trace:module:LoadResource 000000023D820000 000000023D93B4B0
0024:trace:module:FindResourceExW 000000023D820000 #0001 #0003 0000
0024:trace:module:LdrGetDllFullName module 000000023D820000, name 000000000010D9F0.
0024:trace:module:LoadResource 000000023D820000 000000023D939880
0024:trace:module:LdrGetDllFullName module 000000023D820000, name 000000000010D650.
0024:trace:module:FindResourceExW 000000023D820000 #000c #7f00 0000
0024:trace:module:LoadResource 000000023D820000 000000023D93B4B0
0024:trace:module:FindResourceExW 000000023D820000 #0001 #0003 0000
0024:trace:module:LdrGetDllFullName module 000000023D820000, name 000000000010D9F0.
0024:trace:module:FindResourceExW 000000023D820000 #000c #7f00 0000
0024:trace:module:LoadResource 000000023D820000 000000023D93B4B0
0024:trace:module:FindResourceExW 000000023D820000 #0001 #0003 0000
0024:trace:module:LdrGetDllFullName module 000000023D820000, name 000000000010D9F0.
0024:trace:module:FindResourceExW 000000023D820000 #000c #7f00 0000
0024:trace:module:LoadResource 000000023D820000 000000023D93B4B0
0024:trace:module:FindResourceExW 000000023D820000 #0001 #0003 0000
0024:trace:module:LdrGetDllFullName module 000000023D820000, name 000000000010D9F0.
0024:trace:module:FindResourceExW 000000023D820000 #000c #7f01 0000
0024:trace:module:LoadResource 000000023D820000 000000023D93B4C0
0024:trace:module:FindResourceExW 000000023D820000 #0001 #0009 0000
0024:trace:module:LdrGetDllFullName module 000000023D820000, name 000000000010D9F0.
0024:trace:module:LoadResource 000000023D820000 000000023D9398E0
0024:trace:module:LdrGetDllFullName module 000000023D820000, name 000000000010D650.
0024:trace:module:FindResourceExW 000000023D820000 #000c #7f00 0000
0024:trace:module:LoadResource 000000023D820000 000000023D93B4B0
0024:trace:module:FindResourceExW 000000023D820000 #0001 #0003 0000
0024:trace:module:LdrGetDllFullName module 000000023D820000, name 000000000010D9F0.
0024:trace:module:FindResourceExW 000000023D820000 #000c #7f00 0000
0024:trace:module:LoadResource 000000023D820000 000000023D93B4B0
0024:trace:module:FindResourceExW 000000023D820000 #0001 #0003 0000
0024:trace:module:LdrGetDllFullName module 000000023D820000, name 000000000010D9F0.
0024:trace:module:FindResourceExW 000000023D820000 #000c #7f00 0000
0024:trace:module:LoadResource 000000023D820000 000000023D93B4B0
0024:trace:module:FindResourceExW 000000023D820000 #0001 #0003 0000
0024:trace:module:LdrGetDllFullName module 000000023D820000, name 000000000010D9F0.
0024:trace:module:FindResourceExW 000000023D820000 #000c #7f00 0000
0024:trace:module:LoadResource 000000023D820000 000000023D93B4B0
0024:trace:module:FindResourceExW 000000023D820000 #0001 #0003 0000
0024:trace:module:LdrGetDllFullName module 000000023D820000, name 000000000010D9F0.
0024:trace:module:FindResourceExW 000000023D820000 #000c #7f00 0000
0024:trace:module:LoadResource 000000023D820000 000000023D93B4B0
0024:trace:module:FindResourceExW 000000023D820000 #0001 #0003 0000
0024:trace:module:LdrGetDllFullName module 000000023D820000, name 000000000010D9F0.
0024:trace:module:FindResourceExW 000000023D820000 #000c #7f00 0000
0024:trace:module:LoadResource 000000023D820000 000000023D93B4B0
0024:trace:module:FindResourceExW 000000023D820000 #0001 #0003 0000
0024:trace:module:LdrGetDllFullName module 000000023D820000, name 000000000010D9F0.
0024:trace:module:FindResourceExW 000000023D820000 #000c #7f00 0000
0024:trace:module:LoadResource 000000023D820000 000000023D93B4B0
0024:trace:module:FindResourceExW 000000023D820000 #0001 #0003 0000
0024:trace:module:LdrGetDllFullName module 000000023D820000, name 000000000010D9F0.
0024:trace:module:load_dll looking for L"uxtheme.dll" in L"Z:\\Volumes\\SSD\\Neva;C:\\windows\\system32;C:\\windows\\system;C:\\windows;.;C:\\windows\\system32;C:\\windows;C:\\windows\\system32\\wbem;C:\\windows\\system32\\WindowsPowershell\\v1.0"
0024:trace:module:get_load_order looking for L"C:\\windows\\system32\\uxtheme.dll"
0024:trace:module:get_load_order got hardcoded default for L"uxtheme.dll"
0024:trace:module:map_image_into_view mapping PE file L"\\??\\C:\\windows\\system32\\uxtheme.dll" at 0x2f7230000-0x2f726a000
0024:trace:module:map_image_into_view mapping L"\\??\\C:\\windows\\system32\\uxtheme.dll" section .text at 0x2f7231000 off 1000 size 18000 virt 17390 flags 60000060
0024:trace:module:map_image_into_view mapping L"\\??\\C:\\windows\\system32\\uxtheme.dll" section .data at 0x2f7249000 off 19000 size 1000 virt 110 flags c0000040
0024:trace:module:map_image_into_view mapping L"\\??\\C:\\windows\\system32\\uxtheme.dll" section .rodata at 0x2f724a000 off 1a000 size 1000 virt 430 flags c0000040
0024:trace:module:map_image_into_view mapping L"\\??\\C:\\windows\\system32\\uxtheme.dll" section .rdata at 0x2f724b000 off 1b000 size 16000 virt 15af0 flags 40000040
0024:trace:module:map_image_into_view mapping L"\\??\\C:\\windows\\system32\\uxtheme.dll" section .pdata at 0x2f7261000 off 31000 size 1000 virt 84c flags 40000040
0024:trace:module:map_image_into_view mapping L"\\??\\C:\\windows\\system32\\uxtheme.dll" section .xdata at 0x2f7262000 off 32000 size 1000 virt 958 flags 40000040
0024:trace:module:map_image_into_view mapping L"\\??\\C:\\windows\\system32\\uxtheme.dll" section .bss at 0x2f7263000 off 0 size 0 virt 4a0 flags c0000080
0024:trace:module:map_image_into_view mapping L"\\??\\C:\\windows\\system32\\uxtheme.dll" section .edata at 0x2f7264000 off 33000 size 2000 virt 1de0 flags 40000040
0024:trace:module:map_image_into_view mapping L"\\??\\C:\\windows\\system32\\uxtheme.dll" section .idata at 0x2f7266000 off 35000 size 2000 virt 1474 flags c0000040
0024:trace:module:map_image_into_view mapping L"\\??\\C:\\windows\\system32\\uxtheme.dll" section .rsrc at 0x2f7268000 off 37000 size 1000 virt 5f8 flags 40000040
0024:trace:module:map_image_into_view mapping L"\\??\\C:\\windows\\system32\\uxtheme.dll" section .reloc at 0x2f7269000 off 38000 size 1000 virt c0 flags 42000040
0024:trace:module:load_dll looking for L"advapi32.dll" in L"Z:\\Volumes\\SSD\\Neva;C:\\windows\\system32;C:\\windows\\system;C:\\windows;.;C:\\windows\\system32;C:\\windows;C:\\windows\\system32\\wbem;C:\\windows\\system32\\WindowsPowershell\\v1.0"
0024:trace:module:load_dll Found L"C:\\windows\\system32\\advapi32.dll" for L"advapi32.dll" at 0000000330260000, count=-1
0024:trace:module:import_dll is not hybrid module
0024:trace:module:load_dll looking for L"gdi32.dll" in L"Z:\\Volumes\\SSD\\Neva;C:\\windows\\system32;C:\\windows\\system;C:\\windows;.;C:\\windows\\system32;C:\\windows;C:\\windows\\system32\\wbem;C:\\windows\\system32\\WindowsPowershell\\v1.0"
0024:trace:module:load_dll Found L"C:\\windows\\system32\\gdi32.dll" for L"gdi32.dll" at 000000026B4C0000, count=-1
0024:trace:module:import_dll is not hybrid module
0024:trace:module:load_dll looking for L"kernel32.dll" in L"Z:\\Volumes\\SSD\\Neva;C:\\windows\\system32;C:\\windows\\system;C:\\windows;.;C:\\windows\\system32;C:\\windows;C:\\windows\\system32\\wbem;C:\\windows\\system32\\WindowsPowershell\\v1.0"
0024:trace:module:load_dll Found L"C:\\windows\\system32\\kernel32.dll" for L"kernel32.dll" at 000000007B600000, count=-1
0024:trace:module:import_dll is not hybrid module
0024:trace:module:load_dll looking for L"ntdll.dll" in L"Z:\\Volumes\\SSD\\Neva;C:\\windows\\system32;C:\\windows\\system;C:\\windows;.;C:\\windows\\system32;C:\\windows;C:\\windows\\system32\\wbem;C:\\windows\\system32\\WindowsPowershell\\v1.0"
0024:trace:module:load_dll Found L"C:\\windows\\system32\\ntdll.dll" for L"ntdll.dll" at 0000000170000000, count=-1
0024:trace:module:import_dll is not hybrid module
0024:trace:module:load_dll looking for L"ucrtbase.dll" in L"Z:\\Volumes\\SSD\\Neva;C:\\windows\\system32;C:\\windows\\system;C:\\windows;.;C:\\windows\\system32;C:\\windows;C:\\windows\\system32\\wbem;C:\\windows\\system32\\WindowsPowershell\\v1.0"
0024:trace:module:load_dll Found L"C:\\windows\\system32\\ucrtbase.dll" for L"ucrtbase.dll" at 00000003AF670000, count=-1
0024:trace:module:import_dll is not hybrid module
0024:trace:module:load_dll looking for L"user32.dll" in L"Z:\\Volumes\\SSD\\Neva;C:\\windows\\system32;C:\\windows\\system;C:\\windows;.;C:\\windows\\system32;C:\\windows;C:\\windows\\system32\\wbem;C:\\windows\\system32\\WindowsPowershell\\v1.0"
0024:trace:module:load_dll Found L"C:\\windows\\system32\\USER32.dll" for L"user32.dll" at 000000023D820000, count=-1
0024:trace:module:import_dll is not hybrid module
0024:trace:module:build_module loaded L"\\??\\C:\\windows\\system32\\uxtheme.dll" 0000000000262740 00000002F7230000
0024:trace:loaddll:build_module Loaded L"C:\\windows\\system32\\uxtheme.dll" at 00000002F7230000: builtin
0024:trace:module:load_dll Loaded module L"\\??\\C:\\windows\\system32\\uxtheme.dll" at 00000002F7230000
0024:trace:module:process_attach (L"uxtheme.dll",0000000000000000) - START
0024:trace:module:MODULE_InitDLL (00000002F7230000 L"uxtheme.dll",PROCESS_ATTACH,0000000000000000) 00000002F72473B0 - CALL
0024:trace:module:LdrGetDllHandleEx flags 0x1, load_path 0000000000000000, dll_characteristics 0000000000000000, name 000000000010D510, base 000000000010D508.
0024:trace:module:LdrGetDllHandleEx L"ntdll.dll" -> 0000000170000000 (load path (null))
0024:trace:module:LdrGetDllHandleEx flags 0x1, load_path 0000000000000000, dll_characteristics 0000000000000000, name 000000000010D520, base 000000000010D518.
0024:trace:module:LdrGetDllHandleEx L"ntdll.dll" -> 0000000170000000 (load path (null))
0024:trace:module:LdrGetDllHandleEx flags 0, load_path 0000000000262960, dll_characteristics 0000000000000000, name 000000000010D6E0, base 000000000010D688.
0024:trace:module:LdrGetDllHandleEx L"C:\\windows\\resources\\themes\\light\\light.msstyles" -> 0000000000000000 (load path L"Z:\\Volumes\\SSD\\Neva;C:\\windows\\system32;C:\\windows\\system;C:\\windows;.;C:\\windows\\system32;C:\\windows;C:\\windows\\system32\\wbem;C:\\windows\\system32\\WindowsPowershell\\v1.0")
0024:trace:module:FindResourceExW 0000000000E30001 L"PACKTHEM_VERSION" #0001 0000
0024:trace:module:LoadResource 0000000000E30001 0000000000E35310
0024:trace:module:FindResourceExW 0000000000E30001 L"COLORNAMES" #0001 0000
0024:trace:module:LoadResource 0000000000E30001 0000000000E352F0
0024:trace:module:FindResourceExW 0000000000E30001 L"SIZENAMES" #0001 0000
0024:trace:module:LoadResource 0000000000E30001 0000000000E35320
0024:trace:module:FindResourceExW 0000000000E30001 L"FILERESNAMES" #0001 0000
0024:trace:module:LoadResource 0000000000E30001 0000000000E35300
0024:trace:module:FindResourceExW 0000000000E30001 L"TEXTFILE" L"BLUE_INI" 0000
0024:trace:module:LoadResource 0000000000E30001 0000000000E35330
0024:trace:module:MODULE_InitDLL (00000002F7230000,PROCESS_ATTACH,0000000000000000) - RETURN 1
0024:trace:module:process_attach (L"uxtheme.dll",0000000000000000) - END
0024:trace:module:LdrGetDllHandleEx flags 0x1, load_path 0000000000000000, dll_characteristics 0000000000000000, name 000000000010E5F0, base 000000000010E5E8.
0024:trace:module:LdrGetDllHandleEx L"ntdll.dll" -> 0000000170000000 (load path (null))
0024:trace:module:LdrGetDllFullName module 0000000140000000, name 000000000010F360.
0024:trace:module:GetModuleFileNameW L"Z:\\Volumes\\SSD\\Neva\\Neva.exe"
[UnityMemory] Configuration Parameters - Can be set up in boot.config
    "memorysetup-bucket-allocator-granularity=16"
    "memorysetup-bucket-allocator-bucket-count=8"
    "memorysetup-bucket-allocator-block-size=4194304"
    "memorysetup-bucket-allocator-block-count=1"
    "memorysetup-main-allocator-block-size=16777216"
    "memorysetup-thread-allocator-block-size=16777216"
    "memorysetup-gfx-main-allocator-block-size=16777216"
    "memorysetup-gfx-thread-allocator-block-size=16777216"
    "memorysetup-cache-allocator-block-size=4194304"
    "memorysetup-typetree-allocator-block-size=2097152"
    "memorysetup-profiler-bucket-allocator-granularity=16"
    "memorysetup-profiler-bucket-allocator-bucket-count=8"
    "memorysetup-profiler-bucket-allocator-block-size=4194304"
    "memorysetup-profiler-bucket-allocator-block-count=1"
    "memorysetup-profiler-allocator-block-size=16777216"
    "memorysetup-profiler-editor-allocator-block-size=1048576"
    "memorysetup-temp-allocator-size-main=4194304"
    "memorysetup-job-temp-allocator-block-size=2097152"
    "memorysetup-job-temp-allocator-block-size-background=1048576"
    "memorysetup-job-temp-allocator-reduction-small-platforms=262144"
    "memorysetup-allocator-temp-initial-block-size-main=262144"
    "memorysetup-allocator-temp-initial-block-size-worker=262144"
    "memorysetup-temp-allocator-size-background-worker=32768"
    "memorysetup-temp-allocator-size-job-worker=262144"
    "memorysetup-temp-allocator-size-preload-manager=262144"
    "memorysetup-temp-allocator-size-nav-mesh-worker=65536"
    "memorysetup-temp-allocator-size-audio-worker=65536"
    "memorysetup-temp-allocator-size-cloud-worker=32768"
    "memorysetup-temp-allocator-size-gfx=262144"
0024:trace:module:LdrGetDllHandleEx flags 0x1, load_path 0000000000000000, dll_characteristics 0000000000000000, name 000000000010EE70, base 000000000010EE68.
0024:trace:module:LdrGetDllHandleEx L"ntdll.dll" -> 0000000170000000 (load path (null))
00f8:trace:module:alloc_thread_tls thread 00f8 slot 0: 336/0 bytes at 00000000002A8840
00f8:trace:module:MODULE_InitDLL (00000001C8DB0000 L"msvcrt.dll",THREAD_ATTACH,0000000000000000) 00000001C8E3E9D0 - CALL
00f8:trace:module:MODULE_InitDLL (00000001C8DB0000,THREAD_ATTACH,0000000000000000) - RETURN 1
00f8:trace:module:MODULE_InitDLL (00000003AF670000 L"ucrtbase.dll",THREAD_ATTACH,0000000000000000) 00000003AF71AC10 - CALL
00f8:trace:module:MODULE_InitDLL (00000003AF670000,THREAD_ATTACH,0000000000000000) - RETURN 1
00f8:trace:module:MODULE_InitDLL (000000023D820000 L"USER32.dll",THREAD_ATTACH,0000000000000000) 000000023D8F6990 - CALL
00f8:trace:module:MODULE_InitDLL (000000023D820000,THREAD_ATTACH,0000000000000000) - RETURN 1
00f8:trace:module:MODULE_InitDLL (00000003AFD00000 L"IMM32.dll",THREAD_ATTACH,0000000000000000) 00000003AFD0CE20 - CALL
00f8:trace:module:MODULE_InitDLL (00000003AFD00000,THREAD_ATTACH,0000000000000000) - RETURN 1
00f8:trace:module:MODULE_InitDLL (0000000231AE0000 L"rpcrt4.dll",THREAD_ATTACH,0000000000000000) 0000000231B334D0 - CALL
00f8:trace:module:MODULE_InitDLL (0000000231AE0000,THREAD_ATTACH,0000000000000000) - RETURN 1
00f8:trace:module:MODULE_InitDLL (0000000327020000 L"combase.dll",THREAD_ATTACH,0000000000000000) 000000032704BE40 - CALL
00f8:trace:module:MODULE_InitDLL (0000000327020000,THREAD_ATTACH,0000000000000000) - RETURN 1
00f8:trace:module:MODULE_InitDLL (00000002E8F10000 L"ole32.dll",THREAD_ATTACH,0000000000000000) 00000002E8FC5810 - CALL
00f8:trace:module:MODULE_InitDLL (00000002E8F10000,THREAD_ATTACH,0000000000000000) - RETURN 1
00f8:trace:module:MODULE_InitDLL (000000006DD70000 L"OPENGL32.dll",THREAD_ATTACH,0000000000000000) 000000006DE55D80 - CALL
00f8:trace:module:MODULE_InitDLL (000000006DD70000,THREAD_ATTACH,0000000000000000) - RETURN 1
00f8:trace:module:MODULE_InitDLL (00000001EC2B0000 L"ws2_32.dll",THREAD_ATTACH,0000000000000000) 00000001EC2C4980 - CALL
00f8:trace:module:MODULE_InitDLL (00000001EC2B0000,THREAD_ATTACH,0000000000000000) - RETURN 1
00f8:trace:module:MODULE_InitDLL (0000000180000000 L"UnityPlayer.dll",THREAD_ATTACH,0000000000000000) 00000001817F47C0 - CALL
00f8:trace:module:MODULE_InitDLL (0000000180000000,THREAD_ATTACH,0000000000000000) - RETURN 1
00f8:trace:module:LdrGetDllHandleEx flags 0x1, load_path 0000000000000000, dll_characteristics 0000000000000000, name 000000006166FC20, base 000000006166FC18.
00f8:trace:module:LdrGetDllHandleEx L"kernel32.dll" -> 000000007B600000 (load path (null))
00fc:trace:module:alloc_thread_tls thread 00fc slot 0: 336/0 bytes at 00000000002AB0A0
00fc:trace:module:MODULE_InitDLL (00000001C8DB0000 L"msvcrt.dll",THREAD_ATTACH,0000000000000000) 00000001C8E3E9D0 - CALL
00fc:trace:module:MODULE_InitDLL (00000001C8DB0000,THREAD_ATTACH,0000000000000000) - RETURN 1
00fc:trace:module:MODULE_InitDLL (00000003AF670000 L"ucrtbase.dll",THREAD_ATTACH,0000000000000000) 00000003AF71AC10 - CALL
00fc:trace:module:MODULE_InitDLL (00000003AF670000,THREAD_ATTACH,0000000000000000) - RETURN 1
00fc:trace:module:MODULE_InitDLL (000000023D820000 L"USER32.dll",THREAD_ATTACH,0000000000000000) 000000023D8F6990 - CALL
00fc:trace:module:MODULE_InitDLL (000000023D820000,THREAD_ATTACH,0000000000000000) - RETURN 1
00fc:trace:module:MODULE_InitDLL (00000003AFD00000 L"IMM32.dll",THREAD_ATTACH,0000000000000000) 00000003AFD0CE20 - CALL
00fc:trace:module:MODULE_InitDLL (00000003AFD00000,THREAD_ATTACH,0000000000000000) - RETURN 1
00fc:trace:module:MODULE_InitDLL (0000000231AE0000 L"rpcrt4.dll",THREAD_ATTACH,0000000000000000) 0000000231B334D0 - CALL
00fc:trace:module:MODULE_InitDLL (0000000231AE0000,THREAD_ATTACH,0000000000000000) - RETURN 1
00fc:trace:module:MODULE_InitDLL (0000000327020000 L"combase.dll",THREAD_ATTACH,0000000000000000) 000000032704BE40 - CALL
00fc:trace:module:MODULE_InitDLL (0000000327020000,THREAD_ATTACH,0000000000000000) - RETURN 1
00fc:trace:module:MODULE_InitDLL (00000002E8F10000 L"ole32.dll",THREAD_ATTACH,0000000000000000) 00000002E8FC5810 - CALL
00fc:trace:module:MODULE_InitDLL (00000002E8F10000,THREAD_ATTACH,0000000000000000) - RETURN 1
00fc:trace:module:MODULE_InitDLL (000000006DD70000 L"OPENGL32.dll",THREAD_ATTACH,0000000000000000) 000000006DE55D80 - CALL
00fc:trace:module:MODULE_InitDLL (000000006DD70000,THREAD_ATTACH,0000000000000000) - RETURN 1
00fc:trace:module:MODULE_InitDLL (00000001EC2B0000 L"ws2_32.dll",THREAD_ATTACH,0000000000000000) 00000001EC2C4980 - CALL
00fc:trace:module:MODULE_InitDLL (00000001EC2B0000,THREAD_ATTACH,0000000000000000) - RETURN 1
00fc:trace:module:MODULE_InitDLL (0000000180000000 L"UnityPlayer.dll",THREAD_ATTACH,0000000000000000) 00000001817F47C0 - CALL
00fc:trace:module:MODULE_InitDLL (0000000180000000,THREAD_ATTACH,0000000000000000) - RETURN 1
0100:trace:module:alloc_thread_tls thread 0100 slot 0: 336/0 bytes at 00000000002AD900
0100:trace:module:MODULE_InitDLL (00000001C8DB0000 L"msvcrt.dll",THREAD_ATTACH,0000000000000000) 00000001C8E3E9D0 - CALL
0100:trace:module:MODULE_InitDLL (00000001C8DB0000,THREAD_ATTACH,0000000000000000) - RETURN 1
0100:trace:module:MODULE_InitDLL (00000003AF670000 L"ucrtbase.dll",THREAD_ATTACH,0000000000000000) 00000003AF71AC10 - CALL
0100:trace:module:MODULE_InitDLL (00000003AF670000,THREAD_ATTACH,0000000000000000) - RETURN 1
0100:trace:module:MODULE_InitDLL (000000023D820000 L"USER32.dll",THREAD_ATTACH,0000000000000000) 000000023D8F6990 - CALL
0100:trace:module:MODULE_InitDLL (000000023D820000,THREAD_ATTACH,0000000000000000) - RETURN 1
0100:trace:module:MODULE_InitDLL (00000003AFD00000 L"IMM32.dll",THREAD_ATTACH,0000000000000000) 00000003AFD0CE20 - CALL
0100:trace:module:MODULE_InitDLL (00000003AFD00000,THREAD_ATTACH,0000000000000000) - RETURN 1
0100:trace:module:MODULE_InitDLL (0000000231AE0000 L"rpcrt4.dll",THREAD_ATTACH,0000000000000000) 0000000231B334D0 - CALL
0100:trace:module:MODULE_InitDLL (0000000231AE0000,THREAD_ATTACH,0000000000000000) - RETURN 1
0100:trace:module:MODULE_InitDLL (0000000327020000 L"combase.dll",THREAD_ATTACH,0000000000000000) 000000032704BE40 - CALL
0100:trace:module:MODULE_InitDLL (0000000327020000,THREAD_ATTACH,0000000000000000) - RETURN 1
0100:trace:module:MODULE_InitDLL (00000002E8F10000 L"ole32.dll",THREAD_ATTACH,0000000000000000) 00000002E8FC5810 - CALL
0100:trace:module:MODULE_InitDLL (00000002E8F10000,THREAD_ATTACH,0000000000000000) - RETURN 1
0100:trace:module:MODULE_InitDLL (000000006DD70000 L"OPENGL32.dll",THREAD_ATTACH,0000000000000000) 000000006DE55D80 - CALL
0100:trace:module:MODULE_InitDLL (000000006DD70000,THREAD_ATTACH,0000000000000000) - RETURN 1
0100:trace:module:MODULE_InitDLL (00000001EC2B0000 L"ws2_32.dll",THREAD_ATTACH,0000000000000000) 00000001EC2C4980 - CALL
0100:trace:module:MODULE_InitDLL (00000001EC2B0000,THREAD_ATTACH,0000000000000000) - RETURN 1
0100:trace:module:MODULE_InitDLL (0000000180000000 L"UnityPlayer.dll",THREAD_ATTACH,0000000000000000) 00000001817F47C0 - CALL
0100:trace:module:MODULE_InitDLL (0000000180000000,THREAD_ATTACH,0000000000000000) - RETURN 1
0024:trace:module:LdrGetDllFullName module 0000000140000000, name 000000000010F030.
0024:trace:module:GetModuleFileNameW L"Z:\\Volumes\\SSD\\Neva\\Neva.exe"
0024:trace:module:load_dll looking for L"Z:\\Volumes\\SSD\\Neva\\MonoBleedingEdge\\EmbedRuntime\\mono-2.0-bdwgc.dll" in L"Z:\\Volumes\\SSD\\Neva;C:\\windows\\system32;C:\\windows\\system;C:\\windows;.;C:\\windows\\system32;C:\\windows;C:\\windows\\system32\\wbem;C:\\windows\\system32\\WindowsPowershell\\v1.0"
0024:trace:module:get_load_order looking for L"Z:\\Volumes\\SSD\\Neva\\MonoBleedingEdge\\EmbedRuntime\\mono-2.0-bdwgc.dll"
0024:trace:module:get_load_order got hardcoded default for L"Z:\\Volumes\\SSD\\Neva\\MonoBleedingEdge\\EmbedRuntime\\mono-2.0-bdwgc.dll"
0024:warn:module:find_builtin_dll cannot find builtin library for L"\\??\\Z:\\Volumes\\SSD\\Neva\\MonoBleedingEdge\\EmbedRuntime\\mono-2.0-bdwgc.dll"
0024:trace:module:map_image_into_view mapping PE file L"\\??\\Z:\\Volumes\\SSD\\Neva\\MonoBleedingEdge\\EmbedRuntime\\mono-2.0-bdwgc.dll" at 0x61b70000-0x625c3000
0024:trace:module:map_image_into_view mapping L"\\??\\Z:\\Volumes\\SSD\\Neva\\MonoBleedingEdge\\EmbedRuntime\\mono-2.0-bdwgc.dll" section .text at 0x61b71000 off 400 size 581a00 virt 581810 flags 60000020
0024:trace:module:map_image_into_view clearing 0x620f2a00 - 0x620f3000
0024:trace:module:map_image_into_view mapping L"\\??\\Z:\\Volumes\\SSD\\Neva\\MonoBleedingEdge\\EmbedRuntime\\mono-2.0-bdwgc.dll" section .rdata at 0x620f3000 off 581e00 size 1c6600 virt 1c6512 flags 40000040
0024:trace:module:map_image_into_view clearing 0x622b9600 - 0x622ba000
0024:trace:module:map_image_into_view mapping L"\\??\\Z:\\Volumes\\SSD\\Neva\\MonoBleedingEdge\\EmbedRuntime\\mono-2.0-bdwgc.dll" section .data at 0x622ba000 off 748400 size 3c00 virt 2ccc10 flags c0000040
0024:trace:module:map_image_into_view clearing 0x622bdc00 - 0x622be000
0024:trace:module:map_image_into_view mapping L"\\??\\Z:\\Volumes\\SSD\\Neva\\MonoBleedingEdge\\EmbedRuntime\\mono-2.0-bdwgc.dll" section .pdata at 0x62587000 off 74c000 size 37800 virt 3774c flags 40000040
0024:trace:module:map_image_into_view clearing 0x625be800 - 0x625bf000
0024:trace:module:map_image_into_view mapping L"\\??\\Z:\\Volumes\\SSD\\Neva\\MonoBleedingEdge\\EmbedRuntime\\mono-2.0-bdwgc.dll" section _RDATA at 0x625bf000 off 783800 size 200 virt f4 flags 40000040
0024:trace:module:map_image_into_view clearing 0x625bf200 - 0x625c0000
0024:trace:module:map_image_into_view mapping L"\\??\\Z:\\Volumes\\SSD\\Neva\\MonoBleedingEdge\\EmbedRuntime\\mono-2.0-bdwgc.dll" section .rsrc at 0x625c0000 off 783a00 size 200 virt 1e0 flags 40000040
0024:trace:module:map_image_into_view clearing 0x625c0200 - 0x625c1000
0024:trace:module:map_image_into_view mapping L"\\??\\Z:\\Volumes\\SSD\\Neva\\MonoBleedingEdge\\EmbedRuntime\\mono-2.0-bdwgc.dll" section .reloc at 0x625c1000 off 783c00 size 1c00 virt 1b18 flags 42000040
0024:trace:module:map_image_into_view clearing 0x625c2c00 - 0x625c3000
0024:trace:module:perform_relocations relocating from 0000000180000000-0000000180A53000 to 0000000061B70000-00000000625C3000
0024:trace:module:set_security_cookie initializing security cookie 00000000622BA2F8
0024:trace:module:alloc_tls_slot module 0000000061B70000 data 000000006224C100-0000000062259C00 zerofill 0 index 00000000622C658C callback 00000000620F3AA8 flags 500000 -> slot 1
0024:trace:module:alloc_tls_slot thread 0100 slot 1: 56064/0 bytes at 00000000002B0100
0024:trace:module:alloc_tls_slot thread 00fc slot 1: 56064/0 bytes at 00000000002BDC20
0024:trace:module:alloc_tls_slot thread 00f8 slot 1: 56064/0 bytes at 00000000002CB740
0024:trace:module:alloc_tls_slot thread 0024 slot 1: 56064/0 bytes at 00000000002D9260
0024:trace:module:load_dll looking for L"bcrypt.dll" in L"Z:\\Volumes\\SSD\\Neva;C:\\windows\\system32;C:\\windows\\system;C:\\windows;.;C:\\windows\\system32;C:\\windows;C:\\windows\\system32\\wbem;C:\\windows\\system32\\WindowsPowershell\\v1.0"
0024:trace:module:load_dll Found L"C:\\windows\\system32\\bcrypt.dll" for L"bcrypt.dll" at 00000002D4D40000, count=-1
0024:trace:module:import_dll is not hybrid module
0024:trace:module:load_dll looking for L"WS2_32.dll" in L"Z:\\Volumes\\SSD\\Neva;C:\\windows\\system32;C:\\windows\\system;C:\\windows;.;C:\\windows\\system32;C:\\windows;C:\\windows\\system32\\wbem;C:\\windows\\system32\\WindowsPowershell\\v1.0"
0024:trace:module:load_dll Found L"C:\\windows\\system32\\ws2_32.dll" for L"WS2_32.dll" at 00000001EC2B0000, count=-1
0024:trace:module:import_dll is not hybrid module
0024:trace:module:load_dll looking for L"ole32.dll" in L"Z:\\Volumes\\SSD\\Neva;C:\\windows\\system32;C:\\windows\\system;C:\\windows;.;C:\\windows\\system32;C:\\windows;C:\\windows\\system32\\wbem;C:\\windows\\system32\\WindowsPowershell\\v1.0"
0024:trace:module:load_dll Found L"C:\\windows\\system32\\ole32.dll" for L"ole32.dll" at 00000002E8F10000, count=-1
0024:trace:module:import_dll is not hybrid module
0024:trace:module:load_dll looking for L"OLEAUT32.dll" in L"Z:\\Volumes\\SSD\\Neva;C:\\windows\\system32;C:\\windows\\system;C:\\windows;.;C:\\windows\\system32;C:\\windows;C:\\windows\\system32\\wbem;C:\\windows\\system32\\WindowsPowershell\\v1.0"
0024:trace:module:load_dll Found L"C:\\windows\\system32\\OLEAUT32.dll" for L"OLEAUT32.dll" at 00000002739C0000, count=-1
0024:trace:module:import_dll is not hybrid module
0024:trace:module:load_dll looking for L"VERSION.dll" in L"Z:\\Volumes\\SSD\\Neva;C:\\windows\\system32;C:\\windows\\system;C:\\windows;.;C:\\windows\\system32;C:\\windows;C:\\windows\\system32\\wbem;C:\\windows\\system32\\WindowsPowershell\\v1.0"
0024:trace:module:load_dll Found L"C:\\windows\\system32\\version.dll" for L"VERSION.dll" at 00000002F1FA0000, count=-1
0024:trace:module:import_dll is not hybrid module
0024:trace:module:load_dll looking for L"ADVAPI32.dll" in L"Z:\\Volumes\\SSD\\Neva;C:\\windows\\system32;C:\\windows\\system;C:\\windows;.;C:\\windows\\system32;C:\\windows;C:\\windows\\system32\\wbem;C:\\windows\\system32\\WindowsPowershell\\v1.0"
0024:trace:module:load_dll Found L"C:\\windows\\system32\\advapi32.dll" for L"ADVAPI32.dll" at 0000000330260000, count=-1
0024:trace:module:import_dll is not hybrid module
0024:trace:module:load_dll looking for L"WINMM.dll" in L"Z:\\Volumes\\SSD\\Neva;C:\\windows\\system32;C:\\windows\\system;C:\\windows;.;C:\\windows\\system32;C:\\windows;C:\\windows\\system32\\wbem;C:\\windows\\system32\\WindowsPowershell\\v1.0"
0024:trace:module:load_dll Found L"C:\\windows\\system32\\WINMM.dll" for L"WINMM.dll" at 00000003B8F00000, count=-1
0024:trace:module:import_dll is not hybrid module
0024:trace:module:load_dll looking for L"KERNEL32.dll" in L"Z:\\Volumes\\SSD\\Neva;C:\\windows\\system32;C:\\windows\\system;C:\\windows;.;C:\\windows\\system32;C:\\windows;C:\\windows\\system32\\wbem;C:\\windows\\system32\\WindowsPowershell\\v1.0"
0024:trace:module:load_dll Found L"C:\\windows\\system32\\kernel32.dll" for L"KERNEL32.dll" at 000000007B600000, count=-1
0024:trace:module:import_dll is not hybrid module
0024:trace:module:load_dll looking for L"USER32.dll" in L"Z:\\Volumes\\SSD\\Neva;C:\\windows\\system32;C:\\windows\\system;C:\\windows;.;C:\\windows\\system32;C:\\windows;C:\\windows\\system32\\wbem;C:\\windows\\system32\\WindowsPowershell\\v1.0"
0024:trace:module:load_dll Found L"C:\\windows\\system32\\USER32.dll" for L"USER32.dll" at 000000023D820000, count=-1
0024:trace:module:import_dll is not hybrid module
0024:trace:module:load_dll looking for L"SHELL32.dll" in L"Z:\\Volumes\\SSD\\Neva;C:\\windows\\system32;C:\\windows\\system;C:\\windows;.;C:\\windows\\system32;C:\\windows;C:\\windows\\system32\\wbem;C:\\windows\\system32\\WindowsPowershell\\v1.0"
0024:trace:module:load_dll Found L"C:\\windows\\system32\\SHELL32.dll" for L"SHELL32.dll" at 00000001C69E0000, count=-1
0024:trace:module:import_dll is not hybrid module
0024:trace:module:build_module loaded L"\\??\\Z:\\Volumes\\SSD\\Neva\\MonoBleedingEdge\\EmbedRuntime\\mono-2.0-bdwgc.dll" 00000000002AFE80 0000000061B70000
0024:trace:loaddll:build_module Loaded L"Z:\\Volumes\\SSD\\Neva\\MonoBleedingEdge\\EmbedRuntime\\mono-2.0-bdwgc.dll" at 0000000061B70000: native
0024:trace:module:pe_module_loaded Marking non_native_code_region: 0x61b70000, 0x625c3000Loaded module L"\\??\\Z:\\Volumes\\SSD\\Neva\\MonoBleedingEdge\\EmbedRuntime\\mono-2.0-bdwgc.dll" at 0000000061B70000
0024:trace:module:process_attach (L"mono-2.0-bdwgc.dll",0000000000000000) - START
0024:trace:module:MODULE_InitDLL (0000000061B70000 L"mono-2.0-bdwgc.dll",PROCESS_ATTACH,0000000000000000) 000000006206B294 - CALL
0024:trace:module:load_dll looking for L"api-ms-win-core-synch-l1-2-0.dll" in L"C:\\windows\\system32\\"
0024:trace:module:find_dll_file found L"C:\\windows\\system32\\kernelbase.dll" for L"api-ms-win-core-synch-l1-2-0.dll"
0024:trace:module:load_dll Found L"C:\\windows\\system32\\kernelbase.dll" for L"api-ms-win-core-synch-l1-2-0.dll" at 000000007B000000, count=-1
0024:trace:module:load_dll looking for L"api-ms-win-core-fibers-l1-1-1.dll" in L"C:\\windows\\system32\\"
0024:trace:module:find_dll_file found L"C:\\windows\\system32\\kernelbase.dll" for L"api-ms-win-core-fibers-l1-1-1.dll"
0024:trace:module:load_dll Found L"C:\\windows\\system32\\kernelbase.dll" for L"api-ms-win-core-fibers-l1-1-1.dll" at 000000007B000000, count=-1
0024:trace:module:load_dll looking for L"api-ms-win-core-synch-l1-2-0.dll" in L"C:\\windows\\system32\\"
0024:trace:module:find_dll_file found L"C:\\windows\\system32\\kernelbase.dll" for L"api-ms-win-core-synch-l1-2-0.dll"
0024:trace:module:load_dll Found L"C:\\windows\\system32\\kernelbase.dll" for L"api-ms-win-core-synch-l1-2-0.dll" at 000000007B000000, count=-1
0024:trace:module:load_dll looking for L"api-ms-win-core-fibers-l1-1-1.dll" in L"C:\\windows\\system32\\"
0024:trace:module:find_dll_file found L"C:\\windows\\system32\\kernelbase.dll" for L"api-ms-win-core-fibers-l1-1-1.dll"
0024:trace:module:load_dll Found L"C:\\windows\\system32\\kernelbase.dll" for L"api-ms-win-core-fibers-l1-1-1.dll" at 000000007B000000, count=-1
0024:trace:module:load_dll looking for L"api-ms-win-core-localization-l1-2-1.dll" in L"C:\\windows\\system32\\"
0024:trace:module:find_dll_file found L"C:\\windows\\system32\\kernelbase.dll" for L"api-ms-win-core-localization-l1-2-1.dll"
0024:trace:module:load_dll Found L"C:\\windows\\system32\\kernelbase.dll" for L"api-ms-win-core-localization-l1-2-1.dll" at 000000007B000000, count=-1
0024:trace:module:LdrGetDllFullName module 0000000000000000, name 000000000010E660.
0024:trace:module:GetModuleFileNameW L"Z:\\Volumes\\SSD\\Neva\\Neva.exe"
0024:trace:module:load_dll looking for L"kernel32.dll" in L"C:\\windows\\system32\\"
0024:trace:module:load_dll Found L"C:\\windows\\system32\\kernel32.dll" for L"kernel32.dll" at 000000007B600000, count=-1
0024:trace:module:MODULE_InitDLL (0000000061B70000,PROCESS_ATTACH,0000000000000000) - RETURN 1
0024:trace:module:process_attach (L"mono-2.0-bdwgc.dll",0000000000000000) - END
0024:trace:module:LdrGetDllHandleEx flags 0, load_path 0000000000000000, dll_characteristics 0000000000000000, name 000000000010E520, base 000000000010E518.
0024:trace:module:LdrAddRefDll (L"ntdll.dll") ldr.LoadCount: -1
0024:trace:module:LdrGetDllHandleEx L"ntdll.dll" -> 0000000170000000 (load path (null))
0024:trace:module:LdrGetDllHandleEx flags 0x1, load_path 0000000000000000, dll_characteristics 0000000000000000, name 000000000010ED40, base 000000000010ED38.
0024:trace:module:LdrGetDllHandleEx L"kernel32.dll" -> 000000007B600000 (load path (null))
0024:trace:module:load_dll looking for L"Z:\\Volumes\\SSD\\Neva\\Neva_Data\\Managed\\mscorlib.dll.dll" in L"Z:\\Volumes\\SSD\\Neva;C:\\windows\\system32;C:\\windows\\system;C:\\windows;.;C:\\windows\\system32;C:\\windows;C:\\windows\\system32\\wbem;C:\\windows\\system32\\WindowsPowershell\\v1.0"
0024:warn:module:load_dll Failed to load module L"Z:\\Volumes\\SSD\\Neva\\Neva_Data\\Managed\\mscorlib.dll.dll"; status=c0000135
0024:trace:module:load_dll looking for L"Z:\\Volumes\\SSD\\Neva\\Neva_Data\\Managed/mono/aot-cache/amd64/mscorlib.dll.dll" in L"Z:\\Volumes\\SSD\\Neva;C:\\windows\\system32;C:\\windows\\system;C:\\windows;.;C:\\windows\\system32;C:\\windows;C:\\windows\\system32\\wbem;C:\\windows\\system32\\WindowsPowershell\\v1.0"
0024:warn:module:load_dll Failed to load module L"Z:\\Volumes\\SSD\\Neva\\Neva_Data\\Managed/mono/aot-cache/amd64/mscorlib.dll.dll"; status=c0000135
0024:trace:module:LdrGetDllHandleEx flags 0x1, load_path 0000000000000000, dll_characteristics 0000000000000000, name 000000000010E540, base 000000000010E538.
0024:trace:module:LdrGetDllHandleEx L"ntdll.dll" -> 0000000170000000 (load path (null))
0024:trace:module:LdrResolveDelayLoadedAPI (00000001C69E0000, 00000001C6A93DF0, 0000000000000000, 000000007B60C510, 00000001C6AE7890, 0x00000000)
0024:trace:module:load_dll looking for L"ole32.dll" in (null)
0024:trace:module:load_dll Found L"C:\\windows\\system32\\ole32.dll" for L"ole32.dll" at 00000002E8F10000, count=-1
0024:trace:module:LdrResolveDelayLoadedAPI (00000001C69E0000, 00000001C6A93DF0, 0000000000000000, 000000007B60C510, 00000001C6AE7818, 0x00000000)
0104:trace:module:alloc_thread_tls thread 0104 slot 0: 336/0 bytes at 0000000062C80FB0
0104:trace:module:alloc_thread_tls thread 0104 slot 1: 56064/0 bytes at 0000000062C81120
0104:trace:module:MODULE_InitDLL (00000001C8DB0000 L"msvcrt.dll",THREAD_ATTACH,0000000000000000) 00000001C8E3E9D0 - CALL
0104:trace:module:MODULE_InitDLL (00000001C8DB0000,THREAD_ATTACH,0000000000000000) - RETURN 1
0104:trace:module:MODULE_InitDLL (00000003AF670000 L"ucrtbase.dll",THREAD_ATTACH,0000000000000000) 00000003AF71AC10 - CALL
0104:trace:module:MODULE_InitDLL (00000003AF670000,THREAD_ATTACH,0000000000000000) - RETURN 1
0104:trace:module:MODULE_InitDLL (000000023D820000 L"USER32.dll",THREAD_ATTACH,0000000000000000) 000000023D8F6990 - CALL
0104:trace:module:MODULE_InitDLL (000000023D820000,THREAD_ATTACH,0000000000000000) - RETURN 1
0104:trace:module:MODULE_InitDLL (00000003AFD00000 L"IMM32.dll",THREAD_ATTACH,0000000000000000) 00000003AFD0CE20 - CALL
0104:trace:module:MODULE_InitDLL (00000003AFD00000,THREAD_ATTACH,0000000000000000) - RETURN 1
0104:trace:module:MODULE_InitDLL (0000000231AE0000 L"rpcrt4.dll",THREAD_ATTACH,0000000000000000) 0000000231B334D0 - CALL
0104:trace:module:MODULE_InitDLL (0000000231AE0000,THREAD_ATTACH,0000000000000000) - RETURN 1
0104:trace:module:MODULE_InitDLL (0000000327020000 L"combase.dll",THREAD_ATTACH,0000000000000000) 000000032704BE40 - CALL
0104:trace:module:MODULE_InitDLL (0000000327020000,THREAD_ATTACH,0000000000000000) - RETURN 1
0104:trace:module:MODULE_InitDLL (00000002E8F10000 L"ole32.dll",THREAD_ATTACH,0000000000000000) 00000002E8FC5810 - CALL
0104:trace:module:MODULE_InitDLL (00000002E8F10000,THREAD_ATTACH,0000000000000000) - RETURN 1
0104:trace:module:MODULE_InitDLL (000000006DD70000 L"OPENGL32.dll",THREAD_ATTACH,0000000000000000) 000000006DE55D80 - CALL
0104:trace:module:MODULE_InitDLL (000000006DD70000,THREAD_ATTACH,0000000000000000) - RETURN 1
0104:trace:module:MODULE_InitDLL (00000001EC2B0000 L"ws2_32.dll",THREAD_ATTACH,0000000000000000) 00000001EC2C4980 - CALL
0104:trace:module:MODULE_InitDLL (00000001EC2B0000,THREAD_ATTACH,0000000000000000) - RETURN 1
0104:trace:module:MODULE_InitDLL (0000000180000000 L"UnityPlayer.dll",THREAD_ATTACH,0000000000000000) 00000001817F47C0 - CALL
0104:trace:module:MODULE_InitDLL (0000000180000000,THREAD_ATTACH,0000000000000000) - RETURN 1
0104:trace:module:MODULE_InitDLL (0000000061B70000 L"mono-2.0-bdwgc.dll",THREAD_ATTACH,0000000000000000) 000000006206B294 - CALL
0104:trace:module:MODULE_InitDLL (0000000061B70000,THREAD_ATTACH,0000000000000000) - RETURN 1
0024:trace:module:LdrGetDllHandleEx flags 0x1, load_path 0000000000000000, dll_characteristics 0000000000000000, name 000000000010E800, base 000000000010E7F8.
0024:trace:module:LdrGetDllHandleEx L"ntdll.dll" -> 0000000170000000 (load path (null))
0104:trace:module:load_dll looking for L"kernel32.dll" in L"C:\\windows\\system32\\"
0104:trace:module:load_dll Found L"C:\\windows\\system32\\kernel32.dll" for L"kernel32.dll" at 000000007B600000, count=-1
0024:trace:module:LdrGetDllHandleEx flags 0x1, load_path 0000000000000000, dll_characteristics 0000000000000000, name 000000000010EE40, base 000000000010EE38.
0024:trace:module:find_dll_file found L"C:\\windows\\system32\\kernelbase.dll" for L"API-MS-Win-Core-Synch-l1-2-0.dll"
0024:trace:module:LdrGetDllHandleEx L"API-MS-Win-Core-Synch-l1-2-0.dll" -> 000000007B000000 (load path (null))
0024:trace:module:LdrGetDllHandleEx flags 0x1, load_path 0000000000000000, dll_characteristics 0000000000000000, name 000000000010EE40, base 000000000010EE38.
0024:trace:module:find_dll_file found L"C:\\windows\\system32\\kernelbase.dll" for L"API-MS-Win-Core-Synch-l1-2-0.dll"
0024:trace:module:LdrGetDllHandleEx L"API-MS-Win-Core-Synch-l1-2-0.dll" -> 000000007B000000 (load path (null))
0108:trace:module:alloc_thread_tls thread 0108 slot 0: 336/0 bytes at 0000000063070430
0108:trace:module:alloc_thread_tls thread 0108 slot 1: 56064/0 bytes at 00000000630705A0
0108:trace:module:MODULE_InitDLL (00000001C8DB0000 L"msvcrt.dll",THREAD_ATTACH,0000000000000000) 00000001C8E3E9D0 - CALL
0108:trace:module:MODULE_InitDLL (00000001C8DB0000,THREAD_ATTACH,0000000000000000) - RETURN 1
0108:trace:module:MODULE_InitDLL (00000003AF670000 L"ucrtbase.dll",THREAD_ATTACH,0000000000000000) 00000003AF71AC10 - CALL
0108:trace:module:MODULE_InitDLL (00000003AF670000,THREAD_ATTACH,0000000000000000) - RETURN 1
0108:trace:module:MODULE_InitDLL (000000023D820000 L"USER32.dll",THREAD_ATTACH,0000000000000000) 000000023D8F6990 - CALL
0108:trace:module:MODULE_InitDLL (000000023D820000,THREAD_ATTACH,0000000000000000) - RETURN 1
0108:trace:module:MODULE_InitDLL (00000003AFD00000 L"IMM32.dll",THREAD_ATTACH,0000000000000000) 00000003AFD0CE20 - CALL
0108:trace:module:MODULE_InitDLL (00000003AFD00000,THREAD_ATTACH,0000000000000000) - RETURN 1
0108:trace:module:MODULE_InitDLL (0000000231AE0000 L"rpcrt4.dll",THREAD_ATTACH,0000000000000000) 0000000231B334D0 - CALL
0108:trace:module:MODULE_InitDLL (0000000231AE0000,THREAD_ATTACH,0000000000000000) - RETURN 1
0108:trace:module:MODULE_InitDLL (0000000327020000 L"combase.dll",THREAD_ATTACH,0000000000000000) 000000032704BE40 - CALL
0108:trace:module:MODULE_InitDLL (0000000327020000,THREAD_ATTACH,0000000000000000) - RETURN 1
0108:trace:module:MODULE_InitDLL (00000002E8F10000 L"ole32.dll",THREAD_ATTACH,0000000000000000) 00000002E8FC5810 - CALL
0108:trace:module:MODULE_InitDLL (00000002E8F10000,THREAD_ATTACH,0000000000000000) - RETURN 1
0108:trace:module:MODULE_InitDLL (000000006DD70000 L"OPENGL32.dll",THREAD_ATTACH,0000000000000000) 000000006DE55D80 - CALL
0108:trace:module:MODULE_InitDLL (000000006DD70000,THREAD_ATTACH,0000000000000000) - RETURN 1
0108:trace:module:MODULE_InitDLL (00000001EC2B0000 L"ws2_32.dll",THREAD_ATTACH,0000000000000000) 00000001EC2C4980 - CALL
0108:trace:module:MODULE_InitDLL (00000001EC2B0000,THREAD_ATTACH,0000000000000000) - RETURN 1
0108:trace:module:MODULE_InitDLL (0000000180000000 L"UnityPlayer.dll",THREAD_ATTACH,0000000000000000) 00000001817F47C0 - CALL
0108:trace:module:MODULE_InitDLL (0000000180000000,THREAD_ATTACH,0000000000000000) - RETURN 1
0108:trace:module:MODULE_InitDLL (0000000061B70000 L"mono-2.0-bdwgc.dll",THREAD_ATTACH,0000000000000000) 000000006206B294 - CALL
0108:trace:module:MODULE_InitDLL (0000000061B70000,THREAD_ATTACH,0000000000000000) - RETURN 1
010c:trace:module:alloc_thread_tls thread 010c slot 0: 336/0 bytes at 0000000063080C40
010c:trace:module:alloc_thread_tls thread 010c slot 1: 56064/0 bytes at 0000000063080DB0
010c:trace:module:MODULE_InitDLL (00000001C8DB0000 L"msvcrt.dll",THREAD_ATTACH,0000000000000000) 00000001C8E3E9D0 - CALL
010c:trace:module:MODULE_InitDLL (00000001C8DB0000,THREAD_ATTACH,0000000000000000) - RETURN 1
010c:trace:module:MODULE_InitDLL (00000003AF670000 L"ucrtbase.dll",THREAD_ATTACH,0000000000000000) 00000003AF71AC10 - CALL
010c:trace:module:MODULE_InitDLL (00000003AF670000,THREAD_ATTACH,0000000000000000) - RETURN 1
010c:trace:module:MODULE_InitDLL (000000023D820000 L"USER32.dll",THREAD_ATTACH,0000000000000000) 000000023D8F6990 - CALL
010c:trace:module:MODULE_InitDLL (000000023D820000,THREAD_ATTACH,0000000000000000) - RETURN 1
010c:trace:module:MODULE_InitDLL (00000003AFD00000 L"IMM32.dll",THREAD_ATTACH,0000000000000000) 00000003AFD0CE20 - CALL
010c:trace:module:MODULE_InitDLL (00000003AFD00000,THREAD_ATTACH,0000000000000000) - RETURN 1
010c:trace:module:MODULE_InitDLL (0000000231AE0000 L"rpcrt4.dll",THREAD_ATTACH,0000000000000000) 0000000231B334D0 - CALL
010c:trace:module:MODULE_InitDLL (0000000231AE0000,THREAD_ATTACH,0000000000000000) - RETURN 1
010c:trace:module:MODULE_InitDLL (0000000327020000 L"combase.dll",THREAD_ATTACH,0000000000000000) 000000032704BE40 - CALL
010c:trace:module:MODULE_InitDLL (0000000327020000,THREAD_ATTACH,0000000000000000) - RETURN 1
010c:trace:module:MODULE_InitDLL (00000002E8F10000 L"ole32.dll",THREAD_ATTACH,0000000000000000) 00000002E8FC5810 - CALL
010c:trace:module:MODULE_InitDLL (00000002E8F10000,THREAD_ATTACH,0000000000000000) - RETURN 1
010c:trace:module:MODULE_InitDLL (000000006DD70000 L"OPENGL32.dll",THREAD_ATTACH,0000000000000000) 000000006DE55D80 - CALL
010c:trace:module:MODULE_InitDLL (000000006DD70000,THREAD_ATTACH,0000000000000000) - RETURN 1
010c:trace:module:MODULE_InitDLL (00000001EC2B0000 L"ws2_32.dll",THREAD_ATTACH,0000000000000000) 00000001EC2C4980 - CALL
010c:trace:module:MODULE_InitDLL (00000001EC2B0000,THREAD_ATTACH,0000000000000000) - RETURN 1
010c:trace:module:MODULE_InitDLL (0000000180000000 L"UnityPlayer.dll",THREAD_ATTACH,0000000000000000) 00000001817F47C0 - CALL
010c:trace:module:MODULE_InitDLL (0000000180000000,THREAD_ATTACH,0000000000000000) - RETURN 1
010c:trace:module:MODULE_InitDLL (0000000061B70000 L"mono-2.0-bdwgc.dll",THREAD_ATTACH,0000000000000000) 000000006206B294 - CALL
010c:trace:module:MODULE_InitDLL (0000000061B70000,THREAD_ATTACH,0000000000000000) - RETURN 1
0110:trace:module:alloc_thread_tls thread 0110 slot 0: 336/0 bytes at 0000000063091450
0110:trace:module:alloc_thread_tls thread 0110 slot 1: 56064/0 bytes at 00000000630915C0
0110:trace:module:MODULE_InitDLL (00000001C8DB0000 L"msvcrt.dll",THREAD_ATTACH,0000000000000000) 00000001C8E3E9D0 - CALL
0110:trace:module:MODULE_InitDLL (00000001C8DB0000,THREAD_ATTACH,0000000000000000) - RETURN 1
0110:trace:module:MODULE_InitDLL (00000003AF670000 L"ucrtbase.dll",THREAD_ATTACH,0000000000000000) 00000003AF71AC10 - CALL
0110:trace:module:MODULE_InitDLL (00000003AF670000,THREAD_ATTACH,0000000000000000) - RETURN 1
0110:trace:module:MODULE_InitDLL (000000023D820000 L"USER32.dll",THREAD_ATTACH,0000000000000000) 000000023D8F6990 - CALL
0110:trace:module:MODULE_InitDLL (000000023D820000,THREAD_ATTACH,0000000000000000) - RETURN 1
0110:trace:module:MODULE_InitDLL (00000003AFD00000 L"IMM32.dll",THREAD_ATTACH,0000000000000000) 00000003AFD0CE20 - CALL
0110:trace:module:MODULE_InitDLL (00000003AFD00000,THREAD_ATTACH,0000000000000000) - RETURN 1
0110:trace:module:MODULE_InitDLL (0000000231AE0000 L"rpcrt4.dll",THREAD_ATTACH,0000000000000000) 0000000231B334D0 - CALL
0110:trace:module:MODULE_InitDLL (0000000231AE0000,THREAD_ATTACH,0000000000000000) - RETURN 1
0110:trace:module:MODULE_InitDLL (0000000327020000 L"combase.dll",THREAD_ATTACH,0000000000000000) 000000032704BE40 - CALL
0110:trace:module:MODULE_InitDLL (0000000327020000,THREAD_ATTACH,0000000000000000) - RETURN 1
0110:trace:module:MODULE_InitDLL (00000002E8F10000 L"ole32.dll",THREAD_ATTACH,0000000000000000) 00000002E8FC5810 - CALL
0110:trace:module:MODULE_InitDLL (00000002E8F10000,THREAD_ATTACH,0000000000000000) - RETURN 1
0110:trace:module:MODULE_InitDLL (000000006DD70000 L"OPENGL32.dll",THREAD_ATTACH,0000000000000000) 000000006DE55D80 - CALL
0110:trace:module:MODULE_InitDLL (000000006DD70000,THREAD_ATTACH,0000000000000000) - RETURN 1
0110:trace:module:MODULE_InitDLL (00000001EC2B0000 L"ws2_32.dll",THREAD_ATTACH,0000000000000000) 00000001EC2C4980 - CALL
0110:trace:module:MODULE_InitDLL (00000001EC2B0000,THREAD_ATTACH,0000000000000000) - RETURN 1
0110:trace:module:MODULE_InitDLL (0000000180000000 L"UnityPlayer.dll",THREAD_ATTACH,0000000000000000) 00000001817F47C0 - CALL
0110:trace:module:MODULE_InitDLL (0000000180000000,THREAD_ATTACH,0000000000000000) - RETURN 1
0110:trace:module:MODULE_InitDLL (0000000061B70000 L"mono-2.0-bdwgc.dll",THREAD_ATTACH,0000000000000000) 000000006206B294 - CALL
0110:trace:module:MODULE_InitDLL (0000000061B70000,THREAD_ATTACH,0000000000000000) - RETURN 1
0114:trace:module:alloc_thread_tls thread 0114 slot 0: 336/0 bytes at 00000000630A1C60
0114:trace:module:alloc_thread_tls thread 0114 slot 1: 56064/0 bytes at 00000000630A1DD0
0114:trace:module:MODULE_InitDLL (00000001C8DB0000 L"msvcrt.dll",THREAD_ATTACH,0000000000000000) 00000001C8E3E9D0 - CALL
0114:trace:module:MODULE_InitDLL (00000001C8DB0000,THREAD_ATTACH,0000000000000000) - RETURN 1
0114:trace:module:MODULE_InitDLL (00000003AF670000 L"ucrtbase.dll",THREAD_ATTACH,0000000000000000) 00000003AF71AC10 - CALL
0114:trace:module:MODULE_InitDLL (00000003AF670000,THREAD_ATTACH,0000000000000000) - RETURN 1
0114:trace:module:MODULE_InitDLL (000000023D820000 L"USER32.dll",THREAD_ATTACH,0000000000000000) 000000023D8F6990 - CALL
0114:trace:module:MODULE_InitDLL (000000023D820000,THREAD_ATTACH,0000000000000000) - RETURN 1
0114:trace:module:MODULE_InitDLL (00000003AFD00000 L"IMM32.dll",THREAD_ATTACH,0000000000000000) 00000003AFD0CE20 - CALL
0114:trace:module:MODULE_InitDLL (00000003AFD00000,THREAD_ATTACH,0000000000000000) - RETURN 1
0114:trace:module:MODULE_InitDLL (0000000231AE0000 L"rpcrt4.dll",THREAD_ATTACH,0000000000000000) 0000000231B334D0 - CALL
0114:trace:module:MODULE_InitDLL (0000000231AE0000,THREAD_ATTACH,0000000000000000) - RETURN 1
0114:trace:module:MODULE_InitDLL (0000000327020000 L"combase.dll",THREAD_ATTACH,0000000000000000) 000000032704BE40 - CALL
0114:trace:module:MODULE_InitDLL (0000000327020000,THREAD_ATTACH,0000000000000000) - RETURN 1
0114:trace:module:MODULE_InitDLL (00000002E8F10000 L"ole32.dll",THREAD_ATTACH,0000000000000000) 00000002E8FC5810 - CALL
0114:trace:module:MODULE_InitDLL (00000002E8F10000,THREAD_ATTACH,0000000000000000) - RETURN 1
0114:trace:module:MODULE_InitDLL (000000006DD70000 L"OPENGL32.dll",THREAD_ATTACH,0000000000000000) 000000006DE55D80 - CALL
0114:trace:module:MODULE_InitDLL (000000006DD70000,THREAD_ATTACH,0000000000000000) - RETURN 1
0114:trace:module:MODULE_InitDLL (00000001EC2B0000 L"ws2_32.dll",THREAD_ATTACH,0000000000000000) 00000001EC2C4980 - CALL
0114:trace:module:MODULE_InitDLL (00000001EC2B0000,THREAD_ATTACH,0000000000000000) - RETURN 1
0114:trace:module:MODULE_InitDLL (0000000180000000 L"UnityPlayer.dll",THREAD_ATTACH,0000000000000000) 00000001817F47C0 - CALL
0114:trace:module:MODULE_InitDLL (0000000180000000,THREAD_ATTACH,0000000000000000) - RETURN 1
0114:trace:module:MODULE_InitDLL (0000000061B70000 L"mono-2.0-bdwgc.dll",THREAD_ATTACH,0000000000000000) 000000006206B294 - CALL
0114:trace:module:MODULE_InitDLL (0000000061B70000,THREAD_ATTACH,0000000000000000) - RETURN 1
0124:trace:module:alloc_thread_tls thread 0124 slot 0: 336/0 bytes at 00000000630B2470
0124:trace:module:alloc_thread_tls thread 0124 slot 1: 56064/0 bytes at 00000000630B25E0
0124:trace:module:MODULE_InitDLL (00000001C8DB0000 L"msvcrt.dll",THREAD_ATTACH,0000000000000000) 00000001C8E3E9D0 - CALL
0124:trace:module:MODULE_InitDLL (00000001C8DB0000,THREAD_ATTACH,0000000000000000) - RETURN 1
0124:trace:module:MODULE_InitDLL (00000003AF670000 L"ucrtbase.dll",THREAD_ATTACH,0000000000000000) 00000003AF71AC10 - CALL
0124:trace:module:MODULE_InitDLL (00000003AF670000,THREAD_ATTACH,0000000000000000) - RETURN 1
0124:trace:module:MODULE_InitDLL (000000023D820000 L"USER32.dll",THREAD_ATTACH,0000000000000000) 000000023D8F6990 - CALL
0124:trace:module:MODULE_InitDLL (000000023D820000,THREAD_ATTACH,0000000000000000) - RETURN 1
0124:trace:module:MODULE_InitDLL (00000003AFD00000 L"IMM32.dll",THREAD_ATTACH,0000000000000000) 00000003AFD0CE20 - CALL
0124:trace:module:MODULE_InitDLL (00000003AFD00000,THREAD_ATTACH,0000000000000000) - RETURN 1
0124:trace:module:MODULE_InitDLL (0000000231AE0000 L"rpcrt4.dll",THREAD_ATTACH,0000000000000000) 0000000231B334D0 - CALL
0124:trace:module:MODULE_InitDLL (0000000231AE0000,THREAD_ATTACH,0000000000000000) - RETURN 1
0124:trace:module:MODULE_InitDLL (0000000327020000 L"combase.dll",THREAD_ATTACH,0000000000000000) 000000032704BE40 - CALL
0124:trace:module:MODULE_InitDLL (0000000327020000,THREAD_ATTACH,0000000000000000) - RETURN 1
0124:trace:module:MODULE_InitDLL (00000002E8F10000 L"ole32.dll",THREAD_ATTACH,0000000000000000) 00000002E8FC5810 - CALL
0124:trace:module:MODULE_InitDLL (00000002E8F10000,THREAD_ATTACH,0000000000000000) - RETURN 1
0124:trace:module:MODULE_InitDLL (000000006DD70000 L"OPENGL32.dll",THREAD_ATTACH,0000000000000000) 000000006DE55D80 - CALL
0124:trace:module:MODULE_InitDLL (000000006DD70000,THREAD_ATTACH,0000000000000000) - RETURN 1
0124:trace:module:MODULE_InitDLL (00000001EC2B0000 L"ws2_32.dll",THREAD_ATTACH,0000000000000000) 00000001EC2C4980 - CALL
0124:trace:module:MODULE_InitDLL (00000001EC2B0000,THREAD_ATTACH,0000000000000000) - RETURN 1
0124:trace:module:MODULE_InitDLL (0000000180000000 L"UnityPlayer.dll",THREAD_ATTACH,0000000000000000) 00000001817F47C0 - CALL
0124:trace:module:MODULE_InitDLL (0000000180000000,THREAD_ATTACH,0000000000000000) - RETURN 1
0124:trace:module:MODULE_InitDLL (0000000061B70000 L"mono-2.0-bdwgc.dll",THREAD_ATTACH,0000000000000000) 000000006206B294 - CALL
0124:trace:module:MODULE_InitDLL (0000000061B70000,THREAD_ATTACH,0000000000000000) - RETURN 1
011c:trace:module:alloc_thread_tls thread 011c slot 0: 336/0 bytes at 00000000630C2C80
011c:trace:module:alloc_thread_tls thread 011c slot 1: 56064/0 bytes at 00000000630C2DF0
011c:trace:module:MODULE_InitDLL (00000001C8DB0000 L"msvcrt.dll",THREAD_ATTACH,0000000000000000) 00000001C8E3E9D0 - CALL
011c:trace:module:MODULE_InitDLL (00000001C8DB0000,THREAD_ATTACH,0000000000000000) - RETURN 1
011c:trace:module:MODULE_InitDLL (00000003AF670000 L"ucrtbase.dll",THREAD_ATTACH,0000000000000000) 00000003AF71AC10 - CALL
011c:trace:module:MODULE_InitDLL (00000003AF670000,THREAD_ATTACH,0000000000000000) - RETURN 1
011c:trace:module:MODULE_InitDLL (000000023D820000 L"USER32.dll",THREAD_ATTACH,0000000000000000) 000000023D8F6990 - CALL
011c:trace:module:MODULE_InitDLL (000000023D820000,THREAD_ATTACH,0000000000000000) - RETURN 1
011c:trace:module:MODULE_InitDLL (00000003AFD00000 L"IMM32.dll",THREAD_ATTACH,0000000000000000) 00000003AFD0CE20 - CALL
011c:trace:module:MODULE_InitDLL (00000003AFD00000,THREAD_ATTACH,0000000000000000) - RETURN 1
011c:trace:module:MODULE_InitDLL (0000000231AE0000 L"rpcrt4.dll",THREAD_ATTACH,0000000000000000) 0000000231B334D0 - CALL
011c:trace:module:MODULE_InitDLL (0000000231AE0000,THREAD_ATTACH,0000000000000000) - RETURN 1
011c:trace:module:MODULE_InitDLL (0000000327020000 L"combase.dll",THREAD_ATTACH,0000000000000000) 000000032704BE40 - CALL
011c:trace:module:MODULE_InitDLL (0000000327020000,THREAD_ATTACH,0000000000000000) - RETURN 1
011c:trace:module:MODULE_InitDLL (00000002E8F10000 L"ole32.dll",THREAD_ATTACH,0000000000000000) 00000002E8FC5810 - CALL
011c:trace:module:MODULE_InitDLL (00000002E8F10000,THREAD_ATTACH,0000000000000000) - RETURN 1
011c:trace:module:MODULE_InitDLL (000000006DD70000 L"OPENGL32.dll",THREAD_ATTACH,0000000000000000) 000000006DE55D80 - CALL
011c:trace:module:MODULE_InitDLL (000000006DD70000,THREAD_ATTACH,0000000000000000) - RETURN 1
011c:trace:module:MODULE_InitDLL (00000001EC2B0000 L"ws2_32.dll",THREAD_ATTACH,0000000000000000) 00000001EC2C4980 - CALL
011c:trace:module:MODULE_InitDLL (00000001EC2B0000,THREAD_ATTACH,0000000000000000) - RETURN 1
011c:trace:module:MODULE_InitDLL (0000000180000000 L"UnityPlayer.dll",THREAD_ATTACH,0000000000000000) 00000001817F47C0 - CALL
011c:trace:module:MODULE_InitDLL (0000000180000000,THREAD_ATTACH,0000000000000000) - RETURN 1
011c:trace:module:MODULE_InitDLL (0000000061B70000 L"mono-2.0-bdwgc.dll",THREAD_ATTACH,0000000000000000) 000000006206B294 - CALL
011c:trace:module:MODULE_InitDLL (0000000061B70000,THREAD_ATTACH,0000000000000000) - RETURN 1
0120:trace:module:alloc_thread_tls thread 0120 slot 0: 336/0 bytes at 00000000630D3490
0120:trace:module:alloc_thread_tls thread 0120 slot 1: 56064/0 bytes at 00000000630D3600
0120:trace:module:MODULE_InitDLL (00000001C8DB0000 L"msvcrt.dll",THREAD_ATTACH,0000000000000000) 00000001C8E3E9D0 - CALL
0120:trace:module:MODULE_InitDLL (00000001C8DB0000,THREAD_ATTACH,0000000000000000) - RETURN 1
0120:trace:module:MODULE_InitDLL (00000003AF670000 L"ucrtbase.dll",THREAD_ATTACH,0000000000000000) 00000003AF71AC10 - CALL
0120:trace:module:MODULE_InitDLL (00000003AF670000,THREAD_ATTACH,0000000000000000) - RETURN 1
0120:trace:module:MODULE_InitDLL (000000023D820000 L"USER32.dll",THREAD_ATTACH,0000000000000000) 000000023D8F6990 - CALL
0120:trace:module:MODULE_InitDLL (000000023D820000,THREAD_ATTACH,0000000000000000) - RETURN 1
0120:trace:module:MODULE_InitDLL (00000003AFD00000 L"IMM32.dll",THREAD_ATTACH,0000000000000000) 00000003AFD0CE20 - CALL
0120:trace:module:MODULE_InitDLL (00000003AFD00000,THREAD_ATTACH,0000000000000000) - RETURN 1
0120:trace:module:MODULE_InitDLL (0000000231AE0000 L"rpcrt4.dll",THREAD_ATTACH,0000000000000000) 0000000231B334D0 - CALL
0120:trace:module:MODULE_InitDLL (0000000231AE0000,THREAD_ATTACH,0000000000000000) - RETURN 1
0120:trace:module:MODULE_InitDLL (0000000327020000 L"combase.dll",THREAD_ATTACH,0000000000000000) 000000032704BE40 - CALL
0120:trace:module:MODULE_InitDLL (0000000327020000,THREAD_ATTACH,0000000000000000) - RETURN 1
0120:trace:module:MODULE_InitDLL (00000002E8F10000 L"ole32.dll",THREAD_ATTACH,0000000000000000) 00000002E8FC5810 - CALL
0120:trace:module:MODULE_InitDLL (00000002E8F10000,THREAD_ATTACH,0000000000000000) - RETURN 1
0120:trace:module:MODULE_InitDLL (000000006DD70000 L"OPENGL32.dll",THREAD_ATTACH,0000000000000000) 000000006DE55D80 - CALL
0120:trace:module:MODULE_InitDLL (000000006DD70000,THREAD_ATTACH,0000000000000000) - RETURN 1
0120:trace:module:MODULE_InitDLL (00000001EC2B0000 L"ws2_32.dll",THREAD_ATTACH,0000000000000000) 00000001EC2C4980 - CALL
0120:trace:module:MODULE_InitDLL (00000001EC2B0000,THREAD_ATTACH,0000000000000000) - RETURN 1
0120:trace:module:MODULE_InitDLL (0000000180000000 L"UnityPlayer.dll",THREAD_ATTACH,0000000000000000) 00000001817F47C0 - CALL
0120:trace:module:MODULE_InitDLL (0000000180000000,THREAD_ATTACH,0000000000000000) - RETURN 1
0120:trace:module:MODULE_InitDLL (0000000061B70000 L"mono-2.0-bdwgc.dll",THREAD_ATTACH,0000000000000000) 000000006206B294 - CALL
0120:trace:module:MODULE_InitDLL (0000000061B70000,THREAD_ATTACH,0000000000000000) - RETURN 1
0118:trace:module:alloc_thread_tls thread 0118 slot 0: 336/0 bytes at 00000000630E3CA0
0118:trace:module:alloc_thread_tls thread 0118 slot 1: 56064/0 bytes at 00000000630E3E10
0118:trace:module:MODULE_InitDLL (00000001C8DB0000 L"msvcrt.dll",THREAD_ATTACH,0000000000000000) 00000001C8E3E9D0 - CALL
0118:trace:module:MODULE_InitDLL (00000001C8DB0000,THREAD_ATTACH,0000000000000000) - RETURN 1
0118:trace:module:MODULE_InitDLL (00000003AF670000 L"ucrtbase.dll",THREAD_ATTACH,0000000000000000) 00000003AF71AC10 - CALL
0118:trace:module:MODULE_InitDLL (00000003AF670000,THREAD_ATTACH,0000000000000000) - RETURN 1
0118:trace:module:MODULE_InitDLL (000000023D820000 L"USER32.dll",THREAD_ATTACH,0000000000000000) 000000023D8F6990 - CALL
0118:trace:module:MODULE_InitDLL (000000023D820000,THREAD_ATTACH,0000000000000000) - RETURN 1
0118:trace:module:MODULE_InitDLL (00000003AFD00000 L"IMM32.dll",THREAD_ATTACH,0000000000000000) 00000003AFD0CE20 - CALL
0118:trace:module:MODULE_InitDLL (00000003AFD00000,THREAD_ATTACH,0000000000000000) - RETURN 1
0118:trace:module:MODULE_InitDLL (0000000231AE0000 L"rpcrt4.dll",THREAD_ATTACH,0000000000000000) 0000000231B334D0 - CALL
0118:trace:module:MODULE_InitDLL (0000000231AE0000,THREAD_ATTACH,0000000000000000) - RETURN 1
0118:trace:module:MODULE_InitDLL (0000000327020000 L"combase.dll",THREAD_ATTACH,0000000000000000) 000000032704BE40 - CALL
0118:trace:module:MODULE_InitDLL (0000000327020000,THREAD_ATTACH,0000000000000000) - RETURN 1
0118:trace:module:MODULE_InitDLL (00000002E8F10000 L"ole32.dll",THREAD_ATTACH,0000000000000000) 00000002E8FC5810 - CALL
0118:trace:module:MODULE_InitDLL (00000002E8F10000,THREAD_ATTACH,0000000000000000) - RETURN 1
0118:trace:module:MODULE_InitDLL (000000006DD70000 L"OPENGL32.dll",THREAD_ATTACH,0000000000000000) 000000006DE55D80 - CALL
0118:trace:module:MODULE_InitDLL (000000006DD70000,THREAD_ATTACH,0000000000000000) - RETURN 1
0118:trace:module:MODULE_InitDLL (00000001EC2B0000 L"ws2_32.dll",THREAD_ATTACH,0000000000000000) 00000001EC2C4980 - CALL
0118:trace:module:MODULE_InitDLL (00000001EC2B0000,THREAD_ATTACH,0000000000000000) - RETURN 1
0118:trace:module:MODULE_InitDLL (0000000180000000 L"UnityPlayer.dll",THREAD_ATTACH,0000000000000000) 00000001817F47C0 - CALL
0118:trace:module:MODULE_InitDLL (0000000180000000,THREAD_ATTACH,0000000000000000) - RETURN 1
0118:trace:module:MODULE_InitDLL (0000000061B70000 L"mono-2.0-bdwgc.dll",THREAD_ATTACH,0000000000000000) 000000006206B294 - CALL
0118:trace:module:MODULE_InitDLL (0000000061B70000,THREAD_ATTACH,0000000000000000) - RETURN 1
0128:trace:module:alloc_thread_tls thread 0128 slot 0: 336/0 bytes at 00000000630F44B0
0128:trace:module:alloc_thread_tls thread 0128 slot 1: 56064/0 bytes at 00000000630F4620
0128:trace:module:MODULE_InitDLL (00000001C8DB0000 L"msvcrt.dll",THREAD_ATTACH,0000000000000000) 00000001C8E3E9D0 - CALL
0128:trace:module:MODULE_InitDLL (00000001C8DB0000,THREAD_ATTACH,0000000000000000) - RETURN 1
0128:trace:module:MODULE_InitDLL (00000003AF670000 L"ucrtbase.dll",THREAD_ATTACH,0000000000000000) 00000003AF71AC10 - CALL
0128:trace:module:MODULE_InitDLL (00000003AF670000,THREAD_ATTACH,0000000000000000) - RETURN 1
0128:trace:module:MODULE_InitDLL (000000023D820000 L"USER32.dll",THREAD_ATTACH,0000000000000000) 000000023D8F6990 - CALL
0128:trace:module:MODULE_InitDLL (000000023D820000,THREAD_ATTACH,0000000000000000) - RETURN 1
0128:trace:module:MODULE_InitDLL (00000003AFD00000 L"IMM32.dll",THREAD_ATTACH,0000000000000000) 00000003AFD0CE20 - CALL
0128:trace:module:MODULE_InitDLL (00000003AFD00000,THREAD_ATTACH,0000000000000000) - RETURN 1
0128:trace:module:MODULE_InitDLL (0000000231AE0000 L"rpcrt4.dll",THREAD_ATTACH,0000000000000000) 0000000231B334D0 - CALL
0128:trace:module:MODULE_InitDLL (0000000231AE0000,THREAD_ATTACH,0000000000000000) - RETURN 1
0128:trace:module:MODULE_InitDLL (0000000327020000 L"combase.dll",THREAD_ATTACH,0000000000000000) 000000032704BE40 - CALL
0128:trace:module:MODULE_InitDLL (0000000327020000,THREAD_ATTACH,0000000000000000) - RETURN 1
0128:trace:module:MODULE_InitDLL (00000002E8F10000 L"ole32.dll",THREAD_ATTACH,0000000000000000) 00000002E8FC5810 - CALL
0128:trace:module:MODULE_InitDLL (00000002E8F10000,THREAD_ATTACH,0000000000000000) - RETURN 1
0128:trace:module:MODULE_InitDLL (000000006DD70000 L"OPENGL32.dll",THREAD_ATTACH,0000000000000000) 000000006DE55D80 - CALL
0128:trace:module:MODULE_InitDLL (000000006DD70000,THREAD_ATTACH,0000000000000000) - RETURN 1
0128:trace:module:MODULE_InitDLL (00000001EC2B0000 L"ws2_32.dll",THREAD_ATTACH,0000000000000000) 00000001EC2C4980 - CALL
0128:trace:module:MODULE_InitDLL (00000001EC2B0000,THREAD_ATTACH,0000000000000000) - RETURN 1
0128:trace:module:MODULE_InitDLL (0000000180000000 L"UnityPlayer.dll",THREAD_ATTACH,0000000000000000) 00000001817F47C0 - CALL
0128:trace:module:MODULE_InitDLL (0000000180000000,THREAD_ATTACH,0000000000000000) - RETURN 1
0128:trace:module:MODULE_InitDLL (0000000061B70000 L"mono-2.0-bdwgc.dll",THREAD_ATTACH,0000000000000000) 000000006206B294 - CALL
0128:trace:module:MODULE_InitDLL (0000000061B70000,THREAD_ATTACH,0000000000000000) - RETURN 1
0024:fixme:ntdll:NtQuerySystemInformation info_class SYSTEM_PERFORMANCE_INFORMATION
012c:trace:module:alloc_thread_tls thread 012c slot 0: 336/0 bytes at 0000000063104CC0
012c:trace:module:alloc_thread_tls thread 012c slot 1: 56064/0 bytes at 0000000063104E30
012c:trace:module:MODULE_InitDLL (00000001C8DB0000 L"msvcrt.dll",THREAD_ATTACH,0000000000000000) 00000001C8E3E9D0 - CALL
012c:trace:module:MODULE_InitDLL (00000001C8DB0000,THREAD_ATTACH,0000000000000000) - RETURN 1
012c:trace:module:MODULE_InitDLL (00000003AF670000 L"ucrtbase.dll",THREAD_ATTACH,0000000000000000) 00000003AF71AC10 - CALL
012c:trace:module:MODULE_InitDLL (00000003AF670000,THREAD_ATTACH,0000000000000000) - RETURN 1
012c:trace:module:MODULE_InitDLL (000000023D820000 L"USER32.dll",THREAD_ATTACH,0000000000000000) 000000023D8F6990 - CALL
012c:trace:module:MODULE_InitDLL (000000023D820000,THREAD_ATTACH,0000000000000000) - RETURN 1
012c:trace:module:MODULE_InitDLL (00000003AFD00000 L"IMM32.dll",THREAD_ATTACH,0000000000000000) 00000003AFD0CE20 - CALL
012c:trace:module:MODULE_InitDLL (00000003AFD00000,THREAD_ATTACH,0000000000000000) - RETURN 1
012c:trace:module:MODULE_InitDLL (0000000231AE0000 L"rpcrt4.dll",THREAD_ATTACH,0000000000000000) 0000000231B334D0 - CALL
012c:trace:module:MODULE_InitDLL (0000000231AE0000,THREAD_ATTACH,0000000000000000) - RETURN 1
012c:trace:module:MODULE_InitDLL (0000000327020000 L"combase.dll",THREAD_ATTACH,0000000000000000) 000000032704BE40 - CALL
012c:trace:module:MODULE_InitDLL (0000000327020000,THREAD_ATTACH,0000000000000000) - RETURN 1
012c:trace:module:MODULE_InitDLL (00000002E8F10000 L"ole32.dll",THREAD_ATTACH,0000000000000000) 00000002E8FC5810 - CALL
012c:trace:module:MODULE_InitDLL (00000002E8F10000,THREAD_ATTACH,0000000000000000) - RETURN 1
012c:trace:module:MODULE_InitDLL (000000006DD70000 L"OPENGL32.dll",THREAD_ATTACH,0000000000000000) 000000006DE55D80 - CALL
012c:trace:module:MODULE_InitDLL (000000006DD70000,THREAD_ATTACH,0000000000000000) - RETURN 1
012c:trace:module:MODULE_InitDLL (00000001EC2B0000 L"ws2_32.dll",THREAD_ATTACH,0000000000000000) 00000001EC2C4980 - CALL
012c:trace:module:MODULE_InitDLL (00000001EC2B0000,THREAD_ATTACH,0000000000000000) - RETURN 1
012c:trace:module:MODULE_InitDLL (0000000180000000 L"UnityPlayer.dll",THREAD_ATTACH,0000000000000000) 00000001817F47C0 - CALL
012c:trace:module:MODULE_InitDLL (0000000180000000,THREAD_ATTACH,0000000000000000) - RETURN 1
012c:trace:module:MODULE_InitDLL (0000000061B70000 L"mono-2.0-bdwgc.dll",THREAD_ATTACH,0000000000000000) 000000006206B294 - CALL
012c:trace:module:MODULE_InitDLL (0000000061B70000,THREAD_ATTACH,0000000000000000) - RETURN 1
0130:trace:module:alloc_thread_tls thread 0130 slot 0: 336/0 bytes at 00000000631154D0
0130:trace:module:alloc_thread_tls thread 0130 slot 1: 56064/0 bytes at 0000000063115640
0130:trace:module:MODULE_InitDLL (00000001C8DB0000 L"msvcrt.dll",THREAD_ATTACH,0000000000000000) 00000001C8E3E9D0 - CALL
0130:trace:module:MODULE_InitDLL (00000001C8DB0000,THREAD_ATTACH,0000000000000000) - RETURN 1
0130:trace:module:MODULE_InitDLL (00000003AF670000 L"ucrtbase.dll",THREAD_ATTACH,0000000000000000) 00000003AF71AC10 - CALL
0130:trace:module:MODULE_InitDLL (00000003AF670000,THREAD_ATTACH,0000000000000000) - RETURN 1
0130:trace:module:MODULE_InitDLL (000000023D820000 L"USER32.dll",THREAD_ATTACH,0000000000000000) 000000023D8F6990 - CALL
0130:trace:module:MODULE_InitDLL (000000023D820000,THREAD_ATTACH,0000000000000000) - RETURN 1
0130:trace:module:MODULE_InitDLL (00000003AFD00000 L"IMM32.dll",THREAD_ATTACH,0000000000000000) 00000003AFD0CE20 - CALL
0130:trace:module:MODULE_InitDLL (00000003AFD00000,THREAD_ATTACH,0000000000000000) - RETURN 1
0130:trace:module:MODULE_InitDLL (0000000231AE0000 L"rpcrt4.dll",THREAD_ATTACH,0000000000000000) 0000000231B334D0 - CALL
0130:trace:module:MODULE_InitDLL (0000000231AE0000,THREAD_ATTACH,0000000000000000) - RETURN 1
0130:trace:module:MODULE_InitDLL (0000000327020000 L"combase.dll",THREAD_ATTACH,0000000000000000) 000000032704BE40 - CALL
0130:trace:module:MODULE_InitDLL (0000000327020000,THREAD_ATTACH,0000000000000000) - RETURN 1
0130:trace:module:MODULE_InitDLL (00000002E8F10000 L"ole32.dll",THREAD_ATTACH,0000000000000000) 00000002E8FC5810 - CALL
0130:trace:module:MODULE_InitDLL (00000002E8F10000,THREAD_ATTACH,0000000000000000) - RETURN 1
0130:trace:module:MODULE_InitDLL (000000006DD70000 L"OPENGL32.dll",THREAD_ATTACH,0000000000000000) 000000006DE55D80 - CALL
0130:trace:module:MODULE_InitDLL (000000006DD70000,THREAD_ATTACH,0000000000000000) - RETURN 1
0130:trace:module:MODULE_InitDLL (00000001EC2B0000 L"ws2_32.dll",THREAD_ATTACH,0000000000000000) 00000001EC2C4980 - CALL
0130:trace:module:MODULE_InitDLL (00000001EC2B0000,THREAD_ATTACH,0000000000000000) - RETURN 1
0130:trace:module:MODULE_InitDLL (0000000180000000 L"UnityPlayer.dll",THREAD_ATTACH,0000000000000000) 00000001817F47C0 - CALL
0130:trace:module:MODULE_InitDLL (0000000180000000,THREAD_ATTACH,0000000000000000) - RETURN 1
0130:trace:module:MODULE_InitDLL (0000000061B70000 L"mono-2.0-bdwgc.dll",THREAD_ATTACH,0000000000000000) 000000006206B294 - CALL
0130:trace:module:MODULE_InitDLL (0000000061B70000,THREAD_ATTACH,0000000000000000) - RETURN 1
0134:trace:module:alloc_thread_tls thread 0134 slot 0: 336/0 bytes at 0000000063125CE0
0134:trace:module:alloc_thread_tls thread 0134 slot 1: 56064/0 bytes at 0000000063125E50
0134:trace:module:MODULE_InitDLL (00000001C8DB0000 L"msvcrt.dll",THREAD_ATTACH,0000000000000000) 00000001C8E3E9D0 - CALL
0134:trace:module:MODULE_InitDLL (00000001C8DB0000,THREAD_ATTACH,0000000000000000) - RETURN 1
0134:trace:module:MODULE_InitDLL (00000003AF670000 L"ucrtbase.dll",THREAD_ATTACH,0000000000000000) 00000003AF71AC10 - CALL
0134:trace:module:MODULE_InitDLL (00000003AF670000,THREAD_ATTACH,0000000000000000) - RETURN 1
0134:trace:module:MODULE_InitDLL (000000023D820000 L"USER32.dll",THREAD_ATTACH,0000000000000000) 000000023D8F6990 - CALL
0134:trace:module:MODULE_InitDLL (000000023D820000,THREAD_ATTACH,0000000000000000) - RETURN 1
0134:trace:module:MODULE_InitDLL (00000003AFD00000 L"IMM32.dll",THREAD_ATTACH,0000000000000000) 00000003AFD0CE20 - CALL
0134:trace:module:MODULE_InitDLL (00000003AFD00000,THREAD_ATTACH,0000000000000000) - RETURN 1
0134:trace:module:MODULE_InitDLL (0000000231AE0000 L"rpcrt4.dll",THREAD_ATTACH,0000000000000000) 0000000231B334D0 - CALL
0134:trace:module:MODULE_InitDLL (0000000231AE0000,THREAD_ATTACH,0000000000000000) - RETURN 1
0134:trace:module:MODULE_InitDLL (0000000327020000 L"combase.dll",THREAD_ATTACH,0000000000000000) 000000032704BE40 - CALL
0134:trace:module:MODULE_InitDLL (0000000327020000,THREAD_ATTACH,0000000000000000) - RETURN 1
0134:trace:module:MODULE_InitDLL (00000002E8F10000 L"ole32.dll",THREAD_ATTACH,0000000000000000) 00000002E8FC5810 - CALL
0134:trace:module:MODULE_InitDLL (00000002E8F10000,THREAD_ATTACH,0000000000000000) - RETURN 1
0134:trace:module:MODULE_InitDLL (000000006DD70000 L"OPENGL32.dll",THREAD_ATTACH,0000000000000000) 000000006DE55D80 - CALL
0134:trace:module:MODULE_InitDLL (000000006DD70000,THREAD_ATTACH,0000000000000000) - RETURN 1
0134:trace:module:MODULE_InitDLL (00000001EC2B0000 L"ws2_32.dll",THREAD_ATTACH,0000000000000000) 00000001EC2C4980 - CALL
0134:trace:module:MODULE_InitDLL (00000001EC2B0000,THREAD_ATTACH,0000000000000000) - RETURN 1
0134:trace:module:MODULE_InitDLL (0000000180000000 L"UnityPlayer.dll",THREAD_ATTACH,0000000000000000) 00000001817F47C0 - CALL
0134:trace:module:MODULE_InitDLL (0000000180000000,THREAD_ATTACH,0000000000000000) - RETURN 1
0134:trace:module:MODULE_InitDLL (0000000061B70000 L"mono-2.0-bdwgc.dll",THREAD_ATTACH,0000000000000000) 000000006206B294 - CALL
0134:trace:module:MODULE_InitDLL (0000000061B70000,THREAD_ATTACH,0000000000000000) - RETURN 1
0138:trace:module:alloc_thread_tls thread 0138 slot 0: 336/0 bytes at 00000000631364F0
0138:trace:module:alloc_thread_tls thread 0138 slot 1: 56064/0 bytes at 0000000063136660
0138:trace:module:MODULE_InitDLL (00000001C8DB0000 L"msvcrt.dll",THREAD_ATTACH,0000000000000000) 00000001C8E3E9D0 - CALL
0138:trace:module:MODULE_InitDLL (00000001C8DB0000,THREAD_ATTACH,0000000000000000) - RETURN 1
0138:trace:module:MODULE_InitDLL (00000003AF670000 L"ucrtbase.dll",THREAD_ATTACH,0000000000000000) 00000003AF71AC10 - CALL
0138:trace:module:MODULE_InitDLL (00000003AF670000,THREAD_ATTACH,0000000000000000) - RETURN 1
0138:trace:module:MODULE_InitDLL (000000023D820000 L"USER32.dll",THREAD_ATTACH,0000000000000000) 000000023D8F6990 - CALL
0138:trace:module:MODULE_InitDLL (000000023D820000,THREAD_ATTACH,0000000000000000) - RETURN 1
0138:trace:module:MODULE_InitDLL (00000003AFD00000 L"IMM32.dll",THREAD_ATTACH,0000000000000000) 00000003AFD0CE20 - CALL
0138:trace:module:MODULE_InitDLL (00000003AFD00000,THREAD_ATTACH,0000000000000000) - RETURN 1
0138:trace:module:MODULE_InitDLL (0000000231AE0000 L"rpcrt4.dll",THREAD_ATTACH,0000000000000000) 0000000231B334D0 - CALL
0138:trace:module:MODULE_InitDLL (0000000231AE0000,THREAD_ATTACH,0000000000000000) - RETURN 1
0138:trace:module:MODULE_InitDLL (0000000327020000 L"combase.dll",THREAD_ATTACH,0000000000000000) 000000032704BE40 - CALL
0138:trace:module:MODULE_InitDLL (0000000327020000,THREAD_ATTACH,0000000000000000) - RETURN 1
0138:trace:module:MODULE_InitDLL (00000002E8F10000 L"ole32.dll",THREAD_ATTACH,0000000000000000) 00000002E8FC5810 - CALL
0138:trace:module:MODULE_InitDLL (00000002E8F10000,THREAD_ATTACH,0000000000000000) - RETURN 1
0138:trace:module:MODULE_InitDLL (000000006DD70000 L"OPENGL32.dll",THREAD_ATTACH,0000000000000000) 000000006DE55D80 - CALL
0138:trace:module:MODULE_InitDLL (000000006DD70000,THREAD_ATTACH,0000000000000000) - RETURN 1
0138:trace:module:MODULE_InitDLL (00000001EC2B0000 L"ws2_32.dll",THREAD_ATTACH,0000000000000000) 00000001EC2C4980 - CALL
0138:trace:module:MODULE_InitDLL (00000001EC2B0000,THREAD_ATTACH,0000000000000000) - RETURN 1
0138:trace:module:MODULE_InitDLL (0000000180000000 L"UnityPlayer.dll",THREAD_ATTACH,0000000000000000) 00000001817F47C0 - CALL
0138:trace:module:MODULE_InitDLL (0000000180000000,THREAD_ATTACH,0000000000000000) - RETURN 1
0138:trace:module:MODULE_InitDLL (0000000061B70000 L"mono-2.0-bdwgc.dll",THREAD_ATTACH,0000000000000000) 000000006206B294 - CALL
0138:trace:module:MODULE_InitDLL (0000000061B70000,THREAD_ATTACH,0000000000000000) - RETURN 1
013c:trace:module:alloc_thread_tls thread 013c slot 0: 336/0 bytes at 0000000063146D00
013c:trace:module:alloc_thread_tls thread 013c slot 1: 56064/0 bytes at 0000000063146E70
013c:trace:module:MODULE_InitDLL (00000001C8DB0000 L"msvcrt.dll",THREAD_ATTACH,0000000000000000) 00000001C8E3E9D0 - CALL
013c:trace:module:MODULE_InitDLL (00000001C8DB0000,THREAD_ATTACH,0000000000000000) - RETURN 1
013c:trace:module:MODULE_InitDLL (00000003AF670000 L"ucrtbase.dll",THREAD_ATTACH,0000000000000000) 00000003AF71AC10 - CALL
013c:trace:module:MODULE_InitDLL (00000003AF670000,THREAD_ATTACH,0000000000000000) - RETURN 1
013c:trace:module:MODULE_InitDLL (000000023D820000 L"USER32.dll",THREAD_ATTACH,0000000000000000) 000000023D8F6990 - CALL
013c:trace:module:MODULE_InitDLL (000000023D820000,THREAD_ATTACH,0000000000000000) - RETURN 1
013c:trace:module:MODULE_InitDLL (00000003AFD00000 L"IMM32.dll",THREAD_ATTACH,0000000000000000) 00000003AFD0CE20 - CALL
013c:trace:module:MODULE_InitDLL (00000003AFD00000,THREAD_ATTACH,0000000000000000) - RETURN 1
013c:trace:module:MODULE_InitDLL (0000000231AE0000 L"rpcrt4.dll",THREAD_ATTACH,0000000000000000) 0000000231B334D0 - CALL
013c:trace:module:MODULE_InitDLL (0000000231AE0000,THREAD_ATTACH,0000000000000000) - RETURN 1
013c:trace:module:MODULE_InitDLL (0000000327020000 L"combase.dll",THREAD_ATTACH,0000000000000000) 000000032704BE40 - CALL
013c:trace:module:MODULE_InitDLL (0000000327020000,THREAD_ATTACH,0000000000000000) - RETURN 1
013c:trace:module:MODULE_InitDLL (00000002E8F10000 L"ole32.dll",THREAD_ATTACH,0000000000000000) 00000002E8FC5810 - CALL
013c:trace:module:MODULE_InitDLL (00000002E8F10000,THREAD_ATTACH,0000000000000000) - RETURN 1
013c:trace:module:MODULE_InitDLL (000000006DD70000 L"OPENGL32.dll",THREAD_ATTACH,0000000000000000) 000000006DE55D80 - CALL
013c:trace:module:MODULE_InitDLL (000000006DD70000,THREAD_ATTACH,0000000000000000) - RETURN 1
013c:trace:module:MODULE_InitDLL (00000001EC2B0000 L"ws2_32.dll",THREAD_ATTACH,0000000000000000) 00000001EC2C4980 - CALL
013c:trace:module:MODULE_InitDLL (00000001EC2B0000,THREAD_ATTACH,0000000000000000) - RETURN 1
013c:trace:module:MODULE_InitDLL (0000000180000000 L"UnityPlayer.dll",THREAD_ATTACH,0000000000000000) 00000001817F47C0 - CALL
013c:trace:module:MODULE_InitDLL (0000000180000000,THREAD_ATTACH,0000000000000000) - RETURN 1
013c:trace:module:MODULE_InitDLL (0000000061B70000 L"mono-2.0-bdwgc.dll",THREAD_ATTACH,0000000000000000) 000000006206B294 - CALL
013c:trace:module:MODULE_InitDLL (0000000061B70000,THREAD_ATTACH,0000000000000000) - RETURN 1
0140:trace:module:alloc_thread_tls thread 0140 slot 0: 336/0 bytes at 0000000063157510
0140:trace:module:alloc_thread_tls thread 0140 slot 1: 56064/0 bytes at 0000000063157680
0140:trace:module:MODULE_InitDLL (00000001C8DB0000 L"msvcrt.dll",THREAD_ATTACH,0000000000000000) 00000001C8E3E9D0 - CALL
0140:trace:module:MODULE_InitDLL (00000001C8DB0000,THREAD_ATTACH,0000000000000000) - RETURN 1
0140:trace:module:MODULE_InitDLL (00000003AF670000 L"ucrtbase.dll",THREAD_ATTACH,0000000000000000) 00000003AF71AC10 - CALL
0140:trace:module:MODULE_InitDLL (00000003AF670000,THREAD_ATTACH,0000000000000000) - RETURN 1
0140:trace:module:MODULE_InitDLL (000000023D820000 L"USER32.dll",THREAD_ATTACH,0000000000000000) 000000023D8F6990 - CALL
0140:trace:module:MODULE_InitDLL (000000023D820000,THREAD_ATTACH,0000000000000000) - RETURN 1
0140:trace:module:MODULE_InitDLL (00000003AFD00000 L"IMM32.dll",THREAD_ATTACH,0000000000000000) 00000003AFD0CE20 - CALL
0140:trace:module:MODULE_InitDLL (00000003AFD00000,THREAD_ATTACH,0000000000000000) - RETURN 1
0140:trace:module:MODULE_InitDLL (0000000231AE0000 L"rpcrt4.dll",THREAD_ATTACH,0000000000000000) 0000000231B334D0 - CALL
0140:trace:module:MODULE_InitDLL (0000000231AE0000,THREAD_ATTACH,0000000000000000) - RETURN 1
0140:trace:module:MODULE_InitDLL (0000000327020000 L"combase.dll",THREAD_ATTACH,0000000000000000) 000000032704BE40 - CALL
0140:trace:module:MODULE_InitDLL (0000000327020000,THREAD_ATTACH,0000000000000000) - RETURN 1
0140:trace:module:MODULE_InitDLL (00000002E8F10000 L"ole32.dll",THREAD_ATTACH,0000000000000000) 00000002E8FC5810 - CALL
0140:trace:module:MODULE_InitDLL (00000002E8F10000,THREAD_ATTACH,0000000000000000) - RETURN 1
0140:trace:module:MODULE_InitDLL (000000006DD70000 L"OPENGL32.dll",THREAD_ATTACH,0000000000000000) 000000006DE55D80 - CALL
0140:trace:module:MODULE_InitDLL (000000006DD70000,THREAD_ATTACH,0000000000000000) - RETURN 1
0140:trace:module:MODULE_InitDLL (00000001EC2B0000 L"ws2_32.dll",THREAD_ATTACH,0000000000000000) 00000001EC2C4980 - CALL
0140:trace:module:MODULE_InitDLL (00000001EC2B0000,THREAD_ATTACH,0000000000000000) - RETURN 1
0140:trace:module:MODULE_InitDLL (0000000180000000 L"UnityPlayer.dll",THREAD_ATTACH,0000000000000000) 00000001817F47C0 - CALL
0140:trace:module:MODULE_InitDLL (0000000180000000,THREAD_ATTACH,0000000000000000) - RETURN 1
0140:trace:module:MODULE_InitDLL (0000000061B70000 L"mono-2.0-bdwgc.dll",THREAD_ATTACH,0000000000000000) 000000006206B294 - CALL
0140:trace:module:MODULE_InitDLL (0000000061B70000,THREAD_ATTACH,0000000000000000) - RETURN 1
0144:trace:module:alloc_thread_tls thread 0144 slot 0: 336/0 bytes at 0000000063167E10
0144:trace:module:alloc_thread_tls thread 0144 slot 1: 56064/0 bytes at 0000000065970050
0144:trace:module:MODULE_InitDLL (00000001C8DB0000 L"msvcrt.dll",THREAD_ATTACH,0000000000000000) 00000001C8E3E9D0 - CALL
0144:trace:module:MODULE_InitDLL (00000001C8DB0000,THREAD_ATTACH,0000000000000000) - RETURN 1
0144:trace:module:MODULE_InitDLL (00000003AF670000 L"ucrtbase.dll",THREAD_ATTACH,0000000000000000) 00000003AF71AC10 - CALL
0144:trace:module:MODULE_InitDLL (00000003AF670000,THREAD_ATTACH,0000000000000000) - RETURN 1
0144:trace:module:MODULE_InitDLL (000000023D820000 L"USER32.dll",THREAD_ATTACH,0000000000000000) 000000023D8F6990 - CALL
0144:trace:module:MODULE_InitDLL (000000023D820000,THREAD_ATTACH,0000000000000000) - RETURN 1
0144:trace:module:MODULE_InitDLL (00000003AFD00000 L"IMM32.dll",THREAD_ATTACH,0000000000000000) 00000003AFD0CE20 - CALL
0144:trace:module:MODULE_InitDLL (00000003AFD00000,THREAD_ATTACH,0000000000000000) - RETURN 1
0144:trace:module:MODULE_InitDLL (0000000231AE0000 L"rpcrt4.dll",THREAD_ATTACH,0000000000000000) 0000000231B334D0 - CALL
0144:trace:module:MODULE_InitDLL (0000000231AE0000,THREAD_ATTACH,0000000000000000) - RETURN 1
0144:trace:module:MODULE_InitDLL (0000000327020000 L"combase.dll",THREAD_ATTACH,0000000000000000) 000000032704BE40 - CALL
0144:trace:module:MODULE_InitDLL (0000000327020000,THREAD_ATTACH,0000000000000000) - RETURN 1
0144:trace:module:MODULE_InitDLL (00000002E8F10000 L"ole32.dll",THREAD_ATTACH,0000000000000000) 00000002E8FC5810 - CALL
0144:trace:module:MODULE_InitDLL (00000002E8F10000,THREAD_ATTACH,0000000000000000) - RETURN 1
0144:trace:module:MODULE_InitDLL (000000006DD70000 L"OPENGL32.dll",THREAD_ATTACH,0000000000000000) 000000006DE55D80 - CALL
0144:trace:module:MODULE_InitDLL (000000006DD70000,THREAD_ATTACH,0000000000000000) - RETURN 1
0144:trace:module:MODULE_InitDLL (00000001EC2B0000 L"ws2_32.dll",THREAD_ATTACH,0000000000000000) 00000001EC2C4980 - CALL
0144:trace:module:MODULE_InitDLL (00000001EC2B0000,THREAD_ATTACH,0000000000000000) - RETURN 1
0144:trace:module:MODULE_InitDLL (0000000180000000 L"UnityPlayer.dll",THREAD_ATTACH,0000000000000000) 00000001817F47C0 - CALL
0144:trace:module:MODULE_InitDLL (0000000180000000,THREAD_ATTACH,0000000000000000) - RETURN 1
0144:trace:module:MODULE_InitDLL (0000000061B70000 L"mono-2.0-bdwgc.dll",THREAD_ATTACH,0000000000000000) 000000006206B294 - CALL
0144:trace:module:MODULE_InitDLL (0000000061B70000,THREAD_ATTACH,0000000000000000) - RETURN 1
0148:trace:module:alloc_thread_tls thread 0148 slot 0: 336/0 bytes at 000000006597E470
0148:trace:module:alloc_thread_tls thread 0148 slot 1: 56064/0 bytes at 000000006597E5E0
0148:trace:module:MODULE_InitDLL (00000001C8DB0000 L"msvcrt.dll",THREAD_ATTACH,0000000000000000) 00000001C8E3E9D0 - CALL
0148:trace:module:MODULE_InitDLL (00000001C8DB0000,THREAD_ATTACH,0000000000000000) - RETURN 1
0148:trace:module:MODULE_InitDLL (00000003AF670000 L"ucrtbase.dll",THREAD_ATTACH,0000000000000000) 00000003AF71AC10 - CALL
0148:trace:module:MODULE_InitDLL (00000003AF670000,THREAD_ATTACH,0000000000000000) - RETURN 1
0148:trace:module:MODULE_InitDLL (000000023D820000 L"USER32.dll",THREAD_ATTACH,0000000000000000) 000000023D8F6990 - CALL
0148:trace:module:MODULE_InitDLL (000000023D820000,THREAD_ATTACH,0000000000000000) - RETURN 1
0148:trace:module:MODULE_InitDLL (00000003AFD00000 L"IMM32.dll",THREAD_ATTACH,0000000000000000) 00000003AFD0CE20 - CALL
0148:trace:module:MODULE_InitDLL (00000003AFD00000,THREAD_ATTACH,0000000000000000) - RETURN 1
0148:trace:module:MODULE_InitDLL (0000000231AE0000 L"rpcrt4.dll",THREAD_ATTACH,0000000000000000) 0000000231B334D0 - CALL
0148:trace:module:MODULE_InitDLL (0000000231AE0000,THREAD_ATTACH,0000000000000000) - RETURN 1
0148:trace:module:MODULE_InitDLL (0000000327020000 L"combase.dll",THREAD_ATTACH,0000000000000000) 000000032704BE40 - CALL
0148:trace:module:MODULE_InitDLL (0000000327020000,THREAD_ATTACH,0000000000000000) - RETURN 1
0148:trace:module:MODULE_InitDLL (00000002E8F10000 L"ole32.dll",THREAD_ATTACH,0000000000000000) 00000002E8FC5810 - CALL
0148:trace:module:MODULE_InitDLL (00000002E8F10000,THREAD_ATTACH,0000000000000000) - RETURN 1
0148:trace:module:MODULE_InitDLL (000000006DD70000 L"OPENGL32.dll",THREAD_ATTACH,0000000000000000) 000000006DE55D80 - CALL
0148:trace:module:MODULE_InitDLL (000000006DD70000,THREAD_ATTACH,0000000000000000) - RETURN 1
0148:trace:module:MODULE_InitDLL (00000001EC2B0000 L"ws2_32.dll",THREAD_ATTACH,0000000000000000) 00000001EC2C4980 - CALL
0148:trace:module:MODULE_InitDLL (00000001EC2B0000,THREAD_ATTACH,0000000000000000) - RETURN 1
0148:trace:module:MODULE_InitDLL (0000000180000000 L"UnityPlayer.dll",THREAD_ATTACH,0000000000000000) 00000001817F47C0 - CALL
0148:trace:module:MODULE_InitDLL (0000000180000000,THREAD_ATTACH,0000000000000000) - RETURN 1
0148:trace:module:MODULE_InitDLL (0000000061B70000 L"mono-2.0-bdwgc.dll",THREAD_ATTACH,0000000000000000) 000000006206B294 - CALL
0148:trace:module:MODULE_InitDLL (0000000061B70000,THREAD_ATTACH,0000000000000000) - RETURN 1
014c:trace:module:alloc_thread_tls thread 014c slot 0: 336/0 bytes at 000000006316AB50
014c:trace:module:alloc_thread_tls thread 014c slot 1: 56064/0 bytes at 000000006598E380
014c:trace:module:MODULE_InitDLL (00000001C8DB0000 L"msvcrt.dll",THREAD_ATTACH,0000000000000000) 00000001C8E3E9D0 - CALL
014c:trace:module:MODULE_InitDLL (00000001C8DB0000,THREAD_ATTACH,0000000000000000) - RETURN 1
014c:trace:module:MODULE_InitDLL (00000003AF670000 L"ucrtbase.dll",THREAD_ATTACH,0000000000000000) 00000003AF71AC10 - CALL
014c:trace:module:MODULE_InitDLL (00000003AF670000,THREAD_ATTACH,0000000000000000) - RETURN 1
014c:trace:module:MODULE_InitDLL (000000023D820000 L"USER32.dll",THREAD_ATTACH,0000000000000000) 000000023D8F6990 - CALL
014c:trace:module:MODULE_InitDLL (000000023D820000,THREAD_ATTACH,0000000000000000) - RETURN 1
014c:trace:module:MODULE_InitDLL (00000003AFD00000 L"IMM32.dll",THREAD_ATTACH,0000000000000000) 00000003AFD0CE20 - CALL
014c:trace:module:MODULE_InitDLL (00000003AFD00000,THREAD_ATTACH,0000000000000000) - RETURN 1
014c:trace:module:MODULE_InitDLL (0000000231AE0000 L"rpcrt4.dll",THREAD_ATTACH,0000000000000000) 0000000231B334D0 - CALL
014c:trace:module:MODULE_InitDLL (0000000231AE0000,THREAD_ATTACH,0000000000000000) - RETURN 1
014c:trace:module:MODULE_InitDLL (0000000327020000 L"combase.dll",THREAD_ATTACH,0000000000000000) 000000032704BE40 - CALL
014c:trace:module:MODULE_InitDLL (0000000327020000,THREAD_ATTACH,0000000000000000) - RETURN 1
014c:trace:module:MODULE_InitDLL (00000002E8F10000 L"ole32.dll",THREAD_ATTACH,0000000000000000) 00000002E8FC5810 - CALL
014c:trace:module:MODULE_InitDLL (00000002E8F10000,THREAD_ATTACH,0000000000000000) - RETURN 1
014c:trace:module:MODULE_InitDLL (000000006DD70000 L"OPENGL32.dll",THREAD_ATTACH,0000000000000000) 000000006DE55D80 - CALL
014c:trace:module:MODULE_InitDLL (000000006DD70000,THREAD_ATTACH,0000000000000000) - RETURN 1
014c:trace:module:MODULE_InitDLL (00000001EC2B0000 L"ws2_32.dll",THREAD_ATTACH,0000000000000000) 00000001EC2C4980 - CALL
014c:trace:module:MODULE_InitDLL (00000001EC2B0000,THREAD_ATTACH,0000000000000000) - RETURN 1
014c:trace:module:MODULE_InitDLL (0000000180000000 L"UnityPlayer.dll",THREAD_ATTACH,0000000000000000) 00000001817F47C0 - CALL
014c:trace:module:MODULE_InitDLL (0000000180000000,THREAD_ATTACH,0000000000000000) - RETURN 1
014c:trace:module:MODULE_InitDLL (0000000061B70000 L"mono-2.0-bdwgc.dll",THREAD_ATTACH,0000000000000000) 000000006206B294 - CALL
014c:trace:module:MODULE_InitDLL (0000000061B70000,THREAD_ATTACH,0000000000000000) - RETURN 1
0150:trace:module:alloc_thread_tls thread 0150 slot 0: 336/0 bytes at 000000006316B5C0
0024:trace:module:LdrGetDllHandleEx flags 0x1, load_path 0000000000000000, dll_characteristics 0000000000000000, name 000000000010EE30, base 000000000010EE28.
0150:trace:module:alloc_thread_tls thread 0150 slot 1: 56064/0 bytes at 000000006599E120
0150:trace:module:MODULE_InitDLL (00000001C8DB0000 L"msvcrt.dll",THREAD_ATTACH,0000000000000000) 00000001C8E3E9D0 - CALL
0150:trace:module:MODULE_InitDLL (00000001C8DB0000,THREAD_ATTACH,0000000000000000) - RETURN 1
0150:trace:module:MODULE_InitDLL (00000003AF670000 L"ucrtbase.dll",THREAD_ATTACH,0000000000000000) 00000003AF71AC10 - CALL
0150:trace:module:MODULE_InitDLL (00000003AF670000,THREAD_ATTACH,0000000000000000) - RETURN 1
0150:trace:module:MODULE_InitDLL (000000023D820000 L"USER32.dll",THREAD_ATTACH,0000000000000000) 000000023D8F6990 - CALL
0150:trace:module:MODULE_InitDLL (000000023D820000,THREAD_ATTACH,0000000000000000) - RETURN 1
0150:trace:module:MODULE_InitDLL (00000003AFD00000 L"IMM32.dll",THREAD_ATTACH,0000000000000000) 00000003AFD0CE20 - CALL
0150:trace:module:MODULE_InitDLL (00000003AFD00000,THREAD_ATTACH,0000000000000000) - RETURN 1
0150:trace:module:MODULE_InitDLL (0000000231AE0000 L"rpcrt4.dll",THREAD_ATTACH,0000000000000000) 0000000231B334D0 - CALL
0150:trace:module:MODULE_InitDLL (0000000231AE0000,THREAD_ATTACH,0000000000000000) - RETURN 1
0150:trace:module:MODULE_InitDLL (0000000327020000 L"combase.dll",THREAD_ATTACH,0000000000000000) 000000032704BE40 - CALL
0150:trace:module:MODULE_InitDLL (0000000327020000,THREAD_ATTACH,0000000000000000) - RETURN 1
0150:trace:module:MODULE_InitDLL (00000002E8F10000 L"ole32.dll",THREAD_ATTACH,0000000000000000) 00000002E8FC5810 - CALL
0150:trace:module:MODULE_InitDLL (00000002E8F10000,THREAD_ATTACH,0000000000000000) - RETURN 1
0150:trace:module:MODULE_InitDLL (000000006DD70000 L"OPENGL32.dll",THREAD_ATTACH,0000000000000000) 000000006DE55D80 - CALL
0150:trace:module:MODULE_InitDLL (000000006DD70000,THREAD_ATTACH,0000000000000000) - RETURN 1
0150:trace:module:MODULE_InitDLL (00000001EC2B0000 L"ws2_32.dll",THREAD_ATTACH,0000000000000000) 00000001EC2C4980 - CALL
0150:trace:module:MODULE_InitDLL (00000001EC2B0000,THREAD_ATTACH,0000000000000000) - RETURN 1
0150:trace:module:MODULE_InitDLL (0000000180000000 L"UnityPlayer.dll",THREAD_ATTACH,0000000000000000) 00000001817F47C0 - CALL
0150:trace:module:MODULE_InitDLL (0000000180000000,THREAD_ATTACH,0000000000000000) - RETURN 1
0150:trace:module:MODULE_InitDLL (0000000061B70000 L"mono-2.0-bdwgc.dll",THREAD_ATTACH,0000000000000000) 000000006206B294 - CALL
0150:trace:module:MODULE_InitDLL (0000000061B70000,THREAD_ATTACH,0000000000000000) - RETURN 1
0154:trace:module:alloc_thread_tls thread 0154 slot 0: 336/0 bytes at 00000000659AC540
0154:trace:module:alloc_thread_tls thread 0154 slot 1: 56064/0 bytes at 00000000659AC6B0
0154:trace:module:MODULE_InitDLL (00000001C8DB0000 L"msvcrt.dll",THREAD_ATTACH,0000000000000000) 00000001C8E3E9D0 - CALL
0154:trace:module:MODULE_InitDLL (00000001C8DB0000,THREAD_ATTACH,0000000000000000) - RETURN 1
0154:trace:module:MODULE_InitDLL (00000003AF670000 L"ucrtbase.dll",THREAD_ATTACH,0000000000000000) 00000003AF71AC10 - CALL
0154:trace:module:MODULE_InitDLL (00000003AF670000,THREAD_ATTACH,0000000000000000) - RETURN 1
0154:trace:module:MODULE_InitDLL (000000023D820000 L"USER32.dll",THREAD_ATTACH,0000000000000000) 000000023D8F6990 - CALL
0154:trace:module:MODULE_InitDLL (000000023D820000,THREAD_ATTACH,0000000000000000) - RETURN 1
0154:trace:module:MODULE_InitDLL (00000003AFD00000 L"IMM32.dll",THREAD_ATTACH,0000000000000000) 00000003AFD0CE20 - CALL
0154:trace:module:MODULE_InitDLL (00000003AFD00000,THREAD_ATTACH,0000000000000000) - RETURN 1
0154:trace:module:MODULE_InitDLL (0000000231AE0000 L"rpcrt4.dll",THREAD_ATTACH,0000000000000000) 0000000231B334D0 - CALL
0154:trace:module:MODULE_InitDLL (0000000231AE0000,THREAD_ATTACH,0000000000000000) - RETURN 1
0154:trace:module:MODULE_InitDLL (0000000327020000 L"combase.dll",THREAD_ATTACH,0000000000000000) 000000032704BE40 - CALL
0154:trace:module:MODULE_InitDLL (0000000327020000,THREAD_ATTACH,0000000000000000) - RETURN 1
0154:trace:module:MODULE_InitDLL (00000002E8F10000 L"ole32.dll",THREAD_ATTACH,0000000000000000) 00000002E8FC5810 - CALL
0154:trace:module:MODULE_InitDLL (00000002E8F10000,THREAD_ATTACH,0000000000000000) - RETURN 1
0154:trace:module:MODULE_InitDLL (000000006DD70000 L"OPENGL32.dll",THREAD_ATTACH,0000000000000000) 000000006DE55D80 - CALL
0154:trace:module:MODULE_InitDLL (000000006DD70000,THREAD_ATTACH,0000000000000000) - RETURN 1
0154:trace:module:MODULE_InitDLL (00000001EC2B0000 L"ws2_32.dll",THREAD_ATTACH,0000000000000000) 00000001EC2C4980 - CALL
0154:trace:module:MODULE_InitDLL (00000001EC2B0000,THREAD_ATTACH,0000000000000000) - RETURN 1
0154:trace:module:MODULE_InitDLL (0000000180000000 L"UnityPlayer.dll",THREAD_ATTACH,0000000000000000) 00000001817F47C0 - CALL
0154:trace:module:MODULE_InitDLL (0000000180000000,THREAD_ATTACH,0000000000000000) - RETURN 1
0154:trace:module:MODULE_InitDLL (0000000061B70000 L"mono-2.0-bdwgc.dll",THREAD_ATTACH,0000000000000000) 000000006206B294 - CALL
0154:trace:module:MODULE_InitDLL (0000000061B70000,THREAD_ATTACH,0000000000000000) - RETURN 1
0158:trace:module:alloc_thread_tls thread 0158 slot 0: 336/0 bytes at 000000006316E2F0
0158:trace:module:alloc_thread_tls thread 0158 slot 1: 56064/0 bytes at 00000000659BC450
0158:trace:module:MODULE_InitDLL (00000001C8DB0000 L"msvcrt.dll",THREAD_ATTACH,0000000000000000) 00000001C8E3E9D0 - CALL
0158:trace:module:MODULE_InitDLL (00000001C8DB0000,THREAD_ATTACH,0000000000000000) - RETURN 1
0158:trace:module:MODULE_InitDLL (00000003AF670000 L"ucrtbase.dll",THREAD_ATTACH,0000000000000000) 00000003AF71AC10 - CALL
0158:trace:module:MODULE_InitDLL (00000003AF670000,THREAD_ATTACH,0000000000000000) - RETURN 1
0158:trace:module:MODULE_InitDLL (000000023D820000 L"USER32.dll",THREAD_ATTACH,0000000000000000) 000000023D8F6990 - CALL
0158:trace:module:MODULE_InitDLL (000000023D820000,THREAD_ATTACH,0000000000000000) - RETURN 1
0158:trace:module:MODULE_InitDLL (00000003AFD00000 L"IMM32.dll",THREAD_ATTACH,0000000000000000) 00000003AFD0CE20 - CALL
0158:trace:module:MODULE_InitDLL (00000003AFD00000,THREAD_ATTACH,0000000000000000) - RETURN 1
0158:trace:module:MODULE_InitDLL (0000000231AE0000 L"rpcrt4.dll",THREAD_ATTACH,0000000000000000) 0000000231B334D0 - CALL
0158:trace:module:MODULE_InitDLL (0000000231AE0000,THREAD_ATTACH,0000000000000000) - RETURN 1
0158:trace:module:MODULE_InitDLL (0000000327020000 L"combase.dll",THREAD_ATTACH,0000000000000000) 000000032704BE40 - CALL
0158:trace:module:MODULE_InitDLL (0000000327020000,THREAD_ATTACH,0000000000000000) - RETURN 1
0158:trace:module:MODULE_InitDLL (00000002E8F10000 L"ole32.dll",THREAD_ATTACH,0000000000000000) 00000002E8FC5810 - CALL
0158:trace:module:MODULE_InitDLL (00000002E8F10000,THREAD_ATTACH,0000000000000000) - RETURN 1
0158:trace:module:MODULE_InitDLL (000000006DD70000 L"OPENGL32.dll",THREAD_ATTACH,0000000000000000) 000000006DE55D80 - CALL
0158:trace:module:MODULE_InitDLL (000000006DD70000,THREAD_ATTACH,0000000000000000) - RETURN 1
0158:trace:module:MODULE_InitDLL (00000001EC2B0000 L"ws2_32.dll",THREAD_ATTACH,0000000000000000) 00000001EC2C4980 - CALL
0158:trace:module:MODULE_InitDLL (00000001EC2B0000,THREAD_ATTACH,0000000000000000) - RETURN 1
0158:trace:module:MODULE_InitDLL (0000000180000000 L"UnityPlayer.dll",THREAD_ATTACH,0000000000000000) 00000001817F47C0 - CALL
0158:trace:module:MODULE_InitDLL (0000000180000000,THREAD_ATTACH,0000000000000000) - RETURN 1
0158:trace:module:MODULE_InitDLL (0000000061B70000 L"mono-2.0-bdwgc.dll",THREAD_ATTACH,0000000000000000) 000000006206B294 - CALL
0158:trace:module:MODULE_InitDLL (0000000061B70000,THREAD_ATTACH,0000000000000000) - RETURN 1
0024:trace:module:LdrGetDllHandleEx L"kernel32" -> 000000007B600000 (load path (null))
0024:trace:module:load_dll looking for L"iphlpapi.dll" in L"C:\\windows\\system32\\"
0024:trace:module:get_load_order looking for L"C:\\windows\\system32\\iphlpapi.dll"
0024:trace:module:get_load_order got hardcoded default for L"iphlpapi.dll"
0024:trace:module:map_image_into_view mapping PE file L"\\??\\C:\\windows\\system32\\iphlpapi.dll" at 0x240030000-0x240064000
0024:trace:module:map_image_into_view mapping L"\\??\\C:\\windows\\system32\\iphlpapi.dll" section .text at 0x240031000 off 1000 size 14000 virt 13940 flags 60000020
0024:trace:module:map_image_into_view mapping L"\\??\\C:\\windows\\system32\\iphlpapi.dll" section .data at 0x240045000 off 15000 size 1000 virt 70 flags c0000040
0024:trace:module:map_image_into_view mapping L"\\??\\C:\\windows\\system32\\iphlpapi.dll" section .rodata at 0x240046000 off 16000 size 1000 virt 854 flags c0000040
0024:trace:module:map_image_into_view mapping L"\\??\\C:\\windows\\system32\\iphlpapi.dll" section .rdata at 0x240047000 off 17000 size 8000 virt 77f0 flags 40000040
0024:trace:module:map_image_into_view mapping L"\\??\\C:\\windows\\system32\\iphlpapi.dll" section .pdata at 0x24004f000 off 1f000 size 1000 virt 6d8 flags 40000040
0024:trace:module:map_image_into_view mapping L"\\??\\C:\\windows\\system32\\iphlpapi.dll" section .xdata at 0x240050000 off 20000 size 1000 virt 84c flags 40000040
0024:trace:module:map_image_into_view mapping L"\\??\\C:\\windows\\system32\\iphlpapi.dll" section .bss at 0x240051000 off 0 size 0 virt 160 flags c0000080
0024:trace:module:map_image_into_view mapping L"\\??\\C:\\windows\\system32\\iphlpapi.dll" section .edata at 0x240052000 off 21000 size f000 virt ec66 flags 40000040
0024:trace:module:map_image_into_view mapping L"\\??\\C:\\windows\\system32\\iphlpapi.dll" section .idata at 0x240061000 off 30000 size 1000 virt 99c flags c0000040
0024:trace:module:map_image_into_view mapping L"\\??\\C:\\windows\\system32\\iphlpapi.dll" section .rsrc at 0x240062000 off 31000 size 1000 virt 3b0 flags 40000040
0024:trace:module:map_image_into_view mapping L"\\??\\C:\\windows\\system32\\iphlpapi.dll" section .reloc at 0x240063000 off 32000 size 1000 virt 4c flags 42000040
0024:trace:module:load_dll looking for L"advapi32.dll" in L"C:\\windows\\system32\\"
0024:trace:module:load_dll Found L"C:\\windows\\system32\\advapi32.dll" for L"advapi32.dll" at 0000000330260000, count=-1
0024:trace:module:import_dll is not hybrid module
0024:trace:module:load_dll looking for L"dnsapi.dll" in L"C:\\windows\\system32\\"
0024:trace:module:get_load_order looking for L"C:\\windows\\system32\\dnsapi.dll"
0024:trace:module:get_load_order got hardcoded default for L"dnsapi.dll"
0024:trace:module:map_image_into_view mapping PE file L"\\??\\C:\\windows\\system32\\dnsapi.dll" at 0x29cfc0000-0x29cfd6000
0024:trace:module:map_image_into_view mapping L"\\??\\C:\\windows\\system32\\dnsapi.dll" section .text at 0x29cfc1000 off 1000 size 8000 virt 7d60 flags 60000060
0024:trace:module:map_image_into_view mapping L"\\??\\C:\\windows\\system32\\dnsapi.dll" section .data at 0x29cfc9000 off 9000 size 1000 virt b0 flags c0000040
0024:trace:module:map_image_into_view mapping L"\\??\\C:\\windows\\system32\\dnsapi.dll" section .rodata at 0x29cfca000 off a000 size 1000 virt b48 flags c0000040
0024:trace:module:map_image_into_view mapping L"\\??\\C:\\windows\\system32\\dnsapi.dll" section .rdata at 0x29cfcb000 off b000 size 2000 virt 1360 flags 40000040
0024:trace:module:map_image_into_view mapping L"\\??\\C:\\windows\\system32\\dnsapi.dll" section .pdata at 0x29cfcd000 off d000 size 1000 virt 36c flags 40000040
0024:trace:module:map_image_into_view mapping L"\\??\\C:\\windows\\system32\\dnsapi.dll" section .xdata at 0x29cfce000 off e000 size 1000 virt 3f0 flags 40000040
0024:trace:module:map_image_into_view mapping L"\\??\\C:\\windows\\system32\\dnsapi.dll" section .bss at 0x29cfcf000 off 0 size 0 virt 170 flags c0000080
0024:trace:module:map_image_into_view mapping L"\\??\\C:\\windows\\system32\\dnsapi.dll" section .edata at 0x29cfd0000 off f000 size 3000 virt 2898 flags 40000040
0024:trace:module:map_image_into_view mapping L"\\??\\C:\\windows\\system32\\dnsapi.dll" section .idata at 0x29cfd3000 off 12000 size 1000 virt 638 flags c0000040
0024:trace:module:map_image_into_view mapping L"\\??\\C:\\windows\\system32\\dnsapi.dll" section .rsrc at 0x29cfd4000 off 13000 size 1000 virt 398 flags 40000040
0024:trace:module:map_image_into_view mapping L"\\??\\C:\\windows\\system32\\dnsapi.dll" section .reloc at 0x29cfd5000 off 14000 size 1000 virt 30 flags 42000040
0024:trace:module:load_dll looking for L"kernel32.dll" in L"C:\\windows\\system32\\"
0024:trace:module:load_dll Found L"C:\\windows\\system32\\kernel32.dll" for L"kernel32.dll" at 000000007B600000, count=-1
0024:trace:module:import_dll is not hybrid module
0024:trace:module:load_dll looking for L"ntdll.dll" in L"C:\\windows\\system32\\"
0024:trace:module:load_dll Found L"C:\\windows\\system32\\ntdll.dll" for L"ntdll.dll" at 0000000170000000, count=-1
0024:trace:module:import_dll is not hybrid module
0024:trace:module:load_dll looking for L"ucrtbase.dll" in L"C:\\windows\\system32\\"
0024:trace:module:load_dll Found L"C:\\windows\\system32\\ucrtbase.dll" for L"ucrtbase.dll" at 00000003AF670000, count=-1
0024:trace:module:import_dll is not hybrid module
0024:trace:module:build_module loaded L"\\??\\C:\\windows\\system32\\dnsapi.dll" 00000000659CA3C0 000000029CFC0000
0024:trace:loaddll:build_module Loaded L"C:\\windows\\system32\\dnsapi.dll" at 000000029CFC0000: builtin
0024:trace:module:load_dll Loaded module L"\\??\\C:\\windows\\system32\\dnsapi.dll" at 000000029CFC0000
0024:trace:module:import_dll is not hybrid module
0024:trace:module:load_dll looking for L"kernel32.dll" in L"C:\\windows\\system32\\"
0024:trace:module:load_dll Found L"C:\\windows\\system32\\kernel32.dll" for L"kernel32.dll" at 000000007B600000, count=-1
0024:trace:module:import_dll is not hybrid module
0024:trace:module:load_dll looking for L"nsi.dll" in L"C:\\windows\\system32\\"
0024:trace:module:get_load_order looking for L"C:\\windows\\system32\\nsi.dll"
0024:trace:module:get_load_order got hardcoded default for L"nsi.dll"
0024:trace:module:map_image_into_view mapping PE file L"\\??\\C:\\windows\\system32\\nsi.dll" at 0x28dfa0000-0x28dfad000
0024:trace:module:map_image_into_view mapping L"\\??\\C:\\windows\\system32\\nsi.dll" section .text at 0x28dfa1000 off 1000 size 3000 virt 2820 flags 60000020
0024:trace:module:map_image_into_view mapping L"\\??\\C:\\windows\\system32\\nsi.dll" section .data at 0x28dfa4000 off 4000 size 1000 virt 70 flags c0000040
0024:trace:module:map_image_into_view mapping L"\\??\\C:\\windows\\system32\\nsi.dll" section .rodata at 0x28dfa5000 off 5000 size 1000 virt 29c flags c0000040
0024:trace:module:map_image_into_view mapping L"\\??\\C:\\windows\\system32\\nsi.dll" section .rdata at 0x28dfa6000 off 6000 size 1000 virt 2e0 flags 40000040
0024:trace:module:map_image_into_view mapping L"\\??\\C:\\windows\\system32\\nsi.dll" section .pdata at 0x28dfa7000 off 7000 size 1000 virt 108 flags 40000040
0024:trace:module:map_image_into_view mapping L"\\??\\C:\\windows\\system32\\nsi.dll" section .xdata at 0x28dfa8000 off 8000 size 1000 virt 17c flags 40000040
0024:trace:module:map_image_into_view mapping L"\\??\\C:\\windows\\system32\\nsi.dll" section .bss at 0x28dfa9000 off 0 size 0 virt 140 flags c0000080
0024:trace:module:map_image_into_view mapping L"\\??\\C:\\windows\\system32\\nsi.dll" section .edata at 0x28dfaa000 off 9000 size 1000 virt 98a flags 40000040
0024:trace:module:map_image_into_view mapping L"\\??\\C:\\windows\\system32\\nsi.dll" section .idata at 0x28dfab000 off a000 size 1000 virt 400 flags c0000040
0024:trace:module:map_image_into_view mapping L"\\??\\C:\\windows\\system32\\nsi.dll" section .reloc at 0x28dfac000 off b000 size 1000 virt 20 flags 42000040
0024:trace:module:load_dll looking for L"kernel32.dll" in L"C:\\windows\\system32\\"
0024:trace:module:load_dll Found L"C:\\windows\\system32\\kernel32.dll" for L"kernel32.dll" at 000000007B600000, count=-1
0024:trace:module:import_dll is not hybrid module
0024:trace:module:load_dll looking for L"ntdll.dll" in L"C:\\windows\\system32\\"
0024:trace:module:load_dll Found L"C:\\windows\\system32\\ntdll.dll" for L"ntdll.dll" at 0000000170000000, count=-1
0024:trace:module:import_dll is not hybrid module
0024:trace:module:load_dll looking for L"ucrtbase.dll" in L"C:\\windows\\system32\\"
0024:trace:module:load_dll Found L"C:\\windows\\system32\\ucrtbase.dll" for L"ucrtbase.dll" at 00000003AF670000, count=-1
0024:trace:module:import_dll is not hybrid module
0024:trace:module:build_module loaded L"\\??\\C:\\windows\\system32\\nsi.dll" 000000006316EE70 000000028DFA0000
0024:trace:loaddll:build_module Loaded L"C:\\windows\\system32\\nsi.dll" at 000000028DFA0000: builtin
0024:trace:module:load_dll Loaded module L"\\??\\C:\\windows\\system32\\nsi.dll" at 000000028DFA0000
0024:trace:module:import_dll is not hybrid module
0024:trace:module:load_dll looking for L"ntdll.dll" in L"C:\\windows\\system32\\"
0024:trace:module:load_dll Found L"C:\\windows\\system32\\ntdll.dll" for L"ntdll.dll" at 0000000170000000, count=-1
0024:trace:module:import_dll is not hybrid module
0024:trace:module:load_dll looking for L"ucrtbase.dll" in L"C:\\windows\\system32\\"
0024:trace:module:load_dll Found L"C:\\windows\\system32\\ucrtbase.dll" for L"ucrtbase.dll" at 00000003AF670000, count=-1
0024:trace:module:import_dll is not hybrid module
0024:trace:module:build_module loaded L"\\??\\C:\\windows\\system32\\iphlpapi.dll" 00000000659CA180 0000000240030000
0024:trace:loaddll:build_module Loaded L"C:\\windows\\system32\\iphlpapi.dll" at 0000000240030000: builtin
0024:trace:module:load_dll Loaded module L"\\??\\C:\\windows\\system32\\iphlpapi.dll" at 0000000240030000
0024:trace:module:process_attach (L"iphlpapi.dll",0000000000000000) - START
0024:trace:module:process_attach (L"dnsapi.dll",0000000000000000) - START
0024:trace:module:MODULE_InitDLL (000000029CFC0000 L"dnsapi.dll",PROCESS_ATTACH,0000000000000000) 000000029CFC8040 - CALL
0024:trace:module:LdrGetDllHandleEx flags 0x1, load_path 0000000000000000, dll_characteristics 0000000000000000, name 000000000010E0B0, base 000000000010E0A8.
0024:trace:module:LdrGetDllHandleEx L"ntdll.dll" -> 0000000170000000 (load path (null))
0024:trace:module:MODULE_InitDLL (000000029CFC0000,PROCESS_ATTACH,0000000000000000) - RETURN 1
0024:trace:module:process_attach (L"dnsapi.dll",0000000000000000) - END
0024:trace:module:process_attach (L"nsi.dll",0000000000000000) - START
0024:trace:module:MODULE_InitDLL (000000028DFA0000 L"nsi.dll",PROCESS_ATTACH,0000000000000000) 000000028DFA2C30 - CALL
0024:trace:module:MODULE_InitDLL (000000028DFA0000,PROCESS_ATTACH,0000000000000000) - RETURN 1
0024:trace:module:process_attach (L"nsi.dll",0000000000000000) - END
0024:trace:module:MODULE_InitDLL (0000000240030000 L"iphlpapi.dll",PROCESS_ATTACH,0000000000000000) 0000000240043C60 - CALL
0024:trace:module:MODULE_InitDLL (0000000240030000,PROCESS_ATTACH,0000000000000000) - RETURN 1
0024:trace:module:process_attach (L"iphlpapi.dll",0000000000000000) - END
0024:trace:module:LdrGetDllHandleEx flags 0x1, load_path 0000000000000000, dll_characteristics 0000000000000000, name 000000000010EC90, base 000000000010EC88.
0024:trace:module:LdrGetDllHandleEx L"ntdll" -> 0000000170000000 (load path (null))
0024:trace:module:load_dll looking for L"NVUnityPlugin.dll" in L"Z:\\Volumes\\SSD\\Neva;C:\\windows\\system32;C:\\windows\\system;C:\\windows;.;C:\\windows\\system32;C:\\windows;C:\\windows\\system32\\wbem;C:\\windows\\system32\\WindowsPowershell\\v1.0"
0024:warn:module:load_dll Failed to load module L"NVUnityPlugin.dll"; status=c0000135
0024:trace:module:load_dll looking for L"shcore.dll" in L"Z:\\Volumes\\SSD\\Neva;C:\\windows\\system32;C:\\windows\\system;C:\\windows;.;C:\\windows\\system32;C:\\windows;C:\\windows\\system32\\wbem;C:\\windows\\system32\\WindowsPowershell\\v1.0"
0024:trace:module:load_dll Found L"C:\\windows\\system32\\shcore.dll" for L"shcore.dll" at 00000003126F0000, count=-1
0024:trace:module:FindResourceExW 0000000140000000 #000e #0067 0000
0024:trace:module:LoadResource 0000000140000000 000000014001C280
0024:trace:module:FindResourceExW 0000000140000000 #0003 #0007 0000
0024:trace:module:LdrGetDllFullName module 0000000140000000, name 000000000010ECA0.
0024:trace:module:LoadResource 0000000140000000 000000014001C250
0024:trace:module:LdrGetDllFullName module 0000000140000000, name 000000000010E900.
0024:trace:module:LdrGetDllHandleEx flags 0x1, load_path 0000000000000000, dll_characteristics 0000000000000000, name 000000000010E850, base 000000000010E848.
0024:trace:module:LdrGetDllHandleEx L"Z:\\Volumes\\SSD\\Neva\\Neva.exe" -> 0000000140000000 (load path (null))
0024:trace:module:FindResourceExW 0000000140000000 #000e #0067 0000
0024:trace:module:LoadResource 0000000140000000 000000014001C280
0024:trace:module:FindResourceExW 0000000140000000 #0003 #0009 0000
0024:trace:module:LoadResource 0000000140000000 000000014001C270
0024:trace:module:LdrGetDllFullName module 0000000140000000, name 000000000010E250.
0024:trace:module:LdrGetDllFullName module 0000000000000000, name 000000000010EAB0.
0024:trace:module:GetModuleFileNameW L"Z:\\Volumes\\SSD\\Neva\\Neva.exe"
0024:trace:module:LdrGetDllHandleEx flags 0, load_path 00000000659CAD20, dll_characteristics 0000000000000000, name 000000000010EA50, base 000000000010E9F8.
0024:trace:module:LdrAddRefDll (L"Neva.exe") ldr.LoadCount: -1
0024:trace:module:LdrGetDllHandleEx L"Z:\\Volumes\\SSD\\Neva\\Neva.exe" -> 0000000140000000 (load path L"Z:\\Volumes\\SSD\\Neva;C:\\windows\\system32;C:\\windows\\system;C:\\windows;.;C:\\windows\\system32;C:\\windows;C:\\windows\\system32\\wbem;C:\\windows\\system32\\WindowsPowershell\\v1.0")
0024:trace:module:FindResourceExW 0000000140000000 #0010 #0001 0000
0024:trace:module:LdrUnloadDll (0000000140000000)
0024:trace:module:LdrUnloadDll (L"Neva.exe") - START
0024:trace:module:LdrUnloadDll END
0024:trace:module:LdrGetDllHandleEx flags 0, load_path 00000000659CB170, dll_characteristics 0000000000000000, name 000000000010EA20, base 000000000010E9C8.
0024:trace:module:LdrAddRefDll (L"Neva.exe") ldr.LoadCount: -1
0024:trace:module:LdrGetDllHandleEx L"Z:\\Volumes\\SSD\\Neva\\Neva.exe" -> 0000000140000000 (load path L"Z:\\Volumes\\SSD\\Neva;C:\\windows\\system32;C:\\windows\\system;C:\\windows;.;C:\\windows\\system32;C:\\windows;C:\\windows\\system32\\wbem;C:\\windows\\system32\\WindowsPowershell\\v1.0")
0024:trace:module:FindResourceExW 0000000140000000 #0010 #0001 0000
0024:trace:module:LoadResource 0000000140000000 000000014001C290
0024:trace:module:LdrUnloadDll (0000000140000000)
0024:trace:module:LdrUnloadDll (L"Neva.exe") - START
0024:trace:module:LdrUnloadDll END
0024:trace:module:FindResourceExW 000000023D820000 #0004 L"SYSMENU" 0000
0024:trace:module:LoadResource 000000023D820000 000000023D93AA20
0024:trace:module:load_dll looking for L"winemac.drv" in L"Z:\\Volumes\\SSD\\Neva;C:\\windows\\system32;C:\\windows\\system;C:\\windows;.;C:\\windows\\system32;C:\\windows;C:\\windows\\system32\\wbem;C:\\windows\\system32\\WindowsPowershell\\v1.0"
0024:trace:module:load_dll Found L"C:\\windows\\system32\\winemac.drv" for L"winemac.drv" at 00000000714A0000, count=2
0024:trace:module:FindResourceExW 000000023D820000 #000c #7f00 0000
0024:trace:module:LoadResource 000000023D820000 000000023D93B4B0
0024:trace:module:FindResourceExW 000000023D820000 #0001 #0003 0000
0024:trace:module:LdrGetDllFullName module 000000023D820000, name 000000000010D190.
0024:trace:module:FindResourceExW 000000023D820000 #000e #7f00 0000
0024:trace:module:LoadResource 000000023D820000 000000023D93B670
0024:trace:module:FindResourceExW 000000023D820000 #0003 #0006 0000
0024:trace:module:LdrGetDllFullName module 000000023D820000, name 000000000010D190.
0024:trace:module:LoadResource 000000023D820000 000000023D93A1D0
0024:trace:module:LdrGetDllFullName module 000000023D820000, name 000000000010CDF0.
0024:trace:module:LdrGetDllHandleEx flags 0x1, load_path 0000000000000000, dll_characteristics 0000000000000000, name 000000000010CB90, base 000000000010CB88.
0024:trace:module:LdrGetDllHandleEx L"C:\\windows\\system32\\USER32.dll" -> 000000023D820000 (load path (null))
0024:trace:module:FindResourceExW 000000023D820000 #000e #7f00 0000
0024:trace:module:LoadResource 000000023D820000 000000023D93B670
0024:trace:module:FindResourceExW 000000023D820000 #0003 #0003 0000
0024:trace:module:LoadResource 000000023D820000 000000023D93A1A0
0024:trace:module:LdrGetDllFullName module 000000023D820000, name 000000000010C590.
0024:trace:module:load_dll looking for L"imm32.dll" in L"Z:\\Volumes\\SSD\\Neva;C:\\windows\\system32;C:\\windows\\system;C:\\windows;.;C:\\windows\\system32;C:\\windows;C:\\windows\\system32\\wbem;C:\\windows\\system32\\WindowsPowershell\\v1.0"
0024:trace:module:load_dll Found L"C:\\windows\\system32\\IMM32.dll" for L"imm32.dll" at 00000003AFD00000, count=3
0024:fixme:imm:ImmReleaseContext flags 0x1, load_path 0000000000000000, dll_characteristics 0000000000000000, name 000000000010DC10, base 000000000010DC08.
0024:trace:module:LdrGetDllHandleEx L"ntdll.dll" -> 0000000170000000 (load path (null))
(0000000000020048, 00000000659CB450): stub
0024:trace:module:load_dll looking for L"d3d11.dll" in L"Z:\\Volumes\\SSD\\Neva;C:\\windows\\system32;C:\\windows\\system;C:\\windows;.;C:\\windows\\system32;C:\\windows;C:\\windows\\system32\\wbem;C:\\windows\\system32\\WindowsPowershell\\v1.0"
0024:trace:module:get_load_order looking for L"C:\\windows\\system32\\d3d11.dll"
0024:trace:module:get_load_order_value got environment n,b for L"d3d11"
0024:trace:module:map_image_into_view mapping PE file L"\\??\\C:\\windows\\system32\\d3d11.dll" at 0x66000000-0x66029000
0024:trace:module:map_image_into_view mapping L"\\??\\C:\\windows\\system32\\d3d11.dll" section .text at 0x66001000 off 1000 size 2000 virt 1696 flags 60000020
0024:trace:module:map_image_into_view mapping L"\\??\\C:\\windows\\system32\\d3d11.dll" section .rdata at 0x66003000 off 3000 size 1000 virt 388 flags 40000040
0024:trace:module:map_image_into_view mapping L"\\??\\C:\\windows\\system32\\d3d11.dll" section .data at 0x66004000 off 4000 size 1000 virt 8008 flags c0000040
0024:trace:module:map_image_into_view mapping L"\\??\\C:\\windows\\system32\\d3d11.dll" section .pdata at 0x6600d000 off 5000 size 1000 virt 54 flags 40000040
0024:trace:module:map_image_into_view mapping L"\\??\\C:\\windows\\system32\\d3d11.dll" section .rodata at 0x6600e000 off 6000 size 1000 virt 1a flags c0000040
0024:trace:module:map_image_into_view mapping L"\\??\\C:\\windows\\system32\\d3d11.dll" section .reloc at 0x6600f000 off 7000 size 1000 virt 10 flags 42000040
0024:trace:module:map_image_into_view mapping L"\\??\\C:\\windows\\system32\\d3d11.dll" section /4 at 0x66010000 off 8000 size 1000 virt 2f1 flags 42000040
0024:trace:module:map_image_into_view mapping L"\\??\\C:\\windows\\system32\\d3d11.dll" section /18 at 0x66011000 off 9000 size a000 virt 9489 flags 42000040
0024:trace:module:map_image_into_view mapping L"\\??\\C:\\windows\\system32\\d3d11.dll" section /30 at 0x6601b000 off 13000 size 2000 virt 1265 flags 42000040
0024:trace:module:map_image_into_view mapping L"\\??\\C:\\windows\\system32\\d3d11.dll" section /42 at 0x6601d000 off 15000 size 2000 virt 1504 flags 42000040
0024:trace:module:map_image_into_view mapping L"\\??\\C:\\windows\\system32\\d3d11.dll" section /53 at 0x6601f000 off 17000 size 1000 virt 60 flags 42000040
0024:trace:module:map_image_into_view mapping L"\\??\\C:\\windows\\system32\\d3d11.dll" section /67 at 0x66020000 off 18000 size 9000 virt 8ba2 flags 42000040
0024:trace:module:perform_relocations relocating from 0000000180000000-0000000180029000 to 0000000066000000-0000000066029000
0024:trace:module:load_dll looking for L"ucrtbase.dll" in L"Z:\\Volumes\\SSD\\Neva;C:\\windows\\system32;C:\\windows\\system;C:\\windows;.;C:\\windows\\system32;C:\\windows;C:\\windows\\system32\\wbem;C:\\windows\\system32\\WindowsPowershell\\v1.0"
0024:trace:module:load_dll Found L"C:\\windows\\system32\\ucrtbase.dll" for L"ucrtbase.dll" at 00000003AF670000, count=-1
0024:trace:module:import_dll is not hybrid module
0024:trace:module:load_dll looking for L"kernel32.dll" in L"Z:\\Volumes\\SSD\\Neva;C:\\windows\\system32;C:\\windows\\system;C:\\windows;.;C:\\windows\\system32;C:\\windows;C:\\windows\\system32\\wbem;C:\\windows\\system32\\WindowsPowershell\\v1.0"
0024:trace:module:load_dll Found L"C:\\windows\\system32\\kernel32.dll" for L"kernel32.dll" at 000000007B600000, count=-1
0024:trace:module:import_dll is not hybrid module
0024:trace:module:load_dll looking for L"ntdll.dll" in L"Z:\\Volumes\\SSD\\Neva;C:\\windows\\system32;C:\\windows\\system;C:\\windows;.;C:\\windows\\system32;C:\\windows;C:\\windows\\system32\\wbem;C:\\windows\\system32\\WindowsPowershell\\v1.0"
0024:trace:module:load_dll Found L"C:\\windows\\system32\\ntdll.dll" for L"ntdll.dll" at 0000000170000000, count=-1
0024:trace:module:import_dll is not hybrid module
0024:trace:module:build_module loaded L"\\??\\C:\\windows\\system32\\d3d11.dll" 00000000659CBE10 0000000066000000
0024:trace:loaddll:build_module Loaded L"C:\\windows\\system32\\d3d11.dll" at 0000000066000000: builtin
0024:trace:module:load_dll Loaded module L"\\??\\C:\\windows\\system32\\d3d11.dll" at 0000000066000000
0024:trace:module:process_attach (L"d3d11.dll",0000000000000000) - START
0024:trace:module:MODULE_InitDLL (0000000066000000 L"d3d11.dll",PROCESS_ATTACH,0000000000000000) 0000000066002620 - CALL
0024:trace:module:LdrGetDllHandleEx flags 0x1, load_path 0000000000000000, dll_characteristics 0000000000000000, name 000000000010E5F0, base 000000000010E5E8.
0024:trace:module:LdrGetDllHandleEx L"ntdll.dll" -> 0000000170000000 (load path (null))
0024:trace:module:MODULE_InitDLL (0000000066000000,PROCESS_ATTACH,0000000000000000) - RETURN 0
0024:trace:module:MODULE_InitDLL (0000000066000000 L"d3d11.dll",PROCESS_DETACH,0000000000000000) 0000000066002620 - CALL
0024:trace:module:MODULE_InitDLL (0000000066000000,PROCESS_DETACH,0000000000000000) - RETURN 1
0024:warn:module:process_attach Initialization of L"d3d11.dll" failed
0024:trace:module:process_attach (L"d3d11.dll",0000000000000000) - END
0024:trace:module:LdrUnloadDll (0000000066000000)
0024:trace:module:LdrUnloadDll (L"d3d11.dll") - START
0024:trace:module:MODULE_DecRefCount (L"d3d11.dll") ldr.LoadCount: 0
0024:trace:module:free_modref  unloading L"C:\\windows\\system32\\d3d11.dll"
0024:trace:module:LdrUnloadDll END
0024:trace:module:load_dll looking for L"d3d11.dll" in L"Z:\\Volumes\\SSD\\Neva;C:\\windows\\system32;C:\\windows\\system;C:\\windows;.;C:\\windows\\system32;C:\\windows;C:\\windows\\system32\\wbem;C:\\windows\\system32\\WindowsPowershell\\v1.0"
0024:trace:module:get_load_order looking for L"C:\\windows\\system32\\d3d11.dll"
0024:trace:module:get_load_order_value got environment n,b for L"d3d11"
0024:trace:module:map_image_into_view mapping PE file L"\\??\\C:\\windows\\system32\\d3d11.dll" at 0x66000000-0x66029000
0024:trace:module:map_image_into_view mapping L"\\??\\C:\\windows\\system32\\d3d11.dll" section .text at 0x66001000 off 1000 size 2000 virt 1696 flags 60000020
0024:trace:module:map_image_into_view mapping L"\\??\\C:\\windows\\system32\\d3d11.dll" section .rdata at 0x66003000 off 3000 size 1000 virt 388 flags 40000040
0024:trace:module:map_image_into_view mapping L"\\??\\C:\\windows\\system32\\d3d11.dll" section .data at 0x66004000 off 4000 size 1000 virt 8008 flags c0000040
0024:trace:module:map_image_into_view mapping L"\\??\\C:\\windows\\system32\\d3d11.dll" section .pdata at 0x6600d000 off 5000 size 1000 virt 54 flags 40000040
0024:trace:module:map_image_into_view mapping L"\\??\\C:\\windows\\system32\\d3d11.dll" section .rodata at 0x6600e000 off 6000 size 1000 virt 1a flags c0000040
0024:trace:module:map_image_into_view mapping L"\\??\\C:\\windows\\system32\\d3d11.dll" section .reloc at 0x6600f000 off 7000 size 1000 virt 10 flags 42000040
0024:trace:module:map_image_into_view mapping L"\\??\\C:\\windows\\system32\\d3d11.dll" section /4 at 0x66010000 off 8000 size 1000 virt 2f1 flags 42000040
0024:trace:module:map_image_into_view mapping L"\\??\\C:\\windows\\system32\\d3d11.dll" section /18 at 0x66011000 off 9000 size a000 virt 9489 flags 42000040
0024:trace:module:map_image_into_view mapping L"\\??\\C:\\windows\\system32\\d3d11.dll" section /30 at 0x6601b000 off 13000 size 2000 virt 1265 flags 42000040
0024:trace:module:map_image_into_view mapping L"\\??\\C:\\windows\\system32\\d3d11.dll" section /42 at 0x6601d000 off 15000 size 2000 virt 1504 flags 42000040
0024:trace:module:map_image_into_view mapping L"\\??\\C:\\windows\\system32\\d3d11.dll" section /53 at 0x6601f000 off 17000 size 1000 virt 60 flags 42000040
0024:trace:module:map_image_into_view mapping L"\\??\\C:\\windows\\system32\\d3d11.dll" section /67 at 0x66020000 off 18000 size 9000 virt 8ba2 flags 42000040
0024:trace:module:perform_relocations relocating from 0000000180000000-0000000180029000 to 0000000066000000-0000000066029000
0024:trace:module:load_dll looking for L"ucrtbase.dll" in L"Z:\\Volumes\\SSD\\Neva;C:\\windows\\system32;C:\\windows\\system;C:\\windows;.;C:\\windows\\system32;C:\\windows;C:\\windows\\system32\\wbem;C:\\windows\\system32\\WindowsPowershell\\v1.0"
0024:trace:module:load_dll Found L"C:\\windows\\system32\\ucrtbase.dll" for L"ucrtbase.dll" at 00000003AF670000, count=-1
0024:trace:module:import_dll is not hybrid module
0024:trace:module:load_dll looking for L"kernel32.dll" in L"Z:\\Volumes\\SSD\\Neva;C:\\windows\\system32;C:\\windows\\system;C:\\windows;.;C:\\windows\\system32;C:\\windows;C:\\windows\\system32\\wbem;C:\\windows\\system32\\WindowsPowershell\\v1.0"
0024:trace:module:load_dll Found L"C:\\windows\\system32\\kernel32.dll" for L"kernel32.dll" at 000000007B600000, count=-1
0024:trace:module:import_dll is not hybrid module
0024:trace:module:load_dll looking for L"ntdll.dll" in L"Z:\\Volumes\\SSD\\Neva;C:\\windows\\system32;C:\\windows\\system;C:\\windows;.;C:\\windows\\system32;C:\\windows;C:\\windows\\system32\\wbem;C:\\windows\\system32\\WindowsPowershell\\v1.0"
0024:trace:module:load_dll Found L"C:\\windows\\system32\\ntdll.dll" for L"ntdll.dll" at 0000000170000000, count=-1
0024:trace:module:import_dll is not hybrid module
0024:trace:module:build_module loaded L"\\??\\C:\\windows\\system32\\d3d11.dll" 00000000659CBE10 0000000066000000
0024:trace:loaddll:build_module Loaded L"C:\\windows\\system32\\d3d11.dll" at 0000000066000000: builtin
0024:trace:module:load_dll Loaded module L"\\??\\C:\\windows\\system32\\d3d11.dll" at 0000000066000000
0024:trace:module:process_attach (L"d3d11.dll",0000000000000000) - START
0024:trace:module:MODULE_InitDLL (0000000066000000 L"d3d11.dll",PROCESS_ATTACH,0000000000000000) 0000000066002620 - CALL
0024:trace:module:LdrGetDllHandleEx flags 0x1, load_path 0000000000000000, dll_characteristics 0000000000000000, name 000000000010E5F0, base 000000000010E5E8.
0024:trace:module:LdrGetDllHandleEx L"ntdll.dll" -> 0000000170000000 (load path (null))
0024:trace:module:MODULE_InitDLL (0000000066000000,PROCESS_ATTACH,0000000000000000) - RETURN 0
0024:trace:module:MODULE_InitDLL (0000000066000000 L"d3d11.dll",PROCESS_DETACH,0000000000000000) 0000000066002620 - CALL
0024:trace:module:MODULE_InitDLL (0000000066000000,PROCESS_DETACH,0000000000000000) - RETURN 1
0024:warn:module:process_attach Initialization of L"d3d11.dll" failed
0024:trace:module:process_attach (L"d3d11.dll",0000000000000000) - END
0024:trace:module:LdrUnloadDll (0000000066000000)
0024:trace:module:LdrUnloadDll (L"d3d11.dll") - START
0024:trace:module:MODULE_DecRefCount (L"d3d11.dll") ldr.LoadCount: 0
0024:trace:module:free_modref  unloading L"C:\\windows\\system32\\d3d11.dll"
0024:trace:module:LdrUnloadDll END
0024:trace:module:FindResourceExW 0000000180000000 #0005 #0069 0000
0024:trace:module:LoadResource 0000000180000000 0000000181E4E110
0024:trace:module:FindResourceExW 000000023D820000 #0004 L"SYSMENU" 0000
0024:trace:module:LoadResource 000000023D820000 000000023D93AA20
0024:trace:module:LdrGetDllHandleEx flags 0x1, load_path 0000000000000000, dll_characteristics 0000000000000000, name 000000000010EB60, base 000000000010EB58.
0024:trace:module:find_dll_file found L"C:\\windows\\winsxs\\amd64_microsoft.windows.common-controls_6595b64144ccf1df_6.0.2600.2982_none_deadbeef\\comctl32.dll" for L"comctl32.dll"
0024:trace:module:LdrGetDllHandleEx L"comctl32.dll" -> 0000000000000000 (load path (null))
0024:trace:module:load_dll looking for L"comctl32.dll" in L"Z:\\Volumes\\SSD\\Neva;C:\\windows\\system32;C:\\windows\\system;C:\\windows;.;C:\\windows\\system32;C:\\windows;C:\\windows\\system32\\wbem;C:\\windows\\system32\\WindowsPowershell\\v1.0"
0024:trace:module:find_dll_file found L"C:\\windows\\winsxs\\amd64_microsoft.windows.common-controls_6595b64144ccf1df_6.0.2600.2982_none_deadbeef\\comctl32.dll" for L"comctl32.dll"
0024:trace:module:get_load_order looking for L"C:\\windows\\winsxs\\amd64_microsoft.windows.common-controls_6595b64144ccf1df_6.0.2600.2982_none_deadbeef\\comctl32.dll"
0024:trace:module:get_load_order got hardcoded default for L"C:\\windows\\winsxs\\amd64_microsoft.windows.common-controls_6595b64144ccf1df_6.0.2600.2982_none_deadbeef\\comctl32.dll"
0024:trace:module:map_image_into_view mapping PE file L"\\??\\C:\\windows\\winsxs\\amd64_microsoft.windows.common-controls_6595b64144ccf1df_6.0.2600.2982_none_deadbeef\\comctl32.dll" at 0x2bb750000-0x2bb8af000
0024:trace:module:map_image_into_view mapping L"\\??\\C:\\windows\\winsxs\\amd64_microsoft.windows.common-controls_6595b64144ccf1df_6.0.2600.2982_none_deadbeef\\comctl32.dll" section .text at 0x2bb751000 off 1000 size cf000 virt ce0a0 flags 60000060
0024:trace:module:map_image_into_view mapping L"\\??\\C:\\windows\\winsxs\\amd64_microsoft.windows.common-controls_6595b64144ccf1df_6.0.2600.2982_none_deadbeef\\comctl32.dll" section .data at 0x2bb820000 off d0000 size 1000 virt 300 flags c0000040
0024:trace:module:map_image_into_view mapping L"\\??\\C:\\windows\\winsxs\\amd64_microsoft.windows.common-controls_6595b64144ccf1df_6.0.2600.2982_none_deadbeef\\comctl32.dll" section .rodata at 0x2bb821000 off d1000 size 1000 virt 734 flags c0000040
0024:trace:module:map_image_into_view mapping L"\\??\\C:\\windows\\winsxs\\amd64_microsoft.windows.common-controls_6595b64144ccf1df_6.0.2600.2982_none_deadbeef\\comctl32.dll" section .rdata at 0x2bb822000 off d2000 size 20000 virt 1fb00 flags 40000040
0024:trace:module:map_image_into_view mapping L"\\??\\C:\\windows\\winsxs\\amd64_microsoft.windows.common-controls_6595b64144ccf1df_6.0.2600.2982_none_deadbeef\\comctl32.dll" section .pdata at 0x2bb842000 off f2000 size 3000 virt 2e2c flags 40000040
0024:trace:module:map_image_into_view mapping L"\\??\\C:\\windows\\winsxs\\amd64_microsoft.windows.common-controls_6595b64144ccf1df_6.0.2600.2982_none_deadbeef\\comctl32.dll" section .xdata at 0x2bb845000 off f5000 size 4000 virt 3fcc flags 40000040
0024:trace:module:map_image_into_view mapping L"\\??\\C:\\windows\\winsxs\\amd64_microsoft.windows.common-controls_6595b64144ccf1df_6.0.2600.2982_none_deadbeef\\comctl32.dll" section .bss at 0x2bb849000 off 0 size 0 virt 1720 flags c0000080
0024:trace:module:map_image_into_view mapping L"\\??\\C:\\windows\\winsxs\\amd64_microsoft.windows.common-controls_6595b64144ccf1df_6.0.2600.2982_none_deadbeef\\comctl32.dll" section .edata at 0x2bb84b000 off f9000 size f000 virt eff3 flags 40000040
0024:trace:module:map_image_into_view mapping L"\\??\\C:\\windows\\winsxs\\amd64_microsoft.windows.common-controls_6595b64144ccf1df_6.0.2600.2982_none_deadbeef\\comctl32.dll" section .idata at 0x2bb85a000 off 108000 size 4000 virt 3b10 flags c0000040
0024:trace:module:map_image_into_view mapping L"\\??\\C:\\windows\\winsxs\\amd64_microsoft.windows.common-controls_6595b64144ccf1df_6.0.2600.2982_none_deadbeef\\comctl32.dll" section .rsrc at 0x2bb85e000 off 10c000 size 50000 virt 4fad8 flags 40000040
0024:trace:module:map_image_into_view mapping L"\\??\\C:\\windows\\winsxs\\amd64_microsoft.windows.common-controls_6595b64144ccf1df_6.0.2600.2982_none_deadbeef\\comctl32.dll" section .reloc at 0x2bb8ae000 off 15c000 size 1000 virt 1d4 flags 42000040
0024:trace:module:load_dll looking for L"advapi32.dll" in L"Z:\\Volumes\\SSD\\Neva;C:\\windows\\system32;C:\\windows\\system;C:\\windows;.;C:\\windows\\system32;C:\\windows;C:\\windows\\system32\\wbem;C:\\windows\\system32\\WindowsPowershell\\v1.0"
0024:trace:module:load_dll Found L"C:\\windows\\system32\\advapi32.dll" for L"advapi32.dll" at 0000000330260000, count=-1
0024:trace:module:import_dll is not hybrid module
0024:trace:module:load_dll looking for L"gdi32.dll" in L"Z:\\Volumes\\SSD\\Neva;C:\\windows\\system32;C:\\windows\\system;C:\\windows;.;C:\\windows\\system32;C:\\windows;C:\\windows\\system32\\wbem;C:\\windows\\system32\\WindowsPowershell\\v1.0"
0024:trace:module:load_dll Found L"C:\\windows\\system32\\gdi32.dll" for L"gdi32.dll" at 000000026B4C0000, count=-1
0024:trace:module:import_dll is not hybrid module
0024:trace:module:load_dll looking for L"imm32.dll" in L"Z:\\Volumes\\SSD\\Neva;C:\\windows\\system32;C:\\windows\\system;C:\\windows;.;C:\\windows\\system32;C:\\windows;C:\\windows\\system32\\wbem;C:\\windows\\system32\\WindowsPowershell\\v1.0"
0024:trace:module:load_dll Found L"C:\\windows\\system32\\IMM32.dll" for L"imm32.dll" at 00000003AFD00000, count=4
0024:trace:module:import_dll is not hybrid module
0024:trace:module:load_dll looking for L"kernel32.dll" in L"Z:\\Volumes\\SSD\\Neva;C:\\windows\\system32;C:\\windows\\system;C:\\windows;.;C:\\windows\\system32;C:\\windows;C:\\windows\\system32\\wbem;C:\\windows\\system32\\WindowsPowershell\\v1.0"
0024:trace:module:load_dll Found L"C:\\windows\\system32\\kernel32.dll" for L"kernel32.dll" at 000000007B600000, count=-1
0024:trace:module:import_dll is not hybrid module
0024:trace:module:load_dll looking for L"kernelbase.dll" in L"Z:\\Volumes\\SSD\\Neva;C:\\windows\\system32;C:\\windows\\system;C:\\windows;.;C:\\windows\\system32;C:\\windows;C:\\windows\\system32\\wbem;C:\\windows\\system32\\WindowsPowershell\\v1.0"
0024:trace:module:load_dll Found L"C:\\windows\\system32\\kernelbase.dll" for L"kernelbase.dll" at 000000007B000000, count=-1
0024:trace:module:import_dll is not hybrid module
0024:trace:module:load_dll looking for L"ntdll.dll" in L"Z:\\Volumes\\SSD\\Neva;C:\\windows\\system32;C:\\windows\\system;C:\\windows;.;C:\\windows\\system32;C:\\windows;C:\\windows\\system32\\wbem;C:\\windows\\system32\\WindowsPowershell\\v1.0"
0024:trace:module:load_dll Found L"C:\\windows\\system32\\ntdll.dll" for L"ntdll.dll" at 0000000170000000, count=-1
0024:trace:module:import_dll is not hybrid module
0024:trace:module:load_dll looking for L"ucrtbase.dll" in L"Z:\\Volumes\\SSD\\Neva;C:\\windows\\system32;C:\\windows\\system;C:\\windows;.;C:\\windows\\system32;C:\\windows;C:\\windows\\system32\\wbem;C:\\windows\\system32\\WindowsPowershell\\v1.0"
0024:trace:module:load_dll Found L"C:\\windows\\system32\\ucrtbase.dll" for L"ucrtbase.dll" at 00000003AF670000, count=-1
0024:trace:module:import_dll is not hybrid module
0024:trace:module:load_dll looking for L"user32.dll" in L"Z:\\Volumes\\SSD\\Neva;C:\\windows\\system32;C:\\windows\\system;C:\\windows;.;C:\\windows\\system32;C:\\windows;C:\\windows\\system32\\wbem;C:\\windows\\system32\\WindowsPowershell\\v1.0"
0024:trace:module:load_dll Found L"C:\\windows\\system32\\USER32.dll" for L"user32.dll" at 000000023D820000, count=-1
0024:trace:module:import_dll is not hybrid module
0024:trace:module:build_module loaded L"\\??\\C:\\windows\\winsxs\\amd64_microsoft.windows.common-controls_6595b64144ccf1df_6.0.2600.2982_none_deadbeef\\comctl32.dll" 00000000659CC690 00000002BB750000
0024:trace:loaddll:build_module Loaded L"C:\\windows\\winsxs\\amd64_microsoft.windows.common-controls_6595b64144ccf1df_6.0.2600.2982_none_deadbeef\\comctl32.dll" at 00000002BB750000: builtin
0024:trace:module:load_dll Loaded module L"\\??\\C:\\windows\\winsxs\\amd64_microsoft.windows.common-controls_6595b64144ccf1df_6.0.2600.2982_none_deadbeef\\comctl32.dll" at 00000002BB750000
0024:trace:module:process_attach (L"comctl32.dll",0000000000000000) - START
0024:trace:module:MODULE_InitDLL (00000002BB750000 L"comctl32.dll",PROCESS_ATTACH,0000000000000000) 00000002BB81E040 - CALL
0024:trace:module:LdrGetDllHandleEx flags 0x1, load_path 0000000000000000, dll_characteristics 0000000000000000, name 000000000010DE30, base 000000000010DE28.
0024:trace:module:LdrGetDllHandleEx L"ntdll.dll" -> 0000000170000000 (load path (null))
0024:trace:module:FindResourceExW 000000023D820000 #000c #7f00 0000
0024:trace:module:LoadResource 000000023D820000 000000023D93B4B0
0024:trace:module:FindResourceExW 000000023D820000 #0001 #0003 0000
0024:trace:module:LdrGetDllFullName module 000000023D820000, name 000000000010DC90.
0024:trace:module:FindResourceExW 000000023D820000 #000c #7f00 0000
0024:trace:module:LoadResource 000000023D820000 000000023D93B4B0
0024:trace:module:FindResourceExW 000000023D820000 #0001 #0003 0000
0024:trace:module:LdrGetDllFullName module 000000023D820000, name 000000000010DC90.
0024:trace:module:FindResourceExW 000000023D820000 #000c #7f00 0000
0024:trace:module:LoadResource 000000023D820000 000000023D93B4B0
0024:trace:module:FindResourceExW 000000023D820000 #0001 #0003 0000
0024:trace:module:LdrGetDllFullName module 000000023D820000, name 000000000010DC90.
0024:trace:module:FindResourceExW 000000023D820000 #000c #7f00 0000
0024:trace:module:LoadResource 000000023D820000 000000023D93B4B0
0024:trace:module:FindResourceExW 000000023D820000 #0001 #0003 0000
0024:trace:module:LdrGetDllFullName module 000000023D820000, name 000000000010DC90.
0024:trace:module:FindResourceExW 000000023D820000 #000c #7f00 0000
0024:trace:module:LoadResource 000000023D820000 000000023D93B4B0
0024:trace:module:FindResourceExW 000000023D820000 #0001 #0003 0000
0024:trace:module:LdrGetDllFullName module 000000023D820000, name 000000000010DC90.
0024:trace:module:FindResourceExW 000000023D820000 #000c #7f01 0000
0024:trace:module:LoadResource 000000023D820000 000000023D93B4C0
0024:trace:module:FindResourceExW 000000023D820000 #0001 #0009 0000
0024:trace:module:LdrGetDllFullName module 000000023D820000, name 000000000010DC90.
0024:trace:module:FindResourceExW 000000023D820000 #000c #7f00 0000
0024:trace:module:LoadResource 000000023D820000 000000023D93B4B0
0024:trace:module:FindResourceExW 000000023D820000 #0001 #0003 0000
0024:trace:module:LdrGetDllFullName module 000000023D820000, name 000000000010DC90.
0024:trace:module:FindResourceExW 000000023D820000 #000c #7f00 0000
0024:trace:module:LoadResource 000000023D820000 000000023D93B4B0
0024:trace:module:FindResourceExW 000000023D820000 #0001 #0003 0000
0024:trace:module:LdrGetDllFullName module 000000023D820000, name 000000000010DC90.
0024:trace:module:FindResourceExW 000000023D820000 #000c #7f00 0000
0024:trace:module:LoadResource 000000023D820000 000000023D93B4B0
0024:trace:module:FindResourceExW 000000023D820000 #0001 #0003 0000
0024:trace:module:LdrGetDllFullName module 000000023D820000, name 000000000010DC90.
0024:trace:module:FindResourceExW 000000023D820000 #000c #7f00 0000
0024:trace:module:LoadResource 000000023D820000 000000023D93B4B0
0024:trace:module:FindResourceExW 000000023D820000 #0001 #0003 0000
0024:trace:module:LdrGetDllFullName module 000000023D820000, name 000000000010DC90.
0024:trace:module:FindResourceExW 000000023D820000 #000c #7f00 0000
0024:trace:module:LoadResource 000000023D820000 000000023D93B4B0
0024:trace:module:FindResourceExW 000000023D820000 #0001 #0003 0000
0024:trace:module:LdrGetDllFullName module 000000023D820000, name 000000000010DC90.
0024:trace:module:FindResourceExW 000000023D820000 #000c #7f00 0000
0024:trace:module:LoadResource 000000023D820000 000000023D93B4B0
0024:trace:module:FindResourceExW 000000023D820000 #0001 #0003 0000
0024:trace:module:LdrGetDllFullName module 000000023D820000, name 000000000010DC90.
0024:trace:module:FindResourceExW 000000023D820000 #000c #7f00 0000
0024:trace:module:LoadResource 000000023D820000 000000023D93B4B0
0024:trace:module:FindResourceExW 000000023D820000 #0001 #0003 0000
0024:trace:module:LdrGetDllFullName module 000000023D820000, name 000000000010DC90.
0024:trace:module:FindResourceExW 000000023D820000 #000c #7f00 0000
0024:trace:module:LoadResource 000000023D820000 000000023D93B4B0
0024:trace:module:FindResourceExW 000000023D820000 #0001 #0003 0000
0024:trace:module:LdrGetDllFullName module 000000023D820000, name 000000000010DC90.
0024:trace:module:FindResourceExW 000000023D820000 #000c #7f00 0000
0024:trace:module:LoadResource 000000023D820000 000000023D93B4B0
0024:trace:module:FindResourceExW 000000023D820000 #0001 #0003 0000
0024:trace:module:LdrGetDllFullName module 000000023D820000, name 000000000010DC90.
0024:trace:module:FindResourceExW 000000023D820000 #000c #7f00 0000
0024:trace:module:LoadResource 000000023D820000 000000023D93B4B0
0024:trace:module:FindResourceExW 000000023D820000 #0001 #0003 0000
0024:trace:module:LdrGetDllFullName module 000000023D820000, name 000000000010DC80.
0024:trace:module:FindResourceExW 00000002BB750000 #000e #0016 0000
0024:trace:module:LoadResource 00000002BB750000 00000002BB8606B0
0024:trace:module:FindResourceExW 00000002BB750000 #0003 #0002 0000
0024:trace:module:LoadResource 00000002BB750000 00000002BB85F310
0024:trace:module:LdrGetDllFullName module 00000002BB750000, name 000000000010D930.
0024:trace:module:FindResourceExW 00000002BB750000 #000e #0019 0000
0024:trace:module:LoadResource 00000002BB750000 00000002BB8606C0
0024:trace:module:FindResourceExW 00000002BB750000 #0003 #0003 0000
0024:trace:module:LoadResource 00000002BB750000 00000002BB85F320
0024:trace:module:LdrGetDllFullName module 00000002BB750000, name 000000000010D930.
0024:trace:module:FindResourceExW 00000002BB750000 #000e #001c 0000
0024:trace:module:LoadResource 00000002BB750000 00000002BB8606D0
0024:trace:module:FindResourceExW 00000002BB750000 #0003 #0004 0000
0024:trace:module:LoadResource 00000002BB750000 00000002BB85F330
0024:trace:module:LdrGetDllFullName module 00000002BB750000, name 000000000010D930.
0024:trace:module:FindResourceExW 000000023D820000 #000c #7f00 0000
0024:trace:module:LoadResource 000000023D820000 000000023D93B4B0
0024:trace:module:FindResourceExW 000000023D820000 #0001 #0003 0000
0024:trace:module:LdrGetDllFullName module 000000023D820000, name 000000000010DC90.
0024:trace:module:FindResourceExW 000000023D820000 #000c #7f00 0000
0024:trace:module:LoadResource 000000023D820000 000000023D93B4B0
0024:trace:module:FindResourceExW 000000023D820000 #0001 #0003 0000
0024:trace:module:LdrGetDllFullName module 000000023D820000, name 000000000010DC90.
0024:trace:module:FindResourceExW 000000023D820000 #000c #7f00 0000
0024:trace:module:LoadResource 000000023D820000 000000023D93B4B0
0024:trace:module:FindResourceExW 000000023D820000 #0001 #0003 0000
0024:trace:module:LdrGetDllFullName module 000000023D820000, name 000000000010DC90.
0024:trace:module:MODULE_InitDLL (00000002BB750000,PROCESS_ATTACH,0000000000000000) - RETURN 1
0024:trace:module:process_attach (L"comctl32.dll",0000000000000000) - END
0024:trace:module:FindResourceExW 000000023D820000 #000c #7f00 0000
0024:trace:module:LoadResource 000000023D820000 000000023D93B4B0
0024:trace:module:FindResourceExW 000000023D820000 #0001 #0003 0000
0024:trace:module:LdrGetDllFullName module 000000023D820000, name 000000000010E5B0.
0024:trace:module:LdrGetDllHandleEx flags 0x1, load_path 0000000000000000, dll_characteristics 0000000000000000, name 000000000010E790, base 000000000010E788.
0024:trace:module:find_dll_file found L"C:\\windows\\winsxs\\amd64_microsoft.windows.common-controls_6595b64144ccf1df_6.0.2600.2982_none_deadbeef\\comctl32.dll" for L"comctl32.dll"
0024:trace:module:LdrGetDllHandleEx L"comctl32.dll" -> 00000002BB750000 (load path (null))
0024:trace:module:FindResourceExW 0000000180000000 #000e L"" 0000
0024:trace:module:FindResourceExW 0000000180000000 #0016 L"" 0000
0024:trace:module:FindResourceExW 0000000180000000 #000c L"" 0000
0024:trace:module:FindResourceExW 0000000180000000 #0015 L"" 0000
0024:trace:module:FindResourceExW 000000023D820000 #000e L"" 0000
0024:trace:module:FindResourceExW 000000023D820000 #0016 L"" 0000
0024:trace:module:LdrResolveDelayLoadedAPI (00000002BB750000, 00000002BB81EFD0, 0000000000000000, 000000007B60C510, 00000002BB85B9D0, 0x00000000)
0024:trace:module:load_dll looking for L"uxtheme.dll" in (null)
0024:trace:module:load_dll Found L"C:\\windows\\system32\\uxtheme.dll" for L"uxtheme.dll" at 00000002F7230000, count=2
0024:trace:module:LdrGetDllHandleEx flags 0x1, load_path 0000000000000000, dll_characteristics 0000000000000000, name 000000000010EB60, base 000000000010EB58.
0024:trace:module:find_dll_file found L"C:\\windows\\winsxs\\amd64_microsoft.windows.common-controls_6595b64144ccf1df_6.0.2600.2982_none_deadbeef\\comctl32.dll" for L"comctl32.dll"
0024:trace:module:LdrGetDllHandleEx L"comctl32.dll" -> 00000002BB750000 (load path (null))
0024:trace:module:LdrGetDllHandleEx flags 0x1, load_path 0000000000000000, dll_characteristics 0000000000000000, name 000000000010EB60, base 000000000010EB58.
0024:trace:module:find_dll_file found L"C:\\windows\\winsxs\\amd64_microsoft.windows.common-controls_6595b64144ccf1df_6.0.2600.2982_none_deadbeef\\comctl32.dll" for L"comctl32.dll"
0024:trace:module:LdrGetDllHandleEx L"comctl32.dll" -> 00000002BB750000 (load path (null))
0024:trace:module:LdrGetDllHandleEx flags 0x1, load_path 0000000000000000, dll_characteristics 0000000000000000, name 000000000010EB60, base 000000000010EB58.
0024:trace:module:find_dll_file found L"C:\\windows\\winsxs\\amd64_microsoft.windows.common-controls_6595b64144ccf1df_6.0.2600.2982_none_deadbeef\\comctl32.dll" for L"comctl32.dll"
0024:trace:module:LdrGetDllHandleEx L"comctl32.dll" -> 00000002BB750000 (load path (null))
0024:trace:module:FindResourceExW 000000023D820000 #000c #7f01 0000
0024:trace:module:LoadResource 000000023D820000 000000023D93B4C0
0024:trace:module:FindResourceExW 000000023D820000 #0001 #0009 0000
0024:trace:module:LdrGetDllFullName module 000000023D820000, name 000000000010E5B0.
0024:trace:module:LdrGetDllHandleEx flags 0x1, load_path 0000000000000000, dll_characteristics 0000000000000000, name 000000000010E790, base 000000000010E788.
0024:trace:module:find_dll_file found L"C:\\windows\\winsxs\\amd64_microsoft.windows.common-controls_6595b64144ccf1df_6.0.2600.2982_none_deadbeef\\comctl32.dll" for L"comctl32.dll"
0024:trace:module:LdrGetDllHandleEx L"comctl32.dll" -> 00000002BB750000 (load path (null))
0024:trace:module:LdrResolveDelayLoadedAPI (00000002BB750000, 00000002BB81EFD0, 0000000000000000, 000000007B60C510, 00000002BB85BA30, 0x00000000)
0024:trace:module:LdrGetDllHandleEx flags 0x1, load_path 0000000000000000, dll_characteristics 0000000000000000, name 000000000010EB60, base 000000000010EB58.
0024:trace:module:find_dll_file found L"C:\\windows\\winsxs\\amd64_microsoft.windows.common-controls_6595b64144ccf1df_6.0.2600.2982_none_deadbeef\\comctl32.dll" for L"comctl32.dll"
0024:trace:module:LdrGetDllHandleEx L"comctl32.dll" -> 00000002BB750000 (load path (null))
0024:trace:module:FindResourceExW 000000023D820000 #000c #7f00 0000
0024:trace:module:LoadResource 000000023D820000 000000023D93B4B0
0024:trace:module:FindResourceExW 000000023D820000 #0001 #0003 0000
0024:trace:module:LdrGetDllFullName module 000000023D820000, name 000000000010E5B0.
0024:trace:module:LdrGetDllHandleEx flags 0x1, load_path 0000000000000000, dll_characteristics 0000000000000000, name 000000000010E790, base 000000000010E788.
0024:trace:module:find_dll_file found L"C:\\windows\\winsxs\\amd64_microsoft.windows.common-controls_6595b64144ccf1df_6.0.2600.2982_none_deadbeef\\comctl32.dll" for L"comctl32.dll"
0024:trace:module:LdrGetDllHandleEx L"comctl32.dll" -> 00000002BB750000 (load path (null))
00bc:trace:module:LdrResolveDelayLoadedAPI (000000023D820000, 000000023D8F7B60, 0000000000000000, 000000007B60C510, 000000023D933480, 0x00000000)
00bc:trace:module:load_dll looking for L"winemac.drv" in L"C:\\windows\\system32;C:\\windows\\system32;C:\\windows\\system;C:\\windows;.;C:\\windows\\system32;C:\\windows;C:\\windows\\system32\\wbem;C:\\windows\\system32\\WindowsPowershell\\v1.0"
00bc:trace:module:load_dll Found L"C:\\windows\\system32\\winemac.drv" for L"winemac.drv" at 000000006DB50000, count=2
00bc:trace:module:FindResourceExW 000000023D820000 #000c #7f00 0000
00bc:trace:module:LoadResource 000000023D820000 000000023D93B4B0
00bc:trace:module:FindResourceExW 000000023D820000 #0001 #0003 0000
00bc:trace:module:LdrGetDllFullName module 000000023D820000, name 000000000021CED0.
00bc:trace:module:FindResourceExW 000000023D820000 #000e #7f00 0000
00bc:trace:module:LoadResource 000000023D820000 000000023D93B670
00bc:trace:module:FindResourceExW 000000023D820000 #0003 #0006 0000
00bc:trace:module:LdrGetDllFullName module 000000023D820000, name 000000000021CED0.
00bc:trace:module:LoadResource 000000023D820000 000000023D93A1D0
00bc:trace:module:LdrGetDllFullName module 000000023D820000, name 000000000021CB30.
00bc:trace:module:LdrGetDllHandleEx flags 0x1, load_path 0000000000000000, dll_characteristics 0000000000000000, name 000000000021C8D0, base 000000000021C8C8.
00bc:trace:module:LdrGetDllHandleEx L"C:\\windows\\system32\\user32.dll" -> 000000023D820000 (load path (null))
00bc:trace:module:FindResourceExW 000000023D820000 #000e #7f00 0000
00bc:trace:module:LoadResource 000000023D820000 000000023D93B670
00bc:trace:module:FindResourceExW 000000023D820000 #0003 #0003 0000
00bc:trace:module:LoadResource 000000023D820000 000000023D93A1A0
00bc:trace:module:LdrGetDllFullName module 000000023D820000, name 000000000021C2D0.
00bc:trace:module:load_dll looking for L"imm32.dll" in L"C:\\windows\\system32;C:\\windows\\system32;C:\\windows\\system;C:\\windows;.;C:\\windows\\system32;C:\\windows;C:\\windows\\system32\\wbem;C:\\windows\\system32\\WindowsPowershell\\v1.0"
00bc:trace:module:load_dll Found L"C:\\windows\\system32\\imm32.dll" for L"imm32.dll" at 00000003AFD00000, count=3
00bc:trace:module:LdrResolveDelayLoadedAPI (000000023D820000, 000000023D8F7B60, 0000000000000000, 000000007B60C510, 000000023D9334B0, 0x00000000)
00bc:trace:module:LdrResolveDelayLoadedAPI (00000003AFD00000, 00000003AFD0DAA0, 0000000000000000, 000000007B60C510, 00000003AFD184A0, 0x00000000)
00bc:trace:module:load_dll looking for L"ole32.dll" in (null)
00bc:trace:module:load_dll Found L"C:\\windows\\system32\\ole32.dll" for L"ole32.dll" at 00000002E8F10000, count=7
0024:trace:module:LdrResolveDelayLoadedAPI (000000023D820000, 000000023D8F7B60, 0000000000000000, 000000007B60C510, 000000023D933488, 0x00000000)
0024:trace:module:load_dll looking for L"imm32.dll" in (null)
0024:trace:module:load_dll Found L"C:\\windows\\system32\\IMM32.dll" for L"imm32.dll" at 00000003AFD00000, count=5
00bc:trace:module:LdrResolveDelayLoadedAPI (00000003AFD00000, 00000003AFD0DAA0, 0000000000000000, 000000007B60C510, 00000003AFD18498, 0x00000000)
0024:trace:module:LdrResolveDelayLoadedAPI (000000023D820000, 000000023D8F7B60, 0000000000000000, 000000007B60C510, 000000023D933480, 0x00000000)
00bc:fixme:imm:ImeSetActiveContext (0x381ca0, 0): stub
0024:trace:module:LdrResolveDelayLoadedAPI (000000023D820000, 000000023D8F7B60, 0000000000000000, 000000007B60C510, 000000023D9334B0, 0x00000000)
00bc:trace:module:LdrResolveDelayLoadedAPI (000000023D820000, 000000023D8F7B60, 0000000000000000, 000000007B60C510, 000000023D933498, 0x00000000)
00bc:trace:module:LdrResolveDelayLoadedAPI (000000023D820000, 000000023D8F7B60, 0000000000000000, 000000007B60C510, 000000023D9334A8, 0x00000000)
00bc:fixme:imm:ImmReleaseContext flags 0x1, load_path 0000000000000000, dll_characteristics 0000000000000000, name 000000000021D950, base 000000000021D948.
00bc:trace:module:LdrGetDllHandleEx L"ntdll.dll" -> 0000000170000000 (load path (null))
(0000000000010020, 0000000000381CA0): stub
0024:trace:module:LdrResolveDelayLoadedAPI (00000003AFD00000, 00000003AFD0DAA0, 0000000000000000, 000000007B60C510, 00000003AFD184A0, 0x00000000)
0024:trace:module:load_dll looking for L"ole32.dll" in (null)
0024:trace:module:load_dll Found L"C:\\windows\\system32\\ole32.dll" for L"ole32.dll" at 00000002E8F10000, count=-1
0024:trace:module:LdrResolveDelayLoadedAPI (00000003AFD00000, 00000003AFD0DAA0, 0000000000000000, 000000007B60C510, 00000003AFD18498, 0x00000000)
0024:fixme:imm:ImeSetActiveContext (0x659cb450, 1): stub
0024:trace:module:LdrResolveDelayLoadedAPI (000000023D820000, 000000023D8F7B60, 0000000000000000, 000000007B60C510, 000000023D933498, 0x00000000)
0024:trace:module:load_dll looking for L"winemac.drv" in L"Z:\\Volumes\\SSD\\Neva;C:\\windows\\system32;C:\\windows\\system;C:\\windows;.;C:\\windows\\system32;C:\\windows;C:\\windows\\system32\\wbem;C:\\windows\\system32\\WindowsPowershell\\v1.0"
0024:trace:module:load_dll Found L"C:\\windows\\system32\\winemac.drv" for L"winemac.drv" at 00000000714A0000, count=3
0024:trace:module:LdrResolveDelayLoadedAPI (000000023D820000, 000000023D8F7B60, 0000000000000000, 000000007B60C510, 000000023D9334A8, 0x00000000)
0024:trace:module:FindResourceExW 000000023D820000 #000e #7f01 0000
0024:trace:module:LoadResource 000000023D820000 000000023D93B680
0024:trace:module:FindResourceExW 000000023D820000 #0003 #0010 0000
0024:trace:module:LdrGetDllFullName module 000000023D820000, name 000000000010DFE0.
0024:trace:module:LoadResource 000000023D820000 000000023D93A270
0024:trace:module:LdrGetDllFullName module 000000023D820000, name 000000000010DC40.
0024:trace:module:LdrGetDllHandleEx flags 0x1, load_path 0000000000000000, dll_characteristics 0000000000000000, name 000000000010D6C0, base 000000000010D6B8.
0024:trace:module:LdrGetDllHandleEx L"ntdll.dll" -> 0000000170000000 (load path (null))
0024:trace:module:LdrResolveDelayLoadedAPI (00000002BB750000, 00000002BB81EFD0, 0000000000000000, 000000007B60C510, 00000002BB85BA18, 0x00000000)
0024:trace:module:FindResourceExW 0000000000E30001 #0002 L"blue_scrollbar_arrows_bmp" 0000
0024:trace:module:LoadResource 0000000000E30001 0000000000E36180
0024:trace:module:LdrResolveDelayLoadedAPI (00000002F7230000, 00000002F7248350, 0000000000000000, 000000007B60C510, 00000002F72667B0, 0x00000000)
0024:trace:module:load_dll looking for L"msimg32.dll" in (null)
0024:trace:module:get_load_order looking for L"C:\\windows\\system32\\msimg32.dll"
0024:trace:module:get_load_order got hardcoded default for L"msimg32.dll"
0024:trace:module:map_image_into_view mapping PE file L"\\??\\C:\\windows\\system32\\msimg32.dll" at 0x32f9a0000-0x32f9ab000
0024:trace:module:map_image_into_view mapping L"\\??\\C:\\windows\\system32\\msimg32.dll" section .text at 0x32f9a1000 off 1000 size 1000 virt c90 flags 60000020
0024:trace:module:map_image_into_view mapping L"\\??\\C:\\windows\\system32\\msimg32.dll" section .data at 0x32f9a2000 off 2000 size 1000 virt 70 flags c0000040
0024:trace:module:map_image_into_view mapping L"\\??\\C:\\windows\\system32\\msimg32.dll" section .rodata at 0x32f9a3000 off 3000 size 1000 virt 1c flags c0000040
0024:trace:module:map_image_into_view mapping L"\\??\\C:\\windows\\system32\\msimg32.dll" section .rdata at 0x32f9a4000 off 4000 size 1000 virt 180 flags 40000040
0024:trace:module:map_image_into_view mapping L"\\??\\C:\\windows\\system32\\msimg32.dll" section .pdata at 0x32f9a5000 off 5000 size 1000 virt a8 flags 40000040
0024:trace:module:map_image_into_view mapping L"\\??\\C:\\windows\\system32\\msimg32.dll" section .xdata at 0x32f9a6000 off 6000 size 1000 virt ac flags 40000040
0024:trace:module:map_image_into_view mapping L"\\??\\C:\\windows\\system32\\msimg32.dll" section .bss at 0x32f9a7000 off 0 size 0 virt 140 flags c0000080
0024:trace:module:map_image_into_view mapping L"\\??\\C:\\windows\\system32\\msimg32.dll" section .edata at 0x32f9a8000 off 7000 size 1000 virt 1bf flags 40000040
0024:trace:module:map_image_into_view mapping L"\\??\\C:\\windows\\system32\\msimg32.dll" section .idata at 0x32f9a9000 off 8000 size 1000 virt 330 flags c0000040
0024:trace:module:map_image_into_view mapping L"\\??\\C:\\windows\\system32\\msimg32.dll" section .reloc at 0x32f9aa000 off 9000 size 1000 virt 20 flags 42000040
0024:trace:module:load_dll looking for L"kernel32.dll" in (null)
0024:trace:module:load_dll Found L"C:\\windows\\system32\\kernel32.dll" for L"kernel32.dll" at 000000007B600000, count=-1
0024:trace:module:import_dll is not hybrid module
0024:trace:module:load_dll looking for L"ntdll.dll" in (null)
0024:trace:module:load_dll Found L"C:\\windows\\system32\\ntdll.dll" for L"ntdll.dll" at 0000000170000000, count=-1
0024:trace:module:import_dll is not hybrid module
0024:trace:module:load_dll looking for L"ucrtbase.dll" in (null)
0024:trace:module:load_dll Found L"C:\\windows\\system32\\ucrtbase.dll" for L"ucrtbase.dll" at 00000003AF670000, count=-1
0024:trace:module:import_dll is not hybrid module
0024:trace:module:build_module loaded L"\\??\\C:\\windows\\system32\\msimg32.dll" 00000000659E2560 000000032F9A0000
0024:trace:loaddll:build_module Loaded L"C:\\windows\\system32\\msimg32.dll" at 000000032F9A0000: builtin
0024:trace:module:load_dll Loaded module L"\\??\\C:\\windows\\system32\\msimg32.dll" at 000000032F9A0000
0024:trace:module:process_attach (L"msimg32.dll",0000000000000000) - START
0024:trace:module:MODULE_InitDLL (000000032F9A0000 L"msimg32.dll",PROCESS_ATTACH,0000000000000000) 000000032F9A1120 - CALL
0024:trace:module:MODULE_InitDLL (000000032F9A0000,PROCESS_ATTACH,0000000000000000) - RETURN 1
0024:trace:module:process_attach (L"msimg32.dll",0000000000000000) - END
0024:trace:module:FindResourceExW 0000000000E30001 #0002 L"blue_scrollbar_arrow_glyphs_13px_bmp" 0000
0024:trace:module:LoadResource 0000000000E30001 0000000000E36190
0024:trace:module:LdrResolveDelayLoadedAPI (00000002F7230000, 00000002F7248350, 0000000000000000, 000000007B60C510, 00000002F72667A0, 0x00000000)
0024:trace:module:FindResourceExW 0000000000E30001 #0002 L"blue_scrollbar_lower_track_vertical_bmp" 0000
0024:trace:module:LoadResource 0000000000E30001 0000000000E362E0
0024:trace:module:LdrResolveDelayLoadedAPI (00000002BB750000, 00000002BB81EFD0, 0000000000000000, 000000007B60C510, 00000002BB85B9D8, 0x00000000)
0024:trace:module:LdrResolveDelayLoadedAPI (00000002BB750000, 00000002BB81EFD0, 0000000000000000, 000000007B60C510, 00000002BB85BA20, 0x00000000)
0024:trace:module:FindResourceExW 0000000000E30001 #0002 L"blue_button_bmp" 0000
0024:trace:module:LoadResource 0000000000E30001 0000000000E35350
0024:trace:module:LdrResolveDelayLoadedAPI (00000002BB750000, 00000002BB81EFD0, 0000000000000000, 000000007B60C510, 00000002BB85B9B8, 0x00000000)
0024:trace:module:LdrResolveDelayLoadedAPI (00000002BB750000, 00000002BB81EFD0, 0000000000000000, 000000007B60C510, 00000002BB85B9A8, 0x00000000)
0024:trace:module:LdrResolveDelayLoadedAPI (00000002BB750000, 00000002BB81EFD0, 0000000000000000, 000000007B60C510, 00000002BB85B9C0, 0x00000000)
0024:trace:module:LdrGetDllFullName module 0000000000000000, name 000000000010E0A0.
0024:trace:module:GetModuleFileNameW L"Z:\\Volumes\\SSD\\Neva\\Neva.exe"
0024:trace:module:LdrGetDllHandleEx flags 0x1, load_path 0000000000000000, dll_characteristics 0000000000000000, name 000000000010D910, base 000000000010D908.
0024:trace:module:LdrGetDllHandleEx L"C:\\windows\\system32\\USER32.dll" -> 000000023D820000 (load path (null))
0024:trace:module:LdrGetDllHandleEx flags 0x1, load_path 0000000000000000, dll_characteristics 0000000000000000, name 000000000010D910, base 000000000010D908.
0024:trace:module:LdrGetDllHandleEx L"user32.dll" -> 000000023D820000 (load path (null))
0024:trace:module:LdrResolveDelayLoadedAPI (00000002BB750000, 00000002BB81EFD0, 0000000000000000, 000000007B60C510, 00000002BB85B9A0, 0x00000000)
0024:trace:module:load_dll looking for L"api-ms-win-appmodel-runtime-l1-1-2.dll" in L"C:\\windows\\system32\\"
0024:trace:module:find_dll_file found L"C:\\windows\\system32\\kernelbase.dll" for L"api-ms-win-appmodel-runtime-l1-1-2.dll"
0024:trace:module:load_dll Found L"C:\\windows\\system32\\kernelbase.dll" for L"api-ms-win-appmodel-runtime-l1-1-2.dll" at 000000007B000000, count=-1
0024:fixme:kernelbase:AppPolicyGetProcessTerminationMethod FFFFFFFFFFFFFFFA, 000000000010F400
0024:trace:module:LdrGetDllHandleEx flags 0, load_path 0000000000000000, dll_characteristics 0000000000000000, name 000000000010F3C0, base 000000000010F3B8.
0024:trace:module:LdrGetDllHandleEx L"mscoree.dll" -> 0000000000000000 (load path (null))
0024:trace:module:LdrShutdownProcess ()
0024:trace:module:MODULE_InitDLL (000000032F9A0000 L"msimg32.dll",PROCESS_DETACH,0000000000000001) 000000032F9A1120 - CALL
0024:trace:module:MODULE_InitDLL (000000032F9A0000,PROCESS_DETACH,0000000000000001) - RETURN 1
0024:trace:module:MODULE_InitDLL (00000002BB750000 L"comctl32.dll",PROCESS_DETACH,0000000000000001) 00000002BB81E040 - CALL
0024:trace:module:MODULE_InitDLL (00000002BB750000,PROCESS_DETACH,0000000000000001) - RETURN 1
0024:trace:module:MODULE_InitDLL (0000000240030000 L"iphlpapi.dll",PROCESS_DETACH,0000000000000001) 0000000240043C60 - CALL
0024:trace:module:MODULE_InitDLL (0000000240030000,PROCESS_DETACH,0000000000000001) - RETURN 1
0024:trace:module:MODULE_InitDLL (000000028DFA0000 L"nsi.dll",PROCESS_DETACH,0000000000000001) 000000028DFA2C30 - CALL
0024:trace:module:MODULE_InitDLL (000000028DFA0000,PROCESS_DETACH,0000000000000001) - RETURN 1
0024:trace:module:MODULE_InitDLL (000000029CFC0000 L"dnsapi.dll",PROCESS_DETACH,0000000000000001) 000000029CFC8040 - CALL
0024:trace:module:MODULE_InitDLL (000000029CFC0000,PROCESS_DETACH,0000000000000001) - RETURN 1
0024:trace:module:MODULE_InitDLL (0000000061B70000 L"mono-2.0-bdwgc.dll",PROCESS_DETACH,0000000000000001) 000000006206B294 - CALL
0024:trace:module:MODULE_InitDLL (0000000061B70000,PROCESS_DETACH,0000000000000001) - RETURN 1
0024:trace:module:MODULE_InitDLL (00000002F7230000 L"uxtheme.dll",PROCESS_DETACH,0000000000000001) 00000002F72473B0 - CALL
0024:trace:module:MODULE_InitDLL (00000002F7230000,PROCESS_DETACH,0000000000000001) - RETURN 1
0024:trace:module:MODULE_InitDLL (00000000714A0000 L"winemac.drv",PROCESS_DETACH,0000000000000001) 00000000714BBB90 - CALL
0024:trace:module:MODULE_InitDLL (00000000714A0000,PROCESS_DETACH,0000000000000001) - RETURN 1
0024:trace:module:MODULE_InitDLL (0000000180000000 L"UnityPlayer.dll",PROCESS_DETACH,0000000000000001) 00000001817F47C0 - CALL
0024:trace:module:MODULE_InitDLL (0000000180000000,PROCESS_DETACH,0000000000000001) - RETURN 1
0024:trace:module:MODULE_InitDLL (000000025D740000 L"dwmapi.dll",PROCESS_DETACH,0000000000000001) 000000025D742430 - CALL
0024:trace:module:MODULE_InitDLL (000000025D740000,PROCESS_DETACH,0000000000000001) - RETURN 1
0024:trace:module:MODULE_InitDLL (00000001DD3F0000 L"CRYPT32.dll",PROCESS_DETACH,0000000000000001) 00000001DD46E3D0 - CALL
0024:trace:module:MODULE_InitDLL (00000001DD3F0000,PROCESS_DETACH,0000000000000001) - RETURN 1
0024:trace:module:MODULE_InitDLL (00000001F51E0000 L"HID.DLL",PROCESS_DETACH,0000000000000001) 00000001F51E6A00 - CALL
0024:trace:module:MODULE_InitDLL (00000001F51E0000,PROCESS_DETACH,0000000000000001) - RETURN 1
0024:trace:module:MODULE_InitDLL (00000002D4D40000 L"bcrypt.dll",PROCESS_DETACH,0000000000000001) 00000002D4D4B190 - CALL
0024:trace:module:MODULE_InitDLL (00000002D4D40000,PROCESS_DETACH,0000000000000001) - RETURN 1
0024:trace:module:MODULE_InitDLL (0000000358120000 L"WINHTTP.dll",PROCESS_DETACH,0000000000000001) 0000000358144070 - CALL
0024:trace:module:MODULE_InitDLL (0000000358120000,PROCESS_DETACH,0000000000000001) - RETURN 1
0024:trace:module:MODULE_InitDLL (0000000346BA0000 L"jsproxy.dll",PROCESS_DETACH,0000000000000001) 0000000346BA2990 - CALL
0024:trace:module:MODULE_InitDLL (0000000346BA0000,PROCESS_DETACH,0000000000000001) - RETURN 1
0024:trace:module:MODULE_InitDLL (00000001EC2B0000 L"ws2_32.dll",PROCESS_DETACH,0000000000000001) 00000001EC2C4980 - CALL
0024:trace:module:MODULE_InitDLL (00000001EC2B0000,PROCESS_DETACH,0000000000000001) - RETURN 1
0024:trace:module:MODULE_InitDLL (00000002739C0000 L"OLEAUT32.dll",PROCESS_DETACH,0000000000000001) 0000000273A7B130 - CALL
0024:trace:module:MODULE_InitDLL (00000002739C0000,PROCESS_DETACH,0000000000000001) - RETURN 1
0024:trace:module:MODULE_InitDLL (00000003B8F00000 L"WINMM.dll",PROCESS_DETACH,0000000000000001) 00000003B8F29CF0 - CALL
0024:trace:module:MODULE_InitDLL (00000003B8F00000,PROCESS_DETACH,0000000000000001) - RETURN 1
0024:trace:module:MODULE_InitDLL (00000001C8B40000 L"msacm32.dll",PROCESS_DETACH,0000000000000001) 00000001C8B542D0 - CALL
0024:trace:module:MODULE_InitDLL (00000001C8B40000,PROCESS_DETACH,0000000000000001) - RETURN 1
0024:trace:module:MODULE_InitDLL (000000006DD70000 L"OPENGL32.dll",PROCESS_DETACH,0000000000000001) 000000006DE55D80 - CALL
0024:trace:module:MODULE_InitDLL (000000006DD70000,PROCESS_DETACH,0000000000000001) - RETURN 1
0024:trace:module:MODULE_InitDLL (00000001C69E0000 L"SHELL32.dll",PROCESS_DETACH,0000000000000001) 00000001C6A92AA0 - CALL
0024:trace:module:MODULE_InitDLL (00000001C69E0000,PROCESS_DETACH,0000000000000001) - RETURN 1
0024:trace:module:MODULE_InitDLL (000000021A7E0000 L"SETUPAPI.dll",PROCESS_DETACH,0000000000000001) 000000021A82A460 - CALL
0024:trace:module:MODULE_InitDLL (000000021A7E0000,PROCESS_DETACH,0000000000000001) - RETURN 1
0024:trace:module:MODULE_InitDLL (00000002E3540000 L"SHLWAPI.dll",PROCESS_DETACH,0000000000000001) 00000002E3566380 - CALL
0024:trace:module:MODULE_InitDLL (00000002E3540000,PROCESS_DETACH,0000000000000001) - RETURN 1
0024:trace:module:MODULE_InitDLL (00000003126F0000 L"shcore.dll",PROCESS_DETACH,0000000000000001) 00000003126FA680 - CALL
0024:trace:module:MODULE_InitDLL (00000003126F0000,PROCESS_DETACH,0000000000000001) - RETURN 1
0024:trace:module:MODULE_InitDLL (00000002E8F10000 L"ole32.dll",PROCESS_DETACH,0000000000000001) 00000002E8FC5810 - CALL
0024:trace:module:MODULE_InitDLL (00000002E8F10000,PROCESS_DETACH,0000000000000001) - RETURN 1
0024:trace:module:MODULE_InitDLL (0000000327020000 L"combase.dll",PROCESS_DETACH,0000000000000001) 000000032704BE40 - CALL
0024:trace:module:MODULE_InitDLL (0000000327020000,PROCESS_DETACH,0000000000000001) - RETURN 1
0024:trace:module:MODULE_InitDLL (0000000231AE0000 L"rpcrt4.dll",PROCESS_DETACH,0000000000000001) 0000000231B334D0 - CALL
0024:trace:module:MODULE_InitDLL (0000000231AE0000,PROCESS_DETACH,0000000000000001) - RETURN 1
0024:trace:module:MODULE_InitDLL (00000003AFD00000 L"IMM32.dll",PROCESS_DETACH,0000000000000001) 00000003AFD0CE20 - CALL
0024:trace:module:MODULE_InitDLL (00000003AFD00000,PROCESS_DETACH,0000000000000001) - RETURN 1
0024:trace:module:MODULE_InitDLL (000000023D820000 L"USER32.dll",PROCESS_DETACH,0000000000000001) 000000023D8F6990 - CALL
0024:trace:module:MODULE_InitDLL (000000023D820000,PROCESS_DETACH,0000000000000001) - RETURN 1
0024:trace:module:MODULE_InitDLL (00000002F1FA0000 L"version.dll",PROCESS_DETACH,0000000000000001) 00000002F1FA2DE0 - CALL
0024:trace:module:MODULE_InitDLL (00000002F1FA0000,PROCESS_DETACH,0000000000000001) - RETURN 1
0024:trace:module:MODULE_InitDLL (000000026B4C0000 L"gdi32.dll",PROCESS_DETACH,0000000000000001) 000000026B51E670 - CALL
0024:trace:module:MODULE_InitDLL (000000026B4C0000,PROCESS_DETACH,0000000000000001) - RETURN 1
0024:trace:module:MODULE_InitDLL (000000006D980000 L"win32u.dll",PROCESS_DETACH,0000000000000001) 000000006DA44570 - CALL
0024:trace:module:MODULE_InitDLL (000000006D980000,PROCESS_DETACH,0000000000000001) - RETURN 1
0024:trace:module:MODULE_InitDLL (0000000330260000 L"advapi32.dll",PROCESS_DETACH,0000000000000001) 0000000330288030 - CALL
0024:trace:module:MODULE_InitDLL (0000000330260000,PROCESS_DETACH,0000000000000001) - RETURN 1
0024:trace:module:MODULE_InitDLL (000000032A700000 L"sechost.dll",PROCESS_DETACH,0000000000000001) 000000032A71AF60 - CALL
0024:trace:module:MODULE_InitDLL (000000032A700000,PROCESS_DETACH,0000000000000001) - RETURN 1
0024:trace:module:MODULE_InitDLL (00000003AF670000 L"ucrtbase.dll",PROCESS_DETACH,0000000000000001) 00000003AF71AC10 - CALL
0024:trace:module:MODULE_InitDLL (00000003AF670000,PROCESS_DETACH,0000000000000001) - RETURN 1
0024:trace:module:MODULE_InitDLL (00000001C8DB0000 L"msvcrt.dll",PROCESS_DETACH,0000000000000001) 00000001C8E3E9D0 - CALL
0024:trace:module:MODULE_InitDLL (00000001C8DB0000,PROCESS_DETACH,0000000000000001) - RETURN 1
0024:trace:module:MODULE_InitDLL (000000007B600000 L"kernel32.dll",PROCESS_DETACH,0000000000000001) 000000007B636E80 - CALL
0024:trace:module:MODULE_InitDLL (000000007B600000,PROCESS_DETACH,0000000000000001) - RETURN 1
0024:trace:module:MODULE_InitDLL (000000007B000000 L"kernelbase.dll",PROCESS_DETACH,0000000000000001) 000000007B04C9C0 - CALL
0024:trace:module:MODULE_InitDLL (000000007B000000,PROCESS_DETACH,0000000000000001) - RETURN 1
0024:trace:module:MODULE_InitDLL (0000000170000000 L"ntdll.dll",PROCESS_DETACH,0000000000000001) 000000017007B180 - CALL
0024:trace:module:MODULE_InitDLL (0000000170000000,PROCESS_DETACH,0000000000000001) - RETURN 1
00c0:trace:module:LdrShutdownThread ()
00c0:trace:module:MODULE_InitDLL (00000003A0440000 L"WININET.dll",THREAD_DETACH,0000000000000000) 00000003A0494130 - CALL
00c0:trace:module:MODULE_InitDLL (00000003A0440000,THREAD_DETACH,0000000000000000) - RETURN 1
00c0:trace:module:MODULE_InitDLL (00000001EC2B0000 L"ws2_32.dll",THREAD_DETACH,0000000000000000) 00000001EC2C4980 - CALL
00c0:trace:module:MODULE_InitDLL (00000001EC2B0000,THREAD_DETACH,0000000000000000) - RETURN 1
00c0:trace:module:MODULE_InitDLL (00000002E8F10000 L"ole32.dll",THREAD_DETACH,0000000000000000) 00000002E8FC5810 - CALL
00c0:trace:module:MODULE_InitDLL (00000002E8F10000,THREAD_DETACH,0000000000000000) - RETURN 1
00c0:trace:module:MODULE_InitDLL (0000000327020000 L"combase.dll",THREAD_DETACH,0000000000000000) 000000032704BE40 - CALL
00c0:trace:module:MODULE_InitDLL (0000000327020000,THREAD_DETACH,0000000000000000) - RETURN 1
00c0:trace:module:MODULE_InitDLL (0000000231AE0000 L"rpcrt4.dll",THREAD_DETACH,0000000000000000) 0000000231B334D0 - CALL
00c0:trace:module:MODULE_InitDLL (0000000231AE0000,THREAD_DETACH,0000000000000000) - RETURN 1
00c0:trace:module:MODULE_InitDLL (00000003AFD00000 L"imm32.dll",THREAD_DETACH,0000000000000000) 00000003AFD0CE20 - CALL
00c0:trace:module:MODULE_InitDLL (00000003AFD00000,THREAD_DETACH,0000000000000000) - RETURN 1
00c0:trace:module:MODULE_InitDLL (000000023D820000 L"USER32.dll",THREAD_DETACH,0000000000000000) 000000023D8F6990 - CALL
00c0:trace:module:MODULE_InitDLL (000000023D820000,THREAD_DETACH,0000000000000000) - RETURN 1
00c0:trace:module:MODULE_InitDLL (00000003AF670000 L"ucrtbase.dll",THREAD_DETACH,0000000000000000) 00000003AF71AC10 - CALL
00c0:trace:module:MODULE_InitDLL (00000003AF670000,THREAD_DETACH,0000000000000000) - RETURN 1
00c0:trace:module:MODULE_InitDLL (00000001C8DB0000 L"msvcrt.dll",THREAD_DETACH,0000000000000000) 00000001C8E3E9D0 - CALL
00c0:trace:module:MODULE_InitDLL (00000001C8DB0000,THREAD_DETACH,0000000000000000) - RETURN 1
00b4:trace:module:load_dll looking for L"Kernel32.dll" in L"Z:\\Volumes\\SSD\\Neva;C:\\windows\\system32;C:\\windows\\system;C:\\windows;.;C:\\windows\\system32;C:\\windows;C:\\windows\\system32\\wbem;C:\\windows\\system32\\WindowsPowershell\\v1.0"
00b4:trace:module:load_dll Found L"C:\\windows\\system32\\kernel32.dll" for L"Kernel32.dll" at 000000007B600000, count=-1
00b4:fixme:file:CancelSynchronousIo (0000000000000074): stub
00b4:trace:module:LdrUnloadDll (000000007B600000)
00b4:trace:module:LdrUnloadDll (L"kernel32.dll") - START
00b4:trace:module:LdrUnloadDll END
00b4:trace:module:load_dll looking for L"api-ms-win-core-string-l1-1-0.dll" in L"C:\\windows\\system32\\"
00b4:trace:module:find_dll_file found L"C:\\windows\\system32\\kernelbase.dll" for L"api-ms-win-core-string-l1-1-0.dll"
00b4:trace:module:load_dll Found L"C:\\windows\\system32\\kernelbase.dll" for L"api-ms-win-core-string-l1-1-0.dll" at 000000007B000000, count=-1
00b4:trace:module:load_dll looking for L"api-ms-win-core-datetime-l1-1-1.dll" in L"C:\\windows\\system32\\"
00b4:trace:module:find_dll_file found L"C:\\windows\\system32\\kernelbase.dll" for L"api-ms-win-core-datetime-l1-1-1.dll"
00b4:trace:module:load_dll Found L"C:\\windows\\system32\\kernelbase.dll" for L"api-ms-win-core-datetime-l1-1-1.dll" at 000000007B000000, count=-1
00b4:trace:module:load_dll looking for L"api-ms-win-core-localization-obsolete-l1-2-0.dll" in L"C:\\windows\\system32\\"
00b4:trace:module:find_dll_file found L"C:\\windows\\system32\\kernelbase.dll" for L"api-ms-win-core-localization-obsolete-l1-2-0.dll"
00b4:trace:module:load_dll Found L"C:\\windows\\system32\\kernelbase.dll" for L"api-ms-win-core-localization-obsolete-l1-2-0.dll" at 000000007B000000, count=-1
wineserver crashed, please enable coredumps (ulimit -c unlimited) and restart.
