STRIPPROG=llvm-strip /private/tmp/gptk4-wine-source/tools/install-sh -m 644  dlls/acledit/x86_64-windows/acledit.dll /private/tmp/gptk4-runtime/lib/wine/x86_64-windows/acledit.dll
tools/winebuild/winebuild --builtin /private/tmp/gptk4-runtime/lib/wine/x86_64-windows/acledit.dll
STRIPPROG=llvm-strip /private/tmp/gptk4-wine-source/tools/install-sh -m 644  dlls/aclui/x86_64-windows/aclui.dll /private/tmp/gptk4-runtime/lib/wine/x86_64-windows/aclui.dll
tools/winebuild/winebuild --builtin /private/tmp/gptk4-runtime/lib/wine/x86_64-windows/aclui.dll
/private/tmp/gptk4-wine-source/tools/install-sh -m 644  dlls/activeds.tlb/x86_64-windows/activeds.tlb /private/tmp/gptk4-runtime/lib/wine/x86_64-windows/activeds.tlb
STRIPPROG=llvm-strip /private/tmp/gptk4-wine-source/tools/install-sh -m 644  dlls/activeds/x86_64-windows/activeds.dll /private/tmp/gptk4-runtime/lib/wine/x86_64-windows/activeds.dll
tools/winebuild/winebuild --builtin /private/tmp/gptk4-runtime/lib/wine/x86_64-windows/activeds.dll
STRIPPROG=llvm-strip /private/tmp/gptk4-wine-source/tools/install-sh -m 644  dlls/actxprxy/x86_64-windows/actxprxy.dll /private/tmp/gptk4-runtime/lib/wine/x86_64-windows/actxprxy.dll
tools/winebuild/winebuild --builtin /private/tmp/gptk4-runtime/lib/wine/x86_64-windows/actxprxy.dll
STRIPPROG=llvm-strip /private/tmp/gptk4-wine-source/tools/install-sh -m 644  dlls/adsldp/x86_64-windows/adsldp.dll /private/tmp/gptk4-runtime/lib/wine/x86_64-windows/adsldp.dll
tools/winebuild/winebuild --builtin /private/tmp/gptk4-runtime/lib/wine/x86_64-windows/adsldp.dll
STRIPPROG=llvm-strip /private/tmp/gptk4-wine-source/tools/install-sh -m 644  dlls/adsldpc/x86_64-windows/adsldpc.dll /private/tmp/gptk4-runtime/lib/wine/x86_64-windows/adsldpc.dll
tools/winebuild/winebuild --builtin /private/tmp/gptk4-runtime/lib/wine/x86_64-windows/adsldpc.dll
STRIPPROG=llvm-strip /private/tmp/gptk4-wine-source/tools/install-sh -m 644  dlls/advapi32/x86_64-windows/advapi32.dll /private/tmp/gptk4-runtime/lib/wine/x86_64-windows/advapi32.dll
tools/winebuild/winebuild --builtin /private/tmp/gptk4-runtime/lib/wine/x86_64-windows/advapi32.dll
STRIPPROG=llvm-strip /private/tmp/gptk4-wine-source/tools/install-sh -m 644  dlls/advpack/x86_64-windows/advpack.dll /private/tmp/gptk4-runtime/lib/wine/x86_64-windows/advpack.dll
tools/winebuild/winebuild --builtin /private/tmp/gptk4-runtime/lib/wine/x86_64-windows/advpack.dll
STRIPPROG=llvm-strip /private/tmp/gptk4-wine-source/tools/install-sh -m 644  dlls/amsi/x86_64-windows/amsi.dll /private/tmp/gptk4-runtime/lib/wine/x86_64-windows/amsi.dll
tools/winebuild/winebuild --builtin /private/tmp/gptk4-runtime/lib/wine/x86_64-windows/amsi.dll
STRIPPROG=llvm-strip /private/tmp/gptk4-wine-source/tools/install-sh -m 644  dlls/amstream/x86_64-windows/amstream.dll /private/tmp/gptk4-runtime/lib/wine/x86_64-windows/amstream.dll
tools/winebuild/winebuild --builtin /private/tmp/gptk4-runtime/lib/wine/x86_64-windows/amstream.dll
/private/tmp/gptk4-wine-source/tools/install-sh -m 644  dlls/apisetschema/x86_64-windows/apisetschema.dll /private/tmp/gptk4-runtime/lib/wine/x86_64-windows/apisetschema.dll
STRIPPROG=llvm-strip /private/tmp/gptk4-wine-source/tools/install-sh -m 644  dlls/apphelp/x86_64-windows/apphelp.dll /private/tmp/gptk4-runtime/lib/wine/x86_64-windows/apphelp.dll
tools/winebuild/winebuild --builtin /private/tmp/gptk4-runtime/lib/wine/x86_64-windows/apphelp.dll
STRIPPROG=llvm-strip /private/tmp/gptk4-wine-source/tools/install-sh -m 644  dlls/appwiz.cpl/x86_64-windows/appwiz.cpl /private/tmp/gptk4-runtime/lib/wine/x86_64-windows/appwiz.cpl
tools/winebuild/winebuild --builtin /private/tmp/gptk4-runtime/lib/wine/x86_64-windows/appwiz.cpl
STRIPPROG=llvm-strip /private/tmp/gptk4-wine-source/tools/install-sh -m 644  dlls/appxdeploymentclient/x86_64-windows/appxdeploymentclient.dll /private/tmp/gptk4-runtime/lib/wine/x86_64-windows/appxdeploymentclient.dll
tools/winebuild/winebuild --builtin /private/tmp/gptk4-runtime/lib/wine/x86_64-windows/appxdeploymentclient.dll
STRIPPROG=llvm-strip /private/tmp/gptk4-wine-source/tools/install-sh -m 644  dlls/atl/x86_64-windows/atl.dll /private/tmp/gptk4-runtime/lib/wine/x86_64-windows/atl.dll
tools/winebuild/winebuild --builtin /private/tmp/gptk4-runtime/lib/wine/x86_64-windows/atl.dll
STRIPPROG=llvm-strip /private/tmp/gptk4-wine-source/tools/install-sh -m 644  dlls/atl100/x86_64-windows/atl100.dll /private/tmp/gptk4-runtime/lib/wine/x86_64-windows/atl100.dll
tools/winebuild/winebuild --builtin /private/tmp/gptk4-runtime/lib/wine/x86_64-windows/atl100.dll
STRIPPROG=llvm-strip /private/tmp/gptk4-wine-source/tools/install-sh -m 644  dlls/atl110/x86_64-windows/atl110.dll /private/tmp/gptk4-runtime/lib/wine/x86_64-windows/atl110.dll
tools/winebuild/winebuild --builtin /private/tmp/gptk4-runtime/lib/wine/x86_64-windows/atl110.dll
STRIPPROG=llvm-strip /private/tmp/gptk4-wine-source/tools/install-sh -m 644  dlls/atl80/x86_64-windows/atl80.dll /private/tmp/gptk4-runtime/lib/wine/x86_64-windows/atl80.dll
tools/winebuild/winebuild --builtin /private/tmp/gptk4-runtime/lib/wine/x86_64-windows/atl80.dll
STRIPPROG=llvm-strip /private/tmp/gptk4-wine-source/tools/install-sh -m 644  dlls/atl90/x86_64-windows/atl90.dll /private/tmp/gptk4-runtime/lib/wine/x86_64-windows/atl90.dll
tools/winebuild/winebuild --builtin /private/tmp/gptk4-runtime/lib/wine/x86_64-windows/atl90.dll
STRIPPROG=llvm-strip /private/tmp/gptk4-wine-source/tools/install-sh -m 644  dlls/atlthunk/x86_64-windows/atlthunk.dll /private/tmp/gptk4-runtime/lib/wine/x86_64-windows/atlthunk.dll
tools/winebuild/winebuild --builtin /private/tmp/gptk4-runtime/lib/wine/x86_64-windows/atlthunk.dll
STRIPPROG=llvm-strip /private/tmp/gptk4-wine-source/tools/install-sh -m 644  dlls/atmlib/x86_64-windows/atmlib.dll /private/tmp/gptk4-runtime/lib/wine/x86_64-windows/atmlib.dll
tools/winebuild/winebuild --builtin /private/tmp/gptk4-runtime/lib/wine/x86_64-windows/atmlib.dll
STRIPPROG=llvm-strip /private/tmp/gptk4-wine-source/tools/install-sh -m 644  dlls/authz/x86_64-windows/authz.dll /private/tmp/gptk4-runtime/lib/wine/x86_64-windows/authz.dll
tools/winebuild/winebuild --builtin /private/tmp/gptk4-runtime/lib/wine/x86_64-windows/authz.dll
STRIPPROG=llvm-strip /private/tmp/gptk4-wine-source/tools/install-sh -m 644  dlls/avicap32/x86_64-windows/avicap32.dll /private/tmp/gptk4-runtime/lib/wine/x86_64-windows/avicap32.dll
tools/winebuild/winebuild --builtin /private/tmp/gptk4-runtime/lib/wine/x86_64-windows/avicap32.dll
STRIPPROG="strip" /private/tmp/gptk4-wine-source/tools/install-sh  dlls/avicap32/avicap32.so /private/tmp/gptk4-runtime/lib/wine/x86_64-unix/avicap32.so
STRIPPROG=llvm-strip /private/tmp/gptk4-wine-source/tools/install-sh -m 644  dlls/avifil32/x86_64-windows/avifil32.dll /private/tmp/gptk4-runtime/lib/wine/x86_64-windows/avifil32.dll
tools/winebuild/winebuild --builtin /private/tmp/gptk4-runtime/lib/wine/x86_64-windows/avifil32.dll
STRIPPROG=llvm-strip /private/tmp/gptk4-wine-source/tools/install-sh -m 644  dlls/avrt/x86_64-windows/avrt.dll /private/tmp/gptk4-runtime/lib/wine/x86_64-windows/avrt.dll
tools/winebuild/winebuild --builtin /private/tmp/gptk4-runtime/lib/wine/x86_64-windows/avrt.dll
STRIPPROG=llvm-strip /private/tmp/gptk4-wine-source/tools/install-sh -m 644  dlls/bcp47langs/x86_64-windows/bcp47langs.dll /private/tmp/gptk4-runtime/lib/wine/x86_64-windows/bcp47langs.dll
tools/winebuild/winebuild --builtin /private/tmp/gptk4-runtime/lib/wine/x86_64-windows/bcp47langs.dll
STRIPPROG=llvm-strip /private/tmp/gptk4-wine-source/tools/install-sh -m 644  dlls/bcrypt/x86_64-windows/bcrypt.dll /private/tmp/gptk4-runtime/lib/wine/x86_64-windows/bcrypt.dll
tools/winebuild/winebuild --builtin /private/tmp/gptk4-runtime/lib/wine/x86_64-windows/bcrypt.dll
STRIPPROG="strip" /private/tmp/gptk4-wine-source/tools/install-sh  dlls/bcrypt/bcrypt.so /private/tmp/gptk4-runtime/lib/wine/x86_64-unix/bcrypt.so
STRIPPROG=llvm-strip /private/tmp/gptk4-wine-source/tools/install-sh -m 644  dlls/bcryptprimitives/x86_64-windows/bcryptprimitives.dll /private/tmp/gptk4-runtime/lib/wine/x86_64-windows/bcryptprimitives.dll
tools/winebuild/winebuild --builtin /private/tmp/gptk4-runtime/lib/wine/x86_64-windows/bcryptprimitives.dll
STRIPPROG=llvm-strip /private/tmp/gptk4-wine-source/tools/install-sh -m 644  dlls/bluetoothapis/x86_64-windows/bluetoothapis.dll /private/tmp/gptk4-runtime/lib/wine/x86_64-windows/bluetoothapis.dll
tools/winebuild/winebuild --builtin /private/tmp/gptk4-runtime/lib/wine/x86_64-windows/bluetoothapis.dll
STRIPPROG=llvm-strip /private/tmp/gptk4-wine-source/tools/install-sh -m 644  dlls/browseui/x86_64-windows/browseui.dll /private/tmp/gptk4-runtime/lib/wine/x86_64-windows/browseui.dll
tools/winebuild/winebuild --builtin /private/tmp/gptk4-runtime/lib/wine/x86_64-windows/browseui.dll
STRIPPROG=llvm-strip /private/tmp/gptk4-wine-source/tools/install-sh -m 644  dlls/bthprops.cpl/x86_64-windows/bthprops.cpl /private/tmp/gptk4-runtime/lib/wine/x86_64-windows/bthprops.cpl
tools/winebuild/winebuild --builtin /private/tmp/gptk4-runtime/lib/wine/x86_64-windows/bthprops.cpl
STRIPPROG=llvm-strip /private/tmp/gptk4-wine-source/tools/install-sh -m 644  dlls/cabinet/x86_64-windows/cabinet.dll /private/tmp/gptk4-runtime/lib/wine/x86_64-windows/cabinet.dll
tools/winebuild/winebuild --builtin /private/tmp/gptk4-runtime/lib/wine/x86_64-windows/cabinet.dll
STRIPPROG=llvm-strip /private/tmp/gptk4-wine-source/tools/install-sh -m 644  dlls/cards/x86_64-windows/cards.dll /private/tmp/gptk4-runtime/lib/wine/x86_64-windows/cards.dll
tools/winebuild/winebuild --builtin /private/tmp/gptk4-runtime/lib/wine/x86_64-windows/cards.dll
STRIPPROG=llvm-strip /private/tmp/gptk4-wine-source/tools/install-sh -m 644  dlls/cdosys/x86_64-windows/cdosys.dll /private/tmp/gptk4-runtime/lib/wine/x86_64-windows/cdosys.dll
tools/winebuild/winebuild --builtin /private/tmp/gptk4-runtime/lib/wine/x86_64-windows/cdosys.dll
STRIPPROG=llvm-strip /private/tmp/gptk4-wine-source/tools/install-sh -m 644  dlls/cfgmgr32/x86_64-windows/cfgmgr32.dll /private/tmp/gptk4-runtime/lib/wine/x86_64-windows/cfgmgr32.dll
tools/winebuild/winebuild --builtin /private/tmp/gptk4-runtime/lib/wine/x86_64-windows/cfgmgr32.dll
STRIPPROG=llvm-strip /private/tmp/gptk4-wine-source/tools/install-sh -m 644  dlls/clusapi/x86_64-windows/clusapi.dll /private/tmp/gptk4-runtime/lib/wine/x86_64-windows/clusapi.dll
tools/winebuild/winebuild --builtin /private/tmp/gptk4-runtime/lib/wine/x86_64-windows/clusapi.dll
STRIPPROG=llvm-strip /private/tmp/gptk4-wine-source/tools/install-sh -m 644  dlls/cng.sys/x86_64-windows/cng.sys /private/tmp/gptk4-runtime/lib/wine/x86_64-windows/cng.sys
tools/winebuild/winebuild --builtin /private/tmp/gptk4-runtime/lib/wine/x86_64-windows/cng.sys
STRIPPROG=llvm-strip /private/tmp/gptk4-wine-source/tools/install-sh -m 644  dlls/colorcnv/x86_64-windows/colorcnv.dll /private/tmp/gptk4-runtime/lib/wine/x86_64-windows/colorcnv.dll
tools/winebuild/winebuild --builtin /private/tmp/gptk4-runtime/lib/wine/x86_64-windows/colorcnv.dll
STRIPPROG=llvm-strip /private/tmp/gptk4-wine-source/tools/install-sh -m 644  dlls/combase/x86_64-windows/combase.dll /private/tmp/gptk4-runtime/lib/wine/x86_64-windows/combase.dll
tools/winebuild/winebuild --builtin /private/tmp/gptk4-runtime/lib/wine/x86_64-windows/combase.dll
STRIPPROG=llvm-strip /private/tmp/gptk4-wine-source/tools/install-sh -m 644  dlls/comcat/x86_64-windows/comcat.dll /private/tmp/gptk4-runtime/lib/wine/x86_64-windows/comcat.dll
tools/winebuild/winebuild --builtin /private/tmp/gptk4-runtime/lib/wine/x86_64-windows/comcat.dll
STRIPPROG=llvm-strip /private/tmp/gptk4-wine-source/tools/install-sh -m 644  dlls/comctl32/x86_64-windows/comctl32.dll /private/tmp/gptk4-runtime/lib/wine/x86_64-windows/comctl32.dll
tools/winebuild/winebuild --builtin /private/tmp/gptk4-runtime/lib/wine/x86_64-windows/comctl32.dll
STRIPPROG=llvm-strip /private/tmp/gptk4-wine-source/tools/install-sh -m 644  dlls/comdlg32/x86_64-windows/comdlg32.dll /private/tmp/gptk4-runtime/lib/wine/x86_64-windows/comdlg32.dll
tools/winebuild/winebuild --builtin /private/tmp/gptk4-runtime/lib/wine/x86_64-windows/comdlg32.dll
STRIPPROG=llvm-strip /private/tmp/gptk4-wine-source/tools/install-sh -m 644  dlls/coml2/x86_64-windows/coml2.dll /private/tmp/gptk4-runtime/lib/wine/x86_64-windows/coml2.dll
tools/winebuild/winebuild --builtin /private/tmp/gptk4-runtime/lib/wine/x86_64-windows/coml2.dll
STRIPPROG=llvm-strip /private/tmp/gptk4-wine-source/tools/install-sh -m 644  dlls/compstui/x86_64-windows/compstui.dll /private/tmp/gptk4-runtime/lib/wine/x86_64-windows/compstui.dll
tools/winebuild/winebuild --builtin /private/tmp/gptk4-runtime/lib/wine/x86_64-windows/compstui.dll
STRIPPROG=llvm-strip /private/tmp/gptk4-wine-source/tools/install-sh -m 644  dlls/comsvcs/x86_64-windows/comsvcs.dll /private/tmp/gptk4-runtime/lib/wine/x86_64-windows/comsvcs.dll
tools/winebuild/winebuild --builtin /private/tmp/gptk4-runtime/lib/wine/x86_64-windows/comsvcs.dll
STRIPPROG=llvm-strip /private/tmp/gptk4-wine-source/tools/install-sh -m 644  dlls/concrt140/x86_64-windows/concrt140.dll /private/tmp/gptk4-runtime/lib/wine/x86_64-windows/concrt140.dll
tools/winebuild/winebuild --builtin /private/tmp/gptk4-runtime/lib/wine/x86_64-windows/concrt140.dll
STRIPPROG=llvm-strip /private/tmp/gptk4-wine-source/tools/install-sh -m 644  dlls/connect/x86_64-windows/connect.dll /private/tmp/gptk4-runtime/lib/wine/x86_64-windows/connect.dll
tools/winebuild/winebuild --builtin /private/tmp/gptk4-runtime/lib/wine/x86_64-windows/connect.dll
STRIPPROG=llvm-strip /private/tmp/gptk4-wine-source/tools/install-sh -m 644  dlls/coremessaging/x86_64-windows/coremessaging.dll /private/tmp/gptk4-runtime/lib/wine/x86_64-windows/coremessaging.dll
tools/winebuild/winebuild --builtin /private/tmp/gptk4-runtime/lib/wine/x86_64-windows/coremessaging.dll
STRIPPROG=llvm-strip /private/tmp/gptk4-wine-source/tools/install-sh -m 644  dlls/credui/x86_64-windows/credui.dll /private/tmp/gptk4-runtime/lib/wine/x86_64-windows/credui.dll
tools/winebuild/winebuild --builtin /private/tmp/gptk4-runtime/lib/wine/x86_64-windows/credui.dll
STRIPPROG=llvm-strip /private/tmp/gptk4-wine-source/tools/install-sh -m 644  dlls/crtdll/x86_64-windows/crtdll.dll /private/tmp/gptk4-runtime/lib/wine/x86_64-windows/crtdll.dll
tools/winebuild/winebuild --builtin /private/tmp/gptk4-runtime/lib/wine/x86_64-windows/crtdll.dll
STRIPPROG=llvm-strip /private/tmp/gptk4-wine-source/tools/install-sh -m 644  dlls/crypt32/x86_64-windows/crypt32.dll /private/tmp/gptk4-runtime/lib/wine/x86_64-windows/crypt32.dll
tools/winebuild/winebuild --builtin /private/tmp/gptk4-runtime/lib/wine/x86_64-windows/crypt32.dll
STRIPPROG="strip" /private/tmp/gptk4-wine-source/tools/install-sh  dlls/crypt32/crypt32.so /private/tmp/gptk4-runtime/lib/wine/x86_64-unix/crypt32.so
STRIPPROG=llvm-strip /private/tmp/gptk4-wine-source/tools/install-sh -m 644  dlls/cryptdlg/x86_64-windows/cryptdlg.dll /private/tmp/gptk4-runtime/lib/wine/x86_64-windows/cryptdlg.dll
tools/winebuild/winebuild --builtin /private/tmp/gptk4-runtime/lib/wine/x86_64-windows/cryptdlg.dll
STRIPPROG=llvm-strip /private/tmp/gptk4-wine-source/tools/install-sh -m 644  dlls/cryptdll/x86_64-windows/cryptdll.dll /private/tmp/gptk4-runtime/lib/wine/x86_64-windows/cryptdll.dll
tools/winebuild/winebuild --builtin /private/tmp/gptk4-runtime/lib/wine/x86_64-windows/cryptdll.dll
STRIPPROG=llvm-strip /private/tmp/gptk4-wine-source/tools/install-sh -m 644  dlls/cryptext/x86_64-windows/cryptext.dll /private/tmp/gptk4-runtime/lib/wine/x86_64-windows/cryptext.dll
tools/winebuild/winebuild --builtin /private/tmp/gptk4-runtime/lib/wine/x86_64-windows/cryptext.dll
STRIPPROG=llvm-strip /private/tmp/gptk4-wine-source/tools/install-sh -m 644  dlls/cryptnet/x86_64-windows/cryptnet.dll /private/tmp/gptk4-runtime/lib/wine/x86_64-windows/cryptnet.dll
tools/winebuild/winebuild --builtin /private/tmp/gptk4-runtime/lib/wine/x86_64-windows/cryptnet.dll
STRIPPROG=llvm-strip /private/tmp/gptk4-wine-source/tools/install-sh -m 644  dlls/cryptowinrt/x86_64-windows/cryptowinrt.dll /private/tmp/gptk4-runtime/lib/wine/x86_64-windows/cryptowinrt.dll
tools/winebuild/winebuild --builtin /private/tmp/gptk4-runtime/lib/wine/x86_64-windows/cryptowinrt.dll
STRIPPROG=llvm-strip /private/tmp/gptk4-wine-source/tools/install-sh -m 644  dlls/cryptsp/x86_64-windows/cryptsp.dll /private/tmp/gptk4-runtime/lib/wine/x86_64-windows/cryptsp.dll
tools/winebuild/winebuild --builtin /private/tmp/gptk4-runtime/lib/wine/x86_64-windows/cryptsp.dll
STRIPPROG=llvm-strip /private/tmp/gptk4-wine-source/tools/install-sh -m 644  dlls/cryptui/x86_64-windows/cryptui.dll /private/tmp/gptk4-runtime/lib/wine/x86_64-windows/cryptui.dll
tools/winebuild/winebuild --builtin /private/tmp/gptk4-runtime/lib/wine/x86_64-windows/cryptui.dll
STRIPPROG=llvm-strip /private/tmp/gptk4-wine-source/tools/install-sh -m 644  dlls/ctapi32/x86_64-windows/ctapi32.dll /private/tmp/gptk4-runtime/lib/wine/x86_64-windows/ctapi32.dll
tools/winebuild/winebuild --builtin /private/tmp/gptk4-runtime/lib/wine/x86_64-windows/ctapi32.dll
STRIPPROG="strip" /private/tmp/gptk4-wine-source/tools/install-sh  dlls/ctapi32/ctapi32.so /private/tmp/gptk4-runtime/lib/wine/x86_64-unix/ctapi32.so
STRIPPROG=llvm-strip /private/tmp/gptk4-wine-source/tools/install-sh -m 644  dlls/ctl3d32/x86_64-windows/ctl3d32.dll /private/tmp/gptk4-runtime/lib/wine/x86_64-windows/ctl3d32.dll
tools/winebuild/winebuild --builtin /private/tmp/gptk4-runtime/lib/wine/x86_64-windows/ctl3d32.dll
STRIPPROG=llvm-strip /private/tmp/gptk4-wine-source/tools/install-sh -m 644  dlls/d2d1/x86_64-windows/d2d1.dll /private/tmp/gptk4-runtime/lib/wine/x86_64-windows/d2d1.dll
tools/winebuild/winebuild --builtin /private/tmp/gptk4-runtime/lib/wine/x86_64-windows/d2d1.dll
STRIPPROG=llvm-strip /private/tmp/gptk4-wine-source/tools/install-sh -m 644  dlls/d3d10/x86_64-windows/d3d10.dll /private/tmp/gptk4-runtime/lib/wine/x86_64-windows/d3d10.dll
tools/winebuild/winebuild --builtin /private/tmp/gptk4-runtime/lib/wine/x86_64-windows/d3d10.dll
STRIPPROG=llvm-strip /private/tmp/gptk4-wine-source/tools/install-sh -m 644  dlls/d3d10_1/x86_64-windows/d3d10_1.dll /private/tmp/gptk4-runtime/lib/wine/x86_64-windows/d3d10_1.dll
tools/winebuild/winebuild --builtin /private/tmp/gptk4-runtime/lib/wine/x86_64-windows/d3d10_1.dll
STRIPPROG=llvm-strip /private/tmp/gptk4-wine-source/tools/install-sh -m 644  dlls/d3d10core/x86_64-windows/d3d10core.dll /private/tmp/gptk4-runtime/lib/wine/x86_64-windows/d3d10core.dll
tools/winebuild/winebuild --builtin /private/tmp/gptk4-runtime/lib/wine/x86_64-windows/d3d10core.dll
STRIPPROG=llvm-strip /private/tmp/gptk4-wine-source/tools/install-sh -m 644  dlls/d3d11/x86_64-windows/d3d11.dll /private/tmp/gptk4-runtime/lib/wine/x86_64-windows/d3d11.dll
tools/winebuild/winebuild --builtin /private/tmp/gptk4-runtime/lib/wine/x86_64-windows/d3d11.dll
STRIPPROG=llvm-strip /private/tmp/gptk4-wine-source/tools/install-sh -m 644  dlls/d3d12/x86_64-windows/d3d12.dll /private/tmp/gptk4-runtime/lib/wine/x86_64-windows/d3d12.dll
tools/winebuild/winebuild --builtin /private/tmp/gptk4-runtime/lib/wine/x86_64-windows/d3d12.dll
STRIPPROG=llvm-strip /private/tmp/gptk4-wine-source/tools/install-sh -m 644  dlls/d3d12core/x86_64-windows/d3d12core.dll /private/tmp/gptk4-runtime/lib/wine/x86_64-windows/d3d12core.dll
tools/winebuild/winebuild --builtin /private/tmp/gptk4-runtime/lib/wine/x86_64-windows/d3d12core.dll
STRIPPROG=llvm-strip /private/tmp/gptk4-wine-source/tools/install-sh -m 644  dlls/d3d8/x86_64-windows/d3d8.dll /private/tmp/gptk4-runtime/lib/wine/x86_64-windows/d3d8.dll
tools/winebuild/winebuild --builtin /private/tmp/gptk4-runtime/lib/wine/x86_64-windows/d3d8.dll
STRIPPROG=llvm-strip /private/tmp/gptk4-wine-source/tools/install-sh -m 644  dlls/d3d8thk/x86_64-windows/d3d8thk.dll /private/tmp/gptk4-runtime/lib/wine/x86_64-windows/d3d8thk.dll
tools/winebuild/winebuild --builtin /private/tmp/gptk4-runtime/lib/wine/x86_64-windows/d3d8thk.dll
STRIPPROG=llvm-strip /private/tmp/gptk4-wine-source/tools/install-sh -m 644  dlls/d3d9/x86_64-windows/d3d9.dll /private/tmp/gptk4-runtime/lib/wine/x86_64-windows/d3d9.dll
tools/winebuild/winebuild --builtin /private/tmp/gptk4-runtime/lib/wine/x86_64-windows/d3d9.dll
STRIPPROG=llvm-strip /private/tmp/gptk4-wine-source/tools/install-sh -m 644  dlls/d3dcompiler_33/x86_64-windows/d3dcompiler_33.dll /private/tmp/gptk4-runtime/lib/wine/x86_64-windows/d3dcompiler_33.dll
tools/winebuild/winebuild --builtin /private/tmp/gptk4-runtime/lib/wine/x86_64-windows/d3dcompiler_33.dll
STRIPPROG=llvm-strip /private/tmp/gptk4-wine-source/tools/install-sh -m 644  dlls/d3dcompiler_34/x86_64-windows/d3dcompiler_34.dll /private/tmp/gptk4-runtime/lib/wine/x86_64-windows/d3dcompiler_34.dll
tools/winebuild/winebuild --builtin /private/tmp/gptk4-runtime/lib/wine/x86_64-windows/d3dcompiler_34.dll
STRIPPROG=llvm-strip /private/tmp/gptk4-wine-source/tools/install-sh -m 644  dlls/d3dcompiler_35/x86_64-windows/d3dcompiler_35.dll /private/tmp/gptk4-runtime/lib/wine/x86_64-windows/d3dcompiler_35.dll
tools/winebuild/winebuild --builtin /private/tmp/gptk4-runtime/lib/wine/x86_64-windows/d3dcompiler_35.dll
STRIPPROG=llvm-strip /private/tmp/gptk4-wine-source/tools/install-sh -m 644  dlls/d3dcompiler_36/x86_64-windows/d3dcompiler_36.dll /private/tmp/gptk4-runtime/lib/wine/x86_64-windows/d3dcompiler_36.dll
tools/winebuild/winebuild --builtin /private/tmp/gptk4-runtime/lib/wine/x86_64-windows/d3dcompiler_36.dll
STRIPPROG=llvm-strip /private/tmp/gptk4-wine-source/tools/install-sh -m 644  dlls/d3dcompiler_37/x86_64-windows/d3dcompiler_37.dll /private/tmp/gptk4-runtime/lib/wine/x86_64-windows/d3dcompiler_37.dll
tools/winebuild/winebuild --builtin /private/tmp/gptk4-runtime/lib/wine/x86_64-windows/d3dcompiler_37.dll
STRIPPROG=llvm-strip /private/tmp/gptk4-wine-source/tools/install-sh -m 644  dlls/d3dcompiler_38/x86_64-windows/d3dcompiler_38.dll /private/tmp/gptk4-runtime/lib/wine/x86_64-windows/d3dcompiler_38.dll
tools/winebuild/winebuild --builtin /private/tmp/gptk4-runtime/lib/wine/x86_64-windows/d3dcompiler_38.dll
STRIPPROG=llvm-strip /private/tmp/gptk4-wine-source/tools/install-sh -m 644  dlls/d3dcompiler_39/x86_64-windows/d3dcompiler_39.dll /private/tmp/gptk4-runtime/lib/wine/x86_64-windows/d3dcompiler_39.dll
tools/winebuild/winebuild --builtin /private/tmp/gptk4-runtime/lib/wine/x86_64-windows/d3dcompiler_39.dll
STRIPPROG=llvm-strip /private/tmp/gptk4-wine-source/tools/install-sh -m 644  dlls/d3dcompiler_40/x86_64-windows/d3dcompiler_40.dll /private/tmp/gptk4-runtime/lib/wine/x86_64-windows/d3dcompiler_40.dll
tools/winebuild/winebuild --builtin /private/tmp/gptk4-runtime/lib/wine/x86_64-windows/d3dcompiler_40.dll
STRIPPROG=llvm-strip /private/tmp/gptk4-wine-source/tools/install-sh -m 644  dlls/d3dcompiler_41/x86_64-windows/d3dcompiler_41.dll /private/tmp/gptk4-runtime/lib/wine/x86_64-windows/d3dcompiler_41.dll
tools/winebuild/winebuild --builtin /private/tmp/gptk4-runtime/lib/wine/x86_64-windows/d3dcompiler_41.dll
STRIPPROG=llvm-strip /private/tmp/gptk4-wine-source/tools/install-sh -m 644  dlls/d3dcompiler_42/x86_64-windows/d3dcompiler_42.dll /private/tmp/gptk4-runtime/lib/wine/x86_64-windows/d3dcompiler_42.dll
tools/winebuild/winebuild --builtin /private/tmp/gptk4-runtime/lib/wine/x86_64-windows/d3dcompiler_42.dll
STRIPPROG=llvm-strip /private/tmp/gptk4-wine-source/tools/install-sh -m 644  dlls/d3dcompiler_43/x86_64-windows/d3dcompiler_43.dll /private/tmp/gptk4-runtime/lib/wine/x86_64-windows/d3dcompiler_43.dll
tools/winebuild/winebuild --builtin /private/tmp/gptk4-runtime/lib/wine/x86_64-windows/d3dcompiler_43.dll
STRIPPROG=llvm-strip /private/tmp/gptk4-wine-source/tools/install-sh -m 644  dlls/d3dcompiler_46/x86_64-windows/d3dcompiler_46.dll /private/tmp/gptk4-runtime/lib/wine/x86_64-windows/d3dcompiler_46.dll
tools/winebuild/winebuild --builtin /private/tmp/gptk4-runtime/lib/wine/x86_64-windows/d3dcompiler_46.dll
STRIPPROG=llvm-strip /private/tmp/gptk4-wine-source/tools/install-sh -m 644  dlls/d3dcompiler_47/x86_64-windows/d3dcompiler_47.dll /private/tmp/gptk4-runtime/lib/wine/x86_64-windows/d3dcompiler_47.dll
tools/winebuild/winebuild --builtin /private/tmp/gptk4-runtime/lib/wine/x86_64-windows/d3dcompiler_47.dll
STRIPPROG=llvm-strip /private/tmp/gptk4-wine-source/tools/install-sh -m 644  dlls/d3dim/x86_64-windows/d3dim.dll /private/tmp/gptk4-runtime/lib/wine/x86_64-windows/d3dim.dll
tools/winebuild/winebuild --builtin /private/tmp/gptk4-runtime/lib/wine/x86_64-windows/d3dim.dll
STRIPPROG=llvm-strip /private/tmp/gptk4-wine-source/tools/install-sh -m 644  dlls/d3dim700/x86_64-windows/d3dim700.dll /private/tmp/gptk4-runtime/lib/wine/x86_64-windows/d3dim700.dll
tools/winebuild/winebuild --builtin /private/tmp/gptk4-runtime/lib/wine/x86_64-windows/d3dim700.dll
STRIPPROG=llvm-strip /private/tmp/gptk4-wine-source/tools/install-sh -m 644  dlls/d3drm/x86_64-windows/d3drm.dll /private/tmp/gptk4-runtime/lib/wine/x86_64-windows/d3drm.dll
tools/winebuild/winebuild --builtin /private/tmp/gptk4-runtime/lib/wine/x86_64-windows/d3drm.dll
STRIPPROG=llvm-strip /private/tmp/gptk4-wine-source/tools/install-sh -m 644  dlls/d3dx10_33/x86_64-windows/d3dx10_33.dll /private/tmp/gptk4-runtime/lib/wine/x86_64-windows/d3dx10_33.dll
tools/winebuild/winebuild --builtin /private/tmp/gptk4-runtime/lib/wine/x86_64-windows/d3dx10_33.dll
STRIPPROG=llvm-strip /private/tmp/gptk4-wine-source/tools/install-sh -m 644  dlls/d3dx10_34/x86_64-windows/d3dx10_34.dll /private/tmp/gptk4-runtime/lib/wine/x86_64-windows/d3dx10_34.dll
tools/winebuild/winebuild --builtin /private/tmp/gptk4-runtime/lib/wine/x86_64-windows/d3dx10_34.dll
STRIPPROG=llvm-strip /private/tmp/gptk4-wine-source/tools/install-sh -m 644  dlls/d3dx10_35/x86_64-windows/d3dx10_35.dll /private/tmp/gptk4-runtime/lib/wine/x86_64-windows/d3dx10_35.dll
tools/winebuild/winebuild --builtin /private/tmp/gptk4-runtime/lib/wine/x86_64-windows/d3dx10_35.dll
STRIPPROG=llvm-strip /private/tmp/gptk4-wine-source/tools/install-sh -m 644  dlls/d3dx10_36/x86_64-windows/d3dx10_36.dll /private/tmp/gptk4-runtime/lib/wine/x86_64-windows/d3dx10_36.dll
tools/winebuild/winebuild --builtin /private/tmp/gptk4-runtime/lib/wine/x86_64-windows/d3dx10_36.dll
STRIPPROG=llvm-strip /private/tmp/gptk4-wine-source/tools/install-sh -m 644  dlls/d3dx10_37/x86_64-windows/d3dx10_37.dll /private/tmp/gptk4-runtime/lib/wine/x86_64-windows/d3dx10_37.dll
tools/winebuild/winebuild --builtin /private/tmp/gptk4-runtime/lib/wine/x86_64-windows/d3dx10_37.dll
STRIPPROG=llvm-strip /private/tmp/gptk4-wine-source/tools/install-sh -m 644  dlls/d3dx10_38/x86_64-windows/d3dx10_38.dll /private/tmp/gptk4-runtime/lib/wine/x86_64-windows/d3dx10_38.dll
tools/winebuild/winebuild --builtin /private/tmp/gptk4-runtime/lib/wine/x86_64-windows/d3dx10_38.dll
STRIPPROG=llvm-strip /private/tmp/gptk4-wine-source/tools/install-sh -m 644  dlls/d3dx10_39/x86_64-windows/d3dx10_39.dll /private/tmp/gptk4-runtime/lib/wine/x86_64-windows/d3dx10_39.dll
tools/winebuild/winebuild --builtin /private/tmp/gptk4-runtime/lib/wine/x86_64-windows/d3dx10_39.dll
STRIPPROG=llvm-strip /private/tmp/gptk4-wine-source/tools/install-sh -m 644  dlls/d3dx10_40/x86_64-windows/d3dx10_40.dll /private/tmp/gptk4-runtime/lib/wine/x86_64-windows/d3dx10_40.dll
tools/winebuild/winebuild --builtin /private/tmp/gptk4-runtime/lib/wine/x86_64-windows/d3dx10_40.dll
STRIPPROG=llvm-strip /private/tmp/gptk4-wine-source/tools/install-sh -m 644  dlls/d3dx10_41/x86_64-windows/d3dx10_41.dll /private/tmp/gptk4-runtime/lib/wine/x86_64-windows/d3dx10_41.dll
tools/winebuild/winebuild --builtin /private/tmp/gptk4-runtime/lib/wine/x86_64-windows/d3dx10_41.dll
STRIPPROG=llvm-strip /private/tmp/gptk4-wine-source/tools/install-sh -m 644  dlls/d3dx10_42/x86_64-windows/d3dx10_42.dll /private/tmp/gptk4-runtime/lib/wine/x86_64-windows/d3dx10_42.dll
tools/winebuild/winebuild --builtin /private/tmp/gptk4-runtime/lib/wine/x86_64-windows/d3dx10_42.dll
STRIPPROG=llvm-strip /private/tmp/gptk4-wine-source/tools/install-sh -m 644  dlls/d3dx10_43/x86_64-windows/d3dx10_43.dll /private/tmp/gptk4-runtime/lib/wine/x86_64-windows/d3dx10_43.dll
tools/winebuild/winebuild --builtin /private/tmp/gptk4-runtime/lib/wine/x86_64-windows/d3dx10_43.dll
STRIPPROG=llvm-strip /private/tmp/gptk4-wine-source/tools/install-sh -m 644  dlls/d3dx11_42/x86_64-windows/d3dx11_42.dll /private/tmp/gptk4-runtime/lib/wine/x86_64-windows/d3dx11_42.dll
tools/winebuild/winebuild --builtin /private/tmp/gptk4-runtime/lib/wine/x86_64-windows/d3dx11_42.dll
STRIPPROG=llvm-strip /private/tmp/gptk4-wine-source/tools/install-sh -m 644  dlls/d3dx11_43/x86_64-windows/d3dx11_43.dll /private/tmp/gptk4-runtime/lib/wine/x86_64-windows/d3dx11_43.dll
tools/winebuild/winebuild --builtin /private/tmp/gptk4-runtime/lib/wine/x86_64-windows/d3dx11_43.dll
STRIPPROG=llvm-strip /private/tmp/gptk4-wine-source/tools/install-sh -m 644  dlls/d3dx9_24/x86_64-windows/d3dx9_24.dll /private/tmp/gptk4-runtime/lib/wine/x86_64-windows/d3dx9_24.dll
tools/winebuild/winebuild --builtin /private/tmp/gptk4-runtime/lib/wine/x86_64-windows/d3dx9_24.dll
STRIPPROG=llvm-strip /private/tmp/gptk4-wine-source/tools/install-sh -m 644  dlls/d3dx9_25/x86_64-windows/d3dx9_25.dll /private/tmp/gptk4-runtime/lib/wine/x86_64-windows/d3dx9_25.dll
tools/winebuild/winebuild --builtin /private/tmp/gptk4-runtime/lib/wine/x86_64-windows/d3dx9_25.dll
STRIPPROG=llvm-strip /private/tmp/gptk4-wine-source/tools/install-sh -m 644  dlls/d3dx9_26/x86_64-windows/d3dx9_26.dll /private/tmp/gptk4-runtime/lib/wine/x86_64-windows/d3dx9_26.dll
tools/winebuild/winebuild --builtin /private/tmp/gptk4-runtime/lib/wine/x86_64-windows/d3dx9_26.dll
STRIPPROG=llvm-strip /private/tmp/gptk4-wine-source/tools/install-sh -m 644  dlls/d3dx9_27/x86_64-windows/d3dx9_27.dll /private/tmp/gptk4-runtime/lib/wine/x86_64-windows/d3dx9_27.dll
tools/winebuild/winebuild --builtin /private/tmp/gptk4-runtime/lib/wine/x86_64-windows/d3dx9_27.dll
STRIPPROG=llvm-strip /private/tmp/gptk4-wine-source/tools/install-sh -m 644  dlls/d3dx9_28/x86_64-windows/d3dx9_28.dll /private/tmp/gptk4-runtime/lib/wine/x86_64-windows/d3dx9_28.dll
tools/winebuild/winebuild --builtin /private/tmp/gptk4-runtime/lib/wine/x86_64-windows/d3dx9_28.dll
STRIPPROG=llvm-strip /private/tmp/gptk4-wine-source/tools/install-sh -m 644  dlls/d3dx9_29/x86_64-windows/d3dx9_29.dll /private/tmp/gptk4-runtime/lib/wine/x86_64-windows/d3dx9_29.dll
tools/winebuild/winebuild --builtin /private/tmp/gptk4-runtime/lib/wine/x86_64-windows/d3dx9_29.dll
STRIPPROG=llvm-strip /private/tmp/gptk4-wine-source/tools/install-sh -m 644  dlls/d3dx9_30/x86_64-windows/d3dx9_30.dll /private/tmp/gptk4-runtime/lib/wine/x86_64-windows/d3dx9_30.dll
tools/winebuild/winebuild --builtin /private/tmp/gptk4-runtime/lib/wine/x86_64-windows/d3dx9_30.dll
STRIPPROG=llvm-strip /private/tmp/gptk4-wine-source/tools/install-sh -m 644  dlls/d3dx9_31/x86_64-windows/d3dx9_31.dll /private/tmp/gptk4-runtime/lib/wine/x86_64-windows/d3dx9_31.dll
tools/winebuild/winebuild --builtin /private/tmp/gptk4-runtime/lib/wine/x86_64-windows/d3dx9_31.dll
STRIPPROG=llvm-strip /private/tmp/gptk4-wine-source/tools/install-sh -m 644  dlls/d3dx9_32/x86_64-windows/d3dx9_32.dll /private/tmp/gptk4-runtime/lib/wine/x86_64-windows/d3dx9_32.dll
tools/winebuild/winebuild --builtin /private/tmp/gptk4-runtime/lib/wine/x86_64-windows/d3dx9_32.dll
STRIPPROG=llvm-strip /private/tmp/gptk4-wine-source/tools/install-sh -m 644  dlls/d3dx9_33/x86_64-windows/d3dx9_33.dll /private/tmp/gptk4-runtime/lib/wine/x86_64-windows/d3dx9_33.dll
tools/winebuild/winebuild --builtin /private/tmp/gptk4-runtime/lib/wine/x86_64-windows/d3dx9_33.dll
STRIPPROG=llvm-strip /private/tmp/gptk4-wine-source/tools/install-sh -m 644  dlls/d3dx9_34/x86_64-windows/d3dx9_34.dll /private/tmp/gptk4-runtime/lib/wine/x86_64-windows/d3dx9_34.dll
tools/winebuild/winebuild --builtin /private/tmp/gptk4-runtime/lib/wine/x86_64-windows/d3dx9_34.dll
STRIPPROG=llvm-strip /private/tmp/gptk4-wine-source/tools/install-sh -m 644  dlls/d3dx9_35/x86_64-windows/d3dx9_35.dll /private/tmp/gptk4-runtime/lib/wine/x86_64-windows/d3dx9_35.dll
tools/winebuild/winebuild --builtin /private/tmp/gptk4-runtime/lib/wine/x86_64-windows/d3dx9_35.dll
STRIPPROG=llvm-strip /private/tmp/gptk4-wine-source/tools/install-sh -m 644  dlls/d3dx9_36/x86_64-windows/d3dx9_36.dll /private/tmp/gptk4-runtime/lib/wine/x86_64-windows/d3dx9_36.dll
tools/winebuild/winebuild --builtin /private/tmp/gptk4-runtime/lib/wine/x86_64-windows/d3dx9_36.dll
STRIPPROG=llvm-strip /private/tmp/gptk4-wine-source/tools/install-sh -m 644  dlls/d3dx9_37/x86_64-windows/d3dx9_37.dll /private/tmp/gptk4-runtime/lib/wine/x86_64-windows/d3dx9_37.dll
tools/winebuild/winebuild --builtin /private/tmp/gptk4-runtime/lib/wine/x86_64-windows/d3dx9_37.dll
STRIPPROG=llvm-strip /private/tmp/gptk4-wine-source/tools/install-sh -m 644  dlls/d3dx9_38/x86_64-windows/d3dx9_38.dll /private/tmp/gptk4-runtime/lib/wine/x86_64-windows/d3dx9_38.dll
tools/winebuild/winebuild --builtin /private/tmp/gptk4-runtime/lib/wine/x86_64-windows/d3dx9_38.dll
STRIPPROG=llvm-strip /private/tmp/gptk4-wine-source/tools/install-sh -m 644  dlls/d3dx9_39/x86_64-windows/d3dx9_39.dll /private/tmp/gptk4-runtime/lib/wine/x86_64-windows/d3dx9_39.dll
tools/winebuild/winebuild --builtin /private/tmp/gptk4-runtime/lib/wine/x86_64-windows/d3dx9_39.dll
STRIPPROG=llvm-strip /private/tmp/gptk4-wine-source/tools/install-sh -m 644  dlls/d3dx9_40/x86_64-windows/d3dx9_40.dll /private/tmp/gptk4-runtime/lib/wine/x86_64-windows/d3dx9_40.dll
tools/winebuild/winebuild --builtin /private/tmp/gptk4-runtime/lib/wine/x86_64-windows/d3dx9_40.dll
STRIPPROG=llvm-strip /private/tmp/gptk4-wine-source/tools/install-sh -m 644  dlls/d3dx9_41/x86_64-windows/d3dx9_41.dll /private/tmp/gptk4-runtime/lib/wine/x86_64-windows/d3dx9_41.dll
tools/winebuild/winebuild --builtin /private/tmp/gptk4-runtime/lib/wine/x86_64-windows/d3dx9_41.dll
STRIPPROG=llvm-strip /private/tmp/gptk4-wine-source/tools/install-sh -m 644  dlls/d3dx9_42/x86_64-windows/d3dx9_42.dll /private/tmp/gptk4-runtime/lib/wine/x86_64-windows/d3dx9_42.dll
tools/winebuild/winebuild --builtin /private/tmp/gptk4-runtime/lib/wine/x86_64-windows/d3dx9_42.dll
STRIPPROG=llvm-strip /private/tmp/gptk4-wine-source/tools/install-sh -m 644  dlls/d3dx9_43/x86_64-windows/d3dx9_43.dll /private/tmp/gptk4-runtime/lib/wine/x86_64-windows/d3dx9_43.dll
tools/winebuild/winebuild --builtin /private/tmp/gptk4-runtime/lib/wine/x86_64-windows/d3dx9_43.dll
STRIPPROG=llvm-strip /private/tmp/gptk4-wine-source/tools/install-sh -m 644  dlls/d3dxof/x86_64-windows/d3dxof.dll /private/tmp/gptk4-runtime/lib/wine/x86_64-windows/d3dxof.dll
tools/winebuild/winebuild --builtin /private/tmp/gptk4-runtime/lib/wine/x86_64-windows/d3dxof.dll
STRIPPROG=llvm-strip /private/tmp/gptk4-wine-source/tools/install-sh -m 644  dlls/dataexchange/x86_64-windows/dataexchange.dll /private/tmp/gptk4-runtime/lib/wine/x86_64-windows/dataexchange.dll
tools/winebuild/winebuild --builtin /private/tmp/gptk4-runtime/lib/wine/x86_64-windows/dataexchange.dll
STRIPPROG=llvm-strip /private/tmp/gptk4-wine-source/tools/install-sh -m 644  dlls/davclnt/x86_64-windows/davclnt.dll /private/tmp/gptk4-runtime/lib/wine/x86_64-windows/davclnt.dll
tools/winebuild/winebuild --builtin /private/tmp/gptk4-runtime/lib/wine/x86_64-windows/davclnt.dll
STRIPPROG=llvm-strip /private/tmp/gptk4-wine-source/tools/install-sh -m 644  dlls/dbgeng/x86_64-windows/dbgeng.dll /private/tmp/gptk4-runtime/lib/wine/x86_64-windows/dbgeng.dll
tools/winebuild/winebuild --builtin /private/tmp/gptk4-runtime/lib/wine/x86_64-windows/dbgeng.dll
STRIPPROG=llvm-strip /private/tmp/gptk4-wine-source/tools/install-sh -m 644  dlls/dbghelp/x86_64-windows/dbghelp.dll /private/tmp/gptk4-runtime/lib/wine/x86_64-windows/dbghelp.dll
tools/winebuild/winebuild --builtin /private/tmp/gptk4-runtime/lib/wine/x86_64-windows/dbghelp.dll
STRIPPROG=llvm-strip /private/tmp/gptk4-wine-source/tools/install-sh -m 644  dlls/dciman32/x86_64-windows/dciman32.dll /private/tmp/gptk4-runtime/lib/wine/x86_64-windows/dciman32.dll
tools/winebuild/winebuild --builtin /private/tmp/gptk4-runtime/lib/wine/x86_64-windows/dciman32.dll
STRIPPROG=llvm-strip /private/tmp/gptk4-wine-source/tools/install-sh -m 644  dlls/dcomp/x86_64-windows/dcomp.dll /private/tmp/gptk4-runtime/lib/wine/x86_64-windows/dcomp.dll
tools/winebuild/winebuild --builtin /private/tmp/gptk4-runtime/lib/wine/x86_64-windows/dcomp.dll
STRIPPROG=llvm-strip /private/tmp/gptk4-wine-source/tools/install-sh -m 644  dlls/ddraw/x86_64-windows/ddraw.dll /private/tmp/gptk4-runtime/lib/wine/x86_64-windows/ddraw.dll
tools/winebuild/winebuild --builtin /private/tmp/gptk4-runtime/lib/wine/x86_64-windows/ddraw.dll
STRIPPROG=llvm-strip /private/tmp/gptk4-wine-source/tools/install-sh -m 644  dlls/ddrawex/x86_64-windows/ddrawex.dll /private/tmp/gptk4-runtime/lib/wine/x86_64-windows/ddrawex.dll
tools/winebuild/winebuild --builtin /private/tmp/gptk4-runtime/lib/wine/x86_64-windows/ddrawex.dll
STRIPPROG=llvm-strip /private/tmp/gptk4-wine-source/tools/install-sh -m 644  dlls/desk.cpl/x86_64-windows/desk.cpl /private/tmp/gptk4-runtime/lib/wine/x86_64-windows/desk.cpl
tools/winebuild/winebuild --builtin /private/tmp/gptk4-runtime/lib/wine/x86_64-windows/desk.cpl
STRIPPROG=llvm-strip /private/tmp/gptk4-wine-source/tools/install-sh -m 644  dlls/devenum/x86_64-windows/devenum.dll /private/tmp/gptk4-runtime/lib/wine/x86_64-windows/devenum.dll
tools/winebuild/winebuild --builtin /private/tmp/gptk4-runtime/lib/wine/x86_64-windows/devenum.dll
STRIPPROG=llvm-strip /private/tmp/gptk4-wine-source/tools/install-sh -m 644  dlls/dhcpcsvc/x86_64-windows/dhcpcsvc.dll /private/tmp/gptk4-runtime/lib/wine/x86_64-windows/dhcpcsvc.dll
tools/winebuild/winebuild --builtin /private/tmp/gptk4-runtime/lib/wine/x86_64-windows/dhcpcsvc.dll
STRIPPROG=llvm-strip /private/tmp/gptk4-wine-source/tools/install-sh -m 644  dlls/dhcpcsvc6/x86_64-windows/dhcpcsvc6.dll /private/tmp/gptk4-runtime/lib/wine/x86_64-windows/dhcpcsvc6.dll
tools/winebuild/winebuild --builtin /private/tmp/gptk4-runtime/lib/wine/x86_64-windows/dhcpcsvc6.dll
STRIPPROG=llvm-strip /private/tmp/gptk4-wine-source/tools/install-sh -m 644  dlls/dhtmled.ocx/x86_64-windows/dhtmled.ocx /private/tmp/gptk4-runtime/lib/wine/x86_64-windows/dhtmled.ocx
tools/winebuild/winebuild --builtin /private/tmp/gptk4-runtime/lib/wine/x86_64-windows/dhtmled.ocx
STRIPPROG=llvm-strip /private/tmp/gptk4-wine-source/tools/install-sh -m 644  dlls/diasymreader/x86_64-windows/diasymreader.dll /private/tmp/gptk4-runtime/lib/wine/x86_64-windows/diasymreader.dll
tools/winebuild/winebuild --builtin /private/tmp/gptk4-runtime/lib/wine/x86_64-windows/diasymreader.dll
STRIPPROG=llvm-strip /private/tmp/gptk4-wine-source/tools/install-sh -m 644  dlls/difxapi/x86_64-windows/difxapi.dll /private/tmp/gptk4-runtime/lib/wine/x86_64-windows/difxapi.dll
tools/winebuild/winebuild --builtin /private/tmp/gptk4-runtime/lib/wine/x86_64-windows/difxapi.dll
STRIPPROG=llvm-strip /private/tmp/gptk4-wine-source/tools/install-sh -m 644  dlls/dinput/x86_64-windows/dinput.dll /private/tmp/gptk4-runtime/lib/wine/x86_64-windows/dinput.dll
tools/winebuild/winebuild --builtin /private/tmp/gptk4-runtime/lib/wine/x86_64-windows/dinput.dll
STRIPPROG=llvm-strip /private/tmp/gptk4-wine-source/tools/install-sh -m 644  dlls/dinput8/x86_64-windows/dinput8.dll /private/tmp/gptk4-runtime/lib/wine/x86_64-windows/dinput8.dll
tools/winebuild/winebuild --builtin /private/tmp/gptk4-runtime/lib/wine/x86_64-windows/dinput8.dll
STRIPPROG=llvm-strip /private/tmp/gptk4-wine-source/tools/install-sh -m 644  dlls/directmanipulation/x86_64-windows/directmanipulation.dll /private/tmp/gptk4-runtime/lib/wine/x86_64-windows/directmanipulation.dll
tools/winebuild/winebuild --builtin /private/tmp/gptk4-runtime/lib/wine/x86_64-windows/directmanipulation.dll
STRIPPROG=llvm-strip /private/tmp/gptk4-wine-source/tools/install-sh -m 644  dlls/dispex/x86_64-windows/dispex.dll /private/tmp/gptk4-runtime/lib/wine/x86_64-windows/dispex.dll
tools/winebuild/winebuild --builtin /private/tmp/gptk4-runtime/lib/wine/x86_64-windows/dispex.dll
STRIPPROG=llvm-strip /private/tmp/gptk4-wine-source/tools/install-sh -m 644  dlls/dmband/x86_64-windows/dmband.dll /private/tmp/gptk4-runtime/lib/wine/x86_64-windows/dmband.dll
tools/winebuild/winebuild --builtin /private/tmp/gptk4-runtime/lib/wine/x86_64-windows/dmband.dll
STRIPPROG=llvm-strip /private/tmp/gptk4-wine-source/tools/install-sh -m 644  dlls/dmcompos/x86_64-windows/dmcompos.dll /private/tmp/gptk4-runtime/lib/wine/x86_64-windows/dmcompos.dll
tools/winebuild/winebuild --builtin /private/tmp/gptk4-runtime/lib/wine/x86_64-windows/dmcompos.dll
STRIPPROG=llvm-strip /private/tmp/gptk4-wine-source/tools/install-sh -m 644  dlls/dmime/x86_64-windows/dmime.dll /private/tmp/gptk4-runtime/lib/wine/x86_64-windows/dmime.dll
tools/winebuild/winebuild --builtin /private/tmp/gptk4-runtime/lib/wine/x86_64-windows/dmime.dll
STRIPPROG=llvm-strip /private/tmp/gptk4-wine-source/tools/install-sh -m 644  dlls/dmloader/x86_64-windows/dmloader.dll /private/tmp/gptk4-runtime/lib/wine/x86_64-windows/dmloader.dll
tools/winebuild/winebuild --builtin /private/tmp/gptk4-runtime/lib/wine/x86_64-windows/dmloader.dll
STRIPPROG=llvm-strip /private/tmp/gptk4-wine-source/tools/install-sh -m 644  dlls/dmscript/x86_64-windows/dmscript.dll /private/tmp/gptk4-runtime/lib/wine/x86_64-windows/dmscript.dll
tools/winebuild/winebuild --builtin /private/tmp/gptk4-runtime/lib/wine/x86_64-windows/dmscript.dll
STRIPPROG=llvm-strip /private/tmp/gptk4-wine-source/tools/install-sh -m 644  dlls/dmstyle/x86_64-windows/dmstyle.dll /private/tmp/gptk4-runtime/lib/wine/x86_64-windows/dmstyle.dll
tools/winebuild/winebuild --builtin /private/tmp/gptk4-runtime/lib/wine/x86_64-windows/dmstyle.dll
STRIPPROG=llvm-strip /private/tmp/gptk4-wine-source/tools/install-sh -m 644  dlls/dmsynth/x86_64-windows/dmsynth.dll /private/tmp/gptk4-runtime/lib/wine/x86_64-windows/dmsynth.dll
tools/winebuild/winebuild --builtin /private/tmp/gptk4-runtime/lib/wine/x86_64-windows/dmsynth.dll
STRIPPROG=llvm-strip /private/tmp/gptk4-wine-source/tools/install-sh -m 644  dlls/dmusic/x86_64-windows/dmusic.dll /private/tmp/gptk4-runtime/lib/wine/x86_64-windows/dmusic.dll
tools/winebuild/winebuild --builtin /private/tmp/gptk4-runtime/lib/wine/x86_64-windows/dmusic.dll
STRIPPROG=llvm-strip /private/tmp/gptk4-wine-source/tools/install-sh -m 644  dlls/dmusic32/x86_64-windows/dmusic32.dll /private/tmp/gptk4-runtime/lib/wine/x86_64-windows/dmusic32.dll
tools/winebuild/winebuild --builtin /private/tmp/gptk4-runtime/lib/wine/x86_64-windows/dmusic32.dll
STRIPPROG=llvm-strip /private/tmp/gptk4-wine-source/tools/install-sh -m 644  dlls/dnsapi/x86_64-windows/dnsapi.dll /private/tmp/gptk4-runtime/lib/wine/x86_64-windows/dnsapi.dll
tools/winebuild/winebuild --builtin /private/tmp/gptk4-runtime/lib/wine/x86_64-windows/dnsapi.dll
STRIPPROG="strip" /private/tmp/gptk4-wine-source/tools/install-sh  dlls/dnsapi/dnsapi.so /private/tmp/gptk4-runtime/lib/wine/x86_64-unix/dnsapi.so
STRIPPROG=llvm-strip /private/tmp/gptk4-wine-source/tools/install-sh -m 644  dlls/dplay/x86_64-windows/dplay.dll /private/tmp/gptk4-runtime/lib/wine/x86_64-windows/dplay.dll
tools/winebuild/winebuild --builtin /private/tmp/gptk4-runtime/lib/wine/x86_64-windows/dplay.dll
STRIPPROG=llvm-strip /private/tmp/gptk4-wine-source/tools/install-sh -m 644  dlls/dplayx/x86_64-windows/dplayx.dll /private/tmp/gptk4-runtime/lib/wine/x86_64-windows/dplayx.dll
tools/winebuild/winebuild --builtin /private/tmp/gptk4-runtime/lib/wine/x86_64-windows/dplayx.dll
STRIPPROG=llvm-strip /private/tmp/gptk4-wine-source/tools/install-sh -m 644  dlls/dpnaddr/x86_64-windows/dpnaddr.dll /private/tmp/gptk4-runtime/lib/wine/x86_64-windows/dpnaddr.dll
tools/winebuild/winebuild --builtin /private/tmp/gptk4-runtime/lib/wine/x86_64-windows/dpnaddr.dll
STRIPPROG=llvm-strip /private/tmp/gptk4-wine-source/tools/install-sh -m 644  dlls/dpnet/x86_64-windows/dpnet.dll /private/tmp/gptk4-runtime/lib/wine/x86_64-windows/dpnet.dll
tools/winebuild/winebuild --builtin /private/tmp/gptk4-runtime/lib/wine/x86_64-windows/dpnet.dll
STRIPPROG=llvm-strip /private/tmp/gptk4-wine-source/tools/install-sh -m 644  dlls/dpnhpast/x86_64-windows/dpnhpast.dll /private/tmp/gptk4-runtime/lib/wine/x86_64-windows/dpnhpast.dll
tools/winebuild/winebuild --builtin /private/tmp/gptk4-runtime/lib/wine/x86_64-windows/dpnhpast.dll
STRIPPROG=llvm-strip /private/tmp/gptk4-wine-source/tools/install-sh -m 644  dlls/dpnhupnp/x86_64-windows/dpnhupnp.dll /private/tmp/gptk4-runtime/lib/wine/x86_64-windows/dpnhupnp.dll
tools/winebuild/winebuild --builtin /private/tmp/gptk4-runtime/lib/wine/x86_64-windows/dpnhupnp.dll
STRIPPROG=llvm-strip /private/tmp/gptk4-wine-source/tools/install-sh -m 644  dlls/dpnlobby/x86_64-windows/dpnlobby.dll /private/tmp/gptk4-runtime/lib/wine/x86_64-windows/dpnlobby.dll
tools/winebuild/winebuild --builtin /private/tmp/gptk4-runtime/lib/wine/x86_64-windows/dpnlobby.dll
STRIPPROG=llvm-strip /private/tmp/gptk4-wine-source/tools/install-sh -m 644  dlls/dpvoice/x86_64-windows/dpvoice.dll /private/tmp/gptk4-runtime/lib/wine/x86_64-windows/dpvoice.dll
tools/winebuild/winebuild --builtin /private/tmp/gptk4-runtime/lib/wine/x86_64-windows/dpvoice.dll
STRIPPROG=llvm-strip /private/tmp/gptk4-wine-source/tools/install-sh -m 644  dlls/dpwsockx/x86_64-windows/dpwsockx.dll /private/tmp/gptk4-runtime/lib/wine/x86_64-windows/dpwsockx.dll
tools/winebuild/winebuild --builtin /private/tmp/gptk4-runtime/lib/wine/x86_64-windows/dpwsockx.dll
STRIPPROG=llvm-strip /private/tmp/gptk4-wine-source/tools/install-sh -m 644  dlls/drmclien/x86_64-windows/drmclien.dll /private/tmp/gptk4-runtime/lib/wine/x86_64-windows/drmclien.dll
tools/winebuild/winebuild --builtin /private/tmp/gptk4-runtime/lib/wine/x86_64-windows/drmclien.dll
STRIPPROG=llvm-strip /private/tmp/gptk4-wine-source/tools/install-sh -m 644  dlls/dsdmo/x86_64-windows/dsdmo.dll /private/tmp/gptk4-runtime/lib/wine/x86_64-windows/dsdmo.dll
tools/winebuild/winebuild --builtin /private/tmp/gptk4-runtime/lib/wine/x86_64-windows/dsdmo.dll
STRIPPROG=llvm-strip /private/tmp/gptk4-wine-source/tools/install-sh -m 644  dlls/dsound/x86_64-windows/dsound.dll /private/tmp/gptk4-runtime/lib/wine/x86_64-windows/dsound.dll
tools/winebuild/winebuild --builtin /private/tmp/gptk4-runtime/lib/wine/x86_64-windows/dsound.dll
STRIPPROG=llvm-strip /private/tmp/gptk4-wine-source/tools/install-sh -m 644  dlls/dsquery/x86_64-windows/dsquery.dll /private/tmp/gptk4-runtime/lib/wine/x86_64-windows/dsquery.dll
tools/winebuild/winebuild --builtin /private/tmp/gptk4-runtime/lib/wine/x86_64-windows/dsquery.dll
STRIPPROG=llvm-strip /private/tmp/gptk4-wine-source/tools/install-sh -m 644  dlls/dssenh/x86_64-windows/dssenh.dll /private/tmp/gptk4-runtime/lib/wine/x86_64-windows/dssenh.dll
tools/winebuild/winebuild --builtin /private/tmp/gptk4-runtime/lib/wine/x86_64-windows/dssenh.dll
STRIPPROG=llvm-strip /private/tmp/gptk4-wine-source/tools/install-sh -m 644  dlls/dsuiext/x86_64-windows/dsuiext.dll /private/tmp/gptk4-runtime/lib/wine/x86_64-windows/dsuiext.dll
tools/winebuild/winebuild --builtin /private/tmp/gptk4-runtime/lib/wine/x86_64-windows/dsuiext.dll
STRIPPROG=llvm-strip /private/tmp/gptk4-wine-source/tools/install-sh -m 644  dlls/dswave/x86_64-windows/dswave.dll /private/tmp/gptk4-runtime/lib/wine/x86_64-windows/dswave.dll
tools/winebuild/winebuild --builtin /private/tmp/gptk4-runtime/lib/wine/x86_64-windows/dswave.dll
STRIPPROG=llvm-strip /private/tmp/gptk4-wine-source/tools/install-sh -m 644  dlls/dwmapi/x86_64-windows/dwmapi.dll /private/tmp/gptk4-runtime/lib/wine/x86_64-windows/dwmapi.dll
tools/winebuild/winebuild --builtin /private/tmp/gptk4-runtime/lib/wine/x86_64-windows/dwmapi.dll
STRIPPROG=llvm-strip /private/tmp/gptk4-wine-source/tools/install-sh -m 644  dlls/dwrite/x86_64-windows/dwrite.dll /private/tmp/gptk4-runtime/lib/wine/x86_64-windows/dwrite.dll
tools/winebuild/winebuild --builtin /private/tmp/gptk4-runtime/lib/wine/x86_64-windows/dwrite.dll
STRIPPROG="strip" /private/tmp/gptk4-wine-source/tools/install-sh  dlls/dwrite/dwrite.so /private/tmp/gptk4-runtime/lib/wine/x86_64-unix/dwrite.so
STRIPPROG=llvm-strip /private/tmp/gptk4-wine-source/tools/install-sh -m 644  dlls/dx8vb/x86_64-windows/dx8vb.dll /private/tmp/gptk4-runtime/lib/wine/x86_64-windows/dx8vb.dll
tools/winebuild/winebuild --builtin /private/tmp/gptk4-runtime/lib/wine/x86_64-windows/dx8vb.dll
STRIPPROG=llvm-strip /private/tmp/gptk4-wine-source/tools/install-sh -m 644  dlls/dxcore/x86_64-windows/dxcore.dll /private/tmp/gptk4-runtime/lib/wine/x86_64-windows/dxcore.dll
tools/winebuild/winebuild --builtin /private/tmp/gptk4-runtime/lib/wine/x86_64-windows/dxcore.dll
STRIPPROG=llvm-strip /private/tmp/gptk4-wine-source/tools/install-sh -m 644  dlls/dxdiagn/x86_64-windows/dxdiagn.dll /private/tmp/gptk4-runtime/lib/wine/x86_64-windows/dxdiagn.dll
tools/winebuild/winebuild --builtin /private/tmp/gptk4-runtime/lib/wine/x86_64-windows/dxdiagn.dll
STRIPPROG=llvm-strip /private/tmp/gptk4-wine-source/tools/install-sh -m 644  dlls/dxgi/x86_64-windows/dxgi.dll /private/tmp/gptk4-runtime/lib/wine/x86_64-windows/dxgi.dll
tools/winebuild/winebuild --builtin /private/tmp/gptk4-runtime/lib/wine/x86_64-windows/dxgi.dll
STRIPPROG=llvm-strip /private/tmp/gptk4-wine-source/tools/install-sh -m 644  dlls/dxtrans/x86_64-windows/dxtrans.dll /private/tmp/gptk4-runtime/lib/wine/x86_64-windows/dxtrans.dll
tools/winebuild/winebuild --builtin /private/tmp/gptk4-runtime/lib/wine/x86_64-windows/dxtrans.dll
STRIPPROG=llvm-strip /private/tmp/gptk4-wine-source/tools/install-sh -m 644  dlls/dxva2/x86_64-windows/dxva2.dll /private/tmp/gptk4-runtime/lib/wine/x86_64-windows/dxva2.dll
tools/winebuild/winebuild --builtin /private/tmp/gptk4-runtime/lib/wine/x86_64-windows/dxva2.dll
STRIPPROG=llvm-strip /private/tmp/gptk4-wine-source/tools/install-sh -m 644  dlls/esent/x86_64-windows/esent.dll /private/tmp/gptk4-runtime/lib/wine/x86_64-windows/esent.dll
tools/winebuild/winebuild --builtin /private/tmp/gptk4-runtime/lib/wine/x86_64-windows/esent.dll
STRIPPROG=llvm-strip /private/tmp/gptk4-wine-source/tools/install-sh -m 644  dlls/evr/x86_64-windows/evr.dll /private/tmp/gptk4-runtime/lib/wine/x86_64-windows/evr.dll
tools/winebuild/winebuild --builtin /private/tmp/gptk4-runtime/lib/wine/x86_64-windows/evr.dll
STRIPPROG=llvm-strip /private/tmp/gptk4-wine-source/tools/install-sh -m 644  dlls/explorerframe/x86_64-windows/explorerframe.dll /private/tmp/gptk4-runtime/lib/wine/x86_64-windows/explorerframe.dll
tools/winebuild/winebuild --builtin /private/tmp/gptk4-runtime/lib/wine/x86_64-windows/explorerframe.dll
STRIPPROG=llvm-strip /private/tmp/gptk4-wine-source/tools/install-sh -m 644  dlls/faultrep/x86_64-windows/faultrep.dll /private/tmp/gptk4-runtime/lib/wine/x86_64-windows/faultrep.dll
tools/winebuild/winebuild --builtin /private/tmp/gptk4-runtime/lib/wine/x86_64-windows/faultrep.dll
STRIPPROG=llvm-strip /private/tmp/gptk4-wine-source/tools/install-sh -m 644  dlls/feclient/x86_64-windows/feclient.dll /private/tmp/gptk4-runtime/lib/wine/x86_64-windows/feclient.dll
tools/winebuild/winebuild --builtin /private/tmp/gptk4-runtime/lib/wine/x86_64-windows/feclient.dll
STRIPPROG=llvm-strip /private/tmp/gptk4-wine-source/tools/install-sh -m 644  dlls/fltlib/x86_64-windows/fltlib.dll /private/tmp/gptk4-runtime/lib/wine/x86_64-windows/fltlib.dll
tools/winebuild/winebuild --builtin /private/tmp/gptk4-runtime/lib/wine/x86_64-windows/fltlib.dll
STRIPPROG=llvm-strip /private/tmp/gptk4-wine-source/tools/install-sh -m 644  dlls/fltmgr.sys/x86_64-windows/fltmgr.sys /private/tmp/gptk4-runtime/lib/wine/x86_64-windows/fltmgr.sys
tools/winebuild/winebuild --builtin /private/tmp/gptk4-runtime/lib/wine/x86_64-windows/fltmgr.sys
STRIPPROG=llvm-strip /private/tmp/gptk4-wine-source/tools/install-sh -m 644  dlls/fntcache/x86_64-windows/fntcache.dll /private/tmp/gptk4-runtime/lib/wine/x86_64-windows/fntcache.dll
tools/winebuild/winebuild --builtin /private/tmp/gptk4-runtime/lib/wine/x86_64-windows/fntcache.dll
STRIPPROG=llvm-strip /private/tmp/gptk4-wine-source/tools/install-sh -m 644  dlls/fontsub/x86_64-windows/fontsub.dll /private/tmp/gptk4-runtime/lib/wine/x86_64-windows/fontsub.dll
tools/winebuild/winebuild --builtin /private/tmp/gptk4-runtime/lib/wine/x86_64-windows/fontsub.dll
STRIPPROG=llvm-strip /private/tmp/gptk4-wine-source/tools/install-sh -m 644  dlls/fusion/x86_64-windows/fusion.dll /private/tmp/gptk4-runtime/lib/wine/x86_64-windows/fusion.dll
tools/winebuild/winebuild --builtin /private/tmp/gptk4-runtime/lib/wine/x86_64-windows/fusion.dll
STRIPPROG=llvm-strip /private/tmp/gptk4-wine-source/tools/install-sh -m 644  dlls/fwpuclnt/x86_64-windows/fwpuclnt.dll /private/tmp/gptk4-runtime/lib/wine/x86_64-windows/fwpuclnt.dll
tools/winebuild/winebuild --builtin /private/tmp/gptk4-runtime/lib/wine/x86_64-windows/fwpuclnt.dll
STRIPPROG=llvm-strip /private/tmp/gptk4-wine-source/tools/install-sh -m 644  dlls/gameux/x86_64-windows/gameux.dll /private/tmp/gptk4-runtime/lib/wine/x86_64-windows/gameux.dll
tools/winebuild/winebuild --builtin /private/tmp/gptk4-runtime/lib/wine/x86_64-windows/gameux.dll
STRIPPROG=llvm-strip /private/tmp/gptk4-wine-source/tools/install-sh -m 644  dlls/gamingtcui/x86_64-windows/gamingtcui.dll /private/tmp/gptk4-runtime/lib/wine/x86_64-windows/gamingtcui.dll
tools/winebuild/winebuild --builtin /private/tmp/gptk4-runtime/lib/wine/x86_64-windows/gamingtcui.dll
STRIPPROG=llvm-strip /private/tmp/gptk4-wine-source/tools/install-sh -m 644  dlls/gdi32/x86_64-windows/gdi32.dll /private/tmp/gptk4-runtime/lib/wine/x86_64-windows/gdi32.dll
tools/winebuild/winebuild --builtin /private/tmp/gptk4-runtime/lib/wine/x86_64-windows/gdi32.dll
STRIPPROG=llvm-strip /private/tmp/gptk4-wine-source/tools/install-sh -m 644  dlls/gdiplus/x86_64-windows/gdiplus.dll /private/tmp/gptk4-runtime/lib/wine/x86_64-windows/gdiplus.dll
tools/winebuild/winebuild --builtin /private/tmp/gptk4-runtime/lib/wine/x86_64-windows/gdiplus.dll
STRIPPROG=llvm-strip /private/tmp/gptk4-wine-source/tools/install-sh -m 644  dlls/geolocation/x86_64-windows/geolocation.dll /private/tmp/gptk4-runtime/lib/wine/x86_64-windows/geolocation.dll
tools/winebuild/winebuild --builtin /private/tmp/gptk4-runtime/lib/wine/x86_64-windows/geolocation.dll
STRIPPROG=llvm-strip /private/tmp/gptk4-wine-source/tools/install-sh -m 644  dlls/glu32/x86_64-windows/glu32.dll /private/tmp/gptk4-runtime/lib/wine/x86_64-windows/glu32.dll
tools/winebuild/winebuild --builtin /private/tmp/gptk4-runtime/lib/wine/x86_64-windows/glu32.dll
STRIPPROG=llvm-strip /private/tmp/gptk4-wine-source/tools/install-sh -m 644  dlls/gpkcsp/x86_64-windows/gpkcsp.dll /private/tmp/gptk4-runtime/lib/wine/x86_64-windows/gpkcsp.dll
tools/winebuild/winebuild --builtin /private/tmp/gptk4-runtime/lib/wine/x86_64-windows/gpkcsp.dll
STRIPPROG=llvm-strip /private/tmp/gptk4-wine-source/tools/install-sh -m 644  dlls/graphicscapture/x86_64-windows/graphicscapture.dll /private/tmp/gptk4-runtime/lib/wine/x86_64-windows/graphicscapture.dll
tools/winebuild/winebuild --builtin /private/tmp/gptk4-runtime/lib/wine/x86_64-windows/graphicscapture.dll
STRIPPROG=llvm-strip /private/tmp/gptk4-wine-source/tools/install-sh -m 644  dlls/hal/x86_64-windows/hal.dll /private/tmp/gptk4-runtime/lib/wine/x86_64-windows/hal.dll
tools/winebuild/winebuild --builtin /private/tmp/gptk4-runtime/lib/wine/x86_64-windows/hal.dll
STRIPPROG=llvm-strip /private/tmp/gptk4-wine-source/tools/install-sh -m 644  dlls/hhctrl.ocx/x86_64-windows/hhctrl.ocx /private/tmp/gptk4-runtime/lib/wine/x86_64-windows/hhctrl.ocx
tools/winebuild/winebuild --builtin /private/tmp/gptk4-runtime/lib/wine/x86_64-windows/hhctrl.ocx
STRIPPROG=llvm-strip /private/tmp/gptk4-wine-source/tools/install-sh -m 644  dlls/hid/x86_64-windows/hid.dll /private/tmp/gptk4-runtime/lib/wine/x86_64-windows/hid.dll
tools/winebuild/winebuild --builtin /private/tmp/gptk4-runtime/lib/wine/x86_64-windows/hid.dll
STRIPPROG=llvm-strip /private/tmp/gptk4-wine-source/tools/install-sh -m 644  dlls/hidclass.sys/x86_64-windows/hidclass.sys /private/tmp/gptk4-runtime/lib/wine/x86_64-windows/hidclass.sys
tools/winebuild/winebuild --builtin /private/tmp/gptk4-runtime/lib/wine/x86_64-windows/hidclass.sys
STRIPPROG=llvm-strip /private/tmp/gptk4-wine-source/tools/install-sh -m 644  dlls/hidparse.sys/x86_64-windows/hidparse.sys /private/tmp/gptk4-runtime/lib/wine/x86_64-windows/hidparse.sys
tools/winebuild/winebuild --builtin /private/tmp/gptk4-runtime/lib/wine/x86_64-windows/hidparse.sys
STRIPPROG=llvm-strip /private/tmp/gptk4-wine-source/tools/install-sh -m 644  dlls/hlink/x86_64-windows/hlink.dll /private/tmp/gptk4-runtime/lib/wine/x86_64-windows/hlink.dll
tools/winebuild/winebuild --builtin /private/tmp/gptk4-runtime/lib/wine/x86_64-windows/hlink.dll
STRIPPROG=llvm-strip /private/tmp/gptk4-wine-source/tools/install-sh -m 644  dlls/hnetcfg/x86_64-windows/hnetcfg.dll /private/tmp/gptk4-runtime/lib/wine/x86_64-windows/hnetcfg.dll
tools/winebuild/winebuild --builtin /private/tmp/gptk4-runtime/lib/wine/x86_64-windows/hnetcfg.dll
STRIPPROG=llvm-strip /private/tmp/gptk4-wine-source/tools/install-sh -m 644  dlls/hrtfapo/x86_64-windows/hrtfapo.dll /private/tmp/gptk4-runtime/lib/wine/x86_64-windows/hrtfapo.dll
tools/winebuild/winebuild --builtin /private/tmp/gptk4-runtime/lib/wine/x86_64-windows/hrtfapo.dll
STRIPPROG=llvm-strip /private/tmp/gptk4-wine-source/tools/install-sh -m 644  dlls/http.sys/x86_64-windows/http.sys /private/tmp/gptk4-runtime/lib/wine/x86_64-windows/http.sys
tools/winebuild/winebuild --builtin /private/tmp/gptk4-runtime/lib/wine/x86_64-windows/http.sys
STRIPPROG=llvm-strip /private/tmp/gptk4-wine-source/tools/install-sh -m 644  dlls/httpapi/x86_64-windows/httpapi.dll /private/tmp/gptk4-runtime/lib/wine/x86_64-windows/httpapi.dll
tools/winebuild/winebuild --builtin /private/tmp/gptk4-runtime/lib/wine/x86_64-windows/httpapi.dll
STRIPPROG=llvm-strip /private/tmp/gptk4-wine-source/tools/install-sh -m 644  dlls/hvsimanagementapi/x86_64-windows/hvsimanagementapi.dll /private/tmp/gptk4-runtime/lib/wine/x86_64-windows/hvsimanagementapi.dll
tools/winebuild/winebuild --builtin /private/tmp/gptk4-runtime/lib/wine/x86_64-windows/hvsimanagementapi.dll
STRIPPROG=llvm-strip /private/tmp/gptk4-wine-source/tools/install-sh -m 644  dlls/ia2comproxy/x86_64-windows/ia2comproxy.dll /private/tmp/gptk4-runtime/lib/wine/x86_64-windows/ia2comproxy.dll
tools/winebuild/winebuild --builtin /private/tmp/gptk4-runtime/lib/wine/x86_64-windows/ia2comproxy.dll
STRIPPROG=llvm-strip /private/tmp/gptk4-wine-source/tools/install-sh -m 644  dlls/iccvid/x86_64-windows/iccvid.dll /private/tmp/gptk4-runtime/lib/wine/x86_64-windows/iccvid.dll
tools/winebuild/winebuild --builtin /private/tmp/gptk4-runtime/lib/wine/x86_64-windows/iccvid.dll
/private/tmp/gptk4-wine-source/tools/install-sh -m 644  dlls/icmp/x86_64-windows/icmp.dll /private/tmp/gptk4-runtime/lib/wine/x86_64-windows/icmp.dll
STRIPPROG=llvm-strip /private/tmp/gptk4-wine-source/tools/install-sh -m 644  dlls/icmui/x86_64-windows/icmui.dll /private/tmp/gptk4-runtime/lib/wine/x86_64-windows/icmui.dll
tools/winebuild/winebuild --builtin /private/tmp/gptk4-runtime/lib/wine/x86_64-windows/icmui.dll
STRIPPROG=llvm-strip /private/tmp/gptk4-wine-source/tools/install-sh -m 644  dlls/ieframe/x86_64-windows/ieframe.dll /private/tmp/gptk4-runtime/lib/wine/x86_64-windows/ieframe.dll
tools/winebuild/winebuild --builtin /private/tmp/gptk4-runtime/lib/wine/x86_64-windows/ieframe.dll
STRIPPROG=llvm-strip /private/tmp/gptk4-wine-source/tools/install-sh -m 644  dlls/ieproxy/x86_64-windows/ieproxy.dll /private/tmp/gptk4-runtime/lib/wine/x86_64-windows/ieproxy.dll
tools/winebuild/winebuild --builtin /private/tmp/gptk4-runtime/lib/wine/x86_64-windows/ieproxy.dll
STRIPPROG=llvm-strip /private/tmp/gptk4-wine-source/tools/install-sh -m 644  dlls/iertutil/x86_64-windows/iertutil.dll /private/tmp/gptk4-runtime/lib/wine/x86_64-windows/iertutil.dll
tools/winebuild/winebuild --builtin /private/tmp/gptk4-runtime/lib/wine/x86_64-windows/iertutil.dll
STRIPPROG=llvm-strip /private/tmp/gptk4-wine-source/tools/install-sh -m 644  dlls/imaadp32.acm/x86_64-windows/imaadp32.acm /private/tmp/gptk4-runtime/lib/wine/x86_64-windows/imaadp32.acm
tools/winebuild/winebuild --builtin /private/tmp/gptk4-runtime/lib/wine/x86_64-windows/imaadp32.acm
STRIPPROG=llvm-strip /private/tmp/gptk4-wine-source/tools/install-sh -m 644  dlls/imagehlp/x86_64-windows/imagehlp.dll /private/tmp/gptk4-runtime/lib/wine/x86_64-windows/imagehlp.dll
tools/winebuild/winebuild --builtin /private/tmp/gptk4-runtime/lib/wine/x86_64-windows/imagehlp.dll
STRIPPROG=llvm-strip /private/tmp/gptk4-wine-source/tools/install-sh -m 644  dlls/imm32/x86_64-windows/imm32.dll /private/tmp/gptk4-runtime/lib/wine/x86_64-windows/imm32.dll
tools/winebuild/winebuild --builtin /private/tmp/gptk4-runtime/lib/wine/x86_64-windows/imm32.dll
STRIPPROG=llvm-strip /private/tmp/gptk4-wine-source/tools/install-sh -m 644  dlls/inetcomm/x86_64-windows/inetcomm.dll /private/tmp/gptk4-runtime/lib/wine/x86_64-windows/inetcomm.dll
tools/winebuild/winebuild --builtin /private/tmp/gptk4-runtime/lib/wine/x86_64-windows/inetcomm.dll
STRIPPROG=llvm-strip /private/tmp/gptk4-wine-source/tools/install-sh -m 644  dlls/inetcpl.cpl/x86_64-windows/inetcpl.cpl /private/tmp/gptk4-runtime/lib/wine/x86_64-windows/inetcpl.cpl
tools/winebuild/winebuild --builtin /private/tmp/gptk4-runtime/lib/wine/x86_64-windows/inetcpl.cpl
STRIPPROG=llvm-strip /private/tmp/gptk4-wine-source/tools/install-sh -m 644  dlls/inetmib1/x86_64-windows/inetmib1.dll /private/tmp/gptk4-runtime/lib/wine/x86_64-windows/inetmib1.dll
tools/winebuild/winebuild --builtin /private/tmp/gptk4-runtime/lib/wine/x86_64-windows/inetmib1.dll
STRIPPROG=llvm-strip /private/tmp/gptk4-wine-source/tools/install-sh -m 644  dlls/infosoft/x86_64-windows/infosoft.dll /private/tmp/gptk4-runtime/lib/wine/x86_64-windows/infosoft.dll
tools/winebuild/winebuild --builtin /private/tmp/gptk4-runtime/lib/wine/x86_64-windows/infosoft.dll
STRIPPROG=llvm-strip /private/tmp/gptk4-wine-source/tools/install-sh -m 644  dlls/initpki/x86_64-windows/initpki.dll /private/tmp/gptk4-runtime/lib/wine/x86_64-windows/initpki.dll
tools/winebuild/winebuild --builtin /private/tmp/gptk4-runtime/lib/wine/x86_64-windows/initpki.dll
STRIPPROG=llvm-strip /private/tmp/gptk4-wine-source/tools/install-sh -m 644  dlls/inkobj/x86_64-windows/inkobj.dll /private/tmp/gptk4-runtime/lib/wine/x86_64-windows/inkobj.dll
tools/winebuild/winebuild --builtin /private/tmp/gptk4-runtime/lib/wine/x86_64-windows/inkobj.dll
STRIPPROG=llvm-strip /private/tmp/gptk4-wine-source/tools/install-sh -m 644  dlls/inseng/x86_64-windows/inseng.dll /private/tmp/gptk4-runtime/lib/wine/x86_64-windows/inseng.dll
tools/winebuild/winebuild --builtin /private/tmp/gptk4-runtime/lib/wine/x86_64-windows/inseng.dll
STRIPPROG=llvm-strip /private/tmp/gptk4-wine-source/tools/install-sh -m 644  dlls/iphlpapi/x86_64-windows/iphlpapi.dll /private/tmp/gptk4-runtime/lib/wine/x86_64-windows/iphlpapi.dll
tools/winebuild/winebuild --builtin /private/tmp/gptk4-runtime/lib/wine/x86_64-windows/iphlpapi.dll
STRIPPROG=llvm-strip /private/tmp/gptk4-wine-source/tools/install-sh -m 644  dlls/iprop/x86_64-windows/iprop.dll /private/tmp/gptk4-runtime/lib/wine/x86_64-windows/iprop.dll
tools/winebuild/winebuild --builtin /private/tmp/gptk4-runtime/lib/wine/x86_64-windows/iprop.dll
STRIPPROG=llvm-strip /private/tmp/gptk4-wine-source/tools/install-sh -m 644  dlls/ir50_32/x86_64-windows/ir50_32.dll /private/tmp/gptk4-runtime/lib/wine/x86_64-windows/ir50_32.dll
tools/winebuild/winebuild --builtin /private/tmp/gptk4-runtime/lib/wine/x86_64-windows/ir50_32.dll
STRIPPROG=llvm-strip /private/tmp/gptk4-wine-source/tools/install-sh -m 644  dlls/irprops.cpl/x86_64-windows/irprops.cpl /private/tmp/gptk4-runtime/lib/wine/x86_64-windows/irprops.cpl
tools/winebuild/winebuild --builtin /private/tmp/gptk4-runtime/lib/wine/x86_64-windows/irprops.cpl
STRIPPROG=llvm-strip /private/tmp/gptk4-wine-source/tools/install-sh -m 644  dlls/itircl/x86_64-windows/itircl.dll /private/tmp/gptk4-runtime/lib/wine/x86_64-windows/itircl.dll
tools/winebuild/winebuild --builtin /private/tmp/gptk4-runtime/lib/wine/x86_64-windows/itircl.dll
STRIPPROG=llvm-strip /private/tmp/gptk4-wine-source/tools/install-sh -m 644  dlls/itss/x86_64-windows/itss.dll /private/tmp/gptk4-runtime/lib/wine/x86_64-windows/itss.dll
tools/winebuild/winebuild --builtin /private/tmp/gptk4-runtime/lib/wine/x86_64-windows/itss.dll
STRIPPROG=llvm-strip /private/tmp/gptk4-wine-source/tools/install-sh -m 644  dlls/joy.cpl/x86_64-windows/joy.cpl /private/tmp/gptk4-runtime/lib/wine/x86_64-windows/joy.cpl
tools/winebuild/winebuild --builtin /private/tmp/gptk4-runtime/lib/wine/x86_64-windows/joy.cpl
STRIPPROG=llvm-strip /private/tmp/gptk4-wine-source/tools/install-sh -m 644  dlls/jscript/x86_64-windows/jscript.dll /private/tmp/gptk4-runtime/lib/wine/x86_64-windows/jscript.dll
tools/winebuild/winebuild --builtin /private/tmp/gptk4-runtime/lib/wine/x86_64-windows/jscript.dll
STRIPPROG=llvm-strip /private/tmp/gptk4-wine-source/tools/install-sh -m 644  dlls/jsproxy/x86_64-windows/jsproxy.dll /private/tmp/gptk4-runtime/lib/wine/x86_64-windows/jsproxy.dll
tools/winebuild/winebuild --builtin /private/tmp/gptk4-runtime/lib/wine/x86_64-windows/jsproxy.dll
STRIPPROG=llvm-strip /private/tmp/gptk4-wine-source/tools/install-sh -m 644  dlls/kerberos/x86_64-windows/kerberos.dll /private/tmp/gptk4-runtime/lib/wine/x86_64-windows/kerberos.dll
tools/winebuild/winebuild --builtin /private/tmp/gptk4-runtime/lib/wine/x86_64-windows/kerberos.dll
STRIPPROG="strip" /private/tmp/gptk4-wine-source/tools/install-sh  dlls/kerberos/kerberos.so /private/tmp/gptk4-runtime/lib/wine/x86_64-unix/kerberos.so
STRIPPROG=llvm-strip /private/tmp/gptk4-wine-source/tools/install-sh -m 644  dlls/kernel32/x86_64-windows/kernel32.dll /private/tmp/gptk4-runtime/lib/wine/x86_64-windows/kernel32.dll
tools/winebuild/winebuild --builtin /private/tmp/gptk4-runtime/lib/wine/x86_64-windows/kernel32.dll
STRIPPROG=llvm-strip /private/tmp/gptk4-wine-source/tools/install-sh -m 644  dlls/kernelbase/x86_64-windows/kernelbase.dll /private/tmp/gptk4-runtime/lib/wine/x86_64-windows/kernelbase.dll
tools/winebuild/winebuild --builtin /private/tmp/gptk4-runtime/lib/wine/x86_64-windows/kernelbase.dll
STRIPPROG=llvm-strip /private/tmp/gptk4-wine-source/tools/install-sh -m 644  dlls/ksecdd.sys/x86_64-windows/ksecdd.sys /private/tmp/gptk4-runtime/lib/wine/x86_64-windows/ksecdd.sys
tools/winebuild/winebuild --builtin /private/tmp/gptk4-runtime/lib/wine/x86_64-windows/ksecdd.sys
STRIPPROG=llvm-strip /private/tmp/gptk4-wine-source/tools/install-sh -m 644  dlls/ksproxy.ax/x86_64-windows/ksproxy.ax /private/tmp/gptk4-runtime/lib/wine/x86_64-windows/ksproxy.ax
tools/winebuild/winebuild --builtin /private/tmp/gptk4-runtime/lib/wine/x86_64-windows/ksproxy.ax
STRIPPROG=llvm-strip /private/tmp/gptk4-wine-source/tools/install-sh -m 644  dlls/ksuser/x86_64-windows/ksuser.dll /private/tmp/gptk4-runtime/lib/wine/x86_64-windows/ksuser.dll
tools/winebuild/winebuild --builtin /private/tmp/gptk4-runtime/lib/wine/x86_64-windows/ksuser.dll
STRIPPROG=llvm-strip /private/tmp/gptk4-wine-source/tools/install-sh -m 644  dlls/ktmw32/x86_64-windows/ktmw32.dll /private/tmp/gptk4-runtime/lib/wine/x86_64-windows/ktmw32.dll
tools/winebuild/winebuild --builtin /private/tmp/gptk4-runtime/lib/wine/x86_64-windows/ktmw32.dll
STRIPPROG=llvm-strip /private/tmp/gptk4-wine-source/tools/install-sh -m 644  dlls/l3codeca.acm/x86_64-windows/l3codeca.acm /private/tmp/gptk4-runtime/lib/wine/x86_64-windows/l3codeca.acm
tools/winebuild/winebuild --builtin /private/tmp/gptk4-runtime/lib/wine/x86_64-windows/l3codeca.acm
STRIPPROG=llvm-strip /private/tmp/gptk4-wine-source/tools/install-sh -m 644  dlls/l3codecx.ax/x86_64-windows/l3codecx.ax /private/tmp/gptk4-runtime/lib/wine/x86_64-windows/l3codecx.ax
tools/winebuild/winebuild --builtin /private/tmp/gptk4-runtime/lib/wine/x86_64-windows/l3codecx.ax
/private/tmp/gptk4-wine-source/tools/install-sh -m 644  dlls/light.msstyles/x86_64-windows/light.msstyles /private/tmp/gptk4-runtime/lib/wine/x86_64-windows/light.msstyles
STRIPPROG=llvm-strip /private/tmp/gptk4-wine-source/tools/install-sh -m 644  dlls/loadperf/x86_64-windows/loadperf.dll /private/tmp/gptk4-runtime/lib/wine/x86_64-windows/loadperf.dll
tools/winebuild/winebuild --builtin /private/tmp/gptk4-runtime/lib/wine/x86_64-windows/loadperf.dll
STRIPPROG=llvm-strip /private/tmp/gptk4-wine-source/tools/install-sh -m 644  dlls/localspl/x86_64-windows/localspl.dll /private/tmp/gptk4-runtime/lib/wine/x86_64-windows/localspl.dll
tools/winebuild/winebuild --builtin /private/tmp/gptk4-runtime/lib/wine/x86_64-windows/localspl.dll
STRIPPROG="strip" /private/tmp/gptk4-wine-source/tools/install-sh  dlls/localspl/localspl.so /private/tmp/gptk4-runtime/lib/wine/x86_64-unix/localspl.so
STRIPPROG=llvm-strip /private/tmp/gptk4-wine-source/tools/install-sh -m 644  dlls/localui/x86_64-windows/localui.dll /private/tmp/gptk4-runtime/lib/wine/x86_64-windows/localui.dll
tools/winebuild/winebuild --builtin /private/tmp/gptk4-runtime/lib/wine/x86_64-windows/localui.dll
/private/tmp/gptk4-wine-source/tools/install-sh -m 644  dlls/lz32/x86_64-windows/lz32.dll /private/tmp/gptk4-runtime/lib/wine/x86_64-windows/lz32.dll
STRIPPROG=llvm-strip /private/tmp/gptk4-wine-source/tools/install-sh -m 644  dlls/magnification/x86_64-windows/magnification.dll /private/tmp/gptk4-runtime/lib/wine/x86_64-windows/magnification.dll
tools/winebuild/winebuild --builtin /private/tmp/gptk4-runtime/lib/wine/x86_64-windows/magnification.dll
STRIPPROG=llvm-strip /private/tmp/gptk4-wine-source/tools/install-sh -m 644  dlls/mapi32/x86_64-windows/mapi32.dll /private/tmp/gptk4-runtime/lib/wine/x86_64-windows/mapi32.dll
tools/winebuild/winebuild --builtin /private/tmp/gptk4-runtime/lib/wine/x86_64-windows/mapi32.dll
STRIPPROG=llvm-strip /private/tmp/gptk4-wine-source/tools/install-sh -m 644  dlls/mapistub/x86_64-windows/mapistub.dll /private/tmp/gptk4-runtime/lib/wine/x86_64-windows/mapistub.dll
tools/winebuild/winebuild --builtin /private/tmp/gptk4-runtime/lib/wine/x86_64-windows/mapistub.dll
STRIPPROG=llvm-strip /private/tmp/gptk4-wine-source/tools/install-sh -m 644  dlls/mciavi32/x86_64-windows/mciavi32.dll /private/tmp/gptk4-runtime/lib/wine/x86_64-windows/mciavi32.dll
tools/winebuild/winebuild --builtin /private/tmp/gptk4-runtime/lib/wine/x86_64-windows/mciavi32.dll
STRIPPROG=llvm-strip /private/tmp/gptk4-wine-source/tools/install-sh -m 644  dlls/mcicda/x86_64-windows/mcicda.dll /private/tmp/gptk4-runtime/lib/wine/x86_64-windows/mcicda.dll
tools/winebuild/winebuild --builtin /private/tmp/gptk4-runtime/lib/wine/x86_64-windows/mcicda.dll
STRIPPROG=llvm-strip /private/tmp/gptk4-wine-source/tools/install-sh -m 644  dlls/mciqtz32/x86_64-windows/mciqtz32.dll /private/tmp/gptk4-runtime/lib/wine/x86_64-windows/mciqtz32.dll
tools/winebuild/winebuild --builtin /private/tmp/gptk4-runtime/lib/wine/x86_64-windows/mciqtz32.dll
STRIPPROG=llvm-strip /private/tmp/gptk4-wine-source/tools/install-sh -m 644  dlls/mciseq/x86_64-windows/mciseq.dll /private/tmp/gptk4-runtime/lib/wine/x86_64-windows/mciseq.dll
tools/winebuild/winebuild --builtin /private/tmp/gptk4-runtime/lib/wine/x86_64-windows/mciseq.dll
STRIPPROG=llvm-strip /private/tmp/gptk4-wine-source/tools/install-sh -m 644  dlls/mciwave/x86_64-windows/mciwave.dll /private/tmp/gptk4-runtime/lib/wine/x86_64-windows/mciwave.dll
tools/winebuild/winebuild --builtin /private/tmp/gptk4-runtime/lib/wine/x86_64-windows/mciwave.dll
STRIPPROG=llvm-strip /private/tmp/gptk4-wine-source/tools/install-sh -m 644  dlls/mf/x86_64-windows/mf.dll /private/tmp/gptk4-runtime/lib/wine/x86_64-windows/mf.dll
tools/winebuild/winebuild --builtin /private/tmp/gptk4-runtime/lib/wine/x86_64-windows/mf.dll
STRIPPROG=llvm-strip /private/tmp/gptk4-wine-source/tools/install-sh -m 644  dlls/mf3216/x86_64-windows/mf3216.dll /private/tmp/gptk4-runtime/lib/wine/x86_64-windows/mf3216.dll
tools/winebuild/winebuild --builtin /private/tmp/gptk4-runtime/lib/wine/x86_64-windows/mf3216.dll
STRIPPROG=llvm-strip /private/tmp/gptk4-wine-source/tools/install-sh -m 644  dlls/mfasfsrcsnk/x86_64-windows/mfasfsrcsnk.dll /private/tmp/gptk4-runtime/lib/wine/x86_64-windows/mfasfsrcsnk.dll
tools/winebuild/winebuild --builtin /private/tmp/gptk4-runtime/lib/wine/x86_64-windows/mfasfsrcsnk.dll
/private/tmp/gptk4-wine-source/tools/install-sh -m 644  dlls/mferror/x86_64-windows/mferror.dll /private/tmp/gptk4-runtime/lib/wine/x86_64-windows/mferror.dll
STRIPPROG=llvm-strip /private/tmp/gptk4-wine-source/tools/install-sh -m 644  dlls/mfh264enc/x86_64-windows/mfh264enc.dll /private/tmp/gptk4-runtime/lib/wine/x86_64-windows/mfh264enc.dll
tools/winebuild/winebuild --builtin /private/tmp/gptk4-runtime/lib/wine/x86_64-windows/mfh264enc.dll
STRIPPROG=llvm-strip /private/tmp/gptk4-wine-source/tools/install-sh -m 644  dlls/mfmediaengine/x86_64-windows/mfmediaengine.dll /private/tmp/gptk4-runtime/lib/wine/x86_64-windows/mfmediaengine.dll
tools/winebuild/winebuild --builtin /private/tmp/gptk4-runtime/lib/wine/x86_64-windows/mfmediaengine.dll
STRIPPROG=llvm-strip /private/tmp/gptk4-wine-source/tools/install-sh -m 644  dlls/mfmp4srcsnk/x86_64-windows/mfmp4srcsnk.dll /private/tmp/gptk4-runtime/lib/wine/x86_64-windows/mfmp4srcsnk.dll
tools/winebuild/winebuild --builtin /private/tmp/gptk4-runtime/lib/wine/x86_64-windows/mfmp4srcsnk.dll
STRIPPROG=llvm-strip /private/tmp/gptk4-wine-source/tools/install-sh -m 644  dlls/mfplat/x86_64-windows/mfplat.dll /private/tmp/gptk4-runtime/lib/wine/x86_64-windows/mfplat.dll
tools/winebuild/winebuild --builtin /private/tmp/gptk4-runtime/lib/wine/x86_64-windows/mfplat.dll
STRIPPROG=llvm-strip /private/tmp/gptk4-wine-source/tools/install-sh -m 644  dlls/mfplay/x86_64-windows/mfplay.dll /private/tmp/gptk4-runtime/lib/wine/x86_64-windows/mfplay.dll
tools/winebuild/winebuild --builtin /private/tmp/gptk4-runtime/lib/wine/x86_64-windows/mfplay.dll
STRIPPROG=llvm-strip /private/tmp/gptk4-wine-source/tools/install-sh -m 644  dlls/mfreadwrite/x86_64-windows/mfreadwrite.dll /private/tmp/gptk4-runtime/lib/wine/x86_64-windows/mfreadwrite.dll
tools/winebuild/winebuild --builtin /private/tmp/gptk4-runtime/lib/wine/x86_64-windows/mfreadwrite.dll
STRIPPROG=llvm-strip /private/tmp/gptk4-wine-source/tools/install-sh -m 644  dlls/mfsrcsnk/x86_64-windows/mfsrcsnk.dll /private/tmp/gptk4-runtime/lib/wine/x86_64-windows/mfsrcsnk.dll
tools/winebuild/winebuild --builtin /private/tmp/gptk4-runtime/lib/wine/x86_64-windows/mfsrcsnk.dll
STRIPPROG=llvm-strip /private/tmp/gptk4-wine-source/tools/install-sh -m 644  dlls/mgmtapi/x86_64-windows/mgmtapi.dll /private/tmp/gptk4-runtime/lib/wine/x86_64-windows/mgmtapi.dll
tools/winebuild/winebuild --builtin /private/tmp/gptk4-runtime/lib/wine/x86_64-windows/mgmtapi.dll
STRIPPROG=llvm-strip /private/tmp/gptk4-wine-source/tools/install-sh -m 644  dlls/midimap/x86_64-windows/midimap.dll /private/tmp/gptk4-runtime/lib/wine/x86_64-windows/midimap.dll
tools/winebuild/winebuild --builtin /private/tmp/gptk4-runtime/lib/wine/x86_64-windows/midimap.dll
STRIPPROG=llvm-strip /private/tmp/gptk4-wine-source/tools/install-sh -m 644  dlls/mlang/x86_64-windows/mlang.dll /private/tmp/gptk4-runtime/lib/wine/x86_64-windows/mlang.dll
tools/winebuild/winebuild --builtin /private/tmp/gptk4-runtime/lib/wine/x86_64-windows/mlang.dll
STRIPPROG=llvm-strip /private/tmp/gptk4-wine-source/tools/install-sh -m 644  dlls/mmcndmgr/x86_64-windows/mmcndmgr.dll /private/tmp/gptk4-runtime/lib/wine/x86_64-windows/mmcndmgr.dll
tools/winebuild/winebuild --builtin /private/tmp/gptk4-runtime/lib/wine/x86_64-windows/mmcndmgr.dll
STRIPPROG=llvm-strip /private/tmp/gptk4-wine-source/tools/install-sh -m 644  dlls/mmdevapi/x86_64-windows/mmdevapi.dll /private/tmp/gptk4-runtime/lib/wine/x86_64-windows/mmdevapi.dll
tools/winebuild/winebuild --builtin /private/tmp/gptk4-runtime/lib/wine/x86_64-windows/mmdevapi.dll
STRIPPROG=llvm-strip /private/tmp/gptk4-wine-source/tools/install-sh -m 644  dlls/mouhid.sys/x86_64-windows/mouhid.sys /private/tmp/gptk4-runtime/lib/wine/x86_64-windows/mouhid.sys
tools/winebuild/winebuild --builtin /private/tmp/gptk4-runtime/lib/wine/x86_64-windows/mouhid.sys
STRIPPROG=llvm-strip /private/tmp/gptk4-wine-source/tools/install-sh -m 644  dlls/mountmgr.sys/x86_64-windows/mountmgr.sys /private/tmp/gptk4-runtime/lib/wine/x86_64-windows/mountmgr.sys
tools/winebuild/winebuild --builtin /private/tmp/gptk4-runtime/lib/wine/x86_64-windows/mountmgr.sys
STRIPPROG="strip" /private/tmp/gptk4-wine-source/tools/install-sh  dlls/mountmgr.sys/mountmgr.so /private/tmp/gptk4-runtime/lib/wine/x86_64-unix/mountmgr.so
STRIPPROG=llvm-strip /private/tmp/gptk4-wine-source/tools/install-sh -m 644  dlls/mp3dmod/x86_64-windows/mp3dmod.dll /private/tmp/gptk4-runtime/lib/wine/x86_64-windows/mp3dmod.dll
tools/winebuild/winebuild --builtin /private/tmp/gptk4-runtime/lib/wine/x86_64-windows/mp3dmod.dll
STRIPPROG=llvm-strip /private/tmp/gptk4-wine-source/tools/install-sh -m 644  dlls/mpr/x86_64-windows/mpr.dll /private/tmp/gptk4-runtime/lib/wine/x86_64-windows/mpr.dll
tools/winebuild/winebuild --builtin /private/tmp/gptk4-runtime/lib/wine/x86_64-windows/mpr.dll
STRIPPROG=llvm-strip /private/tmp/gptk4-wine-source/tools/install-sh -m 644  dlls/mprapi/x86_64-windows/mprapi.dll /private/tmp/gptk4-runtime/lib/wine/x86_64-windows/mprapi.dll
tools/winebuild/winebuild --builtin /private/tmp/gptk4-runtime/lib/wine/x86_64-windows/mprapi.dll
STRIPPROG=llvm-strip /private/tmp/gptk4-wine-source/tools/install-sh -m 644  dlls/msacm32.drv/x86_64-windows/msacm32.drv /private/tmp/gptk4-runtime/lib/wine/x86_64-windows/msacm32.drv
tools/winebuild/winebuild --builtin /private/tmp/gptk4-runtime/lib/wine/x86_64-windows/msacm32.drv
STRIPPROG=llvm-strip /private/tmp/gptk4-wine-source/tools/install-sh -m 644  dlls/msacm32/x86_64-windows/msacm32.dll /private/tmp/gptk4-runtime/lib/wine/x86_64-windows/msacm32.dll
tools/winebuild/winebuild --builtin /private/tmp/gptk4-runtime/lib/wine/x86_64-windows/msacm32.dll
STRIPPROG=llvm-strip /private/tmp/gptk4-wine-source/tools/install-sh -m 644  dlls/msado15/x86_64-windows/msado15.dll /private/tmp/gptk4-runtime/lib/wine/x86_64-windows/msado15.dll
tools/winebuild/winebuild --builtin /private/tmp/gptk4-runtime/lib/wine/x86_64-windows/msado15.dll
STRIPPROG=llvm-strip /private/tmp/gptk4-wine-source/tools/install-sh -m 644  dlls/msadp32.acm/x86_64-windows/msadp32.acm /private/tmp/gptk4-runtime/lib/wine/x86_64-windows/msadp32.acm
tools/winebuild/winebuild --builtin /private/tmp/gptk4-runtime/lib/wine/x86_64-windows/msadp32.acm
STRIPPROG=llvm-strip /private/tmp/gptk4-wine-source/tools/install-sh -m 644  dlls/msasn1/x86_64-windows/msasn1.dll /private/tmp/gptk4-runtime/lib/wine/x86_64-windows/msasn1.dll
tools/winebuild/winebuild --builtin /private/tmp/gptk4-runtime/lib/wine/x86_64-windows/msasn1.dll
STRIPPROG=llvm-strip /private/tmp/gptk4-wine-source/tools/install-sh -m 644  dlls/msauddecmft/x86_64-windows/msauddecmft.dll /private/tmp/gptk4-runtime/lib/wine/x86_64-windows/msauddecmft.dll
tools/winebuild/winebuild --builtin /private/tmp/gptk4-runtime/lib/wine/x86_64-windows/msauddecmft.dll
STRIPPROG=llvm-strip /private/tmp/gptk4-wine-source/tools/install-sh -m 644  dlls/mscat32/x86_64-windows/mscat32.dll /private/tmp/gptk4-runtime/lib/wine/x86_64-windows/mscat32.dll
tools/winebuild/winebuild --builtin /private/tmp/gptk4-runtime/lib/wine/x86_64-windows/mscat32.dll
STRIPPROG=llvm-strip /private/tmp/gptk4-wine-source/tools/install-sh -m 644  dlls/mscms/x86_64-windows/mscms.dll /private/tmp/gptk4-runtime/lib/wine/x86_64-windows/mscms.dll
tools/winebuild/winebuild --builtin /private/tmp/gptk4-runtime/lib/wine/x86_64-windows/mscms.dll
STRIPPROG=llvm-strip /private/tmp/gptk4-wine-source/tools/install-sh -m 644  dlls/mscoree/x86_64-windows/mscoree.dll /private/tmp/gptk4-runtime/lib/wine/x86_64-windows/mscoree.dll
tools/winebuild/winebuild --builtin /private/tmp/gptk4-runtime/lib/wine/x86_64-windows/mscoree.dll
STRIPPROG=llvm-strip /private/tmp/gptk4-wine-source/tools/install-sh -m 644  dlls/mscorwks/x86_64-windows/mscorwks.dll /private/tmp/gptk4-runtime/lib/wine/x86_64-windows/mscorwks.dll
tools/winebuild/winebuild --builtin /private/tmp/gptk4-runtime/lib/wine/x86_64-windows/mscorwks.dll
STRIPPROG=llvm-strip /private/tmp/gptk4-wine-source/tools/install-sh -m 644  dlls/msctf/x86_64-windows/msctf.dll /private/tmp/gptk4-runtime/lib/wine/x86_64-windows/msctf.dll
tools/winebuild/winebuild --builtin /private/tmp/gptk4-runtime/lib/wine/x86_64-windows/msctf.dll
STRIPPROG=llvm-strip /private/tmp/gptk4-wine-source/tools/install-sh -m 644  dlls/msctfmonitor/x86_64-windows/msctfmonitor.dll /private/tmp/gptk4-runtime/lib/wine/x86_64-windows/msctfmonitor.dll
tools/winebuild/winebuild --builtin /private/tmp/gptk4-runtime/lib/wine/x86_64-windows/msctfmonitor.dll
STRIPPROG=llvm-strip /private/tmp/gptk4-wine-source/tools/install-sh -m 644  dlls/msctfp/x86_64-windows/msctfp.dll /private/tmp/gptk4-runtime/lib/wine/x86_64-windows/msctfp.dll
tools/winebuild/winebuild --builtin /private/tmp/gptk4-runtime/lib/wine/x86_64-windows/msctfp.dll
STRIPPROG=llvm-strip /private/tmp/gptk4-wine-source/tools/install-sh -m 644  dlls/msdaps/x86_64-windows/msdaps.dll /private/tmp/gptk4-runtime/lib/wine/x86_64-windows/msdaps.dll
tools/winebuild/winebuild --builtin /private/tmp/gptk4-runtime/lib/wine/x86_64-windows/msdaps.dll
STRIPPROG=llvm-strip /private/tmp/gptk4-wine-source/tools/install-sh -m 644  dlls/msdasql/x86_64-windows/msdasql.dll /private/tmp/gptk4-runtime/lib/wine/x86_64-windows/msdasql.dll
tools/winebuild/winebuild --builtin /private/tmp/gptk4-runtime/lib/wine/x86_64-windows/msdasql.dll
STRIPPROG=llvm-strip /private/tmp/gptk4-wine-source/tools/install-sh -m 644  dlls/msdelta/x86_64-windows/msdelta.dll /private/tmp/gptk4-runtime/lib/wine/x86_64-windows/msdelta.dll
tools/winebuild/winebuild --builtin /private/tmp/gptk4-runtime/lib/wine/x86_64-windows/msdelta.dll
STRIPPROG=llvm-strip /private/tmp/gptk4-wine-source/tools/install-sh -m 644  dlls/msdmo/x86_64-windows/msdmo.dll /private/tmp/gptk4-runtime/lib/wine/x86_64-windows/msdmo.dll
tools/winebuild/winebuild --builtin /private/tmp/gptk4-runtime/lib/wine/x86_64-windows/msdmo.dll
STRIPPROG=llvm-strip /private/tmp/gptk4-wine-source/tools/install-sh -m 644  dlls/msdrm/x86_64-windows/msdrm.dll /private/tmp/gptk4-runtime/lib/wine/x86_64-windows/msdrm.dll
tools/winebuild/winebuild --builtin /private/tmp/gptk4-runtime/lib/wine/x86_64-windows/msdrm.dll
STRIPPROG=llvm-strip /private/tmp/gptk4-wine-source/tools/install-sh -m 644  dlls/msftedit/x86_64-windows/msftedit.dll /private/tmp/gptk4-runtime/lib/wine/x86_64-windows/msftedit.dll
tools/winebuild/winebuild --builtin /private/tmp/gptk4-runtime/lib/wine/x86_64-windows/msftedit.dll
STRIPPROG=llvm-strip /private/tmp/gptk4-wine-source/tools/install-sh -m 644  dlls/msg711.acm/x86_64-windows/msg711.acm /private/tmp/gptk4-runtime/lib/wine/x86_64-windows/msg711.acm
tools/winebuild/winebuild --builtin /private/tmp/gptk4-runtime/lib/wine/x86_64-windows/msg711.acm
STRIPPROG=llvm-strip /private/tmp/gptk4-wine-source/tools/install-sh -m 644  dlls/msgsm32.acm/x86_64-windows/msgsm32.acm /private/tmp/gptk4-runtime/lib/wine/x86_64-windows/msgsm32.acm
tools/winebuild/winebuild --builtin /private/tmp/gptk4-runtime/lib/wine/x86_64-windows/msgsm32.acm
/private/tmp/gptk4-wine-source/tools/install-sh -m 644  dlls/mshtml.tlb/x86_64-windows/mshtml.tlb /private/tmp/gptk4-runtime/lib/wine/x86_64-windows/mshtml.tlb
STRIPPROG=llvm-strip /private/tmp/gptk4-wine-source/tools/install-sh -m 644  dlls/mshtml/x86_64-windows/mshtml.dll /private/tmp/gptk4-runtime/lib/wine/x86_64-windows/mshtml.dll
tools/winebuild/winebuild --builtin /private/tmp/gptk4-runtime/lib/wine/x86_64-windows/mshtml.dll
STRIPPROG=llvm-strip /private/tmp/gptk4-wine-source/tools/install-sh -m 644  dlls/msi/x86_64-windows/msi.dll /private/tmp/gptk4-runtime/lib/wine/x86_64-windows/msi.dll
tools/winebuild/winebuild --builtin /private/tmp/gptk4-runtime/lib/wine/x86_64-windows/msi.dll
STRIPPROG=llvm-strip /private/tmp/gptk4-wine-source/tools/install-sh -m 644  dlls/msident/x86_64-windows/msident.dll /private/tmp/gptk4-runtime/lib/wine/x86_64-windows/msident.dll
tools/winebuild/winebuild --builtin /private/tmp/gptk4-runtime/lib/wine/x86_64-windows/msident.dll
STRIPPROG=llvm-strip /private/tmp/gptk4-wine-source/tools/install-sh -m 644  dlls/msimg32/x86_64-windows/msimg32.dll /private/tmp/gptk4-runtime/lib/wine/x86_64-windows/msimg32.dll
tools/winebuild/winebuild --builtin /private/tmp/gptk4-runtime/lib/wine/x86_64-windows/msimg32.dll
/private/tmp/gptk4-wine-source/tools/install-sh -m 644  dlls/msimsg/x86_64-windows/msimsg.dll /private/tmp/gptk4-runtime/lib/wine/x86_64-windows/msimsg.dll
STRIPPROG=llvm-strip /private/tmp/gptk4-wine-source/tools/install-sh -m 644  dlls/msimtf/x86_64-windows/msimtf.dll /private/tmp/gptk4-runtime/lib/wine/x86_64-windows/msimtf.dll
tools/winebuild/winebuild --builtin /private/tmp/gptk4-runtime/lib/wine/x86_64-windows/msimtf.dll
STRIPPROG=llvm-strip /private/tmp/gptk4-wine-source/tools/install-sh -m 644  dlls/msisip/x86_64-windows/msisip.dll /private/tmp/gptk4-runtime/lib/wine/x86_64-windows/msisip.dll
tools/winebuild/winebuild --builtin /private/tmp/gptk4-runtime/lib/wine/x86_64-windows/msisip.dll
STRIPPROG=llvm-strip /private/tmp/gptk4-wine-source/tools/install-sh -m 644  dlls/msisys.ocx/x86_64-windows/msisys.ocx /private/tmp/gptk4-runtime/lib/wine/x86_64-windows/msisys.ocx
tools/winebuild/winebuild --builtin /private/tmp/gptk4-runtime/lib/wine/x86_64-windows/msisys.ocx
STRIPPROG=llvm-strip /private/tmp/gptk4-wine-source/tools/install-sh -m 644  dlls/msls31/x86_64-windows/msls31.dll /private/tmp/gptk4-runtime/lib/wine/x86_64-windows/msls31.dll
tools/winebuild/winebuild --builtin /private/tmp/gptk4-runtime/lib/wine/x86_64-windows/msls31.dll
STRIPPROG=llvm-strip /private/tmp/gptk4-wine-source/tools/install-sh -m 644  dlls/msmpeg2vdec/x86_64-windows/msmpeg2vdec.dll /private/tmp/gptk4-runtime/lib/wine/x86_64-windows/msmpeg2vdec.dll
tools/winebuild/winebuild --builtin /private/tmp/gptk4-runtime/lib/wine/x86_64-windows/msmpeg2vdec.dll
STRIPPROG=llvm-strip /private/tmp/gptk4-wine-source/tools/install-sh -m 644  dlls/msnet32/x86_64-windows/msnet32.dll /private/tmp/gptk4-runtime/lib/wine/x86_64-windows/msnet32.dll
tools/winebuild/winebuild --builtin /private/tmp/gptk4-runtime/lib/wine/x86_64-windows/msnet32.dll
STRIPPROG=llvm-strip /private/tmp/gptk4-wine-source/tools/install-sh -m 644  dlls/mspatcha/x86_64-windows/mspatcha.dll /private/tmp/gptk4-runtime/lib/wine/x86_64-windows/mspatcha.dll
tools/winebuild/winebuild --builtin /private/tmp/gptk4-runtime/lib/wine/x86_64-windows/mspatcha.dll
STRIPPROG=llvm-strip /private/tmp/gptk4-wine-source/tools/install-sh -m 644  dlls/msports/x86_64-windows/msports.dll /private/tmp/gptk4-runtime/lib/wine/x86_64-windows/msports.dll
tools/winebuild/winebuild --builtin /private/tmp/gptk4-runtime/lib/wine/x86_64-windows/msports.dll
STRIPPROG=llvm-strip /private/tmp/gptk4-wine-source/tools/install-sh -m 644  dlls/msrle32/x86_64-windows/msrle32.dll /private/tmp/gptk4-runtime/lib/wine/x86_64-windows/msrle32.dll
tools/winebuild/winebuild --builtin /private/tmp/gptk4-runtime/lib/wine/x86_64-windows/msrle32.dll
STRIPPROG=llvm-strip /private/tmp/gptk4-wine-source/tools/install-sh -m 644  dlls/msscript.ocx/x86_64-windows/msscript.ocx /private/tmp/gptk4-runtime/lib/wine/x86_64-windows/msscript.ocx
tools/winebuild/winebuild --builtin /private/tmp/gptk4-runtime/lib/wine/x86_64-windows/msscript.ocx
STRIPPROG=llvm-strip /private/tmp/gptk4-wine-source/tools/install-sh -m 644  dlls/mssign32/x86_64-windows/mssign32.dll /private/tmp/gptk4-runtime/lib/wine/x86_64-windows/mssign32.dll
tools/winebuild/winebuild --builtin /private/tmp/gptk4-runtime/lib/wine/x86_64-windows/mssign32.dll
STRIPPROG=llvm-strip /private/tmp/gptk4-wine-source/tools/install-sh -m 644  dlls/mssip32/x86_64-windows/mssip32.dll /private/tmp/gptk4-runtime/lib/wine/x86_64-windows/mssip32.dll
tools/winebuild/winebuild --builtin /private/tmp/gptk4-runtime/lib/wine/x86_64-windows/mssip32.dll
STRIPPROG=llvm-strip /private/tmp/gptk4-wine-source/tools/install-sh -m 644  dlls/mstask/x86_64-windows/mstask.dll /private/tmp/gptk4-runtime/lib/wine/x86_64-windows/mstask.dll
tools/winebuild/winebuild --builtin /private/tmp/gptk4-runtime/lib/wine/x86_64-windows/mstask.dll
STRIPPROG=llvm-strip /private/tmp/gptk4-wine-source/tools/install-sh -m 644  dlls/msttsengine/x86_64-windows/msttsengine.dll /private/tmp/gptk4-runtime/lib/wine/x86_64-windows/msttsengine.dll
tools/winebuild/winebuild --builtin /private/tmp/gptk4-runtime/lib/wine/x86_64-windows/msttsengine.dll
STRIPPROG=llvm-strip /private/tmp/gptk4-wine-source/tools/install-sh -m 644  dlls/msv1_0/x86_64-windows/msv1_0.dll /private/tmp/gptk4-runtime/lib/wine/x86_64-windows/msv1_0.dll
tools/winebuild/winebuild --builtin /private/tmp/gptk4-runtime/lib/wine/x86_64-windows/msv1_0.dll
STRIPPROG="strip" /private/tmp/gptk4-wine-source/tools/install-sh  dlls/msv1_0/msv1_0.so /private/tmp/gptk4-runtime/lib/wine/x86_64-unix/msv1_0.so
STRIPPROG=llvm-strip /private/tmp/gptk4-wine-source/tools/install-sh -m 644  dlls/msvcirt/x86_64-windows/msvcirt.dll /private/tmp/gptk4-runtime/lib/wine/x86_64-windows/msvcirt.dll
tools/winebuild/winebuild --builtin /private/tmp/gptk4-runtime/lib/wine/x86_64-windows/msvcirt.dll
STRIPPROG=llvm-strip /private/tmp/gptk4-wine-source/tools/install-sh -m 644  dlls/msvcm80/x86_64-windows/msvcm80.dll /private/tmp/gptk4-runtime/lib/wine/x86_64-windows/msvcm80.dll
tools/winebuild/winebuild --builtin /private/tmp/gptk4-runtime/lib/wine/x86_64-windows/msvcm80.dll
STRIPPROG=llvm-strip /private/tmp/gptk4-wine-source/tools/install-sh -m 644  dlls/msvcm90/x86_64-windows/msvcm90.dll /private/tmp/gptk4-runtime/lib/wine/x86_64-windows/msvcm90.dll
tools/winebuild/winebuild --builtin /private/tmp/gptk4-runtime/lib/wine/x86_64-windows/msvcm90.dll
STRIPPROG=llvm-strip /private/tmp/gptk4-wine-source/tools/install-sh -m 644  dlls/msvcp100/x86_64-windows/msvcp100.dll /private/tmp/gptk4-runtime/lib/wine/x86_64-windows/msvcp100.dll
tools/winebuild/winebuild --builtin /private/tmp/gptk4-runtime/lib/wine/x86_64-windows/msvcp100.dll
STRIPPROG=llvm-strip /private/tmp/gptk4-wine-source/tools/install-sh -m 644  dlls/msvcp110/x86_64-windows/msvcp110.dll /private/tmp/gptk4-runtime/lib/wine/x86_64-windows/msvcp110.dll
tools/winebuild/winebuild --builtin /private/tmp/gptk4-runtime/lib/wine/x86_64-windows/msvcp110.dll
STRIPPROG=llvm-strip /private/tmp/gptk4-wine-source/tools/install-sh -m 644  dlls/msvcp120/x86_64-windows/msvcp120.dll /private/tmp/gptk4-runtime/lib/wine/x86_64-windows/msvcp120.dll
tools/winebuild/winebuild --builtin /private/tmp/gptk4-runtime/lib/wine/x86_64-windows/msvcp120.dll
STRIPPROG=llvm-strip /private/tmp/gptk4-wine-source/tools/install-sh -m 644  dlls/msvcp120_app/x86_64-windows/msvcp120_app.dll /private/tmp/gptk4-runtime/lib/wine/x86_64-windows/msvcp120_app.dll
tools/winebuild/winebuild --builtin /private/tmp/gptk4-runtime/lib/wine/x86_64-windows/msvcp120_app.dll
STRIPPROG=llvm-strip /private/tmp/gptk4-wine-source/tools/install-sh -m 644  dlls/msvcp140/x86_64-windows/msvcp140.dll /private/tmp/gptk4-runtime/lib/wine/x86_64-windows/msvcp140.dll
tools/winebuild/winebuild --builtin /private/tmp/gptk4-runtime/lib/wine/x86_64-windows/msvcp140.dll
STRIPPROG=llvm-strip /private/tmp/gptk4-wine-source/tools/install-sh -m 644  dlls/msvcp140_1/x86_64-windows/msvcp140_1.dll /private/tmp/gptk4-runtime/lib/wine/x86_64-windows/msvcp140_1.dll
tools/winebuild/winebuild --builtin /private/tmp/gptk4-runtime/lib/wine/x86_64-windows/msvcp140_1.dll
STRIPPROG=llvm-strip /private/tmp/gptk4-wine-source/tools/install-sh -m 644  dlls/msvcp140_2/x86_64-windows/msvcp140_2.dll /private/tmp/gptk4-runtime/lib/wine/x86_64-windows/msvcp140_2.dll
tools/winebuild/winebuild --builtin /private/tmp/gptk4-runtime/lib/wine/x86_64-windows/msvcp140_2.dll
STRIPPROG=llvm-strip /private/tmp/gptk4-wine-source/tools/install-sh -m 644  dlls/msvcp140_atomic_wait/x86_64-windows/msvcp140_atomic_wait.dll /private/tmp/gptk4-runtime/lib/wine/x86_64-windows/msvcp140_atomic_wait.dll
tools/winebuild/winebuild --builtin /private/tmp/gptk4-runtime/lib/wine/x86_64-windows/msvcp140_atomic_wait.dll
STRIPPROG=llvm-strip /private/tmp/gptk4-wine-source/tools/install-sh -m 644  dlls/msvcp140_codecvt_ids/x86_64-windows/msvcp140_codecvt_ids.dll /private/tmp/gptk4-runtime/lib/wine/x86_64-windows/msvcp140_codecvt_ids.dll
tools/winebuild/winebuild --builtin /private/tmp/gptk4-runtime/lib/wine/x86_64-windows/msvcp140_codecvt_ids.dll
STRIPPROG=llvm-strip /private/tmp/gptk4-wine-source/tools/install-sh -m 644  dlls/msvcp60/x86_64-windows/msvcp60.dll /private/tmp/gptk4-runtime/lib/wine/x86_64-windows/msvcp60.dll
tools/winebuild/winebuild --builtin /private/tmp/gptk4-runtime/lib/wine/x86_64-windows/msvcp60.dll
STRIPPROG=llvm-strip /private/tmp/gptk4-wine-source/tools/install-sh -m 644  dlls/msvcp70/x86_64-windows/msvcp70.dll /private/tmp/gptk4-runtime/lib/wine/x86_64-windows/msvcp70.dll
tools/winebuild/winebuild --builtin /private/tmp/gptk4-runtime/lib/wine/x86_64-windows/msvcp70.dll
STRIPPROG=llvm-strip /private/tmp/gptk4-wine-source/tools/install-sh -m 644  dlls/msvcp71/x86_64-windows/msvcp71.dll /private/tmp/gptk4-runtime/lib/wine/x86_64-windows/msvcp71.dll
tools/winebuild/winebuild --builtin /private/tmp/gptk4-runtime/lib/wine/x86_64-windows/msvcp71.dll
STRIPPROG=llvm-strip /private/tmp/gptk4-wine-source/tools/install-sh -m 644  dlls/msvcp80/x86_64-windows/msvcp80.dll /private/tmp/gptk4-runtime/lib/wine/x86_64-windows/msvcp80.dll
tools/winebuild/winebuild --builtin /private/tmp/gptk4-runtime/lib/wine/x86_64-windows/msvcp80.dll
STRIPPROG=llvm-strip /private/tmp/gptk4-wine-source/tools/install-sh -m 644  dlls/msvcp90/x86_64-windows/msvcp90.dll /private/tmp/gptk4-runtime/lib/wine/x86_64-windows/msvcp90.dll
tools/winebuild/winebuild --builtin /private/tmp/gptk4-runtime/lib/wine/x86_64-windows/msvcp90.dll
STRIPPROG=llvm-strip /private/tmp/gptk4-wine-source/tools/install-sh -m 644  dlls/msvcp_win/x86_64-windows/msvcp_win.dll /private/tmp/gptk4-runtime/lib/wine/x86_64-windows/msvcp_win.dll
tools/winebuild/winebuild --builtin /private/tmp/gptk4-runtime/lib/wine/x86_64-windows/msvcp_win.dll
STRIPPROG=llvm-strip /private/tmp/gptk4-wine-source/tools/install-sh -m 644  dlls/msvcr100/x86_64-windows/msvcr100.dll /private/tmp/gptk4-runtime/lib/wine/x86_64-windows/msvcr100.dll
tools/winebuild/winebuild --builtin /private/tmp/gptk4-runtime/lib/wine/x86_64-windows/msvcr100.dll
STRIPPROG=llvm-strip /private/tmp/gptk4-wine-source/tools/install-sh -m 644  dlls/msvcr110/x86_64-windows/msvcr110.dll /private/tmp/gptk4-runtime/lib/wine/x86_64-windows/msvcr110.dll
tools/winebuild/winebuild --builtin /private/tmp/gptk4-runtime/lib/wine/x86_64-windows/msvcr110.dll
STRIPPROG=llvm-strip /private/tmp/gptk4-wine-source/tools/install-sh -m 644  dlls/msvcr120/x86_64-windows/msvcr120.dll /private/tmp/gptk4-runtime/lib/wine/x86_64-windows/msvcr120.dll
tools/winebuild/winebuild --builtin /private/tmp/gptk4-runtime/lib/wine/x86_64-windows/msvcr120.dll
STRIPPROG=llvm-strip /private/tmp/gptk4-wine-source/tools/install-sh -m 644  dlls/msvcr120_app/x86_64-windows/msvcr120_app.dll /private/tmp/gptk4-runtime/lib/wine/x86_64-windows/msvcr120_app.dll
tools/winebuild/winebuild --builtin /private/tmp/gptk4-runtime/lib/wine/x86_64-windows/msvcr120_app.dll
STRIPPROG=llvm-strip /private/tmp/gptk4-wine-source/tools/install-sh -m 644  dlls/msvcr70/x86_64-windows/msvcr70.dll /private/tmp/gptk4-runtime/lib/wine/x86_64-windows/msvcr70.dll
tools/winebuild/winebuild --builtin /private/tmp/gptk4-runtime/lib/wine/x86_64-windows/msvcr70.dll
STRIPPROG=llvm-strip /private/tmp/gptk4-wine-source/tools/install-sh -m 644  dlls/msvcr71/x86_64-windows/msvcr71.dll /private/tmp/gptk4-runtime/lib/wine/x86_64-windows/msvcr71.dll
tools/winebuild/winebuild --builtin /private/tmp/gptk4-runtime/lib/wine/x86_64-windows/msvcr71.dll
STRIPPROG=llvm-strip /private/tmp/gptk4-wine-source/tools/install-sh -m 644  dlls/msvcr80/x86_64-windows/msvcr80.dll /private/tmp/gptk4-runtime/lib/wine/x86_64-windows/msvcr80.dll
tools/winebuild/winebuild --builtin /private/tmp/gptk4-runtime/lib/wine/x86_64-windows/msvcr80.dll
STRIPPROG=llvm-strip /private/tmp/gptk4-wine-source/tools/install-sh -m 644  dlls/msvcr90/x86_64-windows/msvcr90.dll /private/tmp/gptk4-runtime/lib/wine/x86_64-windows/msvcr90.dll
tools/winebuild/winebuild --builtin /private/tmp/gptk4-runtime/lib/wine/x86_64-windows/msvcr90.dll
STRIPPROG=llvm-strip /private/tmp/gptk4-wine-source/tools/install-sh -m 644  dlls/msvcrt/x86_64-windows/msvcrt.dll /private/tmp/gptk4-runtime/lib/wine/x86_64-windows/msvcrt.dll
tools/winebuild/winebuild --builtin /private/tmp/gptk4-runtime/lib/wine/x86_64-windows/msvcrt.dll
STRIPPROG=llvm-strip /private/tmp/gptk4-wine-source/tools/install-sh -m 644  dlls/msvcrt20/x86_64-windows/msvcrt20.dll /private/tmp/gptk4-runtime/lib/wine/x86_64-windows/msvcrt20.dll
tools/winebuild/winebuild --builtin /private/tmp/gptk4-runtime/lib/wine/x86_64-windows/msvcrt20.dll
STRIPPROG=llvm-strip /private/tmp/gptk4-wine-source/tools/install-sh -m 644  dlls/msvcrt40/x86_64-windows/msvcrt40.dll /private/tmp/gptk4-runtime/lib/wine/x86_64-windows/msvcrt40.dll
tools/winebuild/winebuild --builtin /private/tmp/gptk4-runtime/lib/wine/x86_64-windows/msvcrt40.dll
STRIPPROG=llvm-strip /private/tmp/gptk4-wine-source/tools/install-sh -m 644  dlls/msvcrtd/x86_64-windows/msvcrtd.dll /private/tmp/gptk4-runtime/lib/wine/x86_64-windows/msvcrtd.dll
tools/winebuild/winebuild --builtin /private/tmp/gptk4-runtime/lib/wine/x86_64-windows/msvcrtd.dll
STRIPPROG=llvm-strip /private/tmp/gptk4-wine-source/tools/install-sh -m 644  dlls/msvfw32/x86_64-windows/msvfw32.dll /private/tmp/gptk4-runtime/lib/wine/x86_64-windows/msvfw32.dll
tools/winebuild/winebuild --builtin /private/tmp/gptk4-runtime/lib/wine/x86_64-windows/msvfw32.dll
STRIPPROG=llvm-strip /private/tmp/gptk4-wine-source/tools/install-sh -m 644  dlls/msvidc32/x86_64-windows/msvidc32.dll /private/tmp/gptk4-runtime/lib/wine/x86_64-windows/msvidc32.dll
tools/winebuild/winebuild --builtin /private/tmp/gptk4-runtime/lib/wine/x86_64-windows/msvidc32.dll
STRIPPROG=llvm-strip /private/tmp/gptk4-wine-source/tools/install-sh -m 644  dlls/msvproc/x86_64-windows/msvproc.dll /private/tmp/gptk4-runtime/lib/wine/x86_64-windows/msvproc.dll
tools/winebuild/winebuild --builtin /private/tmp/gptk4-runtime/lib/wine/x86_64-windows/msvproc.dll
STRIPPROG=llvm-strip /private/tmp/gptk4-wine-source/tools/install-sh -m 644  dlls/mswsock/x86_64-windows/mswsock.dll /private/tmp/gptk4-runtime/lib/wine/x86_64-windows/mswsock.dll
tools/winebuild/winebuild --builtin /private/tmp/gptk4-runtime/lib/wine/x86_64-windows/mswsock.dll
STRIPPROG=llvm-strip /private/tmp/gptk4-wine-source/tools/install-sh -m 644  dlls/msxml/x86_64-windows/msxml.dll /private/tmp/gptk4-runtime/lib/wine/x86_64-windows/msxml.dll
tools/winebuild/winebuild --builtin /private/tmp/gptk4-runtime/lib/wine/x86_64-windows/msxml.dll
STRIPPROG=llvm-strip /private/tmp/gptk4-wine-source/tools/install-sh -m 644  dlls/msxml2/x86_64-windows/msxml2.dll /private/tmp/gptk4-runtime/lib/wine/x86_64-windows/msxml2.dll
tools/winebuild/winebuild --builtin /private/tmp/gptk4-runtime/lib/wine/x86_64-windows/msxml2.dll
STRIPPROG=llvm-strip /private/tmp/gptk4-wine-source/tools/install-sh -m 644  dlls/msxml3/x86_64-windows/msxml3.dll /private/tmp/gptk4-runtime/lib/wine/x86_64-windows/msxml3.dll
tools/winebuild/winebuild --builtin /private/tmp/gptk4-runtime/lib/wine/x86_64-windows/msxml3.dll
STRIPPROG=llvm-strip /private/tmp/gptk4-wine-source/tools/install-sh -m 644  dlls/msxml4/x86_64-windows/msxml4.dll /private/tmp/gptk4-runtime/lib/wine/x86_64-windows/msxml4.dll
tools/winebuild/winebuild --builtin /private/tmp/gptk4-runtime/lib/wine/x86_64-windows/msxml4.dll
STRIPPROG=llvm-strip /private/tmp/gptk4-wine-source/tools/install-sh -m 644  dlls/msxml6/x86_64-windows/msxml6.dll /private/tmp/gptk4-runtime/lib/wine/x86_64-windows/msxml6.dll
tools/winebuild/winebuild --builtin /private/tmp/gptk4-runtime/lib/wine/x86_64-windows/msxml6.dll
STRIPPROG=llvm-strip /private/tmp/gptk4-wine-source/tools/install-sh -m 644  dlls/mtxdm/x86_64-windows/mtxdm.dll /private/tmp/gptk4-runtime/lib/wine/x86_64-windows/mtxdm.dll
tools/winebuild/winebuild --builtin /private/tmp/gptk4-runtime/lib/wine/x86_64-windows/mtxdm.dll
STRIPPROG=llvm-strip /private/tmp/gptk4-wine-source/tools/install-sh -m 644  dlls/ncrypt/x86_64-windows/ncrypt.dll /private/tmp/gptk4-runtime/lib/wine/x86_64-windows/ncrypt.dll
tools/winebuild/winebuild --builtin /private/tmp/gptk4-runtime/lib/wine/x86_64-windows/ncrypt.dll
STRIPPROG=llvm-strip /private/tmp/gptk4-wine-source/tools/install-sh -m 644  dlls/nddeapi/x86_64-windows/nddeapi.dll /private/tmp/gptk4-runtime/lib/wine/x86_64-windows/nddeapi.dll
tools/winebuild/winebuild --builtin /private/tmp/gptk4-runtime/lib/wine/x86_64-windows/nddeapi.dll
STRIPPROG=llvm-strip /private/tmp/gptk4-wine-source/tools/install-sh -m 644  dlls/ndis.sys/x86_64-windows/ndis.sys /private/tmp/gptk4-runtime/lib/wine/x86_64-windows/ndis.sys
tools/winebuild/winebuild --builtin /private/tmp/gptk4-runtime/lib/wine/x86_64-windows/ndis.sys
STRIPPROG=llvm-strip /private/tmp/gptk4-wine-source/tools/install-sh -m 644  dlls/netapi32/x86_64-windows/netapi32.dll /private/tmp/gptk4-runtime/lib/wine/x86_64-windows/netapi32.dll
tools/winebuild/winebuild --builtin /private/tmp/gptk4-runtime/lib/wine/x86_64-windows/netapi32.dll
STRIPPROG="strip" /private/tmp/gptk4-wine-source/tools/install-sh  dlls/netapi32/netapi32.so /private/tmp/gptk4-runtime/lib/wine/x86_64-unix/netapi32.so
STRIPPROG=llvm-strip /private/tmp/gptk4-wine-source/tools/install-sh -m 644  dlls/netcfgx/x86_64-windows/netcfgx.dll /private/tmp/gptk4-runtime/lib/wine/x86_64-windows/netcfgx.dll
tools/winebuild/winebuild --builtin /private/tmp/gptk4-runtime/lib/wine/x86_64-windows/netcfgx.dll
STRIPPROG=llvm-strip /private/tmp/gptk4-wine-source/tools/install-sh -m 644  dlls/netio.sys/x86_64-windows/netio.sys /private/tmp/gptk4-runtime/lib/wine/x86_64-windows/netio.sys
tools/winebuild/winebuild --builtin /private/tmp/gptk4-runtime/lib/wine/x86_64-windows/netio.sys
STRIPPROG=llvm-strip /private/tmp/gptk4-wine-source/tools/install-sh -m 644  dlls/netprofm/x86_64-windows/netprofm.dll /private/tmp/gptk4-runtime/lib/wine/x86_64-windows/netprofm.dll
tools/winebuild/winebuild --builtin /private/tmp/gptk4-runtime/lib/wine/x86_64-windows/netprofm.dll
STRIPPROG=llvm-strip /private/tmp/gptk4-wine-source/tools/install-sh -m 644  dlls/netutils/x86_64-windows/netutils.dll /private/tmp/gptk4-runtime/lib/wine/x86_64-windows/netutils.dll
tools/winebuild/winebuild --builtin /private/tmp/gptk4-runtime/lib/wine/x86_64-windows/netutils.dll
STRIPPROG=llvm-strip /private/tmp/gptk4-wine-source/tools/install-sh -m 644  dlls/newdev/x86_64-windows/newdev.dll /private/tmp/gptk4-runtime/lib/wine/x86_64-windows/newdev.dll
tools/winebuild/winebuild --builtin /private/tmp/gptk4-runtime/lib/wine/x86_64-windows/newdev.dll
STRIPPROG=llvm-strip /private/tmp/gptk4-wine-source/tools/install-sh -m 644  dlls/ninput/x86_64-windows/ninput.dll /private/tmp/gptk4-runtime/lib/wine/x86_64-windows/ninput.dll
tools/winebuild/winebuild --builtin /private/tmp/gptk4-runtime/lib/wine/x86_64-windows/ninput.dll
/private/tmp/gptk4-wine-source/tools/install-sh -m 644  dlls/normaliz/x86_64-windows/normaliz.dll /private/tmp/gptk4-runtime/lib/wine/x86_64-windows/normaliz.dll
STRIPPROG=llvm-strip /private/tmp/gptk4-wine-source/tools/install-sh -m 644  dlls/npmshtml/x86_64-windows/npmshtml.dll /private/tmp/gptk4-runtime/lib/wine/x86_64-windows/npmshtml.dll
tools/winebuild/winebuild --builtin /private/tmp/gptk4-runtime/lib/wine/x86_64-windows/npmshtml.dll
STRIPPROG=llvm-strip /private/tmp/gptk4-wine-source/tools/install-sh -m 644  dlls/npptools/x86_64-windows/npptools.dll /private/tmp/gptk4-runtime/lib/wine/x86_64-windows/npptools.dll
tools/winebuild/winebuild --builtin /private/tmp/gptk4-runtime/lib/wine/x86_64-windows/npptools.dll
STRIPPROG=llvm-strip /private/tmp/gptk4-wine-source/tools/install-sh -m 644  dlls/nsi/x86_64-windows/nsi.dll /private/tmp/gptk4-runtime/lib/wine/x86_64-windows/nsi.dll
tools/winebuild/winebuild --builtin /private/tmp/gptk4-runtime/lib/wine/x86_64-windows/nsi.dll
STRIPPROG=llvm-strip /private/tmp/gptk4-wine-source/tools/install-sh -m 644  dlls/nsiproxy.sys/x86_64-windows/nsiproxy.sys /private/tmp/gptk4-runtime/lib/wine/x86_64-windows/nsiproxy.sys
tools/winebuild/winebuild --builtin /private/tmp/gptk4-runtime/lib/wine/x86_64-windows/nsiproxy.sys
STRIPPROG="strip" /private/tmp/gptk4-wine-source/tools/install-sh  dlls/nsiproxy.sys/nsiproxy.so /private/tmp/gptk4-runtime/lib/wine/x86_64-unix/nsiproxy.so
STRIPPROG=llvm-strip /private/tmp/gptk4-wine-source/tools/install-sh -m 644  dlls/ntdll/x86_64-windows/ntdll.dll /private/tmp/gptk4-runtime/lib/wine/x86_64-windows/ntdll.dll
tools/winebuild/winebuild --builtin /private/tmp/gptk4-runtime/lib/wine/x86_64-windows/ntdll.dll
STRIPPROG="strip" /private/tmp/gptk4-wine-source/tools/install-sh  dlls/ntdll/ntdll.so /private/tmp/gptk4-runtime/lib/wine/x86_64-unix/ntdll.so
STRIPPROG=llvm-strip /private/tmp/gptk4-wine-source/tools/install-sh -m 644  dlls/ntdsapi/x86_64-windows/ntdsapi.dll /private/tmp/gptk4-runtime/lib/wine/x86_64-windows/ntdsapi.dll
tools/winebuild/winebuild --builtin /private/tmp/gptk4-runtime/lib/wine/x86_64-windows/ntdsapi.dll
STRIPPROG=llvm-strip /private/tmp/gptk4-wine-source/tools/install-sh -m 644  dlls/ntoskrnl.exe/x86_64-windows/ntoskrnl.exe /private/tmp/gptk4-runtime/lib/wine/x86_64-windows/ntoskrnl.exe
tools/winebuild/winebuild --builtin /private/tmp/gptk4-runtime/lib/wine/x86_64-windows/ntoskrnl.exe
STRIPPROG=llvm-strip /private/tmp/gptk4-wine-source/tools/install-sh -m 644  dlls/ntprint/x86_64-windows/ntprint.dll /private/tmp/gptk4-runtime/lib/wine/x86_64-windows/ntprint.dll
tools/winebuild/winebuild --builtin /private/tmp/gptk4-runtime/lib/wine/x86_64-windows/ntprint.dll
STRIPPROG=llvm-strip /private/tmp/gptk4-wine-source/tools/install-sh -m 644  dlls/objsel/x86_64-windows/objsel.dll /private/tmp/gptk4-runtime/lib/wine/x86_64-windows/objsel.dll
tools/winebuild/winebuild --builtin /private/tmp/gptk4-runtime/lib/wine/x86_64-windows/objsel.dll
STRIPPROG=llvm-strip /private/tmp/gptk4-wine-source/tools/install-sh -m 644  dlls/odbc32/x86_64-windows/odbc32.dll /private/tmp/gptk4-runtime/lib/wine/x86_64-windows/odbc32.dll
tools/winebuild/winebuild --builtin /private/tmp/gptk4-runtime/lib/wine/x86_64-windows/odbc32.dll
STRIPPROG="strip" /private/tmp/gptk4-wine-source/tools/install-sh  dlls/odbc32/odbc32.so /private/tmp/gptk4-runtime/lib/wine/x86_64-unix/odbc32.so
STRIPPROG=llvm-strip /private/tmp/gptk4-wine-source/tools/install-sh -m 644  dlls/odbcbcp/x86_64-windows/odbcbcp.dll /private/tmp/gptk4-runtime/lib/wine/x86_64-windows/odbcbcp.dll
tools/winebuild/winebuild --builtin /private/tmp/gptk4-runtime/lib/wine/x86_64-windows/odbcbcp.dll
STRIPPROG=llvm-strip /private/tmp/gptk4-wine-source/tools/install-sh -m 644  dlls/odbccp32/x86_64-windows/odbccp32.dll /private/tmp/gptk4-runtime/lib/wine/x86_64-windows/odbccp32.dll
tools/winebuild/winebuild --builtin /private/tmp/gptk4-runtime/lib/wine/x86_64-windows/odbccp32.dll
STRIPPROG=llvm-strip /private/tmp/gptk4-wine-source/tools/install-sh -m 644  dlls/odbccu32/x86_64-windows/odbccu32.dll /private/tmp/gptk4-runtime/lib/wine/x86_64-windows/odbccu32.dll
tools/winebuild/winebuild --builtin /private/tmp/gptk4-runtime/lib/wine/x86_64-windows/odbccu32.dll
STRIPPROG=llvm-strip /private/tmp/gptk4-wine-source/tools/install-sh -m 644  dlls/ole32/x86_64-windows/ole32.dll /private/tmp/gptk4-runtime/lib/wine/x86_64-windows/ole32.dll
tools/winebuild/winebuild --builtin /private/tmp/gptk4-runtime/lib/wine/x86_64-windows/ole32.dll
STRIPPROG=llvm-strip /private/tmp/gptk4-wine-source/tools/install-sh -m 644  dlls/oleacc/x86_64-windows/oleacc.dll /private/tmp/gptk4-runtime/lib/wine/x86_64-windows/oleacc.dll
tools/winebuild/winebuild --builtin /private/tmp/gptk4-runtime/lib/wine/x86_64-windows/oleacc.dll
STRIPPROG=llvm-strip /private/tmp/gptk4-wine-source/tools/install-sh -m 644  dlls/oleaut32/x86_64-windows/oleaut32.dll /private/tmp/gptk4-runtime/lib/wine/x86_64-windows/oleaut32.dll
tools/winebuild/winebuild --builtin /private/tmp/gptk4-runtime/lib/wine/x86_64-windows/oleaut32.dll
STRIPPROG=llvm-strip /private/tmp/gptk4-wine-source/tools/install-sh -m 644  dlls/olecli32/x86_64-windows/olecli32.dll /private/tmp/gptk4-runtime/lib/wine/x86_64-windows/olecli32.dll
tools/winebuild/winebuild --builtin /private/tmp/gptk4-runtime/lib/wine/x86_64-windows/olecli32.dll
STRIPPROG=llvm-strip /private/tmp/gptk4-wine-source/tools/install-sh -m 644  dlls/oledb32/x86_64-windows/oledb32.dll /private/tmp/gptk4-runtime/lib/wine/x86_64-windows/oledb32.dll
tools/winebuild/winebuild --builtin /private/tmp/gptk4-runtime/lib/wine/x86_64-windows/oledb32.dll
STRIPPROG=llvm-strip /private/tmp/gptk4-wine-source/tools/install-sh -m 644  dlls/oledlg/x86_64-windows/oledlg.dll /private/tmp/gptk4-runtime/lib/wine/x86_64-windows/oledlg.dll
tools/winebuild/winebuild --builtin /private/tmp/gptk4-runtime/lib/wine/x86_64-windows/oledlg.dll
STRIPPROG=llvm-strip /private/tmp/gptk4-wine-source/tools/install-sh -m 644  dlls/olepro32/x86_64-windows/olepro32.dll /private/tmp/gptk4-runtime/lib/wine/x86_64-windows/olepro32.dll
tools/winebuild/winebuild --builtin /private/tmp/gptk4-runtime/lib/wine/x86_64-windows/olepro32.dll
STRIPPROG=llvm-strip /private/tmp/gptk4-wine-source/tools/install-sh -m 644  dlls/olesvr32/x86_64-windows/olesvr32.dll /private/tmp/gptk4-runtime/lib/wine/x86_64-windows/olesvr32.dll
tools/winebuild/winebuild --builtin /private/tmp/gptk4-runtime/lib/wine/x86_64-windows/olesvr32.dll
STRIPPROG=llvm-strip /private/tmp/gptk4-wine-source/tools/install-sh -m 644  dlls/olethk32/x86_64-windows/olethk32.dll /private/tmp/gptk4-runtime/lib/wine/x86_64-windows/olethk32.dll
tools/winebuild/winebuild --builtin /private/tmp/gptk4-runtime/lib/wine/x86_64-windows/olethk32.dll
STRIPPROG=llvm-strip /private/tmp/gptk4-wine-source/tools/install-sh -m 644  dlls/opcservices/x86_64-windows/opcservices.dll /private/tmp/gptk4-runtime/lib/wine/x86_64-windows/opcservices.dll
STRIPPROG=llvm-strip /private/tmp/gptk4-wine-source/tools/install-sh -m 644  dlls/acledit/x86_64-windows/acledit.dll /private/tmp/gptk4-runtime/lib/wine/x86_64-windows/acledit.dll
tools/winebuild/winebuild --builtin /private/tmp/gptk4-runtime/lib/wine/x86_64-windows/acledit.dll
STRIPPROG=llvm-strip /private/tmp/gptk4-wine-source/tools/install-sh -m 644  dlls/aclui/x86_64-windows/aclui.dll /private/tmp/gptk4-runtime/lib/wine/x86_64-windows/aclui.dll
tools/winebuild/winebuild --builtin /private/tmp/gptk4-runtime/lib/wine/x86_64-windows/aclui.dll
/private/tmp/gptk4-wine-source/tools/install-sh -m 644  dlls/activeds.tlb/x86_64-windows/activeds.tlb /private/tmp/gptk4-runtime/lib/wine/x86_64-windows/activeds.tlb
STRIPPROG=llvm-strip /private/tmp/gptk4-wine-source/tools/install-sh -m 644  dlls/activeds/x86_64-windows/activeds.dll /private/tmp/gptk4-runtime/lib/wine/x86_64-windows/activeds.dll
tools/winebuild/winebuild --builtin /private/tmp/gptk4-runtime/lib/wine/x86_64-windows/activeds.dll
STRIPPROG=llvm-strip /private/tmp/gptk4-wine-source/tools/install-sh -m 644  dlls/actxprxy/x86_64-windows/actxprxy.dll /private/tmp/gptk4-runtime/lib/wine/x86_64-windows/actxprxy.dll
tools/winebuild/winebuild --builtin /private/tmp/gptk4-runtime/lib/wine/x86_64-windows/actxprxy.dll
STRIPPROG=llvm-strip /private/tmp/gptk4-wine-source/tools/install-sh -m 644  dlls/adsldp/x86_64-windows/adsldp.dll /private/tmp/gptk4-runtime/lib/wine/x86_64-windows/adsldp.dll
tools/winebuild/winebuild --builtin /private/tmp/gptk4-runtime/lib/wine/x86_64-windows/adsldp.dll
STRIPPROG=llvm-strip /private/tmp/gptk4-wine-source/tools/install-sh -m 644  dlls/adsldpc/x86_64-windows/adsldpc.dll /private/tmp/gptk4-runtime/lib/wine/x86_64-windows/adsldpc.dll
tools/winebuild/winebuild --builtin /private/tmp/gptk4-runtime/lib/wine/x86_64-windows/adsldpc.dll
STRIPPROG=llvm-strip /private/tmp/gptk4-wine-source/tools/install-sh -m 644  dlls/advapi32/x86_64-windows/advapi32.dll /private/tmp/gptk4-runtime/lib/wine/x86_64-windows/advapi32.dll
tools/winebuild/winebuild --builtin /private/tmp/gptk4-runtime/lib/wine/x86_64-windows/advapi32.dll
STRIPPROG=llvm-strip /private/tmp/gptk4-wine-source/tools/install-sh -m 644  dlls/advpack/x86_64-windows/advpack.dll /private/tmp/gptk4-runtime/lib/wine/x86_64-windows/advpack.dll
tools/winebuild/winebuild --builtin /private/tmp/gptk4-runtime/lib/wine/x86_64-windows/advpack.dll
STRIPPROG=llvm-strip /private/tmp/gptk4-wine-source/tools/install-sh -m 644  dlls/amsi/x86_64-windows/amsi.dll /private/tmp/gptk4-runtime/lib/wine/x86_64-windows/amsi.dll
tools/winebuild/winebuild --builtin /private/tmp/gptk4-runtime/lib/wine/x86_64-windows/amsi.dll
STRIPPROG=llvm-strip /private/tmp/gptk4-wine-source/tools/install-sh -m 644  dlls/amstream/x86_64-windows/amstream.dll /private/tmp/gptk4-runtime/lib/wine/x86_64-windows/amstream.dll
tools/winebuild/winebuild --builtin /private/tmp/gptk4-runtime/lib/wine/x86_64-windows/amstream.dll
/private/tmp/gptk4-wine-source/tools/install-sh -m 644  dlls/apisetschema/x86_64-windows/apisetschema.dll /private/tmp/gptk4-runtime/lib/wine/x86_64-windows/apisetschema.dll
STRIPPROG=llvm-strip /private/tmp/gptk4-wine-source/tools/install-sh -m 644  dlls/apphelp/x86_64-windows/apphelp.dll /private/tmp/gptk4-runtime/lib/wine/x86_64-windows/apphelp.dll
tools/winebuild/winebuild --builtin /private/tmp/gptk4-runtime/lib/wine/x86_64-windows/apphelp.dll
STRIPPROG=llvm-strip /private/tmp/gptk4-wine-source/tools/install-sh -m 644  dlls/appwiz.cpl/x86_64-windows/appwiz.cpl /private/tmp/gptk4-runtime/lib/wine/x86_64-windows/appwiz.cpl
tools/winebuild/winebuild --builtin /private/tmp/gptk4-runtime/lib/wine/x86_64-windows/appwiz.cpl
STRIPPROG=llvm-strip /private/tmp/gptk4-wine-source/tools/install-sh -m 644  dlls/appxdeploymentclient/x86_64-windows/appxdeploymentclient.dll /private/tmp/gptk4-runtime/lib/wine/x86_64-windows/appxdeploymentclient.dll
tools/winebuild/winebuild --builtin /private/tmp/gptk4-runtime/lib/wine/x86_64-windows/appxdeploymentclient.dll
STRIPPROG=llvm-strip /private/tmp/gptk4-wine-source/tools/install-sh -m 644  dlls/atl/x86_64-windows/atl.dll /private/tmp/gptk4-runtime/lib/wine/x86_64-windows/atl.dll
tools/winebuild/winebuild --builtin /private/tmp/gptk4-runtime/lib/wine/x86_64-windows/atl.dll
STRIPPROG=llvm-strip /private/tmp/gptk4-wine-source/tools/install-sh -m 644  dlls/atl100/x86_64-windows/atl100.dll /private/tmp/gptk4-runtime/lib/wine/x86_64-windows/atl100.dll
tools/winebuild/winebuild --builtin /private/tmp/gptk4-runtime/lib/wine/x86_64-windows/atl100.dll
STRIPPROG=llvm-strip /private/tmp/gptk4-wine-source/tools/install-sh -m 644  dlls/atl110/x86_64-windows/atl110.dll /private/tmp/gptk4-runtime/lib/wine/x86_64-windows/atl110.dll
tools/winebuild/winebuild --builtin /private/tmp/gptk4-runtime/lib/wine/x86_64-windows/atl110.dll
STRIPPROG=llvm-strip /private/tmp/gptk4-wine-source/tools/install-sh -m 644  dlls/atl80/x86_64-windows/atl80.dll /private/tmp/gptk4-runtime/lib/wine/x86_64-windows/atl80.dll
tools/winebuild/winebuild --builtin /private/tmp/gptk4-runtime/lib/wine/x86_64-windows/atl80.dll
STRIPPROG=llvm-strip /private/tmp/gptk4-wine-source/tools/install-sh -m 644  dlls/atl90/x86_64-windows/atl90.dll /private/tmp/gptk4-runtime/lib/wine/x86_64-windows/atl90.dll
tools/winebuild/winebuild --builtin /private/tmp/gptk4-runtime/lib/wine/x86_64-windows/atl90.dll
STRIPPROG=llvm-strip /private/tmp/gptk4-wine-source/tools/install-sh -m 644  dlls/atlthunk/x86_64-windows/atlthunk.dll /private/tmp/gptk4-runtime/lib/wine/x86_64-windows/atlthunk.dll
tools/winebuild/winebuild --builtin /private/tmp/gptk4-runtime/lib/wine/x86_64-windows/atlthunk.dll
STRIPPROG=llvm-strip /private/tmp/gptk4-wine-source/tools/install-sh -m 644  dlls/atmlib/x86_64-windows/atmlib.dll /private/tmp/gptk4-runtime/lib/wine/x86_64-windows/atmlib.dll
tools/winebuild/winebuild --builtin /private/tmp/gptk4-runtime/lib/wine/x86_64-windows/atmlib.dll
STRIPPROG=llvm-strip /private/tmp/gptk4-wine-source/tools/install-sh -m 644  dlls/authz/x86_64-windows/authz.dll /private/tmp/gptk4-runtime/lib/wine/x86_64-windows/authz.dll
tools/winebuild/winebuild --builtin /private/tmp/gptk4-runtime/lib/wine/x86_64-windows/authz.dll
STRIPPROG=llvm-strip /private/tmp/gptk4-wine-source/tools/install-sh -m 644  dlls/avicap32/x86_64-windows/avicap32.dll /private/tmp/gptk4-runtime/lib/wine/x86_64-windows/avicap32.dll
tools/winebuild/winebuild --builtin /private/tmp/gptk4-runtime/lib/wine/x86_64-windows/avicap32.dll
STRIPPROG="strip" /private/tmp/gptk4-wine-source/tools/install-sh  dlls/avicap32/avicap32.so /private/tmp/gptk4-runtime/lib/wine/x86_64-unix/avicap32.so
STRIPPROG=llvm-strip /private/tmp/gptk4-wine-source/tools/install-sh -m 644  dlls/avifil32/x86_64-windows/avifil32.dll /private/tmp/gptk4-runtime/lib/wine/x86_64-windows/avifil32.dll
tools/winebuild/winebuild --builtin /private/tmp/gptk4-runtime/lib/wine/x86_64-windows/avifil32.dll
STRIPPROG=llvm-strip /private/tmp/gptk4-wine-source/tools/install-sh -m 644  dlls/avrt/x86_64-windows/avrt.dll /private/tmp/gptk4-runtime/lib/wine/x86_64-windows/avrt.dll
tools/winebuild/winebuild --builtin /private/tmp/gptk4-runtime/lib/wine/x86_64-windows/avrt.dll
STRIPPROG=llvm-strip /private/tmp/gptk4-wine-source/tools/install-sh -m 644  dlls/bcp47langs/x86_64-windows/bcp47langs.dll /private/tmp/gptk4-runtime/lib/wine/x86_64-windows/bcp47langs.dll
tools/winebuild/winebuild --builtin /private/tmp/gptk4-runtime/lib/wine/x86_64-windows/bcp47langs.dll
STRIPPROG=llvm-strip /private/tmp/gptk4-wine-source/tools/install-sh -m 644  dlls/bcrypt/x86_64-windows/bcrypt.dll /private/tmp/gptk4-runtime/lib/wine/x86_64-windows/bcrypt.dll
tools/winebuild/winebuild --builtin /private/tmp/gptk4-runtime/lib/wine/x86_64-windows/bcrypt.dll
STRIPPROG="strip" /private/tmp/gptk4-wine-source/tools/install-sh  dlls/bcrypt/bcrypt.so /private/tmp/gptk4-runtime/lib/wine/x86_64-unix/bcrypt.so
STRIPPROG=llvm-strip /private/tmp/gptk4-wine-source/tools/install-sh -m 644  dlls/bcryptprimitives/x86_64-windows/bcryptprimitives.dll /private/tmp/gptk4-runtime/lib/wine/x86_64-windows/bcryptprimitives.dll
tools/winebuild/winebuild --builtin /private/tmp/gptk4-runtime/lib/wine/x86_64-windows/bcryptprimitives.dll
STRIPPROG=llvm-strip /private/tmp/gptk4-wine-source/tools/install-sh -m 644  dlls/bluetoothapis/x86_64-windows/bluetoothapis.dll /private/tmp/gptk4-runtime/lib/wine/x86_64-windows/bluetoothapis.dll
tools/winebuild/winebuild --builtin /private/tmp/gptk4-runtime/lib/wine/x86_64-windows/bluetoothapis.dll
STRIPPROG=llvm-strip /private/tmp/gptk4-wine-source/tools/install-sh -m 644  dlls/browseui/x86_64-windows/browseui.dll /private/tmp/gptk4-runtime/lib/wine/x86_64-windows/browseui.dll
tools/winebuild/winebuild --builtin /private/tmp/gptk4-runtime/lib/wine/x86_64-windows/browseui.dll
STRIPPROG=llvm-strip /private/tmp/gptk4-wine-source/tools/install-sh -m 644  dlls/bthprops.cpl/x86_64-windows/bthprops.cpl /private/tmp/gptk4-runtime/lib/wine/x86_64-windows/bthprops.cpl
tools/winebuild/winebuild --builtin /private/tmp/gptk4-runtime/lib/wine/x86_64-windows/bthprops.cpl
STRIPPROG=llvm-strip /private/tmp/gptk4-wine-source/tools/install-sh -m 644  dlls/cabinet/x86_64-windows/cabinet.dll /private/tmp/gptk4-runtime/lib/wine/x86_64-windows/cabinet.dll
tools/winebuild/winebuild --builtin /private/tmp/gptk4-runtime/lib/wine/x86_64-windows/cabinet.dll
STRIPPROG=llvm-strip /private/tmp/gptk4-wine-source/tools/install-sh -m 644  dlls/cards/x86_64-windows/cards.dll /private/tmp/gptk4-runtime/lib/wine/x86_64-windows/cards.dll
tools/winebuild/winebuild --builtin /private/tmp/gptk4-runtime/lib/wine/x86_64-windows/cards.dll
STRIPPROG=llvm-strip /private/tmp/gptk4-wine-source/tools/install-sh -m 644  dlls/cdosys/x86_64-windows/cdosys.dll /private/tmp/gptk4-runtime/lib/wine/x86_64-windows/cdosys.dll
tools/winebuild/winebuild --builtin /private/tmp/gptk4-runtime/lib/wine/x86_64-windows/cdosys.dll
STRIPPROG=llvm-strip /private/tmp/gptk4-wine-source/tools/install-sh -m 644  dlls/cfgmgr32/x86_64-windows/cfgmgr32.dll /private/tmp/gptk4-runtime/lib/wine/x86_64-windows/cfgmgr32.dll
tools/winebuild/winebuild --builtin /private/tmp/gptk4-runtime/lib/wine/x86_64-windows/cfgmgr32.dll
STRIPPROG=llvm-strip /private/tmp/gptk4-wine-source/tools/install-sh -m 644  dlls/clusapi/x86_64-windows/clusapi.dll /private/tmp/gptk4-runtime/lib/wine/x86_64-windows/clusapi.dll
tools/winebuild/winebuild --builtin /private/tmp/gptk4-runtime/lib/wine/x86_64-windows/clusapi.dll
STRIPPROG=llvm-strip /private/tmp/gptk4-wine-source/tools/install-sh -m 644  dlls/cng.sys/x86_64-windows/cng.sys /private/tmp/gptk4-runtime/lib/wine/x86_64-windows/cng.sys
tools/winebuild/winebuild --builtin /private/tmp/gptk4-runtime/lib/wine/x86_64-windows/cng.sys
STRIPPROG=llvm-strip /private/tmp/gptk4-wine-source/tools/install-sh -m 644  dlls/colorcnv/x86_64-windows/colorcnv.dll /private/tmp/gptk4-runtime/lib/wine/x86_64-windows/colorcnv.dll
tools/winebuild/winebuild --builtin /private/tmp/gptk4-runtime/lib/wine/x86_64-windows/colorcnv.dll
STRIPPROG=llvm-strip /private/tmp/gptk4-wine-source/tools/install-sh -m 644  dlls/combase/x86_64-windows/combase.dll /private/tmp/gptk4-runtime/lib/wine/x86_64-windows/combase.dll
tools/winebuild/winebuild --builtin /private/tmp/gptk4-runtime/lib/wine/x86_64-windows/combase.dll
STRIPPROG=llvm-strip /private/tmp/gptk4-wine-source/tools/install-sh -m 644  dlls/comcat/x86_64-windows/comcat.dll /private/tmp/gptk4-runtime/lib/wine/x86_64-windows/comcat.dll
tools/winebuild/winebuild --builtin /private/tmp/gptk4-runtime/lib/wine/x86_64-windows/comcat.dll
STRIPPROG=llvm-strip /private/tmp/gptk4-wine-source/tools/install-sh -m 644  dlls/comctl32/x86_64-windows/comctl32.dll /private/tmp/gptk4-runtime/lib/wine/x86_64-windows/comctl32.dll
tools/winebuild/winebuild --builtin /private/tmp/gptk4-runtime/lib/wine/x86_64-windows/comctl32.dll
STRIPPROG=llvm-strip /private/tmp/gptk4-wine-source/tools/install-sh -m 644  dlls/comdlg32/x86_64-windows/comdlg32.dll /private/tmp/gptk4-runtime/lib/wine/x86_64-windows/comdlg32.dll
tools/winebuild/winebuild --builtin /private/tmp/gptk4-runtime/lib/wine/x86_64-windows/comdlg32.dll
STRIPPROG=llvm-strip /private/tmp/gptk4-wine-source/tools/install-sh -m 644  dlls/coml2/x86_64-windows/coml2.dll /private/tmp/gptk4-runtime/lib/wine/x86_64-windows/coml2.dll
tools/winebuild/winebuild --builtin /private/tmp/gptk4-runtime/lib/wine/x86_64-windows/coml2.dll
STRIPPROG=llvm-strip /private/tmp/gptk4-wine-source/tools/install-sh -m 644  dlls/compstui/x86_64-windows/compstui.dll /private/tmp/gptk4-runtime/lib/wine/x86_64-windows/compstui.dll
tools/winebuild/winebuild --builtin /private/tmp/gptk4-runtime/lib/wine/x86_64-windows/compstui.dll
STRIPPROG=llvm-strip /private/tmp/gptk4-wine-source/tools/install-sh -m 644  dlls/comsvcs/x86_64-windows/comsvcs.dll /private/tmp/gptk4-runtime/lib/wine/x86_64-windows/comsvcs.dll
tools/winebuild/winebuild --builtin /private/tmp/gptk4-runtime/lib/wine/x86_64-windows/comsvcs.dll
STRIPPROG=llvm-strip /private/tmp/gptk4-wine-source/tools/install-sh -m 644  dlls/concrt140/x86_64-windows/concrt140.dll /private/tmp/gptk4-runtime/lib/wine/x86_64-windows/concrt140.dll
tools/winebuild/winebuild --builtin /private/tmp/gptk4-runtime/lib/wine/x86_64-windows/concrt140.dll
STRIPPROG=llvm-strip /private/tmp/gptk4-wine-source/tools/install-sh -m 644  dlls/connect/x86_64-windows/connect.dll /private/tmp/gptk4-runtime/lib/wine/x86_64-windows/connect.dll
tools/winebuild/winebuild --builtin /private/tmp/gptk4-runtime/lib/wine/x86_64-windows/connect.dll
STRIPPROG=llvm-strip /private/tmp/gptk4-wine-source/tools/install-sh -m 644  dlls/coremessaging/x86_64-windows/coremessaging.dll /private/tmp/gptk4-runtime/lib/wine/x86_64-windows/coremessaging.dll
tools/winebuild/winebuild --builtin /private/tmp/gptk4-runtime/lib/wine/x86_64-windows/coremessaging.dll
STRIPPROG=llvm-strip /private/tmp/gptk4-wine-source/tools/install-sh -m 644  dlls/credui/x86_64-windows/credui.dll /private/tmp/gptk4-runtime/lib/wine/x86_64-windows/credui.dll
tools/winebuild/winebuild --builtin /private/tmp/gptk4-runtime/lib/wine/x86_64-windows/credui.dll
STRIPPROG=llvm-strip /private/tmp/gptk4-wine-source/tools/install-sh -m 644  dlls/crtdll/x86_64-windows/crtdll.dll /private/tmp/gptk4-runtime/lib/wine/x86_64-windows/crtdll.dll
tools/winebuild/winebuild --builtin /private/tmp/gptk4-runtime/lib/wine/x86_64-windows/crtdll.dll
STRIPPROG=llvm-strip /private/tmp/gptk4-wine-source/tools/install-sh -m 644  dlls/crypt32/x86_64-windows/crypt32.dll /private/tmp/gptk4-runtime/lib/wine/x86_64-windows/crypt32.dll
tools/winebuild/winebuild --builtin /private/tmp/gptk4-runtime/lib/wine/x86_64-windows/crypt32.dll
STRIPPROG="strip" /private/tmp/gptk4-wine-source/tools/install-sh  dlls/crypt32/crypt32.so /private/tmp/gptk4-runtime/lib/wine/x86_64-unix/crypt32.so
STRIPPROG=llvm-strip /private/tmp/gptk4-wine-source/tools/install-sh -m 644  dlls/cryptdlg/x86_64-windows/cryptdlg.dll /private/tmp/gptk4-runtime/lib/wine/x86_64-windows/cryptdlg.dll
tools/winebuild/winebuild --builtin /private/tmp/gptk4-runtime/lib/wine/x86_64-windows/cryptdlg.dll
STRIPPROG=llvm-strip /private/tmp/gptk4-wine-source/tools/install-sh -m 644  dlls/cryptdll/x86_64-windows/cryptdll.dll /private/tmp/gptk4-runtime/lib/wine/x86_64-windows/cryptdll.dll
tools/winebuild/winebuild --builtin /private/tmp/gptk4-runtime/lib/wine/x86_64-windows/cryptdll.dll
STRIPPROG=llvm-strip /private/tmp/gptk4-wine-source/tools/install-sh -m 644  dlls/cryptext/x86_64-windows/cryptext.dll /private/tmp/gptk4-runtime/lib/wine/x86_64-windows/cryptext.dll
tools/winebuild/winebuild --builtin /private/tmp/gptk4-runtime/lib/wine/x86_64-windows/cryptext.dll
STRIPPROG=llvm-strip /private/tmp/gptk4-wine-source/tools/install-sh -m 644  dlls/cryptnet/x86_64-windows/cryptnet.dll /private/tmp/gptk4-runtime/lib/wine/x86_64-windows/cryptnet.dll
tools/winebuild/winebuild --builtin /private/tmp/gptk4-runtime/lib/wine/x86_64-windows/cryptnet.dll
STRIPPROG=llvm-strip /private/tmp/gptk4-wine-source/tools/install-sh -m 644  dlls/cryptowinrt/x86_64-windows/cryptowinrt.dll /private/tmp/gptk4-runtime/lib/wine/x86_64-windows/cryptowinrt.dll
tools/winebuild/winebuild --builtin /private/tmp/gptk4-runtime/lib/wine/x86_64-windows/cryptowinrt.dll
STRIPPROG=llvm-strip /private/tmp/gptk4-wine-source/tools/install-sh -m 644  dlls/cryptsp/x86_64-windows/cryptsp.dll /private/tmp/gptk4-runtime/lib/wine/x86_64-windows/cryptsp.dll
tools/winebuild/winebuild --builtin /private/tmp/gptk4-runtime/lib/wine/x86_64-windows/cryptsp.dll
STRIPPROG=llvm-strip /private/tmp/gptk4-wine-source/tools/install-sh -m 644  dlls/cryptui/x86_64-windows/cryptui.dll /private/tmp/gptk4-runtime/lib/wine/x86_64-windows/cryptui.dll
tools/winebuild/winebuild --builtin /private/tmp/gptk4-runtime/lib/wine/x86_64-windows/cryptui.dll
STRIPPROG=llvm-strip /private/tmp/gptk4-wine-source/tools/install-sh -m 644  dlls/ctapi32/x86_64-windows/ctapi32.dll /private/tmp/gptk4-runtime/lib/wine/x86_64-windows/ctapi32.dll
tools/winebuild/winebuild --builtin /private/tmp/gptk4-runtime/lib/wine/x86_64-windows/ctapi32.dll
STRIPPROG="strip" /private/tmp/gptk4-wine-source/tools/install-sh  dlls/ctapi32/ctapi32.so /private/tmp/gptk4-runtime/lib/wine/x86_64-unix/ctapi32.so
STRIPPROG=llvm-strip /private/tmp/gptk4-wine-source/tools/install-sh -m 644  dlls/ctl3d32/x86_64-windows/ctl3d32.dll /private/tmp/gptk4-runtime/lib/wine/x86_64-windows/ctl3d32.dll
tools/winebuild/winebuild --builtin /private/tmp/gptk4-runtime/lib/wine/x86_64-windows/ctl3d32.dll
STRIPPROG=llvm-strip /private/tmp/gptk4-wine-source/tools/install-sh -m 644  dlls/d2d1/x86_64-windows/d2d1.dll /private/tmp/gptk4-runtime/lib/wine/x86_64-windows/d2d1.dll
tools/winebuild/winebuild --builtin /private/tmp/gptk4-runtime/lib/wine/x86_64-windows/d2d1.dll
STRIPPROG=llvm-strip /private/tmp/gptk4-wine-source/tools/install-sh -m 644  dlls/d3d10/x86_64-windows/d3d10.dll /private/tmp/gptk4-runtime/lib/wine/x86_64-windows/d3d10.dll
tools/winebuild/winebuild --builtin /private/tmp/gptk4-runtime/lib/wine/x86_64-windows/d3d10.dll
STRIPPROG=llvm-strip /private/tmp/gptk4-wine-source/tools/install-sh -m 644  dlls/d3d10_1/x86_64-windows/d3d10_1.dll /private/tmp/gptk4-runtime/lib/wine/x86_64-windows/d3d10_1.dll
tools/winebuild/winebuild --builtin /private/tmp/gptk4-runtime/lib/wine/x86_64-windows/d3d10_1.dll
STRIPPROG=llvm-strip /private/tmp/gptk4-wine-source/tools/install-sh -m 644  dlls/d3d10core/x86_64-windows/d3d10core.dll /private/tmp/gptk4-runtime/lib/wine/x86_64-windows/d3d10core.dll
tools/winebuild/winebuild --builtin /private/tmp/gptk4-runtime/lib/wine/x86_64-windows/d3d10core.dll
STRIPPROG=llvm-strip /private/tmp/gptk4-wine-source/tools/install-sh -m 644  dlls/d3d11/x86_64-windows/d3d11.dll /private/tmp/gptk4-runtime/lib/wine/x86_64-windows/d3d11.dll
tools/winebuild/winebuild --builtin /private/tmp/gptk4-runtime/lib/wine/x86_64-windows/d3d11.dll
STRIPPROG=llvm-strip /private/tmp/gptk4-wine-source/tools/install-sh -m 644  dlls/d3d12/x86_64-windows/d3d12.dll /private/tmp/gptk4-runtime/lib/wine/x86_64-windows/d3d12.dll
tools/winebuild/winebuild --builtin /private/tmp/gptk4-runtime/lib/wine/x86_64-windows/d3d12.dll
STRIPPROG=llvm-strip /private/tmp/gptk4-wine-source/tools/install-sh -m 644  dlls/d3d12core/x86_64-windows/d3d12core.dll /private/tmp/gptk4-runtime/lib/wine/x86_64-windows/d3d12core.dll
tools/winebuild/winebuild --builtin /private/tmp/gptk4-runtime/lib/wine/x86_64-windows/d3d12core.dll
STRIPPROG=llvm-strip /private/tmp/gptk4-wine-source/tools/install-sh -m 644  dlls/d3d8/x86_64-windows/d3d8.dll /private/tmp/gptk4-runtime/lib/wine/x86_64-windows/d3d8.dll
tools/winebuild/winebuild --builtin /private/tmp/gptk4-runtime/lib/wine/x86_64-windows/d3d8.dll
STRIPPROG=llvm-strip /private/tmp/gptk4-wine-source/tools/install-sh -m 644  dlls/d3d8thk/x86_64-windows/d3d8thk.dll /private/tmp/gptk4-runtime/lib/wine/x86_64-windows/d3d8thk.dll
tools/winebuild/winebuild --builtin /private/tmp/gptk4-runtime/lib/wine/x86_64-windows/d3d8thk.dll
STRIPPROG=llvm-strip /private/tmp/gptk4-wine-source/tools/install-sh -m 644  dlls/d3d9/x86_64-windows/d3d9.dll /private/tmp/gptk4-runtime/lib/wine/x86_64-windows/d3d9.dll
tools/winebuild/winebuild --builtin /private/tmp/gptk4-runtime/lib/wine/x86_64-windows/d3d9.dll
STRIPPROG=llvm-strip /private/tmp/gptk4-wine-source/tools/install-sh -m 644  dlls/d3dcompiler_33/x86_64-windows/d3dcompiler_33.dll /private/tmp/gptk4-runtime/lib/wine/x86_64-windows/d3dcompiler_33.dll
tools/winebuild/winebuild --builtin /private/tmp/gptk4-runtime/lib/wine/x86_64-windows/d3dcompiler_33.dll
STRIPPROG=llvm-strip /private/tmp/gptk4-wine-source/tools/install-sh -m 644  dlls/d3dcompiler_34/x86_64-windows/d3dcompiler_34.dll /private/tmp/gptk4-runtime/lib/wine/x86_64-windows/d3dcompiler_34.dll
tools/winebuild/winebuild --builtin /private/tmp/gptk4-runtime/lib/wine/x86_64-windows/d3dcompiler_34.dll
STRIPPROG=llvm-strip /private/tmp/gptk4-wine-source/tools/install-sh -m 644  dlls/d3dcompiler_35/x86_64-windows/d3dcompiler_35.dll /private/tmp/gptk4-runtime/lib/wine/x86_64-windows/d3dcompiler_35.dll
tools/winebuild/winebuild --builtin /private/tmp/gptk4-runtime/lib/wine/x86_64-windows/d3dcompiler_35.dll
STRIPPROG=llvm-strip /private/tmp/gptk4-wine-source/tools/install-sh -m 644  dlls/d3dcompiler_36/x86_64-windows/d3dcompiler_36.dll /private/tmp/gptk4-runtime/lib/wine/x86_64-windows/d3dcompiler_36.dll
tools/winebuild/winebuild --builtin /private/tmp/gptk4-runtime/lib/wine/x86_64-windows/d3dcompiler_36.dll
STRIPPROG=llvm-strip /private/tmp/gptk4-wine-source/tools/install-sh -m 644  dlls/d3dcompiler_37/x86_64-windows/d3dcompiler_37.dll /private/tmp/gptk4-runtime/lib/wine/x86_64-windows/d3dcompiler_37.dll
tools/winebuild/winebuild --builtin /private/tmp/gptk4-runtime/lib/wine/x86_64-windows/d3dcompiler_37.dll
STRIPPROG=llvm-strip /private/tmp/gptk4-wine-source/tools/install-sh -m 644  dlls/d3dcompiler_38/x86_64-windows/d3dcompiler_38.dll /private/tmp/gptk4-runtime/lib/wine/x86_64-windows/d3dcompiler_38.dll
tools/winebuild/winebuild --builtin /private/tmp/gptk4-runtime/lib/wine/x86_64-windows/d3dcompiler_38.dll
STRIPPROG=llvm-strip /private/tmp/gptk4-wine-source/tools/install-sh -m 644  dlls/d3dcompiler_39/x86_64-windows/d3dcompiler_39.dll /private/tmp/gptk4-runtime/lib/wine/x86_64-windows/d3dcompiler_39.dll
tools/winebuild/winebuild --builtin /private/tmp/gptk4-runtime/lib/wine/x86_64-windows/d3dcompiler_39.dll
STRIPPROG=llvm-strip /private/tmp/gptk4-wine-source/tools/install-sh -m 644  dlls/d3dcompiler_40/x86_64-windows/d3dcompiler_40.dll /private/tmp/gptk4-runtime/lib/wine/x86_64-windows/d3dcompiler_40.dll
tools/winebuild/winebuild --builtin /private/tmp/gptk4-runtime/lib/wine/x86_64-windows/d3dcompiler_40.dll
STRIPPROG=llvm-strip /private/tmp/gptk4-wine-source/tools/install-sh -m 644  dlls/d3dcompiler_41/x86_64-windows/d3dcompiler_41.dll /private/tmp/gptk4-runtime/lib/wine/x86_64-windows/d3dcompiler_41.dll
tools/winebuild/winebuild --builtin /private/tmp/gptk4-runtime/lib/wine/x86_64-windows/d3dcompiler_41.dll
STRIPPROG=llvm-strip /private/tmp/gptk4-wine-source/tools/install-sh -m 644  dlls/d3dcompiler_42/x86_64-windows/d3dcompiler_42.dll /private/tmp/gptk4-runtime/lib/wine/x86_64-windows/d3dcompiler_42.dll
tools/winebuild/winebuild --builtin /private/tmp/gptk4-runtime/lib/wine/x86_64-windows/d3dcompiler_42.dll
STRIPPROG=llvm-strip /private/tmp/gptk4-wine-source/tools/install-sh -m 644  dlls/d3dcompiler_43/x86_64-windows/d3dcompiler_43.dll /private/tmp/gptk4-runtime/lib/wine/x86_64-windows/d3dcompiler_43.dll
tools/winebuild/winebuild --builtin /private/tmp/gptk4-runtime/lib/wine/x86_64-windows/d3dcompiler_43.dll
STRIPPROG=llvm-strip /private/tmp/gptk4-wine-source/tools/install-sh -m 644  dlls/d3dcompiler_46/x86_64-windows/d3dcompiler_46.dll /private/tmp/gptk4-runtime/lib/wine/x86_64-windows/d3dcompiler_46.dll
tools/winebuild/winebuild --builtin /private/tmp/gptk4-runtime/lib/wine/x86_64-windows/d3dcompiler_46.dll
STRIPPROG=llvm-strip /private/tmp/gptk4-wine-source/tools/install-sh -m 644  dlls/d3dcompiler_47/x86_64-windows/d3dcompiler_47.dll /private/tmp/gptk4-runtime/lib/wine/x86_64-windows/d3dcompiler_47.dll
tools/winebuild/winebuild --builtin /private/tmp/gptk4-runtime/lib/wine/x86_64-windows/d3dcompiler_47.dll
STRIPPROG=llvm-strip /private/tmp/gptk4-wine-source/tools/install-sh -m 644  dlls/d3dim/x86_64-windows/d3dim.dll /private/tmp/gptk4-runtime/lib/wine/x86_64-windows/d3dim.dll
tools/winebuild/winebuild --builtin /private/tmp/gptk4-runtime/lib/wine/x86_64-windows/d3dim.dll
STRIPPROG=llvm-strip /private/tmp/gptk4-wine-source/tools/install-sh -m 644  dlls/d3dim700/x86_64-windows/d3dim700.dll /private/tmp/gptk4-runtime/lib/wine/x86_64-windows/d3dim700.dll
tools/winebuild/winebuild --builtin /private/tmp/gptk4-runtime/lib/wine/x86_64-windows/d3dim700.dll
STRIPPROG=llvm-strip /private/tmp/gptk4-wine-source/tools/install-sh -m 644  dlls/d3drm/x86_64-windows/d3drm.dll /private/tmp/gptk4-runtime/lib/wine/x86_64-windows/d3drm.dll
tools/winebuild/winebuild --builtin /private/tmp/gptk4-runtime/lib/wine/x86_64-windows/d3drm.dll
STRIPPROG=llvm-strip /private/tmp/gptk4-wine-source/tools/install-sh -m 644  dlls/d3dx10_33/x86_64-windows/d3dx10_33.dll /private/tmp/gptk4-runtime/lib/wine/x86_64-windows/d3dx10_33.dll
tools/winebuild/winebuild --builtin /private/tmp/gptk4-runtime/lib/wine/x86_64-windows/d3dx10_33.dll
STRIPPROG=llvm-strip /private/tmp/gptk4-wine-source/tools/install-sh -m 644  dlls/d3dx10_34/x86_64-windows/d3dx10_34.dll /private/tmp/gptk4-runtime/lib/wine/x86_64-windows/d3dx10_34.dll
tools/winebuild/winebuild --builtin /private/tmp/gptk4-runtime/lib/wine/x86_64-windows/d3dx10_34.dll
STRIPPROG=llvm-strip /private/tmp/gptk4-wine-source/tools/install-sh -m 644  dlls/d3dx10_35/x86_64-windows/d3dx10_35.dll /private/tmp/gptk4-runtime/lib/wine/x86_64-windows/d3dx10_35.dll
tools/winebuild/winebuild --builtin /private/tmp/gptk4-runtime/lib/wine/x86_64-windows/d3dx10_35.dll
STRIPPROG=llvm-strip /private/tmp/gptk4-wine-source/tools/install-sh -m 644  dlls/d3dx10_36/x86_64-windows/d3dx10_36.dll /private/tmp/gptk4-runtime/lib/wine/x86_64-windows/d3dx10_36.dll
tools/winebuild/winebuild --builtin /private/tmp/gptk4-runtime/lib/wine/x86_64-windows/d3dx10_36.dll
STRIPPROG=llvm-strip /private/tmp/gptk4-wine-source/tools/install-sh -m 644  dlls/d3dx10_37/x86_64-windows/d3dx10_37.dll /private/tmp/gptk4-runtime/lib/wine/x86_64-windows/d3dx10_37.dll
tools/winebuild/winebuild --builtin /private/tmp/gptk4-runtime/lib/wine/x86_64-windows/d3dx10_37.dll
STRIPPROG=llvm-strip /private/tmp/gptk4-wine-source/tools/install-sh -m 644  dlls/d3dx10_38/x86_64-windows/d3dx10_38.dll /private/tmp/gptk4-runtime/lib/wine/x86_64-windows/d3dx10_38.dll
tools/winebuild/winebuild --builtin /private/tmp/gptk4-runtime/lib/wine/x86_64-windows/d3dx10_38.dll
STRIPPROG=llvm-strip /private/tmp/gptk4-wine-source/tools/install-sh -m 644  dlls/d3dx10_39/x86_64-windows/d3dx10_39.dll /private/tmp/gptk4-runtime/lib/wine/x86_64-windows/d3dx10_39.dll
tools/winebuild/winebuild --builtin /private/tmp/gptk4-runtime/lib/wine/x86_64-windows/d3dx10_39.dll
STRIPPROG=llvm-strip /private/tmp/gptk4-wine-source/tools/install-sh -m 644  dlls/d3dx10_40/x86_64-windows/d3dx10_40.dll /private/tmp/gptk4-runtime/lib/wine/x86_64-windows/d3dx10_40.dll
tools/winebuild/winebuild --builtin /private/tmp/gptk4-runtime/lib/wine/x86_64-windows/d3dx10_40.dll
STRIPPROG=llvm-strip /private/tmp/gptk4-wine-source/tools/install-sh -m 644  dlls/d3dx10_41/x86_64-windows/d3dx10_41.dll /private/tmp/gptk4-runtime/lib/wine/x86_64-windows/d3dx10_41.dll
tools/winebuild/winebuild --builtin /private/tmp/gptk4-runtime/lib/wine/x86_64-windows/d3dx10_41.dll
STRIPPROG=llvm-strip /private/tmp/gptk4-wine-source/tools/install-sh -m 644  dlls/d3dx10_42/x86_64-windows/d3dx10_42.dll /private/tmp/gptk4-runtime/lib/wine/x86_64-windows/d3dx10_42.dll
tools/winebuild/winebuild --builtin /private/tmp/gptk4-runtime/lib/wine/x86_64-windows/d3dx10_42.dll
STRIPPROG=llvm-strip /private/tmp/gptk4-wine-source/tools/install-sh -m 644  dlls/d3dx10_43/x86_64-windows/d3dx10_43.dll /private/tmp/gptk4-runtime/lib/wine/x86_64-windows/d3dx10_43.dll
tools/winebuild/winebuild --builtin /private/tmp/gptk4-runtime/lib/wine/x86_64-windows/d3dx10_43.dll
STRIPPROG=llvm-strip /private/tmp/gptk4-wine-source/tools/install-sh -m 644  dlls/d3dx11_42/x86_64-windows/d3dx11_42.dll /private/tmp/gptk4-runtime/lib/wine/x86_64-windows/d3dx11_42.dll
tools/winebuild/winebuild --builtin /private/tmp/gptk4-runtime/lib/wine/x86_64-windows/d3dx11_42.dll
STRIPPROG=llvm-strip /private/tmp/gptk4-wine-source/tools/install-sh -m 644  dlls/d3dx11_43/x86_64-windows/d3dx11_43.dll /private/tmp/gptk4-runtime/lib/wine/x86_64-windows/d3dx11_43.dll
tools/winebuild/winebuild --builtin /private/tmp/gptk4-runtime/lib/wine/x86_64-windows/d3dx11_43.dll
STRIPPROG=llvm-strip /private/tmp/gptk4-wine-source/tools/install-sh -m 644  dlls/d3dx9_24/x86_64-windows/d3dx9_24.dll /private/tmp/gptk4-runtime/lib/wine/x86_64-windows/d3dx9_24.dll
tools/winebuild/winebuild --builtin /private/tmp/gptk4-runtime/lib/wine/x86_64-windows/d3dx9_24.dll
STRIPPROG=llvm-strip /private/tmp/gptk4-wine-source/tools/install-sh -m 644  dlls/d3dx9_25/x86_64-windows/d3dx9_25.dll /private/tmp/gptk4-runtime/lib/wine/x86_64-windows/d3dx9_25.dll
tools/winebuild/winebuild --builtin /private/tmp/gptk4-runtime/lib/wine/x86_64-windows/d3dx9_25.dll
STRIPPROG=llvm-strip /private/tmp/gptk4-wine-source/tools/install-sh -m 644  dlls/d3dx9_26/x86_64-windows/d3dx9_26.dll /private/tmp/gptk4-runtime/lib/wine/x86_64-windows/d3dx9_26.dll
tools/winebuild/winebuild --builtin /private/tmp/gptk4-runtime/lib/wine/x86_64-windows/d3dx9_26.dll
STRIPPROG=llvm-strip /private/tmp/gptk4-wine-source/tools/install-sh -m 644  dlls/d3dx9_27/x86_64-windows/d3dx9_27.dll /private/tmp/gptk4-runtime/lib/wine/x86_64-windows/d3dx9_27.dll
tools/winebuild/winebuild --builtin /private/tmp/gptk4-runtime/lib/wine/x86_64-windows/d3dx9_27.dll
STRIPPROG=llvm-strip /private/tmp/gptk4-wine-source/tools/install-sh -m 644  dlls/d3dx9_28/x86_64-windows/d3dx9_28.dll /private/tmp/gptk4-runtime/lib/wine/x86_64-windows/d3dx9_28.dll
tools/winebuild/winebuild --builtin /private/tmp/gptk4-runtime/lib/wine/x86_64-windows/d3dx9_28.dll
STRIPPROG=llvm-strip /private/tmp/gptk4-wine-source/tools/install-sh -m 644  dlls/d3dx9_29/x86_64-windows/d3dx9_29.dll /private/tmp/gptk4-runtime/lib/wine/x86_64-windows/d3dx9_29.dll
tools/winebuild/winebuild --builtin /private/tmp/gptk4-runtime/lib/wine/x86_64-windows/d3dx9_29.dll
STRIPPROG=llvm-strip /private/tmp/gptk4-wine-source/tools/install-sh -m 644  dlls/d3dx9_30/x86_64-windows/d3dx9_30.dll /private/tmp/gptk4-runtime/lib/wine/x86_64-windows/d3dx9_30.dll
tools/winebuild/winebuild --builtin /private/tmp/gptk4-runtime/lib/wine/x86_64-windows/d3dx9_30.dll
STRIPPROG=llvm-strip /private/tmp/gptk4-wine-source/tools/install-sh -m 644  dlls/d3dx9_31/x86_64-windows/d3dx9_31.dll /private/tmp/gptk4-runtime/lib/wine/x86_64-windows/d3dx9_31.dll
tools/winebuild/winebuild --builtin /private/tmp/gptk4-runtime/lib/wine/x86_64-windows/d3dx9_31.dll
STRIPPROG=llvm-strip /private/tmp/gptk4-wine-source/tools/install-sh -m 644  dlls/d3dx9_32/x86_64-windows/d3dx9_32.dll /private/tmp/gptk4-runtime/lib/wine/x86_64-windows/d3dx9_32.dll
tools/winebuild/winebuild --builtin /private/tmp/gptk4-runtime/lib/wine/x86_64-windows/d3dx9_32.dll
STRIPPROG=llvm-strip /private/tmp/gptk4-wine-source/tools/install-sh -m 644  dlls/d3dx9_33/x86_64-windows/d3dx9_33.dll /private/tmp/gptk4-runtime/lib/wine/x86_64-windows/d3dx9_33.dll
tools/winebuild/winebuild --builtin /private/tmp/gptk4-runtime/lib/wine/x86_64-windows/d3dx9_33.dll
STRIPPROG=llvm-strip /private/tmp/gptk4-wine-source/tools/install-sh -m 644  dlls/d3dx9_34/x86_64-windows/d3dx9_34.dll /private/tmp/gptk4-runtime/lib/wine/x86_64-windows/d3dx9_34.dll
tools/winebuild/winebuild --builtin /private/tmp/gptk4-runtime/lib/wine/x86_64-windows/d3dx9_34.dll
STRIPPROG=llvm-strip /private/tmp/gptk4-wine-source/tools/install-sh -m 644  dlls/d3dx9_35/x86_64-windows/d3dx9_35.dll /private/tmp/gptk4-runtime/lib/wine/x86_64-windows/d3dx9_35.dll
tools/winebuild/winebuild --builtin /private/tmp/gptk4-runtime/lib/wine/x86_64-windows/d3dx9_35.dll
STRIPPROG=llvm-strip /private/tmp/gptk4-wine-source/tools/install-sh -m 644  dlls/d3dx9_36/x86_64-windows/d3dx9_36.dll /private/tmp/gptk4-runtime/lib/wine/x86_64-windows/d3dx9_36.dll
tools/winebuild/winebuild --builtin /private/tmp/gptk4-runtime/lib/wine/x86_64-windows/d3dx9_36.dll
STRIPPROG=llvm-strip /private/tmp/gptk4-wine-source/tools/install-sh -m 644  dlls/d3dx9_37/x86_64-windows/d3dx9_37.dll /private/tmp/gptk4-runtime/lib/wine/x86_64-windows/d3dx9_37.dll
tools/winebuild/winebuild --builtin /private/tmp/gptk4-runtime/lib/wine/x86_64-windows/d3dx9_37.dll
STRIPPROG=llvm-strip /private/tmp/gptk4-wine-source/tools/install-sh -m 644  dlls/d3dx9_38/x86_64-windows/d3dx9_38.dll /private/tmp/gptk4-runtime/lib/wine/x86_64-windows/d3dx9_38.dll
tools/winebuild/winebuild --builtin /private/tmp/gptk4-runtime/lib/wine/x86_64-windows/d3dx9_38.dll
STRIPPROG=llvm-strip /private/tmp/gptk4-wine-source/tools/install-sh -m 644  dlls/d3dx9_39/x86_64-windows/d3dx9_39.dll /private/tmp/gptk4-runtime/lib/wine/x86_64-windows/d3dx9_39.dll
tools/winebuild/winebuild --builtin /private/tmp/gptk4-runtime/lib/wine/x86_64-windows/d3dx9_39.dll
STRIPPROG=llvm-strip /private/tmp/gptk4-wine-source/tools/install-sh -m 644  dlls/d3dx9_40/x86_64-windows/d3dx9_40.dll /private/tmp/gptk4-runtime/lib/wine/x86_64-windows/d3dx9_40.dll
tools/winebuild/winebuild --builtin /private/tmp/gptk4-runtime/lib/wine/x86_64-windows/d3dx9_40.dll
STRIPPROG=llvm-strip /private/tmp/gptk4-wine-source/tools/install-sh -m 644  dlls/d3dx9_41/x86_64-windows/d3dx9_41.dll /private/tmp/gptk4-runtime/lib/wine/x86_64-windows/d3dx9_41.dll
tools/winebuild/winebuild --builtin /private/tmp/gptk4-runtime/lib/wine/x86_64-windows/d3dx9_41.dll
STRIPPROG=llvm-strip /private/tmp/gptk4-wine-source/tools/install-sh -m 644  dlls/d3dx9_42/x86_64-windows/d3dx9_42.dll /private/tmp/gptk4-runtime/lib/wine/x86_64-windows/d3dx9_42.dll
tools/winebuild/winebuild --builtin /private/tmp/gptk4-runtime/lib/wine/x86_64-windows/d3dx9_42.dll
STRIPPROG=llvm-strip /private/tmp/gptk4-wine-source/tools/install-sh -m 644  dlls/d3dx9_43/x86_64-windows/d3dx9_43.dll /private/tmp/gptk4-runtime/lib/wine/x86_64-windows/d3dx9_43.dll
tools/winebuild/winebuild --builtin /private/tmp/gptk4-runtime/lib/wine/x86_64-windows/d3dx9_43.dll
STRIPPROG=llvm-strip /private/tmp/gptk4-wine-source/tools/install-sh -m 644  dlls/d3dxof/x86_64-windows/d3dxof.dll /private/tmp/gptk4-runtime/lib/wine/x86_64-windows/d3dxof.dll
tools/winebuild/winebuild --builtin /private/tmp/gptk4-runtime/lib/wine/x86_64-windows/d3dxof.dll
STRIPPROG=llvm-strip /private/tmp/gptk4-wine-source/tools/install-sh -m 644  dlls/dataexchange/x86_64-windows/dataexchange.dll /private/tmp/gptk4-runtime/lib/wine/x86_64-windows/dataexchange.dll
tools/winebuild/winebuild --builtin /private/tmp/gptk4-runtime/lib/wine/x86_64-windows/dataexchange.dll
STRIPPROG=llvm-strip /private/tmp/gptk4-wine-source/tools/install-sh -m 644  dlls/davclnt/x86_64-windows/davclnt.dll /private/tmp/gptk4-runtime/lib/wine/x86_64-windows/davclnt.dll
tools/winebuild/winebuild --builtin /private/tmp/gptk4-runtime/lib/wine/x86_64-windows/davclnt.dll
STRIPPROG=llvm-strip /private/tmp/gptk4-wine-source/tools/install-sh -m 644  dlls/dbgeng/x86_64-windows/dbgeng.dll /private/tmp/gptk4-runtime/lib/wine/x86_64-windows/dbgeng.dll
tools/winebuild/winebuild --builtin /private/tmp/gptk4-runtime/lib/wine/x86_64-windows/dbgeng.dll
STRIPPROG=llvm-strip /private/tmp/gptk4-wine-source/tools/install-sh -m 644  dlls/dbghelp/x86_64-windows/dbghelp.dll /private/tmp/gptk4-runtime/lib/wine/x86_64-windows/dbghelp.dll
tools/winebuild/winebuild --builtin /private/tmp/gptk4-runtime/lib/wine/x86_64-windows/dbghelp.dll
STRIPPROG=llvm-strip /private/tmp/gptk4-wine-source/tools/install-sh -m 644  dlls/dciman32/x86_64-windows/dciman32.dll /private/tmp/gptk4-runtime/lib/wine/x86_64-windows/dciman32.dll
tools/winebuild/winebuild --builtin /private/tmp/gptk4-runtime/lib/wine/x86_64-windows/dciman32.dll
STRIPPROG=llvm-strip /private/tmp/gptk4-wine-source/tools/install-sh -m 644  dlls/dcomp/x86_64-windows/dcomp.dll /private/tmp/gptk4-runtime/lib/wine/x86_64-windows/dcomp.dll
tools/winebuild/winebuild --builtin /private/tmp/gptk4-runtime/lib/wine/x86_64-windows/dcomp.dll
STRIPPROG=llvm-strip /private/tmp/gptk4-wine-source/tools/install-sh -m 644  dlls/ddraw/x86_64-windows/ddraw.dll /private/tmp/gptk4-runtime/lib/wine/x86_64-windows/ddraw.dll
tools/winebuild/winebuild --builtin /private/tmp/gptk4-runtime/lib/wine/x86_64-windows/ddraw.dll
STRIPPROG=llvm-strip /private/tmp/gptk4-wine-source/tools/install-sh -m 644  dlls/ddrawex/x86_64-windows/ddrawex.dll /private/tmp/gptk4-runtime/lib/wine/x86_64-windows/ddrawex.dll
tools/winebuild/winebuild --builtin /private/tmp/gptk4-runtime/lib/wine/x86_64-windows/ddrawex.dll
STRIPPROG=llvm-strip /private/tmp/gptk4-wine-source/tools/install-sh -m 644  dlls/desk.cpl/x86_64-windows/desk.cpl /private/tmp/gptk4-runtime/lib/wine/x86_64-windows/desk.cpl
tools/winebuild/winebuild --builtin /private/tmp/gptk4-runtime/lib/wine/x86_64-windows/desk.cpl
STRIPPROG=llvm-strip /private/tmp/gptk4-wine-source/tools/install-sh -m 644  dlls/devenum/x86_64-windows/devenum.dll /private/tmp/gptk4-runtime/lib/wine/x86_64-windows/devenum.dll
tools/winebuild/winebuild --builtin /private/tmp/gptk4-runtime/lib/wine/x86_64-windows/devenum.dll
STRIPPROG=llvm-strip /private/tmp/gptk4-wine-source/tools/install-sh -m 644  dlls/dhcpcsvc/x86_64-windows/dhcpcsvc.dll /private/tmp/gptk4-runtime/lib/wine/x86_64-windows/dhcpcsvc.dll
tools/winebuild/winebuild --builtin /private/tmp/gptk4-runtime/lib/wine/x86_64-windows/dhcpcsvc.dll
STRIPPROG=llvm-strip /private/tmp/gptk4-wine-source/tools/install-sh -m 644  dlls/dhcpcsvc6/x86_64-windows/dhcpcsvc6.dll /private/tmp/gptk4-runtime/lib/wine/x86_64-windows/dhcpcsvc6.dll
tools/winebuild/winebuild --builtin /private/tmp/gptk4-runtime/lib/wine/x86_64-windows/dhcpcsvc6.dll
STRIPPROG=llvm-strip /private/tmp/gptk4-wine-source/tools/install-sh -m 644  dlls/dhtmled.ocx/x86_64-windows/dhtmled.ocx /private/tmp/gptk4-runtime/lib/wine/x86_64-windows/dhtmled.ocx
tools/winebuild/winebuild --builtin /private/tmp/gptk4-runtime/lib/wine/x86_64-windows/dhtmled.ocx
STRIPPROG=llvm-strip /private/tmp/gptk4-wine-source/tools/install-sh -m 644  dlls/diasymreader/x86_64-windows/diasymreader.dll /private/tmp/gptk4-runtime/lib/wine/x86_64-windows/diasymreader.dll
tools/winebuild/winebuild --builtin /private/tmp/gptk4-runtime/lib/wine/x86_64-windows/diasymreader.dll
STRIPPROG=llvm-strip /private/tmp/gptk4-wine-source/tools/install-sh -m 644  dlls/difxapi/x86_64-windows/difxapi.dll /private/tmp/gptk4-runtime/lib/wine/x86_64-windows/difxapi.dll
tools/winebuild/winebuild --builtin /private/tmp/gptk4-runtime/lib/wine/x86_64-windows/difxapi.dll
STRIPPROG=llvm-strip /private/tmp/gptk4-wine-source/tools/install-sh -m 644  dlls/dinput/x86_64-windows/dinput.dll /private/tmp/gptk4-runtime/lib/wine/x86_64-windows/dinput.dll
tools/winebuild/winebuild --builtin /private/tmp/gptk4-runtime/lib/wine/x86_64-windows/dinput.dll
STRIPPROG=llvm-strip /private/tmp/gptk4-wine-source/tools/install-sh -m 644  dlls/dinput8/x86_64-windows/dinput8.dll /private/tmp/gptk4-runtime/lib/wine/x86_64-windows/dinput8.dll
tools/winebuild/winebuild --builtin /private/tmp/gptk4-runtime/lib/wine/x86_64-windows/dinput8.dll
STRIPPROG=llvm-strip /private/tmp/gptk4-wine-source/tools/install-sh -m 644  dlls/directmanipulation/x86_64-windows/directmanipulation.dll /private/tmp/gptk4-runtime/lib/wine/x86_64-windows/directmanipulation.dll
tools/winebuild/winebuild --builtin /private/tmp/gptk4-runtime/lib/wine/x86_64-windows/directmanipulation.dll
STRIPPROG=llvm-strip /private/tmp/gptk4-wine-source/tools/install-sh -m 644  dlls/dispex/x86_64-windows/dispex.dll /private/tmp/gptk4-runtime/lib/wine/x86_64-windows/dispex.dll
tools/winebuild/winebuild --builtin /private/tmp/gptk4-runtime/lib/wine/x86_64-windows/dispex.dll
STRIPPROG=llvm-strip /private/tmp/gptk4-wine-source/tools/install-sh -m 644  dlls/dmband/x86_64-windows/dmband.dll /private/tmp/gptk4-runtime/lib/wine/x86_64-windows/dmband.dll
tools/winebuild/winebuild --builtin /private/tmp/gptk4-runtime/lib/wine/x86_64-windows/dmband.dll
STRIPPROG=llvm-strip /private/tmp/gptk4-wine-source/tools/install-sh -m 644  dlls/dmcompos/x86_64-windows/dmcompos.dll /private/tmp/gptk4-runtime/lib/wine/x86_64-windows/dmcompos.dll
tools/winebuild/winebuild --builtin /private/tmp/gptk4-runtime/lib/wine/x86_64-windows/dmcompos.dll
STRIPPROG=llvm-strip /private/tmp/gptk4-wine-source/tools/install-sh -m 644  dlls/dmime/x86_64-windows/dmime.dll /private/tmp/gptk4-runtime/lib/wine/x86_64-windows/dmime.dll
tools/winebuild/winebuild --builtin /private/tmp/gptk4-runtime/lib/wine/x86_64-windows/dmime.dll
STRIPPROG=llvm-strip /private/tmp/gptk4-wine-source/tools/install-sh -m 644  dlls/dmloader/x86_64-windows/dmloader.dll /private/tmp/gptk4-runtime/lib/wine/x86_64-windows/dmloader.dll
tools/winebuild/winebuild --builtin /private/tmp/gptk4-runtime/lib/wine/x86_64-windows/dmloader.dll
STRIPPROG=llvm-strip /private/tmp/gptk4-wine-source/tools/install-sh -m 644  dlls/dmscript/x86_64-windows/dmscript.dll /private/tmp/gptk4-runtime/lib/wine/x86_64-windows/dmscript.dll
tools/winebuild/winebuild --builtin /private/tmp/gptk4-runtime/lib/wine/x86_64-windows/dmscript.dll
STRIPPROG=llvm-strip /private/tmp/gptk4-wine-source/tools/install-sh -m 644  dlls/dmstyle/x86_64-windows/dmstyle.dll /private/tmp/gptk4-runtime/lib/wine/x86_64-windows/dmstyle.dll
tools/winebuild/winebuild --builtin /private/tmp/gptk4-runtime/lib/wine/x86_64-windows/dmstyle.dll
STRIPPROG=llvm-strip /private/tmp/gptk4-wine-source/tools/install-sh -m 644  dlls/dmsynth/x86_64-windows/dmsynth.dll /private/tmp/gptk4-runtime/lib/wine/x86_64-windows/dmsynth.dll
tools/winebuild/winebuild --builtin /private/tmp/gptk4-runtime/lib/wine/x86_64-windows/dmsynth.dll
STRIPPROG=llvm-strip /private/tmp/gptk4-wine-source/tools/install-sh -m 644  dlls/dmusic/x86_64-windows/dmusic.dll /private/tmp/gptk4-runtime/lib/wine/x86_64-windows/dmusic.dll
tools/winebuild/winebuild --builtin /private/tmp/gptk4-runtime/lib/wine/x86_64-windows/dmusic.dll
STRIPPROG=llvm-strip /private/tmp/gptk4-wine-source/tools/install-sh -m 644  dlls/dmusic32/x86_64-windows/dmusic32.dll /private/tmp/gptk4-runtime/lib/wine/x86_64-windows/dmusic32.dll
tools/winebuild/winebuild --builtin /private/tmp/gptk4-runtime/lib/wine/x86_64-windows/dmusic32.dll
STRIPPROG=llvm-strip /private/tmp/gptk4-wine-source/tools/install-sh -m 644  dlls/dnsapi/x86_64-windows/dnsapi.dll /private/tmp/gptk4-runtime/lib/wine/x86_64-windows/dnsapi.dll
tools/winebuild/winebuild --builtin /private/tmp/gptk4-runtime/lib/wine/x86_64-windows/dnsapi.dll
STRIPPROG="strip" /private/tmp/gptk4-wine-source/tools/install-sh  dlls/dnsapi/dnsapi.so /private/tmp/gptk4-runtime/lib/wine/x86_64-unix/dnsapi.so
STRIPPROG=llvm-strip /private/tmp/gptk4-wine-source/tools/install-sh -m 644  dlls/dplay/x86_64-windows/dplay.dll /private/tmp/gptk4-runtime/lib/wine/x86_64-windows/dplay.dll
tools/winebuild/winebuild --builtin /private/tmp/gptk4-runtime/lib/wine/x86_64-windows/dplay.dll
STRIPPROG=llvm-strip /private/tmp/gptk4-wine-source/tools/install-sh -m 644  dlls/dplayx/x86_64-windows/dplayx.dll /private/tmp/gptk4-runtime/lib/wine/x86_64-windows/dplayx.dll
tools/winebuild/winebuild --builtin /private/tmp/gptk4-runtime/lib/wine/x86_64-windows/dplayx.dll
STRIPPROG=llvm-strip /private/tmp/gptk4-wine-source/tools/install-sh -m 644  dlls/dpnaddr/x86_64-windows/dpnaddr.dll /private/tmp/gptk4-runtime/lib/wine/x86_64-windows/dpnaddr.dll
tools/winebuild/winebuild --builtin /private/tmp/gptk4-runtime/lib/wine/x86_64-windows/dpnaddr.dll
STRIPPROG=llvm-strip /private/tmp/gptk4-wine-source/tools/install-sh -m 644  dlls/dpnet/x86_64-windows/dpnet.dll /private/tmp/gptk4-runtime/lib/wine/x86_64-windows/dpnet.dll
tools/winebuild/winebuild --builtin /private/tmp/gptk4-runtime/lib/wine/x86_64-windows/dpnet.dll
STRIPPROG=llvm-strip /private/tmp/gptk4-wine-source/tools/install-sh -m 644  dlls/dpnhpast/x86_64-windows/dpnhpast.dll /private/tmp/gptk4-runtime/lib/wine/x86_64-windows/dpnhpast.dll
tools/winebuild/winebuild --builtin /private/tmp/gptk4-runtime/lib/wine/x86_64-windows/dpnhpast.dll
STRIPPROG=llvm-strip /private/tmp/gptk4-wine-source/tools/install-sh -m 644  dlls/dpnhupnp/x86_64-windows/dpnhupnp.dll /private/tmp/gptk4-runtime/lib/wine/x86_64-windows/dpnhupnp.dll
tools/winebuild/winebuild --builtin /private/tmp/gptk4-runtime/lib/wine/x86_64-windows/dpnhupnp.dll
STRIPPROG=llvm-strip /private/tmp/gptk4-wine-source/tools/install-sh -m 644  dlls/dpnlobby/x86_64-windows/dpnlobby.dll /private/tmp/gptk4-runtime/lib/wine/x86_64-windows/dpnlobby.dll
tools/winebuild/winebuild --builtin /private/tmp/gptk4-runtime/lib/wine/x86_64-windows/dpnlobby.dll
STRIPPROG=llvm-strip /private/tmp/gptk4-wine-source/tools/install-sh -m 644  dlls/dpvoice/x86_64-windows/dpvoice.dll /private/tmp/gptk4-runtime/lib/wine/x86_64-windows/dpvoice.dll
tools/winebuild/winebuild --builtin /private/tmp/gptk4-runtime/lib/wine/x86_64-windows/dpvoice.dll
STRIPPROG=llvm-strip /private/tmp/gptk4-wine-source/tools/install-sh -m 644  dlls/dpwsockx/x86_64-windows/dpwsockx.dll /private/tmp/gptk4-runtime/lib/wine/x86_64-windows/dpwsockx.dll
tools/winebuild/winebuild --builtin /private/tmp/gptk4-runtime/lib/wine/x86_64-windows/dpwsockx.dll
STRIPPROG=llvm-strip /private/tmp/gptk4-wine-source/tools/install-sh -m 644  dlls/drmclien/x86_64-windows/drmclien.dll /private/tmp/gptk4-runtime/lib/wine/x86_64-windows/drmclien.dll
tools/winebuild/winebuild --builtin /private/tmp/gptk4-runtime/lib/wine/x86_64-windows/drmclien.dll
STRIPPROG=llvm-strip /private/tmp/gptk4-wine-source/tools/install-sh -m 644  dlls/dsdmo/x86_64-windows/dsdmo.dll /private/tmp/gptk4-runtime/lib/wine/x86_64-windows/dsdmo.dll
tools/winebuild/winebuild --builtin /private/tmp/gptk4-runtime/lib/wine/x86_64-windows/dsdmo.dll
STRIPPROG=llvm-strip /private/tmp/gptk4-wine-source/tools/install-sh -m 644  dlls/dsound/x86_64-windows/dsound.dll /private/tmp/gptk4-runtime/lib/wine/x86_64-windows/dsound.dll
tools/winebuild/winebuild --builtin /private/tmp/gptk4-runtime/lib/wine/x86_64-windows/dsound.dll
STRIPPROG=llvm-strip /private/tmp/gptk4-wine-source/tools/install-sh -m 644  dlls/dsquery/x86_64-windows/dsquery.dll /private/tmp/gptk4-runtime/lib/wine/x86_64-windows/dsquery.dll
tools/winebuild/winebuild --builtin /private/tmp/gptk4-runtime/lib/wine/x86_64-windows/dsquery.dll
STRIPPROG=llvm-strip /private/tmp/gptk4-wine-source/tools/install-sh -m 644  dlls/dssenh/x86_64-windows/dssenh.dll /private/tmp/gptk4-runtime/lib/wine/x86_64-windows/dssenh.dll
tools/winebuild/winebuild --builtin /private/tmp/gptk4-runtime/lib/wine/x86_64-windows/dssenh.dll
STRIPPROG=llvm-strip /private/tmp/gptk4-wine-source/tools/install-sh -m 644  dlls/dsuiext/x86_64-windows/dsuiext.dll /private/tmp/gptk4-runtime/lib/wine/x86_64-windows/dsuiext.dll
tools/winebuild/winebuild --builtin /private/tmp/gptk4-runtime/lib/wine/x86_64-windows/dsuiext.dll
STRIPPROG=llvm-strip /private/tmp/gptk4-wine-source/tools/install-sh -m 644  dlls/dswave/x86_64-windows/dswave.dll /private/tmp/gptk4-runtime/lib/wine/x86_64-windows/dswave.dll
tools/winebuild/winebuild --builtin /private/tmp/gptk4-runtime/lib/wine/x86_64-windows/dswave.dll
STRIPPROG=llvm-strip /private/tmp/gptk4-wine-source/tools/install-sh -m 644  dlls/dwmapi/x86_64-windows/dwmapi.dll /private/tmp/gptk4-runtime/lib/wine/x86_64-windows/dwmapi.dll
tools/winebuild/winebuild --builtin /private/tmp/gptk4-runtime/lib/wine/x86_64-windows/dwmapi.dll
STRIPPROG=llvm-strip /private/tmp/gptk4-wine-source/tools/install-sh -m 644  dlls/dwrite/x86_64-windows/dwrite.dll /private/tmp/gptk4-runtime/lib/wine/x86_64-windows/dwrite.dll
tools/winebuild/winebuild --builtin /private/tmp/gptk4-runtime/lib/wine/x86_64-windows/dwrite.dll
STRIPPROG="strip" /private/tmp/gptk4-wine-source/tools/install-sh  dlls/dwrite/dwrite.so /private/tmp/gptk4-runtime/lib/wine/x86_64-unix/dwrite.so
STRIPPROG=llvm-strip /private/tmp/gptk4-wine-source/tools/install-sh -m 644  dlls/dx8vb/x86_64-windows/dx8vb.dll /private/tmp/gptk4-runtime/lib/wine/x86_64-windows/dx8vb.dll
tools/winebuild/winebuild --builtin /private/tmp/gptk4-runtime/lib/wine/x86_64-windows/dx8vb.dll
STRIPPROG=llvm-strip /private/tmp/gptk4-wine-source/tools/install-sh -m 644  dlls/dxcore/x86_64-windows/dxcore.dll /private/tmp/gptk4-runtime/lib/wine/x86_64-windows/dxcore.dll
tools/winebuild/winebuild --builtin /private/tmp/gptk4-runtime/lib/wine/x86_64-windows/dxcore.dll
STRIPPROG=llvm-strip /private/tmp/gptk4-wine-source/tools/install-sh -m 644  dlls/dxdiagn/x86_64-windows/dxdiagn.dll /private/tmp/gptk4-runtime/lib/wine/x86_64-windows/dxdiagn.dll
tools/winebuild/winebuild --builtin /private/tmp/gptk4-runtime/lib/wine/x86_64-windows/dxdiagn.dll
STRIPPROG=llvm-strip /private/tmp/gptk4-wine-source/tools/install-sh -m 644  dlls/dxgi/x86_64-windows/dxgi.dll /private/tmp/gptk4-runtime/lib/wine/x86_64-windows/dxgi.dll
tools/winebuild/winebuild --builtin /private/tmp/gptk4-runtime/lib/wine/x86_64-windows/dxgi.dll
STRIPPROG=llvm-strip /private/tmp/gptk4-wine-source/tools/install-sh -m 644  dlls/dxtrans/x86_64-windows/dxtrans.dll /private/tmp/gptk4-runtime/lib/wine/x86_64-windows/dxtrans.dll
tools/winebuild/winebuild --builtin /private/tmp/gptk4-runtime/lib/wine/x86_64-windows/dxtrans.dll
STRIPPROG=llvm-strip /private/tmp/gptk4-wine-source/tools/install-sh -m 644  dlls/dxva2/x86_64-windows/dxva2.dll /private/tmp/gptk4-runtime/lib/wine/x86_64-windows/dxva2.dll
tools/winebuild/winebuild --builtin /private/tmp/gptk4-runtime/lib/wine/x86_64-windows/dxva2.dll
STRIPPROG=llvm-strip /private/tmp/gptk4-wine-source/tools/install-sh -m 644  dlls/esent/x86_64-windows/esent.dll /private/tmp/gptk4-runtime/lib/wine/x86_64-windows/esent.dll
tools/winebuild/winebuild --builtin /private/tmp/gptk4-runtime/lib/wine/x86_64-windows/esent.dll
STRIPPROG=llvm-strip /private/tmp/gptk4-wine-source/tools/install-sh -m 644  dlls/evr/x86_64-windows/evr.dll /private/tmp/gptk4-runtime/lib/wine/x86_64-windows/evr.dll
tools/winebuild/winebuild --builtin /private/tmp/gptk4-runtime/lib/wine/x86_64-windows/evr.dll
STRIPPROG=llvm-strip /private/tmp/gptk4-wine-source/tools/install-sh -m 644  dlls/explorerframe/x86_64-windows/explorerframe.dll /private/tmp/gptk4-runtime/lib/wine/x86_64-windows/explorerframe.dll
tools/winebuild/winebuild --builtin /private/tmp/gptk4-runtime/lib/wine/x86_64-windows/explorerframe.dll
STRIPPROG=llvm-strip /private/tmp/gptk4-wine-source/tools/install-sh -m 644  dlls/faultrep/x86_64-windows/faultrep.dll /private/tmp/gptk4-runtime/lib/wine/x86_64-windows/faultrep.dll
tools/winebuild/winebuild --builtin /private/tmp/gptk4-runtime/lib/wine/x86_64-windows/faultrep.dll
STRIPPROG=llvm-strip /private/tmp/gptk4-wine-source/tools/install-sh -m 644  dlls/feclient/x86_64-windows/feclient.dll /private/tmp/gptk4-runtime/lib/wine/x86_64-windows/feclient.dll
tools/winebuild/winebuild --builtin /private/tmp/gptk4-runtime/lib/wine/x86_64-windows/feclient.dll
STRIPPROG=llvm-strip /private/tmp/gptk4-wine-source/tools/install-sh -m 644  dlls/fltlib/x86_64-windows/fltlib.dll /private/tmp/gptk4-runtime/lib/wine/x86_64-windows/fltlib.dll
tools/winebuild/winebuild --builtin /private/tmp/gptk4-runtime/lib/wine/x86_64-windows/fltlib.dll
STRIPPROG=llvm-strip /private/tmp/gptk4-wine-source/tools/install-sh -m 644  dlls/fltmgr.sys/x86_64-windows/fltmgr.sys /private/tmp/gptk4-runtime/lib/wine/x86_64-windows/fltmgr.sys
tools/winebuild/winebuild --builtin /private/tmp/gptk4-runtime/lib/wine/x86_64-windows/fltmgr.sys
STRIPPROG=llvm-strip /private/tmp/gptk4-wine-source/tools/install-sh -m 644  dlls/fntcache/x86_64-windows/fntcache.dll /private/tmp/gptk4-runtime/lib/wine/x86_64-windows/fntcache.dll
tools/winebuild/winebuild --builtin /private/tmp/gptk4-runtime/lib/wine/x86_64-windows/fntcache.dll
STRIPPROG=llvm-strip /private/tmp/gptk4-wine-source/tools/install-sh -m 644  dlls/fontsub/x86_64-windows/fontsub.dll /private/tmp/gptk4-runtime/lib/wine/x86_64-windows/fontsub.dll
tools/winebuild/winebuild --builtin /private/tmp/gptk4-runtime/lib/wine/x86_64-windows/fontsub.dll
STRIPPROG=llvm-strip /private/tmp/gptk4-wine-source/tools/install-sh -m 644  dlls/fusion/x86_64-windows/fusion.dll /private/tmp/gptk4-runtime/lib/wine/x86_64-windows/fusion.dll
tools/winebuild/winebuild --builtin /private/tmp/gptk4-runtime/lib/wine/x86_64-windows/fusion.dll
STRIPPROG=llvm-strip /private/tmp/gptk4-wine-source/tools/install-sh -m 644  dlls/fwpuclnt/x86_64-windows/fwpuclnt.dll /private/tmp/gptk4-runtime/lib/wine/x86_64-windows/fwpuclnt.dll
tools/winebuild/winebuild --builtin /private/tmp/gptk4-runtime/lib/wine/x86_64-windows/fwpuclnt.dll
STRIPPROG=llvm-strip /private/tmp/gptk4-wine-source/tools/install-sh -m 644  dlls/gameux/x86_64-windows/gameux.dll /private/tmp/gptk4-runtime/lib/wine/x86_64-windows/gameux.dll
tools/winebuild/winebuild --builtin /private/tmp/gptk4-runtime/lib/wine/x86_64-windows/gameux.dll
STRIPPROG=llvm-strip /private/tmp/gptk4-wine-source/tools/install-sh -m 644  dlls/gamingtcui/x86_64-windows/gamingtcui.dll /private/tmp/gptk4-runtime/lib/wine/x86_64-windows/gamingtcui.dll
tools/winebuild/winebuild --builtin /private/tmp/gptk4-runtime/lib/wine/x86_64-windows/gamingtcui.dll
STRIPPROG=llvm-strip /private/tmp/gptk4-wine-source/tools/install-sh -m 644  dlls/gdi32/x86_64-windows/gdi32.dll /private/tmp/gptk4-runtime/lib/wine/x86_64-windows/gdi32.dll
tools/winebuild/winebuild --builtin /private/tmp/gptk4-runtime/lib/wine/x86_64-windows/gdi32.dll
STRIPPROG=llvm-strip /private/tmp/gptk4-wine-source/tools/install-sh -m 644  dlls/gdiplus/x86_64-windows/gdiplus.dll /private/tmp/gptk4-runtime/lib/wine/x86_64-windows/gdiplus.dll
tools/winebuild/winebuild --builtin /private/tmp/gptk4-runtime/lib/wine/x86_64-windows/gdiplus.dll
STRIPPROG=llvm-strip /private/tmp/gptk4-wine-source/tools/install-sh -m 644  dlls/geolocation/x86_64-windows/geolocation.dll /private/tmp/gptk4-runtime/lib/wine/x86_64-windows/geolocation.dll
tools/winebuild/winebuild --builtin /private/tmp/gptk4-runtime/lib/wine/x86_64-windows/geolocation.dll
STRIPPROG=llvm-strip /private/tmp/gptk4-wine-source/tools/install-sh -m 644  dlls/glu32/x86_64-windows/glu32.dll /private/tmp/gptk4-runtime/lib/wine/x86_64-windows/glu32.dll
tools/winebuild/winebuild --builtin /private/tmp/gptk4-runtime/lib/wine/x86_64-windows/glu32.dll
STRIPPROG=llvm-strip /private/tmp/gptk4-wine-source/tools/install-sh -m 644  dlls/gpkcsp/x86_64-windows/gpkcsp.dll /private/tmp/gptk4-runtime/lib/wine/x86_64-windows/gpkcsp.dll
tools/winebuild/winebuild --builtin /private/tmp/gptk4-runtime/lib/wine/x86_64-windows/gpkcsp.dll
STRIPPROG=llvm-strip /private/tmp/gptk4-wine-source/tools/install-sh -m 644  dlls/graphicscapture/x86_64-windows/graphicscapture.dll /private/tmp/gptk4-runtime/lib/wine/x86_64-windows/graphicscapture.dll
tools/winebuild/winebuild --builtin /private/tmp/gptk4-runtime/lib/wine/x86_64-windows/graphicscapture.dll
STRIPPROG=llvm-strip /private/tmp/gptk4-wine-source/tools/install-sh -m 644  dlls/hal/x86_64-windows/hal.dll /private/tmp/gptk4-runtime/lib/wine/x86_64-windows/hal.dll
tools/winebuild/winebuild --builtin /private/tmp/gptk4-runtime/lib/wine/x86_64-windows/hal.dll
STRIPPROG=llvm-strip /private/tmp/gptk4-wine-source/tools/install-sh -m 644  dlls/hhctrl.ocx/x86_64-windows/hhctrl.ocx /private/tmp/gptk4-runtime/lib/wine/x86_64-windows/hhctrl.ocx
tools/winebuild/winebuild --builtin /private/tmp/gptk4-runtime/lib/wine/x86_64-windows/hhctrl.ocx
STRIPPROG=llvm-strip /private/tmp/gptk4-wine-source/tools/install-sh -m 644  dlls/hid/x86_64-windows/hid.dll /private/tmp/gptk4-runtime/lib/wine/x86_64-windows/hid.dll
tools/winebuild/winebuild --builtin /private/tmp/gptk4-runtime/lib/wine/x86_64-windows/hid.dll
STRIPPROG=llvm-strip /private/tmp/gptk4-wine-source/tools/install-sh -m 644  dlls/hidclass.sys/x86_64-windows/hidclass.sys /private/tmp/gptk4-runtime/lib/wine/x86_64-windows/hidclass.sys
tools/winebuild/winebuild --builtin /private/tmp/gptk4-runtime/lib/wine/x86_64-windows/hidclass.sys
STRIPPROG=llvm-strip /private/tmp/gptk4-wine-source/tools/install-sh -m 644  dlls/hidparse.sys/x86_64-windows/hidparse.sys /private/tmp/gptk4-runtime/lib/wine/x86_64-windows/hidparse.sys
tools/winebuild/winebuild --builtin /private/tmp/gptk4-runtime/lib/wine/x86_64-windows/hidparse.sys
STRIPPROG=llvm-strip /private/tmp/gptk4-wine-source/tools/install-sh -m 644  dlls/hlink/x86_64-windows/hlink.dll /private/tmp/gptk4-runtime/lib/wine/x86_64-windows/hlink.dll
tools/winebuild/winebuild --builtin /private/tmp/gptk4-runtime/lib/wine/x86_64-windows/hlink.dll
STRIPPROG=llvm-strip /private/tmp/gptk4-wine-source/tools/install-sh -m 644  dlls/hnetcfg/x86_64-windows/hnetcfg.dll /private/tmp/gptk4-runtime/lib/wine/x86_64-windows/hnetcfg.dll
tools/winebuild/winebuild --builtin /private/tmp/gptk4-runtime/lib/wine/x86_64-windows/hnetcfg.dll
STRIPPROG=llvm-strip /private/tmp/gptk4-wine-source/tools/install-sh -m 644  dlls/hrtfapo/x86_64-windows/hrtfapo.dll /private/tmp/gptk4-runtime/lib/wine/x86_64-windows/hrtfapo.dll
tools/winebuild/winebuild --builtin /private/tmp/gptk4-runtime/lib/wine/x86_64-windows/hrtfapo.dll
STRIPPROG=llvm-strip /private/tmp/gptk4-wine-source/tools/install-sh -m 644  dlls/http.sys/x86_64-windows/http.sys /private/tmp/gptk4-runtime/lib/wine/x86_64-windows/http.sys
tools/winebuild/winebuild --builtin /private/tmp/gptk4-runtime/lib/wine/x86_64-windows/http.sys
STRIPPROG=llvm-strip /private/tmp/gptk4-wine-source/tools/install-sh -m 644  dlls/httpapi/x86_64-windows/httpapi.dll /private/tmp/gptk4-runtime/lib/wine/x86_64-windows/httpapi.dll
tools/winebuild/winebuild --builtin /private/tmp/gptk4-runtime/lib/wine/x86_64-windows/httpapi.dll
STRIPPROG=llvm-strip /private/tmp/gptk4-wine-source/tools/install-sh -m 644  dlls/hvsimanagementapi/x86_64-windows/hvsimanagementapi.dll /private/tmp/gptk4-runtime/lib/wine/x86_64-windows/hvsimanagementapi.dll
tools/winebuild/winebuild --builtin /private/tmp/gptk4-runtime/lib/wine/x86_64-windows/hvsimanagementapi.dll
STRIPPROG=llvm-strip /private/tmp/gptk4-wine-source/tools/install-sh -m 644  dlls/ia2comproxy/x86_64-windows/ia2comproxy.dll /private/tmp/gptk4-runtime/lib/wine/x86_64-windows/ia2comproxy.dll
tools/winebuild/winebuild --builtin /private/tmp/gptk4-runtime/lib/wine/x86_64-windows/ia2comproxy.dll
STRIPPROG=llvm-strip /private/tmp/gptk4-wine-source/tools/install-sh -m 644  dlls/iccvid/x86_64-windows/iccvid.dll /private/tmp/gptk4-runtime/lib/wine/x86_64-windows/iccvid.dll
tools/winebuild/winebuild --builtin /private/tmp/gptk4-runtime/lib/wine/x86_64-windows/iccvid.dll
/private/tmp/gptk4-wine-source/tools/install-sh -m 644  dlls/icmp/x86_64-windows/icmp.dll /private/tmp/gptk4-runtime/lib/wine/x86_64-windows/icmp.dll
STRIPPROG=llvm-strip /private/tmp/gptk4-wine-source/tools/install-sh -m 644  dlls/icmui/x86_64-windows/icmui.dll /private/tmp/gptk4-runtime/lib/wine/x86_64-windows/icmui.dll
tools/winebuild/winebuild --builtin /private/tmp/gptk4-runtime/lib/wine/x86_64-windows/icmui.dll
STRIPPROG=llvm-strip /private/tmp/gptk4-wine-source/tools/install-sh -m 644  dlls/ieframe/x86_64-windows/ieframe.dll /private/tmp/gptk4-runtime/lib/wine/x86_64-windows/ieframe.dll
tools/winebuild/winebuild --builtin /private/tmp/gptk4-runtime/lib/wine/x86_64-windows/ieframe.dll
STRIPPROG=llvm-strip /private/tmp/gptk4-wine-source/tools/install-sh -m 644  dlls/ieproxy/x86_64-windows/ieproxy.dll /private/tmp/gptk4-runtime/lib/wine/x86_64-windows/ieproxy.dll
tools/winebuild/winebuild --builtin /private/tmp/gptk4-runtime/lib/wine/x86_64-windows/ieproxy.dll
STRIPPROG=llvm-strip /private/tmp/gptk4-wine-source/tools/install-sh -m 644  dlls/iertutil/x86_64-windows/iertutil.dll /private/tmp/gptk4-runtime/lib/wine/x86_64-windows/iertutil.dll
tools/winebuild/winebuild --builtin /private/tmp/gptk4-runtime/lib/wine/x86_64-windows/iertutil.dll
STRIPPROG=llvm-strip /private/tmp/gptk4-wine-source/tools/install-sh -m 644  dlls/imaadp32.acm/x86_64-windows/imaadp32.acm /private/tmp/gptk4-runtime/lib/wine/x86_64-windows/imaadp32.acm
tools/winebuild/winebuild --builtin /private/tmp/gptk4-runtime/lib/wine/x86_64-windows/imaadp32.acm
STRIPPROG=llvm-strip /private/tmp/gptk4-wine-source/tools/install-sh -m 644  dlls/imagehlp/x86_64-windows/imagehlp.dll /private/tmp/gptk4-runtime/lib/wine/x86_64-windows/imagehlp.dll
tools/winebuild/winebuild --builtin /private/tmp/gptk4-runtime/lib/wine/x86_64-windows/imagehlp.dll
STRIPPROG=llvm-strip /private/tmp/gptk4-wine-source/tools/install-sh -m 644  dlls/imm32/x86_64-windows/imm32.dll /private/tmp/gptk4-runtime/lib/wine/x86_64-windows/imm32.dll
tools/winebuild/winebuild --builtin /private/tmp/gptk4-runtime/lib/wine/x86_64-windows/imm32.dll
STRIPPROG=llvm-strip /private/tmp/gptk4-wine-source/tools/install-sh -m 644  dlls/inetcomm/x86_64-windows/inetcomm.dll /private/tmp/gptk4-runtime/lib/wine/x86_64-windows/inetcomm.dll
tools/winebuild/winebuild --builtin /private/tmp/gptk4-runtime/lib/wine/x86_64-windows/inetcomm.dll
STRIPPROG=llvm-strip /private/tmp/gptk4-wine-source/tools/install-sh -m 644  dlls/inetcpl.cpl/x86_64-windows/inetcpl.cpl /private/tmp/gptk4-runtime/lib/wine/x86_64-windows/inetcpl.cpl
tools/winebuild/winebuild --builtin /private/tmp/gptk4-runtime/lib/wine/x86_64-windows/inetcpl.cpl
STRIPPROG=llvm-strip /private/tmp/gptk4-wine-source/tools/install-sh -m 644  dlls/inetmib1/x86_64-windows/inetmib1.dll /private/tmp/gptk4-runtime/lib/wine/x86_64-windows/inetmib1.dll
tools/winebuild/winebuild --builtin /private/tmp/gptk4-runtime/lib/wine/x86_64-windows/inetmib1.dll
STRIPPROG=llvm-strip /private/tmp/gptk4-wine-source/tools/install-sh -m 644  dlls/infosoft/x86_64-windows/infosoft.dll /private/tmp/gptk4-runtime/lib/wine/x86_64-windows/infosoft.dll
tools/winebuild/winebuild --builtin /private/tmp/gptk4-runtime/lib/wine/x86_64-windows/infosoft.dll
STRIPPROG=llvm-strip /private/tmp/gptk4-wine-source/tools/install-sh -m 644  dlls/initpki/x86_64-windows/initpki.dll /private/tmp/gptk4-runtime/lib/wine/x86_64-windows/initpki.dll
tools/winebuild/winebuild --builtin /private/tmp/gptk4-runtime/lib/wine/x86_64-windows/initpki.dll
STRIPPROG=llvm-strip /private/tmp/gptk4-wine-source/tools/install-sh -m 644  dlls/inkobj/x86_64-windows/inkobj.dll /private/tmp/gptk4-runtime/lib/wine/x86_64-windows/inkobj.dll
tools/winebuild/winebuild --builtin /private/tmp/gptk4-runtime/lib/wine/x86_64-windows/inkobj.dll
STRIPPROG=llvm-strip /private/tmp/gptk4-wine-source/tools/install-sh -m 644  dlls/inseng/x86_64-windows/inseng.dll /private/tmp/gptk4-runtime/lib/wine/x86_64-windows/inseng.dll
tools/winebuild/winebuild --builtin /private/tmp/gptk4-runtime/lib/wine/x86_64-windows/inseng.dll
STRIPPROG=llvm-strip /private/tmp/gptk4-wine-source/tools/install-sh -m 644  dlls/iphlpapi/x86_64-windows/iphlpapi.dll /private/tmp/gptk4-runtime/lib/wine/x86_64-windows/iphlpapi.dll
tools/winebuild/winebuild --builtin /private/tmp/gptk4-runtime/lib/wine/x86_64-windows/iphlpapi.dll
STRIPPROG=llvm-strip /private/tmp/gptk4-wine-source/tools/install-sh -m 644  dlls/iprop/x86_64-windows/iprop.dll /private/tmp/gptk4-runtime/lib/wine/x86_64-windows/iprop.dll
tools/winebuild/winebuild --builtin /private/tmp/gptk4-runtime/lib/wine/x86_64-windows/iprop.dll
STRIPPROG=llvm-strip /private/tmp/gptk4-wine-source/tools/install-sh -m 644  dlls/ir50_32/x86_64-windows/ir50_32.dll /private/tmp/gptk4-runtime/lib/wine/x86_64-windows/ir50_32.dll
tools/winebuild/winebuild --builtin /private/tmp/gptk4-runtime/lib/wine/x86_64-windows/ir50_32.dll
STRIPPROG=llvm-strip /private/tmp/gptk4-wine-source/tools/install-sh -m 644  dlls/irprops.cpl/x86_64-windows/irprops.cpl /private/tmp/gptk4-runtime/lib/wine/x86_64-windows/irprops.cpl
tools/winebuild/winebuild --builtin /private/tmp/gptk4-runtime/lib/wine/x86_64-windows/irprops.cpl
STRIPPROG=llvm-strip /private/tmp/gptk4-wine-source/tools/install-sh -m 644  dlls/itircl/x86_64-windows/itircl.dll /private/tmp/gptk4-runtime/lib/wine/x86_64-windows/itircl.dll
tools/winebuild/winebuild --builtin /private/tmp/gptk4-runtime/lib/wine/x86_64-windows/itircl.dll
STRIPPROG=llvm-strip /private/tmp/gptk4-wine-source/tools/install-sh -m 644  dlls/itss/x86_64-windows/itss.dll /private/tmp/gptk4-runtime/lib/wine/x86_64-windows/itss.dll
tools/winebuild/winebuild --builtin /private/tmp/gptk4-runtime/lib/wine/x86_64-windows/itss.dll
STRIPPROG=llvm-strip /private/tmp/gptk4-wine-source/tools/install-sh -m 644  dlls/joy.cpl/x86_64-windows/joy.cpl /private/tmp/gptk4-runtime/lib/wine/x86_64-windows/joy.cpl
tools/winebuild/winebuild --builtin /private/tmp/gptk4-runtime/lib/wine/x86_64-windows/joy.cpl
STRIPPROG=llvm-strip /private/tmp/gptk4-wine-source/tools/install-sh -m 644  dlls/jscript/x86_64-windows/jscript.dll /private/tmp/gptk4-runtime/lib/wine/x86_64-windows/jscript.dll
tools/winebuild/winebuild --builtin /private/tmp/gptk4-runtime/lib/wine/x86_64-windows/jscript.dll
STRIPPROG=llvm-strip /private/tmp/gptk4-wine-source/tools/install-sh -m 644  dlls/jsproxy/x86_64-windows/jsproxy.dll /private/tmp/gptk4-runtime/lib/wine/x86_64-windows/jsproxy.dll
tools/winebuild/winebuild --builtin /private/tmp/gptk4-runtime/lib/wine/x86_64-windows/jsproxy.dll
STRIPPROG=llvm-strip /private/tmp/gptk4-wine-source/tools/install-sh -m 644  dlls/kerberos/x86_64-windows/kerberos.dll /private/tmp/gptk4-runtime/lib/wine/x86_64-windows/kerberos.dll
tools/winebuild/winebuild --builtin /private/tmp/gptk4-runtime/lib/wine/x86_64-windows/kerberos.dll
STRIPPROG="strip" /private/tmp/gptk4-wine-source/tools/install-sh  dlls/kerberos/kerberos.so /private/tmp/gptk4-runtime/lib/wine/x86_64-unix/kerberos.so
STRIPPROG=llvm-strip /private/tmp/gptk4-wine-source/tools/install-sh -m 644  dlls/kernel32/x86_64-windows/kernel32.dll /private/tmp/gptk4-runtime/lib/wine/x86_64-windows/kernel32.dll
tools/winebuild/winebuild --builtin /private/tmp/gptk4-runtime/lib/wine/x86_64-windows/kernel32.dll
STRIPPROG=llvm-strip /private/tmp/gptk4-wine-source/tools/install-sh -m 644  dlls/kernelbase/x86_64-windows/kernelbase.dll /private/tmp/gptk4-runtime/lib/wine/x86_64-windows/kernelbase.dll
tools/winebuild/winebuild --builtin /private/tmp/gptk4-runtime/lib/wine/x86_64-windows/kernelbase.dll
STRIPPROG=llvm-strip /private/tmp/gptk4-wine-source/tools/install-sh -m 644  dlls/ksecdd.sys/x86_64-windows/ksecdd.sys /private/tmp/gptk4-runtime/lib/wine/x86_64-windows/ksecdd.sys
tools/winebuild/winebuild --builtin /private/tmp/gptk4-runtime/lib/wine/x86_64-windows/ksecdd.sys
STRIPPROG=llvm-strip /private/tmp/gptk4-wine-source/tools/install-sh -m 644  dlls/ksproxy.ax/x86_64-windows/ksproxy.ax /private/tmp/gptk4-runtime/lib/wine/x86_64-windows/ksproxy.ax
tools/winebuild/winebuild --builtin /private/tmp/gptk4-runtime/lib/wine/x86_64-windows/ksproxy.ax
STRIPPROG=llvm-strip /private/tmp/gptk4-wine-source/tools/install-sh -m 644  dlls/ksuser/x86_64-windows/ksuser.dll /private/tmp/gptk4-runtime/lib/wine/x86_64-windows/ksuser.dll
tools/winebuild/winebuild --builtin /private/tmp/gptk4-runtime/lib/wine/x86_64-windows/ksuser.dll
STRIPPROG=llvm-strip /private/tmp/gptk4-wine-source/tools/install-sh -m 644  dlls/ktmw32/x86_64-windows/ktmw32.dll /private/tmp/gptk4-runtime/lib/wine/x86_64-windows/ktmw32.dll
tools/winebuild/winebuild --builtin /private/tmp/gptk4-runtime/lib/wine/x86_64-windows/ktmw32.dll
STRIPPROG=llvm-strip /private/tmp/gptk4-wine-source/tools/install-sh -m 644  dlls/l3codeca.acm/x86_64-windows/l3codeca.acm /private/tmp/gptk4-runtime/lib/wine/x86_64-windows/l3codeca.acm
tools/winebuild/winebuild --builtin /private/tmp/gptk4-runtime/lib/wine/x86_64-windows/l3codeca.acm
STRIPPROG=llvm-strip /private/tmp/gptk4-wine-source/tools/install-sh -m 644  dlls/l3codecx.ax/x86_64-windows/l3codecx.ax /private/tmp/gptk4-runtime/lib/wine/x86_64-windows/l3codecx.ax
tools/winebuild/winebuild --builtin /private/tmp/gptk4-runtime/lib/wine/x86_64-windows/l3codecx.ax
/private/tmp/gptk4-wine-source/tools/install-sh -m 644  dlls/light.msstyles/x86_64-windows/light.msstyles /private/tmp/gptk4-runtime/lib/wine/x86_64-windows/light.msstyles
STRIPPROG=llvm-strip /private/tmp/gptk4-wine-source/tools/install-sh -m 644  dlls/loadperf/x86_64-windows/loadperf.dll /private/tmp/gptk4-runtime/lib/wine/x86_64-windows/loadperf.dll
tools/winebuild/winebuild --builtin /private/tmp/gptk4-runtime/lib/wine/x86_64-windows/loadperf.dll
STRIPPROG=llvm-strip /private/tmp/gptk4-wine-source/tools/install-sh -m 644  dlls/localspl/x86_64-windows/localspl.dll /private/tmp/gptk4-runtime/lib/wine/x86_64-windows/localspl.dll
tools/winebuild/winebuild --builtin /private/tmp/gptk4-runtime/lib/wine/x86_64-windows/localspl.dll
STRIPPROG="strip" /private/tmp/gptk4-wine-source/tools/install-sh  dlls/localspl/localspl.so /private/tmp/gptk4-runtime/lib/wine/x86_64-unix/localspl.so
STRIPPROG=llvm-strip /private/tmp/gptk4-wine-source/tools/install-sh -m 644  dlls/localui/x86_64-windows/localui.dll /private/tmp/gptk4-runtime/lib/wine/x86_64-windows/localui.dll
tools/winebuild/winebuild --builtin /private/tmp/gptk4-runtime/lib/wine/x86_64-windows/localui.dll
/private/tmp/gptk4-wine-source/tools/install-sh -m 644  dlls/lz32/x86_64-windows/lz32.dll /private/tmp/gptk4-runtime/lib/wine/x86_64-windows/lz32.dll
STRIPPROG=llvm-strip /private/tmp/gptk4-wine-source/tools/install-sh -m 644  dlls/magnification/x86_64-windows/magnification.dll /private/tmp/gptk4-runtime/lib/wine/x86_64-windows/magnification.dll
tools/winebuild/winebuild --builtin /private/tmp/gptk4-runtime/lib/wine/x86_64-windows/magnification.dll
STRIPPROG=llvm-strip /private/tmp/gptk4-wine-source/tools/install-sh -m 644  dlls/mapi32/x86_64-windows/mapi32.dll /private/tmp/gptk4-runtime/lib/wine/x86_64-windows/mapi32.dll
tools/winebuild/winebuild --builtin /private/tmp/gptk4-runtime/lib/wine/x86_64-windows/mapi32.dll
STRIPPROG=llvm-strip /private/tmp/gptk4-wine-source/tools/install-sh -m 644  dlls/mapistub/x86_64-windows/mapistub.dll /private/tmp/gptk4-runtime/lib/wine/x86_64-windows/mapistub.dll
tools/winebuild/winebuild --builtin /private/tmp/gptk4-runtime/lib/wine/x86_64-windows/mapistub.dll
STRIPPROG=llvm-strip /private/tmp/gptk4-wine-source/tools/install-sh -m 644  dlls/mciavi32/x86_64-windows/mciavi32.dll /private/tmp/gptk4-runtime/lib/wine/x86_64-windows/mciavi32.dll
tools/winebuild/winebuild --builtin /private/tmp/gptk4-runtime/lib/wine/x86_64-windows/mciavi32.dll
STRIPPROG=llvm-strip /private/tmp/gptk4-wine-source/tools/install-sh -m 644  dlls/mcicda/x86_64-windows/mcicda.dll /private/tmp/gptk4-runtime/lib/wine/x86_64-windows/mcicda.dll
tools/winebuild/winebuild --builtin /private/tmp/gptk4-runtime/lib/wine/x86_64-windows/mcicda.dll
STRIPPROG=llvm-strip /private/tmp/gptk4-wine-source/tools/install-sh -m 644  dlls/mciqtz32/x86_64-windows/mciqtz32.dll /private/tmp/gptk4-runtime/lib/wine/x86_64-windows/mciqtz32.dll
tools/winebuild/winebuild --builtin /private/tmp/gptk4-runtime/lib/wine/x86_64-windows/mciqtz32.dll
STRIPPROG=llvm-strip /private/tmp/gptk4-wine-source/tools/install-sh -m 644  dlls/mciseq/x86_64-windows/mciseq.dll /private/tmp/gptk4-runtime/lib/wine/x86_64-windows/mciseq.dll
tools/winebuild/winebuild --builtin /private/tmp/gptk4-runtime/lib/wine/x86_64-windows/mciseq.dll
STRIPPROG=llvm-strip /private/tmp/gptk4-wine-source/tools/install-sh -m 644  dlls/mciwave/x86_64-windows/mciwave.dll /private/tmp/gptk4-runtime/lib/wine/x86_64-windows/mciwave.dll
tools/winebuild/winebuild --builtin /private/tmp/gptk4-runtime/lib/wine/x86_64-windows/mciwave.dll
STRIPPROG=llvm-strip /private/tmp/gptk4-wine-source/tools/install-sh -m 644  dlls/mf/x86_64-windows/mf.dll /private/tmp/gptk4-runtime/lib/wine/x86_64-windows/mf.dll
tools/winebuild/winebuild --builtin /private/tmp/gptk4-runtime/lib/wine/x86_64-windows/mf.dll
STRIPPROG=llvm-strip /private/tmp/gptk4-wine-source/tools/install-sh -m 644  dlls/mf3216/x86_64-windows/mf3216.dll /private/tmp/gptk4-runtime/lib/wine/x86_64-windows/mf3216.dll
tools/winebuild/winebuild --builtin /private/tmp/gptk4-runtime/lib/wine/x86_64-windows/mf3216.dll
STRIPPROG=llvm-strip /private/tmp/gptk4-wine-source/tools/install-sh -m 644  dlls/mfasfsrcsnk/x86_64-windows/mfasfsrcsnk.dll /private/tmp/gptk4-runtime/lib/wine/x86_64-windows/mfasfsrcsnk.dll
tools/winebuild/winebuild --builtin /private/tmp/gptk4-runtime/lib/wine/x86_64-windows/mfasfsrcsnk.dll
/private/tmp/gptk4-wine-source/tools/install-sh -m 644  dlls/mferror/x86_64-windows/mferror.dll /private/tmp/gptk4-runtime/lib/wine/x86_64-windows/mferror.dll
STRIPPROG=llvm-strip /private/tmp/gptk4-wine-source/tools/install-sh -m 644  dlls/mfh264enc/x86_64-windows/mfh264enc.dll /private/tmp/gptk4-runtime/lib/wine/x86_64-windows/mfh264enc.dll
tools/winebuild/winebuild --builtin /private/tmp/gptk4-runtime/lib/wine/x86_64-windows/mfh264enc.dll
STRIPPROG=llvm-strip /private/tmp/gptk4-wine-source/tools/install-sh -m 644  dlls/mfmediaengine/x86_64-windows/mfmediaengine.dll /private/tmp/gptk4-runtime/lib/wine/x86_64-windows/mfmediaengine.dll
tools/winebuild/winebuild --builtin /private/tmp/gptk4-runtime/lib/wine/x86_64-windows/mfmediaengine.dll
STRIPPROG=llvm-strip /private/tmp/gptk4-wine-source/tools/install-sh -m 644  dlls/mfmp4srcsnk/x86_64-windows/mfmp4srcsnk.dll /private/tmp/gptk4-runtime/lib/wine/x86_64-windows/mfmp4srcsnk.dll
tools/winebuild/winebuild --builtin /private/tmp/gptk4-runtime/lib/wine/x86_64-windows/mfmp4srcsnk.dll
STRIPPROG=llvm-strip /private/tmp/gptk4-wine-source/tools/install-sh -m 644  dlls/mfplat/x86_64-windows/mfplat.dll /private/tmp/gptk4-runtime/lib/wine/x86_64-windows/mfplat.dll
tools/winebuild/winebuild --builtin /private/tmp/gptk4-runtime/lib/wine/x86_64-windows/mfplat.dll
STRIPPROG=llvm-strip /private/tmp/gptk4-wine-source/tools/install-sh -m 644  dlls/mfplay/x86_64-windows/mfplay.dll /private/tmp/gptk4-runtime/lib/wine/x86_64-windows/mfplay.dll
tools/winebuild/winebuild --builtin /private/tmp/gptk4-runtime/lib/wine/x86_64-windows/mfplay.dll
STRIPPROG=llvm-strip /private/tmp/gptk4-wine-source/tools/install-sh -m 644  dlls/mfreadwrite/x86_64-windows/mfreadwrite.dll /private/tmp/gptk4-runtime/lib/wine/x86_64-windows/mfreadwrite.dll
tools/winebuild/winebuild --builtin /private/tmp/gptk4-runtime/lib/wine/x86_64-windows/mfreadwrite.dll
STRIPPROG=llvm-strip /private/tmp/gptk4-wine-source/tools/install-sh -m 644  dlls/mfsrcsnk/x86_64-windows/mfsrcsnk.dll /private/tmp/gptk4-runtime/lib/wine/x86_64-windows/mfsrcsnk.dll
tools/winebuild/winebuild --builtin /private/tmp/gptk4-runtime/lib/wine/x86_64-windows/mfsrcsnk.dll
STRIPPROG=llvm-strip /private/tmp/gptk4-wine-source/tools/install-sh -m 644  dlls/mgmtapi/x86_64-windows/mgmtapi.dll /private/tmp/gptk4-runtime/lib/wine/x86_64-windows/mgmtapi.dll
tools/winebuild/winebuild --builtin /private/tmp/gptk4-runtime/lib/wine/x86_64-windows/mgmtapi.dll
STRIPPROG=llvm-strip /private/tmp/gptk4-wine-source/tools/install-sh -m 644  dlls/midimap/x86_64-windows/midimap.dll /private/tmp/gptk4-runtime/lib/wine/x86_64-windows/midimap.dll
tools/winebuild/winebuild --builtin /private/tmp/gptk4-runtime/lib/wine/x86_64-windows/midimap.dll
STRIPPROG=llvm-strip /private/tmp/gptk4-wine-source/tools/install-sh -m 644  dlls/mlang/x86_64-windows/mlang.dll /private/tmp/gptk4-runtime/lib/wine/x86_64-windows/mlang.dll
tools/winebuild/winebuild --builtin /private/tmp/gptk4-runtime/lib/wine/x86_64-windows/mlang.dll
STRIPPROG=llvm-strip /private/tmp/gptk4-wine-source/tools/install-sh -m 644  dlls/mmcndmgr/x86_64-windows/mmcndmgr.dll /private/tmp/gptk4-runtime/lib/wine/x86_64-windows/mmcndmgr.dll
tools/winebuild/winebuild --builtin /private/tmp/gptk4-runtime/lib/wine/x86_64-windows/mmcndmgr.dll
STRIPPROG=llvm-strip /private/tmp/gptk4-wine-source/tools/install-sh -m 644  dlls/mmdevapi/x86_64-windows/mmdevapi.dll /private/tmp/gptk4-runtime/lib/wine/x86_64-windows/mmdevapi.dll
tools/winebuild/winebuild --builtin /private/tmp/gptk4-runtime/lib/wine/x86_64-windows/mmdevapi.dll
STRIPPROG=llvm-strip /private/tmp/gptk4-wine-source/tools/install-sh -m 644  dlls/mouhid.sys/x86_64-windows/mouhid.sys /private/tmp/gptk4-runtime/lib/wine/x86_64-windows/mouhid.sys
tools/winebuild/winebuild --builtin /private/tmp/gptk4-runtime/lib/wine/x86_64-windows/mouhid.sys
STRIPPROG=llvm-strip /private/tmp/gptk4-wine-source/tools/install-sh -m 644  dlls/mountmgr.sys/x86_64-windows/mountmgr.sys /private/tmp/gptk4-runtime/lib/wine/x86_64-windows/mountmgr.sys
tools/winebuild/winebuild --builtin /private/tmp/gptk4-runtime/lib/wine/x86_64-windows/mountmgr.sys
STRIPPROG="strip" /private/tmp/gptk4-wine-source/tools/install-sh  dlls/mountmgr.sys/mountmgr.so /private/tmp/gptk4-runtime/lib/wine/x86_64-unix/mountmgr.so
STRIPPROG=llvm-strip /private/tmp/gptk4-wine-source/tools/install-sh -m 644  dlls/mp3dmod/x86_64-windows/mp3dmod.dll /private/tmp/gptk4-runtime/lib/wine/x86_64-windows/mp3dmod.dll
tools/winebuild/winebuild --builtin /private/tmp/gptk4-runtime/lib/wine/x86_64-windows/mp3dmod.dll
STRIPPROG=llvm-strip /private/tmp/gptk4-wine-source/tools/install-sh -m 644  dlls/mpr/x86_64-windows/mpr.dll /private/tmp/gptk4-runtime/lib/wine/x86_64-windows/mpr.dll
tools/winebuild/winebuild --builtin /private/tmp/gptk4-runtime/lib/wine/x86_64-windows/mpr.dll
STRIPPROG=llvm-strip /private/tmp/gptk4-wine-source/tools/install-sh -m 644  dlls/mprapi/x86_64-windows/mprapi.dll /private/tmp/gptk4-runtime/lib/wine/x86_64-windows/mprapi.dll
tools/winebuild/winebuild --builtin /private/tmp/gptk4-runtime/lib/wine/x86_64-windows/mprapi.dll
STRIPPROG=llvm-strip /private/tmp/gptk4-wine-source/tools/install-sh -m 644  dlls/msacm32.drv/x86_64-windows/msacm32.drv /private/tmp/gptk4-runtime/lib/wine/x86_64-windows/msacm32.drv
tools/winebuild/winebuild --builtin /private/tmp/gptk4-runtime/lib/wine/x86_64-windows/msacm32.drv
STRIPPROG=llvm-strip /private/tmp/gptk4-wine-source/tools/install-sh -m 644  dlls/msacm32/x86_64-windows/msacm32.dll /private/tmp/gptk4-runtime/lib/wine/x86_64-windows/msacm32.dll
tools/winebuild/winebuild --builtin /private/tmp/gptk4-runtime/lib/wine/x86_64-windows/msacm32.dll
STRIPPROG=llvm-strip /private/tmp/gptk4-wine-source/tools/install-sh -m 644  dlls/msado15/x86_64-windows/msado15.dll /private/tmp/gptk4-runtime/lib/wine/x86_64-windows/msado15.dll
tools/winebuild/winebuild --builtin /private/tmp/gptk4-runtime/lib/wine/x86_64-windows/msado15.dll
STRIPPROG=llvm-strip /private/tmp/gptk4-wine-source/tools/install-sh -m 644  dlls/msadp32.acm/x86_64-windows/msadp32.acm /private/tmp/gptk4-runtime/lib/wine/x86_64-windows/msadp32.acm
tools/winebuild/winebuild --builtin /private/tmp/gptk4-runtime/lib/wine/x86_64-windows/msadp32.acm
STRIPPROG=llvm-strip /private/tmp/gptk4-wine-source/tools/install-sh -m 644  dlls/msasn1/x86_64-windows/msasn1.dll /private/tmp/gptk4-runtime/lib/wine/x86_64-windows/msasn1.dll
tools/winebuild/winebuild --builtin /private/tmp/gptk4-runtime/lib/wine/x86_64-windows/msasn1.dll
STRIPPROG=llvm-strip /private/tmp/gptk4-wine-source/tools/install-sh -m 644  dlls/msauddecmft/x86_64-windows/msauddecmft.dll /private/tmp/gptk4-runtime/lib/wine/x86_64-windows/msauddecmft.dll
tools/winebuild/winebuild --builtin /private/tmp/gptk4-runtime/lib/wine/x86_64-windows/msauddecmft.dll
STRIPPROG=llvm-strip /private/tmp/gptk4-wine-source/tools/install-sh -m 644  dlls/mscat32/x86_64-windows/mscat32.dll /private/tmp/gptk4-runtime/lib/wine/x86_64-windows/mscat32.dll
tools/winebuild/winebuild --builtin /private/tmp/gptk4-runtime/lib/wine/x86_64-windows/mscat32.dll
STRIPPROG=llvm-strip /private/tmp/gptk4-wine-source/tools/install-sh -m 644  dlls/mscms/x86_64-windows/mscms.dll /private/tmp/gptk4-runtime/lib/wine/x86_64-windows/mscms.dll
tools/winebuild/winebuild --builtin /private/tmp/gptk4-runtime/lib/wine/x86_64-windows/mscms.dll
STRIPPROG=llvm-strip /private/tmp/gptk4-wine-source/tools/install-sh -m 644  dlls/mscoree/x86_64-windows/mscoree.dll /private/tmp/gptk4-runtime/lib/wine/x86_64-windows/mscoree.dll
tools/winebuild/winebuild --builtin /private/tmp/gptk4-runtime/lib/wine/x86_64-windows/mscoree.dll
STRIPPROG=llvm-strip /private/tmp/gptk4-wine-source/tools/install-sh -m 644  dlls/mscorwks/x86_64-windows/mscorwks.dll /private/tmp/gptk4-runtime/lib/wine/x86_64-windows/mscorwks.dll
tools/winebuild/winebuild --builtin /private/tmp/gptk4-runtime/lib/wine/x86_64-windows/mscorwks.dll
STRIPPROG=llvm-strip /private/tmp/gptk4-wine-source/tools/install-sh -m 644  dlls/msctf/x86_64-windows/msctf.dll /private/tmp/gptk4-runtime/lib/wine/x86_64-windows/msctf.dll
tools/winebuild/winebuild --builtin /private/tmp/gptk4-runtime/lib/wine/x86_64-windows/msctf.dll
STRIPPROG=llvm-strip /private/tmp/gptk4-wine-source/tools/install-sh -m 644  dlls/msctfmonitor/x86_64-windows/msctfmonitor.dll /private/tmp/gptk4-runtime/lib/wine/x86_64-windows/msctfmonitor.dll
tools/winebuild/winebuild --builtin /private/tmp/gptk4-runtime/lib/wine/x86_64-windows/msctfmonitor.dll
STRIPPROG=llvm-strip /private/tmp/gptk4-wine-source/tools/install-sh -m 644  dlls/msctfp/x86_64-windows/msctfp.dll /private/tmp/gptk4-runtime/lib/wine/x86_64-windows/msctfp.dll
tools/winebuild/winebuild --builtin /private/tmp/gptk4-runtime/lib/wine/x86_64-windows/msctfp.dll
STRIPPROG=llvm-strip /private/tmp/gptk4-wine-source/tools/install-sh -m 644  dlls/msdaps/x86_64-windows/msdaps.dll /private/tmp/gptk4-runtime/lib/wine/x86_64-windows/msdaps.dll
tools/winebuild/winebuild --builtin /private/tmp/gptk4-runtime/lib/wine/x86_64-windows/msdaps.dll
STRIPPROG=llvm-strip /private/tmp/gptk4-wine-source/tools/install-sh -m 644  dlls/msdasql/x86_64-windows/msdasql.dll /private/tmp/gptk4-runtime/lib/wine/x86_64-windows/msdasql.dll
tools/winebuild/winebuild --builtin /private/tmp/gptk4-runtime/lib/wine/x86_64-windows/msdasql.dll
STRIPPROG=llvm-strip /private/tmp/gptk4-wine-source/tools/install-sh -m 644  dlls/msdelta/x86_64-windows/msdelta.dll /private/tmp/gptk4-runtime/lib/wine/x86_64-windows/msdelta.dll
tools/winebuild/winebuild --builtin /private/tmp/gptk4-runtime/lib/wine/x86_64-windows/msdelta.dll
STRIPPROG=llvm-strip /private/tmp/gptk4-wine-source/tools/install-sh -m 644  dlls/msdmo/x86_64-windows/msdmo.dll /private/tmp/gptk4-runtime/lib/wine/x86_64-windows/msdmo.dll
tools/winebuild/winebuild --builtin /private/tmp/gptk4-runtime/lib/wine/x86_64-windows/msdmo.dll
STRIPPROG=llvm-strip /private/tmp/gptk4-wine-source/tools/install-sh -m 644  dlls/msdrm/x86_64-windows/msdrm.dll /private/tmp/gptk4-runtime/lib/wine/x86_64-windows/msdrm.dll
tools/winebuild/winebuild --builtin /private/tmp/gptk4-runtime/lib/wine/x86_64-windows/msdrm.dll
STRIPPROG=llvm-strip /private/tmp/gptk4-wine-source/tools/install-sh -m 644  dlls/msftedit/x86_64-windows/msftedit.dll /private/tmp/gptk4-runtime/lib/wine/x86_64-windows/msftedit.dll
tools/winebuild/winebuild --builtin /private/tmp/gptk4-runtime/lib/wine/x86_64-windows/msftedit.dll
STRIPPROG=llvm-strip /private/tmp/gptk4-wine-source/tools/install-sh -m 644  dlls/msg711.acm/x86_64-windows/msg711.acm /private/tmp/gptk4-runtime/lib/wine/x86_64-windows/msg711.acm
tools/winebuild/winebuild --builtin /private/tmp/gptk4-runtime/lib/wine/x86_64-windows/msg711.acm
STRIPPROG=llvm-strip /private/tmp/gptk4-wine-source/tools/install-sh -m 644  dlls/msgsm32.acm/x86_64-windows/msgsm32.acm /private/tmp/gptk4-runtime/lib/wine/x86_64-windows/msgsm32.acm
tools/winebuild/winebuild --builtin /private/tmp/gptk4-runtime/lib/wine/x86_64-windows/msgsm32.acm
/private/tmp/gptk4-wine-source/tools/install-sh -m 644  dlls/mshtml.tlb/x86_64-windows/mshtml.tlb /private/tmp/gptk4-runtime/lib/wine/x86_64-windows/mshtml.tlb
STRIPPROG=llvm-strip /private/tmp/gptk4-wine-source/tools/install-sh -m 644  dlls/mshtml/x86_64-windows/mshtml.dll /private/tmp/gptk4-runtime/lib/wine/x86_64-windows/mshtml.dll
tools/winebuild/winebuild --builtin /private/tmp/gptk4-runtime/lib/wine/x86_64-windows/mshtml.dll
STRIPPROG=llvm-strip /private/tmp/gptk4-wine-source/tools/install-sh -m 644  dlls/msi/x86_64-windows/msi.dll /private/tmp/gptk4-runtime/lib/wine/x86_64-windows/msi.dll
tools/winebuild/winebuild --builtin /private/tmp/gptk4-runtime/lib/wine/x86_64-windows/msi.dll
STRIPPROG=llvm-strip /private/tmp/gptk4-wine-source/tools/install-sh -m 644  dlls/msident/x86_64-windows/msident.dll /private/tmp/gptk4-runtime/lib/wine/x86_64-windows/msident.dll
tools/winebuild/winebuild --builtin /private/tmp/gptk4-runtime/lib/wine/x86_64-windows/msident.dll
STRIPPROG=llvm-strip /private/tmp/gptk4-wine-source/tools/install-sh -m 644  dlls/msimg32/x86_64-windows/msimg32.dll /private/tmp/gptk4-runtime/lib/wine/x86_64-windows/msimg32.dll
tools/winebuild/winebuild --builtin /private/tmp/gptk4-runtime/lib/wine/x86_64-windows/msimg32.dll
/private/tmp/gptk4-wine-source/tools/install-sh -m 644  dlls/msimsg/x86_64-windows/msimsg.dll /private/tmp/gptk4-runtime/lib/wine/x86_64-windows/msimsg.dll
STRIPPROG=llvm-strip /private/tmp/gptk4-wine-source/tools/install-sh -m 644  dlls/msimtf/x86_64-windows/msimtf.dll /private/tmp/gptk4-runtime/lib/wine/x86_64-windows/msimtf.dll
tools/winebuild/winebuild --builtin /private/tmp/gptk4-runtime/lib/wine/x86_64-windows/msimtf.dll
STRIPPROG=llvm-strip /private/tmp/gptk4-wine-source/tools/install-sh -m 644  dlls/msisip/x86_64-windows/msisip.dll /private/tmp/gptk4-runtime/lib/wine/x86_64-windows/msisip.dll
tools/winebuild/winebuild --builtin /private/tmp/gptk4-runtime/lib/wine/x86_64-windows/msisip.dll
STRIPPROG=llvm-strip /private/tmp/gptk4-wine-source/tools/install-sh -m 644  dlls/msisys.ocx/x86_64-windows/msisys.ocx /private/tmp/gptk4-runtime/lib/wine/x86_64-windows/msisys.ocx
tools/winebuild/winebuild --builtin /private/tmp/gptk4-runtime/lib/wine/x86_64-windows/msisys.ocx
STRIPPROG=llvm-strip /private/tmp/gptk4-wine-source/tools/install-sh -m 644  dlls/msls31/x86_64-windows/msls31.dll /private/tmp/gptk4-runtime/lib/wine/x86_64-windows/msls31.dll
tools/winebuild/winebuild --builtin /private/tmp/gptk4-runtime/lib/wine/x86_64-windows/msls31.dll
STRIPPROG=llvm-strip /private/tmp/gptk4-wine-source/tools/install-sh -m 644  dlls/msmpeg2vdec/x86_64-windows/msmpeg2vdec.dll /private/tmp/gptk4-runtime/lib/wine/x86_64-windows/msmpeg2vdec.dll
tools/winebuild/winebuild --builtin /private/tmp/gptk4-runtime/lib/wine/x86_64-windows/msmpeg2vdec.dll
STRIPPROG=llvm-strip /private/tmp/gptk4-wine-source/tools/install-sh -m 644  dlls/msnet32/x86_64-windows/msnet32.dll /private/tmp/gptk4-runtime/lib/wine/x86_64-windows/msnet32.dll
tools/winebuild/winebuild --builtin /private/tmp/gptk4-runtime/lib/wine/x86_64-windows/msnet32.dll
STRIPPROG=llvm-strip /private/tmp/gptk4-wine-source/tools/install-sh -m 644  dlls/mspatcha/x86_64-windows/mspatcha.dll /private/tmp/gptk4-runtime/lib/wine/x86_64-windows/mspatcha.dll
tools/winebuild/winebuild --builtin /private/tmp/gptk4-runtime/lib/wine/x86_64-windows/mspatcha.dll
STRIPPROG=llvm-strip /private/tmp/gptk4-wine-source/tools/install-sh -m 644  dlls/msports/x86_64-windows/msports.dll /private/tmp/gptk4-runtime/lib/wine/x86_64-windows/msports.dll
tools/winebuild/winebuild --builtin /private/tmp/gptk4-runtime/lib/wine/x86_64-windows/msports.dll
STRIPPROG=llvm-strip /private/tmp/gptk4-wine-source/tools/install-sh -m 644  dlls/msrle32/x86_64-windows/msrle32.dll /private/tmp/gptk4-runtime/lib/wine/x86_64-windows/msrle32.dll
tools/winebuild/winebuild --builtin /private/tmp/gptk4-runtime/lib/wine/x86_64-windows/msrle32.dll
STRIPPROG=llvm-strip /private/tmp/gptk4-wine-source/tools/install-sh -m 644  dlls/msscript.ocx/x86_64-windows/msscript.ocx /private/tmp/gptk4-runtime/lib/wine/x86_64-windows/msscript.ocx
tools/winebuild/winebuild --builtin /private/tmp/gptk4-runtime/lib/wine/x86_64-windows/msscript.ocx
STRIPPROG=llvm-strip /private/tmp/gptk4-wine-source/tools/install-sh -m 644  dlls/mssign32/x86_64-windows/mssign32.dll /private/tmp/gptk4-runtime/lib/wine/x86_64-windows/mssign32.dll
tools/winebuild/winebuild --builtin /private/tmp/gptk4-runtime/lib/wine/x86_64-windows/mssign32.dll
STRIPPROG=llvm-strip /private/tmp/gptk4-wine-source/tools/install-sh -m 644  dlls/mssip32/x86_64-windows/mssip32.dll /private/tmp/gptk4-runtime/lib/wine/x86_64-windows/mssip32.dll
tools/winebuild/winebuild --builtin /private/tmp/gptk4-runtime/lib/wine/x86_64-windows/mssip32.dll
STRIPPROG=llvm-strip /private/tmp/gptk4-wine-source/tools/install-sh -m 644  dlls/mstask/x86_64-windows/mstask.dll /private/tmp/gptk4-runtime/lib/wine/x86_64-windows/mstask.dll
tools/winebuild/winebuild --builtin /private/tmp/gptk4-runtime/lib/wine/x86_64-windows/mstask.dll
STRIPPROG=llvm-strip /private/tmp/gptk4-wine-source/tools/install-sh -m 644  dlls/msttsengine/x86_64-windows/msttsengine.dll /private/tmp/gptk4-runtime/lib/wine/x86_64-windows/msttsengine.dll
tools/winebuild/winebuild --builtin /private/tmp/gptk4-runtime/lib/wine/x86_64-windows/msttsengine.dll
STRIPPROG=llvm-strip /private/tmp/gptk4-wine-source/tools/install-sh -m 644  dlls/msv1_0/x86_64-windows/msv1_0.dll /private/tmp/gptk4-runtime/lib/wine/x86_64-windows/msv1_0.dll
tools/winebuild/winebuild --builtin /private/tmp/gptk4-runtime/lib/wine/x86_64-windows/msv1_0.dll
STRIPPROG="strip" /private/tmp/gptk4-wine-source/tools/install-sh  dlls/msv1_0/msv1_0.so /private/tmp/gptk4-runtime/lib/wine/x86_64-unix/msv1_0.so
STRIPPROG=llvm-strip /private/tmp/gptk4-wine-source/tools/install-sh -m 644  dlls/msvcirt/x86_64-windows/msvcirt.dll /private/tmp/gptk4-runtime/lib/wine/x86_64-windows/msvcirt.dll
tools/winebuild/winebuild --builtin /private/tmp/gptk4-runtime/lib/wine/x86_64-windows/msvcirt.dll
STRIPPROG=llvm-strip /private/tmp/gptk4-wine-source/tools/install-sh -m 644  dlls/msvcm80/x86_64-windows/msvcm80.dll /private/tmp/gptk4-runtime/lib/wine/x86_64-windows/msvcm80.dll
tools/winebuild/winebuild --builtin /private/tmp/gptk4-runtime/lib/wine/x86_64-windows/msvcm80.dll
STRIPPROG=llvm-strip /private/tmp/gptk4-wine-source/tools/install-sh -m 644  dlls/msvcm90/x86_64-windows/msvcm90.dll /private/tmp/gptk4-runtime/lib/wine/x86_64-windows/msvcm90.dll
tools/winebuild/winebuild --builtin /private/tmp/gptk4-runtime/lib/wine/x86_64-windows/msvcm90.dll
STRIPPROG=llvm-strip /private/tmp/gptk4-wine-source/tools/install-sh -m 644  dlls/msvcp100/x86_64-windows/msvcp100.dll /private/tmp/gptk4-runtime/lib/wine/x86_64-windows/msvcp100.dll
tools/winebuild/winebuild --builtin /private/tmp/gptk4-runtime/lib/wine/x86_64-windows/msvcp100.dll
STRIPPROG=llvm-strip /private/tmp/gptk4-wine-source/tools/install-sh -m 644  dlls/msvcp110/x86_64-windows/msvcp110.dll /private/tmp/gptk4-runtime/lib/wine/x86_64-windows/msvcp110.dll
tools/winebuild/winebuild --builtin /private/tmp/gptk4-runtime/lib/wine/x86_64-windows/msvcp110.dll
STRIPPROG=llvm-strip /private/tmp/gptk4-wine-source/tools/install-sh -m 644  dlls/msvcp120/x86_64-windows/msvcp120.dll /private/tmp/gptk4-runtime/lib/wine/x86_64-windows/msvcp120.dll
tools/winebuild/winebuild --builtin /private/tmp/gptk4-runtime/lib/wine/x86_64-windows/msvcp120.dll
STRIPPROG=llvm-strip /private/tmp/gptk4-wine-source/tools/install-sh -m 644  dlls/msvcp120_app/x86_64-windows/msvcp120_app.dll /private/tmp/gptk4-runtime/lib/wine/x86_64-windows/msvcp120_app.dll
tools/winebuild/winebuild --builtin /private/tmp/gptk4-runtime/lib/wine/x86_64-windows/msvcp120_app.dll
STRIPPROG=llvm-strip /private/tmp/gptk4-wine-source/tools/install-sh -m 644  dlls/msvcp140/x86_64-windows/msvcp140.dll /private/tmp/gptk4-runtime/lib/wine/x86_64-windows/msvcp140.dll
tools/winebuild/winebuild --builtin /private/tmp/gptk4-runtime/lib/wine/x86_64-windows/msvcp140.dll
STRIPPROG=llvm-strip /private/tmp/gptk4-wine-source/tools/install-sh -m 644  dlls/msvcp140_1/x86_64-windows/msvcp140_1.dll /private/tmp/gptk4-runtime/lib/wine/x86_64-windows/msvcp140_1.dll
tools/winebuild/winebuild --builtin /private/tmp/gptk4-runtime/lib/wine/x86_64-windows/msvcp140_1.dll
STRIPPROG=llvm-strip /private/tmp/gptk4-wine-source/tools/install-sh -m 644  dlls/msvcp140_2/x86_64-windows/msvcp140_2.dll /private/tmp/gptk4-runtime/lib/wine/x86_64-windows/msvcp140_2.dll
tools/winebuild/winebuild --builtin /private/tmp/gptk4-runtime/lib/wine/x86_64-windows/msvcp140_2.dll
STRIPPROG=llvm-strip /private/tmp/gptk4-wine-source/tools/install-sh -m 644  dlls/msvcp140_atomic_wait/x86_64-windows/msvcp140_atomic_wait.dll /private/tmp/gptk4-runtime/lib/wine/x86_64-windows/msvcp140_atomic_wait.dll
tools/winebuild/winebuild --builtin /private/tmp/gptk4-runtime/lib/wine/x86_64-windows/msvcp140_atomic_wait.dll
STRIPPROG=llvm-strip /private/tmp/gptk4-wine-source/tools/install-sh -m 644  dlls/msvcp140_codecvt_ids/x86_64-windows/msvcp140_codecvt_ids.dll /private/tmp/gptk4-runtime/lib/wine/x86_64-windows/msvcp140_codecvt_ids.dll
tools/winebuild/winebuild --builtin /private/tmp/gptk4-runtime/lib/wine/x86_64-windows/msvcp140_codecvt_ids.dll
STRIPPROG=llvm-strip /private/tmp/gptk4-wine-source/tools/install-sh -m 644  dlls/msvcp60/x86_64-windows/msvcp60.dll /private/tmp/gptk4-runtime/lib/wine/x86_64-windows/msvcp60.dll
tools/winebuild/winebuild --builtin /private/tmp/gptk4-runtime/lib/wine/x86_64-windows/msvcp60.dll
STRIPPROG=llvm-strip /private/tmp/gptk4-wine-source/tools/install-sh -m 644  dlls/msvcp70/x86_64-windows/msvcp70.dll /private/tmp/gptk4-runtime/lib/wine/x86_64-windows/msvcp70.dll
tools/winebuild/winebuild --builtin /private/tmp/gptk4-runtime/lib/wine/x86_64-windows/msvcp70.dll
STRIPPROG=llvm-strip /private/tmp/gptk4-wine-source/tools/install-sh -m 644  dlls/msvcp71/x86_64-windows/msvcp71.dll /private/tmp/gptk4-runtime/lib/wine/x86_64-windows/msvcp71.dll
tools/winebuild/winebuild --builtin /private/tmp/gptk4-runtime/lib/wine/x86_64-windows/msvcp71.dll
STRIPPROG=llvm-strip /private/tmp/gptk4-wine-source/tools/install-sh -m 644  dlls/msvcp80/x86_64-windows/msvcp80.dll /private/tmp/gptk4-runtime/lib/wine/x86_64-windows/msvcp80.dll
tools/winebuild/winebuild --builtin /private/tmp/gptk4-runtime/lib/wine/x86_64-windows/msvcp80.dll
STRIPPROG=llvm-strip /private/tmp/gptk4-wine-source/tools/install-sh -m 644  dlls/msvcp90/x86_64-windows/msvcp90.dll /private/tmp/gptk4-runtime/lib/wine/x86_64-windows/msvcp90.dll
tools/winebuild/winebuild --builtin /private/tmp/gptk4-runtime/lib/wine/x86_64-windows/msvcp90.dll
STRIPPROG=llvm-strip /private/tmp/gptk4-wine-source/tools/install-sh -m 644  dlls/msvcp_win/x86_64-windows/msvcp_win.dll /private/tmp/gptk4-runtime/lib/wine/x86_64-windows/msvcp_win.dll
tools/winebuild/winebuild --builtin /private/tmp/gptk4-runtime/lib/wine/x86_64-windows/msvcp_win.dll
STRIPPROG=llvm-strip /private/tmp/gptk4-wine-source/tools/install-sh -m 644  dlls/msvcr100/x86_64-windows/msvcr100.dll /private/tmp/gptk4-runtime/lib/wine/x86_64-windows/msvcr100.dll
tools/winebuild/winebuild --builtin /private/tmp/gptk4-runtime/lib/wine/x86_64-windows/msvcr100.dll
STRIPPROG=llvm-strip /private/tmp/gptk4-wine-source/tools/install-sh -m 644  dlls/msvcr110/x86_64-windows/msvcr110.dll /private/tmp/gptk4-runtime/lib/wine/x86_64-windows/msvcr110.dll
tools/winebuild/winebuild --builtin /private/tmp/gptk4-runtime/lib/wine/x86_64-windows/msvcr110.dll
STRIPPROG=llvm-strip /private/tmp/gptk4-wine-source/tools/install-sh -m 644  dlls/msvcr120/x86_64-windows/msvcr120.dll /private/tmp/gptk4-runtime/lib/wine/x86_64-windows/msvcr120.dll
tools/winebuild/winebuild --builtin /private/tmp/gptk4-runtime/lib/wine/x86_64-windows/msvcr120.dll
STRIPPROG=llvm-strip /private/tmp/gptk4-wine-source/tools/install-sh -m 644  dlls/msvcr120_app/x86_64-windows/msvcr120_app.dll /private/tmp/gptk4-runtime/lib/wine/x86_64-windows/msvcr120_app.dll
tools/winebuild/winebuild --builtin /private/tmp/gptk4-runtime/lib/wine/x86_64-windows/msvcr120_app.dll
STRIPPROG=llvm-strip /private/tmp/gptk4-wine-source/tools/install-sh -m 644  dlls/msvcr70/x86_64-windows/msvcr70.dll /private/tmp/gptk4-runtime/lib/wine/x86_64-windows/msvcr70.dll
tools/winebuild/winebuild --builtin /private/tmp/gptk4-runtime/lib/wine/x86_64-windows/msvcr70.dll
STRIPPROG=llvm-strip /private/tmp/gptk4-wine-source/tools/install-sh -m 644  dlls/msvcr71/x86_64-windows/msvcr71.dll /private/tmp/gptk4-runtime/lib/wine/x86_64-windows/msvcr71.dll
tools/winebuild/winebuild --builtin /private/tmp/gptk4-runtime/lib/wine/x86_64-windows/msvcr71.dll
STRIPPROG=llvm-strip /private/tmp/gptk4-wine-source/tools/install-sh -m 644  dlls/msvcr80/x86_64-windows/msvcr80.dll /private/tmp/gptk4-runtime/lib/wine/x86_64-windows/msvcr80.dll
tools/winebuild/winebuild --builtin /private/tmp/gptk4-runtime/lib/wine/x86_64-windows/msvcr80.dll
STRIPPROG=llvm-strip /private/tmp/gptk4-wine-source/tools/install-sh -m 644  dlls/msvcr90/x86_64-windows/msvcr90.dll /private/tmp/gptk4-runtime/lib/wine/x86_64-windows/msvcr90.dll
tools/winebuild/winebuild --builtin /private/tmp/gptk4-runtime/lib/wine/x86_64-windows/msvcr90.dll
STRIPPROG=llvm-strip /private/tmp/gptk4-wine-source/tools/install-sh -m 644  dlls/msvcrt/x86_64-windows/msvcrt.dll /private/tmp/gptk4-runtime/lib/wine/x86_64-windows/msvcrt.dll
tools/winebuild/winebuild --builtin /private/tmp/gptk4-runtime/lib/wine/x86_64-windows/msvcrt.dll
STRIPPROG=llvm-strip /private/tmp/gptk4-wine-source/tools/install-sh -m 644  dlls/msvcrt20/x86_64-windows/msvcrt20.dll /private/tmp/gptk4-runtime/lib/wine/x86_64-windows/msvcrt20.dll
tools/winebuild/winebuild --builtin /private/tmp/gptk4-runtime/lib/wine/x86_64-windows/msvcrt20.dll
STRIPPROG=llvm-strip /private/tmp/gptk4-wine-source/tools/install-sh -m 644  dlls/msvcrt40/x86_64-windows/msvcrt40.dll /private/tmp/gptk4-runtime/lib/wine/x86_64-windows/msvcrt40.dll
tools/winebuild/winebuild --builtin /private/tmp/gptk4-runtime/lib/wine/x86_64-windows/msvcrt40.dll
STRIPPROG=llvm-strip /private/tmp/gptk4-wine-source/tools/install-sh -m 644  dlls/msvcrtd/x86_64-windows/msvcrtd.dll /private/tmp/gptk4-runtime/lib/wine/x86_64-windows/msvcrtd.dll
tools/winebuild/winebuild --builtin /private/tmp/gptk4-runtime/lib/wine/x86_64-windows/msvcrtd.dll
STRIPPROG=llvm-strip /private/tmp/gptk4-wine-source/tools/install-sh -m 644  dlls/msvfw32/x86_64-windows/msvfw32.dll /private/tmp/gptk4-runtime/lib/wine/x86_64-windows/msvfw32.dll
tools/winebuild/winebuild --builtin /private/tmp/gptk4-runtime/lib/wine/x86_64-windows/msvfw32.dll
STRIPPROG=llvm-strip /private/tmp/gptk4-wine-source/tools/install-sh -m 644  dlls/msvidc32/x86_64-windows/msvidc32.dll /private/tmp/gptk4-runtime/lib/wine/x86_64-windows/msvidc32.dll
tools/winebuild/winebuild --builtin /private/tmp/gptk4-runtime/lib/wine/x86_64-windows/msvidc32.dll
STRIPPROG=llvm-strip /private/tmp/gptk4-wine-source/tools/install-sh -m 644  dlls/msvproc/x86_64-windows/msvproc.dll /private/tmp/gptk4-runtime/lib/wine/x86_64-windows/msvproc.dll
tools/winebuild/winebuild --builtin /private/tmp/gptk4-runtime/lib/wine/x86_64-windows/msvproc.dll
STRIPPROG=llvm-strip /private/tmp/gptk4-wine-source/tools/install-sh -m 644  dlls/mswsock/x86_64-windows/mswsock.dll /private/tmp/gptk4-runtime/lib/wine/x86_64-windows/mswsock.dll
tools/winebuild/winebuild --builtin /private/tmp/gptk4-runtime/lib/wine/x86_64-windows/mswsock.dll
STRIPPROG=llvm-strip /private/tmp/gptk4-wine-source/tools/install-sh -m 644  dlls/msxml/x86_64-windows/msxml.dll /private/tmp/gptk4-runtime/lib/wine/x86_64-windows/msxml.dll
tools/winebuild/winebuild --builtin /private/tmp/gptk4-runtime/lib/wine/x86_64-windows/msxml.dll
STRIPPROG=llvm-strip /private/tmp/gptk4-wine-source/tools/install-sh -m 644  dlls/msxml2/x86_64-windows/msxml2.dll /private/tmp/gptk4-runtime/lib/wine/x86_64-windows/msxml2.dll
tools/winebuild/winebuild --builtin /private/tmp/gptk4-runtime/lib/wine/x86_64-windows/msxml2.dll
STRIPPROG=llvm-strip /private/tmp/gptk4-wine-source/tools/install-sh -m 644  dlls/msxml3/x86_64-windows/msxml3.dll /private/tmp/gptk4-runtime/lib/wine/x86_64-windows/msxml3.dll
tools/winebuild/winebuild --builtin /private/tmp/gptk4-runtime/lib/wine/x86_64-windows/msxml3.dll
STRIPPROG=llvm-strip /private/tmp/gptk4-wine-source/tools/install-sh -m 644  dlls/msxml4/x86_64-windows/msxml4.dll /private/tmp/gptk4-runtime/lib/wine/x86_64-windows/msxml4.dll
tools/winebuild/winebuild --builtin /private/tmp/gptk4-runtime/lib/wine/x86_64-windows/msxml4.dll
STRIPPROG=llvm-strip /private/tmp/gptk4-wine-source/tools/install-sh -m 644  dlls/msxml6/x86_64-windows/msxml6.dll /private/tmp/gptk4-runtime/lib/wine/x86_64-windows/msxml6.dll
tools/winebuild/winebuild --builtin /private/tmp/gptk4-runtime/lib/wine/x86_64-windows/msxml6.dll
STRIPPROG=llvm-strip /private/tmp/gptk4-wine-source/tools/install-sh -m 644  dlls/mtxdm/x86_64-windows/mtxdm.dll /private/tmp/gptk4-runtime/lib/wine/x86_64-windows/mtxdm.dll
tools/winebuild/winebuild --builtin /private/tmp/gptk4-runtime/lib/wine/x86_64-windows/mtxdm.dll
STRIPPROG=llvm-strip /private/tmp/gptk4-wine-source/tools/install-sh -m 644  dlls/ncrypt/x86_64-windows/ncrypt.dll /private/tmp/gptk4-runtime/lib/wine/x86_64-windows/ncrypt.dll
tools/winebuild/winebuild --builtin /private/tmp/gptk4-runtime/lib/wine/x86_64-windows/ncrypt.dll
STRIPPROG=llvm-strip /private/tmp/gptk4-wine-source/tools/install-sh -m 644  dlls/nddeapi/x86_64-windows/nddeapi.dll /private/tmp/gptk4-runtime/lib/wine/x86_64-windows/nddeapi.dll
tools/winebuild/winebuild --builtin /private/tmp/gptk4-runtime/lib/wine/x86_64-windows/nddeapi.dll
STRIPPROG=llvm-strip /private/tmp/gptk4-wine-source/tools/install-sh -m 644  dlls/ndis.sys/x86_64-windows/ndis.sys /private/tmp/gptk4-runtime/lib/wine/x86_64-windows/ndis.sys
tools/winebuild/winebuild --builtin /private/tmp/gptk4-runtime/lib/wine/x86_64-windows/ndis.sys
STRIPPROG=llvm-strip /private/tmp/gptk4-wine-source/tools/install-sh -m 644  dlls/netapi32/x86_64-windows/netapi32.dll /private/tmp/gptk4-runtime/lib/wine/x86_64-windows/netapi32.dll
tools/winebuild/winebuild --builtin /private/tmp/gptk4-runtime/lib/wine/x86_64-windows/netapi32.dll
STRIPPROG="strip" /private/tmp/gptk4-wine-source/tools/install-sh  dlls/netapi32/netapi32.so /private/tmp/gptk4-runtime/lib/wine/x86_64-unix/netapi32.so
STRIPPROG=llvm-strip /private/tmp/gptk4-wine-source/tools/install-sh -m 644  dlls/netcfgx/x86_64-windows/netcfgx.dll /private/tmp/gptk4-runtime/lib/wine/x86_64-windows/netcfgx.dll
tools/winebuild/winebuild --builtin /private/tmp/gptk4-runtime/lib/wine/x86_64-windows/netcfgx.dll
STRIPPROG=llvm-strip /private/tmp/gptk4-wine-source/tools/install-sh -m 644  dlls/netio.sys/x86_64-windows/netio.sys /private/tmp/gptk4-runtime/lib/wine/x86_64-windows/netio.sys
tools/winebuild/winebuild --builtin /private/tmp/gptk4-runtime/lib/wine/x86_64-windows/netio.sys
STRIPPROG=llvm-strip /private/tmp/gptk4-wine-source/tools/install-sh -m 644  dlls/netprofm/x86_64-windows/netprofm.dll /private/tmp/gptk4-runtime/lib/wine/x86_64-windows/netprofm.dll
tools/winebuild/winebuild --builtin /private/tmp/gptk4-runtime/lib/wine/x86_64-windows/netprofm.dll
STRIPPROG=llvm-strip /private/tmp/gptk4-wine-source/tools/install-sh -m 644  dlls/netutils/x86_64-windows/netutils.dll /private/tmp/gptk4-runtime/lib/wine/x86_64-windows/netutils.dll
tools/winebuild/winebuild --builtin /private/tmp/gptk4-runtime/lib/wine/x86_64-windows/netutils.dll
STRIPPROG=llvm-strip /private/tmp/gptk4-wine-source/tools/install-sh -m 644  dlls/newdev/x86_64-windows/newdev.dll /private/tmp/gptk4-runtime/lib/wine/x86_64-windows/newdev.dll
tools/winebuild/winebuild --builtin /private/tmp/gptk4-runtime/lib/wine/x86_64-windows/newdev.dll
STRIPPROG=llvm-strip /private/tmp/gptk4-wine-source/tools/install-sh -m 644  dlls/ninput/x86_64-windows/ninput.dll /private/tmp/gptk4-runtime/lib/wine/x86_64-windows/ninput.dll
tools/winebuild/winebuild --builtin /private/tmp/gptk4-runtime/lib/wine/x86_64-windows/ninput.dll
/private/tmp/gptk4-wine-source/tools/install-sh -m 644  dlls/normaliz/x86_64-windows/normaliz.dll /private/tmp/gptk4-runtime/lib/wine/x86_64-windows/normaliz.dll
STRIPPROG=llvm-strip /private/tmp/gptk4-wine-source/tools/install-sh -m 644  dlls/npmshtml/x86_64-windows/npmshtml.dll /private/tmp/gptk4-runtime/lib/wine/x86_64-windows/npmshtml.dll
tools/winebuild/winebuild --builtin /private/tmp/gptk4-runtime/lib/wine/x86_64-windows/npmshtml.dll
STRIPPROG=llvm-strip /private/tmp/gptk4-wine-source/tools/install-sh -m 644  dlls/npptools/x86_64-windows/npptools.dll /private/tmp/gptk4-runtime/lib/wine/x86_64-windows/npptools.dll
tools/winebuild/winebuild --builtin /private/tmp/gptk4-runtime/lib/wine/x86_64-windows/npptools.dll
STRIPPROG=llvm-strip /private/tmp/gptk4-wine-source/tools/install-sh -m 644  dlls/nsi/x86_64-windows/nsi.dll /private/tmp/gptk4-runtime/lib/wine/x86_64-windows/nsi.dll
tools/winebuild/winebuild --builtin /private/tmp/gptk4-runtime/lib/wine/x86_64-windows/nsi.dll
STRIPPROG=llvm-strip /private/tmp/gptk4-wine-source/tools/install-sh -m 644  dlls/nsiproxy.sys/x86_64-windows/nsiproxy.sys /private/tmp/gptk4-runtime/lib/wine/x86_64-windows/nsiproxy.sys
tools/winebuild/winebuild --builtin /private/tmp/gptk4-runtime/lib/wine/x86_64-windows/nsiproxy.sys
STRIPPROG="strip" /private/tmp/gptk4-wine-source/tools/install-sh  dlls/nsiproxy.sys/nsiproxy.so /private/tmp/gptk4-runtime/lib/wine/x86_64-unix/nsiproxy.so
STRIPPROG=llvm-strip /private/tmp/gptk4-wine-source/tools/install-sh -m 644  dlls/ntdll/x86_64-windows/ntdll.dll /private/tmp/gptk4-runtime/lib/wine/x86_64-windows/ntdll.dll
tools/winebuild/winebuild --builtin /private/tmp/gptk4-runtime/lib/wine/x86_64-windows/ntdll.dll
STRIPPROG="strip" /private/tmp/gptk4-wine-source/tools/install-sh  dlls/ntdll/ntdll.so /private/tmp/gptk4-runtime/lib/wine/x86_64-unix/ntdll.so
STRIPPROG=llvm-strip /private/tmp/gptk4-wine-source/tools/install-sh -m 644  dlls/ntdsapi/x86_64-windows/ntdsapi.dll /private/tmp/gptk4-runtime/lib/wine/x86_64-windows/ntdsapi.dll
tools/winebuild/winebuild --builtin /private/tmp/gptk4-runtime/lib/wine/x86_64-windows/ntdsapi.dll
STRIPPROG=llvm-strip /private/tmp/gptk4-wine-source/tools/install-sh -m 644  dlls/ntoskrnl.exe/x86_64-windows/ntoskrnl.exe /private/tmp/gptk4-runtime/lib/wine/x86_64-windows/ntoskrnl.exe
tools/winebuild/winebuild --builtin /private/tmp/gptk4-runtime/lib/wine/x86_64-windows/ntoskrnl.exe
STRIPPROG=llvm-strip /private/tmp/gptk4-wine-source/tools/install-sh -m 644  dlls/ntprint/x86_64-windows/ntprint.dll /private/tmp/gptk4-runtime/lib/wine/x86_64-windows/ntprint.dll
tools/winebuild/winebuild --builtin /private/tmp/gptk4-runtime/lib/wine/x86_64-windows/ntprint.dll
STRIPPROG=llvm-strip /private/tmp/gptk4-wine-source/tools/install-sh -m 644  dlls/objsel/x86_64-windows/objsel.dll /private/tmp/gptk4-runtime/lib/wine/x86_64-windows/objsel.dll
tools/winebuild/winebuild --builtin /private/tmp/gptk4-runtime/lib/wine/x86_64-windows/objsel.dll
STRIPPROG=llvm-strip /private/tmp/gptk4-wine-source/tools/install-sh -m 644  dlls/odbc32/x86_64-windows/odbc32.dll /private/tmp/gptk4-runtime/lib/wine/x86_64-windows/odbc32.dll
tools/winebuild/winebuild --builtin /private/tmp/gptk4-runtime/lib/wine/x86_64-windows/odbc32.dll
STRIPPROG="strip" /private/tmp/gptk4-wine-source/tools/install-sh  dlls/odbc32/odbc32.so /private/tmp/gptk4-runtime/lib/wine/x86_64-unix/odbc32.so
STRIPPROG=llvm-strip /private/tmp/gptk4-wine-source/tools/install-sh -m 644  dlls/odbcbcp/x86_64-windows/odbcbcp.dll /private/tmp/gptk4-runtime/lib/wine/x86_64-windows/odbcbcp.dll
tools/winebuild/winebuild --builtin /private/tmp/gptk4-runtime/lib/wine/x86_64-windows/odbcbcp.dll
STRIPPROG=llvm-strip /private/tmp/gptk4-wine-source/tools/install-sh -m 644  dlls/odbccp32/x86_64-windows/odbccp32.dll /private/tmp/gptk4-runtime/lib/wine/x86_64-windows/odbccp32.dll
tools/winebuild/winebuild --builtin /private/tmp/gptk4-runtime/lib/wine/x86_64-windows/odbccp32.dll
STRIPPROG=llvm-strip /private/tmp/gptk4-wine-source/tools/install-sh -m 644  dlls/odbccu32/x86_64-windows/odbccu32.dll /private/tmp/gptk4-runtime/lib/wine/x86_64-windows/odbccu32.dll
tools/winebuild/winebuild --builtin /private/tmp/gptk4-runtime/lib/wine/x86_64-windows/odbccu32.dll
STRIPPROG=llvm-strip /private/tmp/gptk4-wine-source/tools/install-sh -m 644  dlls/ole32/x86_64-windows/ole32.dll /private/tmp/gptk4-runtime/lib/wine/x86_64-windows/ole32.dll
tools/winebuild/winebuild --builtin /private/tmp/gptk4-runtime/lib/wine/x86_64-windows/ole32.dll
STRIPPROG=llvm-strip /private/tmp/gptk4-wine-source/tools/install-sh -m 644  dlls/oleacc/x86_64-windows/oleacc.dll /private/tmp/gptk4-runtime/lib/wine/x86_64-windows/oleacc.dll
tools/winebuild/winebuild --builtin /private/tmp/gptk4-runtime/lib/wine/x86_64-windows/oleacc.dll
STRIPPROG=llvm-strip /private/tmp/gptk4-wine-source/tools/install-sh -m 644  dlls/oleaut32/x86_64-windows/oleaut32.dll /private/tmp/gptk4-runtime/lib/wine/x86_64-windows/oleaut32.dll
tools/winebuild/winebuild --builtin /private/tmp/gptk4-runtime/lib/wine/x86_64-windows/oleaut32.dll
STRIPPROG=llvm-strip /private/tmp/gptk4-wine-source/tools/install-sh -m 644  dlls/olecli32/x86_64-windows/olecli32.dll /private/tmp/gptk4-runtime/lib/wine/x86_64-windows/olecli32.dll
tools/winebuild/winebuild --builtin /private/tmp/gptk4-runtime/lib/wine/x86_64-windows/olecli32.dll
STRIPPROG=llvm-strip /private/tmp/gptk4-wine-source/tools/install-sh -m 644  dlls/oledb32/x86_64-windows/oledb32.dll /private/tmp/gptk4-runtime/lib/wine/x86_64-windows/oledb32.dll
tools/winebuild/winebuild --builtin /private/tmp/gptk4-runtime/lib/wine/x86_64-windows/oledb32.dll
STRIPPROG=llvm-strip /private/tmp/gptk4-wine-source/tools/install-sh -m 644  dlls/oledlg/x86_64-windows/oledlg.dll /private/tmp/gptk4-runtime/lib/wine/x86_64-windows/oledlg.dll
tools/winebuild/winebuild --builtin /private/tmp/gptk4-runtime/lib/wine/x86_64-windows/oledlg.dll
STRIPPROG=llvm-strip /private/tmp/gptk4-wine-source/tools/install-sh -m 644  dlls/olepro32/x86_64-windows/olepro32.dll /private/tmp/gptk4-runtime/lib/wine/x86_64-windows/olepro32.dll
tools/winebuild/winebuild --builtin /private/tmp/gptk4-runtime/lib/wine/x86_64-windows/olepro32.dll
STRIPPROG=llvm-strip /private/tmp/gptk4-wine-source/tools/install-sh -m 644  dlls/olesvr32/x86_64-windows/olesvr32.dll /private/tmp/gptk4-runtime/lib/wine/x86_64-windows/olesvr32.dll
tools/winebuild/winebuild --builtin /private/tmp/gptk4-runtime/lib/wine/x86_64-windows/olesvr32.dll
STRIPPROG=llvm-strip /private/tmp/gptk4-wine-source/tools/install-sh -m 644  dlls/olethk32/x86_64-windows/olethk32.dll /private/tmp/gptk4-runtime/lib/wine/x86_64-windows/olethk32.dll
tools/winebuild/winebuild --builtin /private/tmp/gptk4-runtime/lib/wine/x86_64-windows/olethk32.dll
STRIPPROG=llvm-strip /private/tmp/gptk4-wine-source/tools/install-sh -m 644  dlls/opcservices/x86_64-windows/opcservices.dll /private/tmp/gptk4-runtime/lib/wine/x86_64-windows/opcservices.dll
tools/winebuild/winebuild --builtin /private/tmp/gptk4-runtime/lib/wine/x86_64-windows/opcservices.dll
STRIPPROG=llvm-strip /private/tmp/gptk4-wine-source/tools/install-sh -m 644  dlls/opencl/x86_64-windows/opencl.dll /private/tmp/gptk4-runtime/lib/wine/x86_64-windows/opencl.dll
tools/winebuild/winebuild --builtin /private/tmp/gptk4-runtime/lib/wine/x86_64-windows/opencl.dll
STRIPPROG="strip" /private/tmp/gptk4-wine-source/tools/install-sh  dlls/opencl/opencl.so /private/tmp/gptk4-runtime/lib/wine/x86_64-unix/opencl.so
STRIPPROG=llvm-strip /private/tmp/gptk4-wine-source/tools/install-sh -m 644  dlls/opengl32/x86_64-windows/opengl32.dll /private/tmp/gptk4-runtime/lib/wine/x86_64-windows/opengl32.dll
tools/winebuild/winebuild --builtin /private/tmp/gptk4-runtime/lib/wine/x86_64-windows/opengl32.dll
STRIPPROG="strip" /private/tmp/gptk4-wine-source/tools/install-sh  dlls/opengl32/opengl32.so /private/tmp/gptk4-runtime/lib/wine/x86_64-unix/opengl32.so
STRIPPROG=llvm-strip /private/tmp/gptk4-wine-source/tools/install-sh -m 644  dlls/packager/x86_64-windows/packager.dll /private/tmp/gptk4-runtime/lib/wine/x86_64-windows/packager.dll
tools/winebuild/winebuild --builtin /private/tmp/gptk4-runtime/lib/wine/x86_64-windows/packager.dll
STRIPPROG=llvm-strip /private/tmp/gptk4-wine-source/tools/install-sh -m 644  dlls/pdh/x86_64-windows/pdh.dll /private/tmp/gptk4-runtime/lib/wine/x86_64-windows/pdh.dll
tools/winebuild/winebuild --builtin /private/tmp/gptk4-runtime/lib/wine/x86_64-windows/pdh.dll
STRIPPROG=llvm-strip /private/tmp/gptk4-wine-source/tools/install-sh -m 644  dlls/photometadatahandler/x86_64-windows/photometadatahandler.dll /private/tmp/gptk4-runtime/lib/wine/x86_64-windows/photometadatahandler.dll
tools/winebuild/winebuild --builtin /private/tmp/gptk4-runtime/lib/wine/x86_64-windows/photometadatahandler.dll
STRIPPROG=llvm-strip /private/tmp/gptk4-wine-source/tools/install-sh -m 644  dlls/pidgen/x86_64-windows/pidgen.dll /private/tmp/gptk4-runtime/lib/wine/x86_64-windows/pidgen.dll
tools/winebuild/winebuild --builtin /private/tmp/gptk4-runtime/lib/wine/x86_64-windows/pidgen.dll
STRIPPROG=llvm-strip /private/tmp/gptk4-wine-source/tools/install-sh -m 644  dlls/powrprof/x86_64-windows/powrprof.dll /private/tmp/gptk4-runtime/lib/wine/x86_64-windows/powrprof.dll
tools/winebuild/winebuild --builtin /private/tmp/gptk4-runtime/lib/wine/x86_64-windows/powrprof.dll
STRIPPROG=llvm-strip /private/tmp/gptk4-wine-source/tools/install-sh -m 644  dlls/printui/x86_64-windows/printui.dll /private/tmp/gptk4-runtime/lib/wine/x86_64-windows/printui.dll
tools/winebuild/winebuild --builtin /private/tmp/gptk4-runtime/lib/wine/x86_64-windows/printui.dll
STRIPPROG=llvm-strip /private/tmp/gptk4-wine-source/tools/install-sh -m 644  dlls/prntvpt/x86_64-windows/prntvpt.dll /private/tmp/gptk4-runtime/lib/wine/x86_64-windows/prntvpt.dll
tools/winebuild/winebuild --builtin /private/tmp/gptk4-runtime/lib/wine/x86_64-windows/prntvpt.dll
STRIPPROG=llvm-strip /private/tmp/gptk4-wine-source/tools/install-sh -m 644  dlls/profapi/x86_64-windows/profapi.dll /private/tmp/gptk4-runtime/lib/wine/x86_64-windows/profapi.dll
tools/winebuild/winebuild --builtin /private/tmp/gptk4-runtime/lib/wine/x86_64-windows/profapi.dll
STRIPPROG=llvm-strip /private/tmp/gptk4-wine-source/tools/install-sh -m 644  dlls/propsys/x86_64-windows/propsys.dll /private/tmp/gptk4-runtime/lib/wine/x86_64-windows/propsys.dll
tools/winebuild/winebuild --builtin /private/tmp/gptk4-runtime/lib/wine/x86_64-windows/propsys.dll
STRIPPROG=llvm-strip /private/tmp/gptk4-wine-source/tools/install-sh -m 644  dlls/psapi/x86_64-windows/psapi.dll /private/tmp/gptk4-runtime/lib/wine/x86_64-windows/psapi.dll
tools/winebuild/winebuild --builtin /private/tmp/gptk4-runtime/lib/wine/x86_64-windows/psapi.dll
STRIPPROG=llvm-strip /private/tmp/gptk4-wine-source/tools/install-sh -m 644  dlls/pstorec/x86_64-windows/pstorec.dll /private/tmp/gptk4-runtime/lib/wine/x86_64-windows/pstorec.dll
tools/winebuild/winebuild --builtin /private/tmp/gptk4-runtime/lib/wine/x86_64-windows/pstorec.dll
STRIPPROG=llvm-strip /private/tmp/gptk4-wine-source/tools/install-sh -m 644  dlls/pwrshplugin/x86_64-windows/pwrshplugin.dll /private/tmp/gptk4-runtime/lib/wine/x86_64-windows/pwrshplugin.dll
tools/winebuild/winebuild --builtin /private/tmp/gptk4-runtime/lib/wine/x86_64-windows/pwrshplugin.dll
STRIPPROG=llvm-strip /private/tmp/gptk4-wine-source/tools/install-sh -m 644  dlls/qasf/x86_64-windows/qasf.dll /private/tmp/gptk4-runtime/lib/wine/x86_64-windows/qasf.dll
tools/winebuild/winebuild --builtin /private/tmp/gptk4-runtime/lib/wine/x86_64-windows/qasf.dll
STRIPPROG=llvm-strip /private/tmp/gptk4-wine-source/tools/install-sh -m 644  dlls/qcap/x86_64-windows/qcap.dll /private/tmp/gptk4-runtime/lib/wine/x86_64-windows/qcap.dll
tools/winebuild/winebuild --builtin /private/tmp/gptk4-runtime/lib/wine/x86_64-windows/qcap.dll
STRIPPROG="strip" /private/tmp/gptk4-wine-source/tools/install-sh  dlls/qcap/qcap.so /private/tmp/gptk4-runtime/lib/wine/x86_64-unix/qcap.so
STRIPPROG=llvm-strip /private/tmp/gptk4-wine-source/tools/install-sh -m 644  dlls/qdvd/x86_64-windows/qdvd.dll /private/tmp/gptk4-runtime/lib/wine/x86_64-windows/qdvd.dll
tools/winebuild/winebuild --builtin /private/tmp/gptk4-runtime/lib/wine/x86_64-windows/qdvd.dll
STRIPPROG=llvm-strip /private/tmp/gptk4-wine-source/tools/install-sh -m 644  dlls/qedit/x86_64-windows/qedit.dll /private/tmp/gptk4-runtime/lib/wine/x86_64-windows/qedit.dll
tools/winebuild/winebuild --builtin /private/tmp/gptk4-runtime/lib/wine/x86_64-windows/qedit.dll
STRIPPROG=llvm-strip /private/tmp/gptk4-wine-source/tools/install-sh -m 644  dlls/qmgr/x86_64-windows/qmgr.dll /private/tmp/gptk4-runtime/lib/wine/x86_64-windows/qmgr.dll
tools/winebuild/winebuild --builtin /private/tmp/gptk4-runtime/lib/wine/x86_64-windows/qmgr.dll
STRIPPROG=llvm-strip /private/tmp/gptk4-wine-source/tools/install-sh -m 644  dlls/qmgrprxy/x86_64-windows/qmgrprxy.dll /private/tmp/gptk4-runtime/lib/wine/x86_64-windows/qmgrprxy.dll
tools/winebuild/winebuild --builtin /private/tmp/gptk4-runtime/lib/wine/x86_64-windows/qmgrprxy.dll
STRIPPROG=llvm-strip /private/tmp/gptk4-wine-source/tools/install-sh -m 644  dlls/quartz/x86_64-windows/quartz.dll /private/tmp/gptk4-runtime/lib/wine/x86_64-windows/quartz.dll
tools/winebuild/winebuild --builtin /private/tmp/gptk4-runtime/lib/wine/x86_64-windows/quartz.dll
STRIPPROG=llvm-strip /private/tmp/gptk4-wine-source/tools/install-sh -m 644  dlls/query/x86_64-windows/query.dll /private/tmp/gptk4-runtime/lib/wine/x86_64-windows/query.dll
tools/winebuild/winebuild --builtin /private/tmp/gptk4-runtime/lib/wine/x86_64-windows/query.dll
STRIPPROG=llvm-strip /private/tmp/gptk4-wine-source/tools/install-sh -m 644  dlls/qwave/x86_64-windows/qwave.dll /private/tmp/gptk4-runtime/lib/wine/x86_64-windows/qwave.dll
tools/winebuild/winebuild --builtin /private/tmp/gptk4-runtime/lib/wine/x86_64-windows/qwave.dll
STRIPPROG=llvm-strip /private/tmp/gptk4-wine-source/tools/install-sh -m 644  dlls/rasapi32/x86_64-windows/rasapi32.dll /private/tmp/gptk4-runtime/lib/wine/x86_64-windows/rasapi32.dll
tools/winebuild/winebuild --builtin /private/tmp/gptk4-runtime/lib/wine/x86_64-windows/rasapi32.dll
STRIPPROG=llvm-strip /private/tmp/gptk4-wine-source/tools/install-sh -m 644  dlls/rasdlg/x86_64-windows/rasdlg.dll /private/tmp/gptk4-runtime/lib/wine/x86_64-windows/rasdlg.dll
tools/winebuild/winebuild --builtin /private/tmp/gptk4-runtime/lib/wine/x86_64-windows/rasdlg.dll
STRIPPROG=llvm-strip /private/tmp/gptk4-wine-source/tools/install-sh -m 644  dlls/regapi/x86_64-windows/regapi.dll /private/tmp/gptk4-runtime/lib/wine/x86_64-windows/regapi.dll
tools/winebuild/winebuild --builtin /private/tmp/gptk4-runtime/lib/wine/x86_64-windows/regapi.dll
STRIPPROG=llvm-strip /private/tmp/gptk4-wine-source/tools/install-sh -m 644  dlls/resampledmo/x86_64-windows/resampledmo.dll /private/tmp/gptk4-runtime/lib/wine/x86_64-windows/resampledmo.dll
tools/winebuild/winebuild --builtin /private/tmp/gptk4-runtime/lib/wine/x86_64-windows/resampledmo.dll
STRIPPROG=llvm-strip /private/tmp/gptk4-wine-source/tools/install-sh -m 644  dlls/resutils/x86_64-windows/resutils.dll /private/tmp/gptk4-runtime/lib/wine/x86_64-windows/resutils.dll
tools/winebuild/winebuild --builtin /private/tmp/gptk4-runtime/lib/wine/x86_64-windows/resutils.dll
STRIPPROG=llvm-strip /private/tmp/gptk4-wine-source/tools/install-sh -m 644  dlls/riched20/x86_64-windows/riched20.dll /private/tmp/gptk4-runtime/lib/wine/x86_64-windows/riched20.dll
tools/winebuild/winebuild --builtin /private/tmp/gptk4-runtime/lib/wine/x86_64-windows/riched20.dll
STRIPPROG=llvm-strip /private/tmp/gptk4-wine-source/tools/install-sh -m 644  dlls/riched32/x86_64-windows/riched32.dll /private/tmp/gptk4-runtime/lib/wine/x86_64-windows/riched32.dll
tools/winebuild/winebuild --builtin /private/tmp/gptk4-runtime/lib/wine/x86_64-windows/riched32.dll
STRIPPROG=llvm-strip /private/tmp/gptk4-wine-source/tools/install-sh -m 644  dlls/rometadata/x86_64-windows/rometadata.dll /private/tmp/gptk4-runtime/lib/wine/x86_64-windows/rometadata.dll
tools/winebuild/winebuild --builtin /private/tmp/gptk4-runtime/lib/wine/x86_64-windows/rometadata.dll
STRIPPROG=llvm-strip /private/tmp/gptk4-wine-source/tools/install-sh -m 644  dlls/rpcrt4/x86_64-windows/rpcrt4.dll /private/tmp/gptk4-runtime/lib/wine/x86_64-windows/rpcrt4.dll
tools/winebuild/winebuild --builtin /private/tmp/gptk4-runtime/lib/wine/x86_64-windows/rpcrt4.dll
STRIPPROG=llvm-strip /private/tmp/gptk4-wine-source/tools/install-sh -m 644  dlls/rsabase/x86_64-windows/rsabase.dll /private/tmp/gptk4-runtime/lib/wine/x86_64-windows/rsabase.dll
tools/winebuild/winebuild --builtin /private/tmp/gptk4-runtime/lib/wine/x86_64-windows/rsabase.dll
STRIPPROG=llvm-strip /private/tmp/gptk4-wine-source/tools/install-sh -m 644  dlls/rsaenh/x86_64-windows/rsaenh.dll /private/tmp/gptk4-runtime/lib/wine/x86_64-windows/rsaenh.dll
tools/winebuild/winebuild --builtin /private/tmp/gptk4-runtime/lib/wine/x86_64-windows/rsaenh.dll
STRIPPROG=llvm-strip /private/tmp/gptk4-wine-source/tools/install-sh -m 644  dlls/rstrtmgr/x86_64-windows/rstrtmgr.dll /private/tmp/gptk4-runtime/lib/wine/x86_64-windows/rstrtmgr.dll
tools/winebuild/winebuild --builtin /private/tmp/gptk4-runtime/lib/wine/x86_64-windows/rstrtmgr.dll
STRIPPROG=llvm-strip /private/tmp/gptk4-wine-source/tools/install-sh -m 644  dlls/rtutils/x86_64-windows/rtutils.dll /private/tmp/gptk4-runtime/lib/wine/x86_64-windows/rtutils.dll
tools/winebuild/winebuild --builtin /private/tmp/gptk4-runtime/lib/wine/x86_64-windows/rtutils.dll
STRIPPROG=llvm-strip /private/tmp/gptk4-wine-source/tools/install-sh -m 644  dlls/rtworkq/x86_64-windows/rtworkq.dll /private/tmp/gptk4-runtime/lib/wine/x86_64-windows/rtworkq.dll
tools/winebuild/winebuild --builtin /private/tmp/gptk4-runtime/lib/wine/x86_64-windows/rtworkq.dll
STRIPPROG=llvm-strip /private/tmp/gptk4-wine-source/tools/install-sh -m 644  dlls/samlib/x86_64-windows/samlib.dll /private/tmp/gptk4-runtime/lib/wine/x86_64-windows/samlib.dll
tools/winebuild/winebuild --builtin /private/tmp/gptk4-runtime/lib/wine/x86_64-windows/samlib.dll
STRIPPROG=llvm-strip /private/tmp/gptk4-wine-source/tools/install-sh -m 644  dlls/sapi/x86_64-windows/sapi.dll /private/tmp/gptk4-runtime/lib/wine/x86_64-windows/sapi.dll
tools/winebuild/winebuild --builtin /private/tmp/gptk4-runtime/lib/wine/x86_64-windows/sapi.dll
STRIPPROG=llvm-strip /private/tmp/gptk4-wine-source/tools/install-sh -m 644  dlls/sas/x86_64-windows/sas.dll /private/tmp/gptk4-runtime/lib/wine/x86_64-windows/sas.dll
tools/winebuild/winebuild --builtin /private/tmp/gptk4-runtime/lib/wine/x86_64-windows/sas.dll
STRIPPROG=llvm-strip /private/tmp/gptk4-wine-source/tools/install-sh -m 644  dlls/scarddlg/x86_64-windows/scarddlg.dll /private/tmp/gptk4-runtime/lib/wine/x86_64-windows/scarddlg.dll
tools/winebuild/winebuild --builtin /private/tmp/gptk4-runtime/lib/wine/x86_64-windows/scarddlg.dll
STRIPPROG=llvm-strip /private/tmp/gptk4-wine-source/tools/install-sh -m 644  dlls/scardsvr/x86_64-windows/scardsvr.dll /private/tmp/gptk4-runtime/lib/wine/x86_64-windows/scardsvr.dll
tools/winebuild/winebuild --builtin /private/tmp/gptk4-runtime/lib/wine/x86_64-windows/scardsvr.dll
STRIPPROG=llvm-strip /private/tmp/gptk4-wine-source/tools/install-sh -m 644  dlls/sccbase/x86_64-windows/sccbase.dll /private/tmp/gptk4-runtime/lib/wine/x86_64-windows/sccbase.dll
tools/winebuild/winebuild --builtin /private/tmp/gptk4-runtime/lib/wine/x86_64-windows/sccbase.dll
STRIPPROG=llvm-strip /private/tmp/gptk4-wine-source/tools/install-sh -m 644  dlls/schannel/x86_64-windows/schannel.dll /private/tmp/gptk4-runtime/lib/wine/x86_64-windows/schannel.dll
tools/winebuild/winebuild --builtin /private/tmp/gptk4-runtime/lib/wine/x86_64-windows/schannel.dll
STRIPPROG=llvm-strip /private/tmp/gptk4-wine-source/tools/install-sh -m 644  dlls/schedsvc/x86_64-windows/schedsvc.dll /private/tmp/gptk4-runtime/lib/wine/x86_64-windows/schedsvc.dll
tools/winebuild/winebuild --builtin /private/tmp/gptk4-runtime/lib/wine/x86_64-windows/schedsvc.dll
STRIPPROG=llvm-strip /private/tmp/gptk4-wine-source/tools/install-sh -m 644  dlls/scrobj/x86_64-windows/scrobj.dll /private/tmp/gptk4-runtime/lib/wine/x86_64-windows/scrobj.dll
tools/winebuild/winebuild --builtin /private/tmp/gptk4-runtime/lib/wine/x86_64-windows/scrobj.dll
STRIPPROG=llvm-strip /private/tmp/gptk4-wine-source/tools/install-sh -m 644  dlls/scrrun/x86_64-windows/scrrun.dll /private/tmp/gptk4-runtime/lib/wine/x86_64-windows/scrrun.dll
tools/winebuild/winebuild --builtin /private/tmp/gptk4-runtime/lib/wine/x86_64-windows/scrrun.dll
STRIPPROG=llvm-strip /private/tmp/gptk4-wine-source/tools/install-sh -m 644  dlls/scsiport.sys/x86_64-windows/scsiport.sys /private/tmp/gptk4-runtime/lib/wine/x86_64-windows/scsiport.sys
tools/winebuild/winebuild --builtin /private/tmp/gptk4-runtime/lib/wine/x86_64-windows/scsiport.sys
STRIPPROG=llvm-strip /private/tmp/gptk4-wine-source/tools/install-sh -m 644  dlls/sechost/x86_64-windows/sechost.dll /private/tmp/gptk4-runtime/lib/wine/x86_64-windows/sechost.dll
tools/winebuild/winebuild --builtin /private/tmp/gptk4-runtime/lib/wine/x86_64-windows/sechost.dll
STRIPPROG=llvm-strip /private/tmp/gptk4-wine-source/tools/install-sh -m 644  dlls/secur32/x86_64-windows/secur32.dll /private/tmp/gptk4-runtime/lib/wine/x86_64-windows/secur32.dll
tools/winebuild/winebuild --builtin /private/tmp/gptk4-runtime/lib/wine/x86_64-windows/secur32.dll
STRIPPROG="strip" /private/tmp/gptk4-wine-source/tools/install-sh  dlls/secur32/secur32.so /private/tmp/gptk4-runtime/lib/wine/x86_64-unix/secur32.so
/private/tmp/gptk4-wine-source/tools/install-sh -m 644  dlls/security/x86_64-windows/security.dll /private/tmp/gptk4-runtime/lib/wine/x86_64-windows/security.dll
STRIPPROG=llvm-strip /private/tmp/gptk4-wine-source/tools/install-sh -m 644  dlls/sensapi/x86_64-windows/sensapi.dll /private/tmp/gptk4-runtime/lib/wine/x86_64-windows/sensapi.dll
tools/winebuild/winebuild --builtin /private/tmp/gptk4-runtime/lib/wine/x86_64-windows/sensapi.dll
STRIPPROG=llvm-strip /private/tmp/gptk4-wine-source/tools/install-sh -m 644  dlls/serialui/x86_64-windows/serialui.dll /private/tmp/gptk4-runtime/lib/wine/x86_64-windows/serialui.dll
tools/winebuild/winebuild --builtin /private/tmp/gptk4-runtime/lib/wine/x86_64-windows/serialui.dll
STRIPPROG=llvm-strip /private/tmp/gptk4-wine-source/tools/install-sh -m 644  dlls/setupapi/x86_64-windows/setupapi.dll /private/tmp/gptk4-runtime/lib/wine/x86_64-windows/setupapi.dll
tools/winebuild/winebuild --builtin /private/tmp/gptk4-runtime/lib/wine/x86_64-windows/setupapi.dll
/private/tmp/gptk4-wine-source/tools/install-sh -m 644  dlls/sfc/x86_64-windows/sfc.dll /private/tmp/gptk4-runtime/lib/wine/x86_64-windows/sfc.dll
STRIPPROG=llvm-strip /private/tmp/gptk4-wine-source/tools/install-sh -m 644  dlls/sfc_os/x86_64-windows/sfc_os.dll /private/tmp/gptk4-runtime/lib/wine/x86_64-windows/sfc_os.dll
tools/winebuild/winebuild --builtin /private/tmp/gptk4-runtime/lib/wine/x86_64-windows/sfc_os.dll
STRIPPROG=llvm-strip /private/tmp/gptk4-wine-source/tools/install-sh -m 644  dlls/shcore/x86_64-windows/shcore.dll /private/tmp/gptk4-runtime/lib/wine/x86_64-windows/shcore.dll
tools/winebuild/winebuild --builtin /private/tmp/gptk4-runtime/lib/wine/x86_64-windows/shcore.dll
/private/tmp/gptk4-wine-source/tools/install-sh -m 644  dlls/shdoclc/x86_64-windows/shdoclc.dll /private/tmp/gptk4-runtime/lib/wine/x86_64-windows/shdoclc.dll
STRIPPROG=llvm-strip /private/tmp/gptk4-wine-source/tools/install-sh -m 644  dlls/shdocvw/x86_64-windows/shdocvw.dll /private/tmp/gptk4-runtime/lib/wine/x86_64-windows/shdocvw.dll
tools/winebuild/winebuild --builtin /private/tmp/gptk4-runtime/lib/wine/x86_64-windows/shdocvw.dll
STRIPPROG=llvm-strip /private/tmp/gptk4-wine-source/tools/install-sh -m 644  dlls/shell32/x86_64-windows/shell32.dll /private/tmp/gptk4-runtime/lib/wine/x86_64-windows/shell32.dll
tools/winebuild/winebuild --builtin /private/tmp/gptk4-runtime/lib/wine/x86_64-windows/shell32.dll
STRIPPROG=llvm-strip /private/tmp/gptk4-wine-source/tools/install-sh -m 644  dlls/shfolder/x86_64-windows/shfolder.dll /private/tmp/gptk4-runtime/lib/wine/x86_64-windows/shfolder.dll
tools/winebuild/winebuild --builtin /private/tmp/gptk4-runtime/lib/wine/x86_64-windows/shfolder.dll
STRIPPROG=llvm-strip /private/tmp/gptk4-wine-source/tools/install-sh -m 644  dlls/shlwapi/x86_64-windows/shlwapi.dll /private/tmp/gptk4-runtime/lib/wine/x86_64-windows/shlwapi.dll
tools/winebuild/winebuild --builtin /private/tmp/gptk4-runtime/lib/wine/x86_64-windows/shlwapi.dll
STRIPPROG=llvm-strip /private/tmp/gptk4-wine-source/tools/install-sh -m 644  dlls/slbcsp/x86_64-windows/slbcsp.dll /private/tmp/gptk4-runtime/lib/wine/x86_64-windows/slbcsp.dll
tools/winebuild/winebuild --builtin /private/tmp/gptk4-runtime/lib/wine/x86_64-windows/slbcsp.dll
STRIPPROG=llvm-strip /private/tmp/gptk4-wine-source/tools/install-sh -m 644  dlls/slc/x86_64-windows/slc.dll /private/tmp/gptk4-runtime/lib/wine/x86_64-windows/slc.dll
tools/winebuild/winebuild --builtin /private/tmp/gptk4-runtime/lib/wine/x86_64-windows/slc.dll
STRIPPROG=llvm-strip /private/tmp/gptk4-wine-source/tools/install-sh -m 644  dlls/snmpapi/x86_64-windows/snmpapi.dll /private/tmp/gptk4-runtime/lib/wine/x86_64-windows/snmpapi.dll
tools/winebuild/winebuild --builtin /private/tmp/gptk4-runtime/lib/wine/x86_64-windows/snmpapi.dll
STRIPPROG=llvm-strip /private/tmp/gptk4-wine-source/tools/install-sh -m 644  dlls/softpub/x86_64-windows/softpub.dll /private/tmp/gptk4-runtime/lib/wine/x86_64-windows/softpub.dll
tools/winebuild/winebuild --builtin /private/tmp/gptk4-runtime/lib/wine/x86_64-windows/softpub.dll
STRIPPROG=llvm-strip /private/tmp/gptk4-wine-source/tools/install-sh -m 644  dlls/spoolss/x86_64-windows/spoolss.dll /private/tmp/gptk4-runtime/lib/wine/x86_64-windows/spoolss.dll
tools/winebuild/winebuild --builtin /private/tmp/gptk4-runtime/lib/wine/x86_64-windows/spoolss.dll
STRIPPROG=llvm-strip /private/tmp/gptk4-wine-source/tools/install-sh -m 644  dlls/sppc/x86_64-windows/sppc.dll /private/tmp/gptk4-runtime/lib/wine/x86_64-windows/sppc.dll
tools/winebuild/winebuild --builtin /private/tmp/gptk4-runtime/lib/wine/x86_64-windows/sppc.dll
STRIPPROG=llvm-strip /private/tmp/gptk4-wine-source/tools/install-sh -m 644  dlls/srclient/x86_64-windows/srclient.dll /private/tmp/gptk4-runtime/lib/wine/x86_64-windows/srclient.dll
tools/winebuild/winebuild --builtin /private/tmp/gptk4-runtime/lib/wine/x86_64-windows/srclient.dll
STRIPPROG=llvm-strip /private/tmp/gptk4-wine-source/tools/install-sh -m 644  dlls/srvcli/x86_64-windows/srvcli.dll /private/tmp/gptk4-runtime/lib/wine/x86_64-windows/srvcli.dll
tools/winebuild/winebuild --builtin /private/tmp/gptk4-runtime/lib/wine/x86_64-windows/srvcli.dll
STRIPPROG=llvm-strip /private/tmp/gptk4-wine-source/tools/install-sh -m 644  dlls/srvsvc/x86_64-windows/srvsvc.dll /private/tmp/gptk4-runtime/lib/wine/x86_64-windows/srvsvc.dll
tools/winebuild/winebuild --builtin /private/tmp/gptk4-runtime/lib/wine/x86_64-windows/srvsvc.dll
STRIPPROG=llvm-strip /private/tmp/gptk4-wine-source/tools/install-sh -m 644  dlls/sspicli/x86_64-windows/sspicli.dll /private/tmp/gptk4-runtime/lib/wine/x86_64-windows/sspicli.dll
tools/winebuild/winebuild --builtin /private/tmp/gptk4-runtime/lib/wine/x86_64-windows/sspicli.dll
/private/tmp/gptk4-wine-source/tools/install-sh -m 644  dlls/stdole2.tlb/x86_64-windows/stdole2.tlb /private/tmp/gptk4-runtime/lib/wine/x86_64-windows/stdole2.tlb
/private/tmp/gptk4-wine-source/tools/install-sh -m 644  dlls/stdole32.tlb/x86_64-windows/stdole32.tlb /private/tmp/gptk4-runtime/lib/wine/x86_64-windows/stdole32.tlb
STRIPPROG=llvm-strip /private/tmp/gptk4-wine-source/tools/install-sh -m 644  dlls/sti/x86_64-windows/sti.dll /private/tmp/gptk4-runtime/lib/wine/x86_64-windows/sti.dll
tools/winebuild/winebuild --builtin /private/tmp/gptk4-runtime/lib/wine/x86_64-windows/sti.dll
STRIPPROG=llvm-strip /private/tmp/gptk4-wine-source/tools/install-sh -m 644  dlls/strmdll/x86_64-windows/strmdll.dll /private/tmp/gptk4-runtime/lib/wine/x86_64-windows/strmdll.dll
tools/winebuild/winebuild --builtin /private/tmp/gptk4-runtime/lib/wine/x86_64-windows/strmdll.dll
STRIPPROG=llvm-strip /private/tmp/gptk4-wine-source/tools/install-sh -m 644  dlls/svrapi/x86_64-windows/svrapi.dll /private/tmp/gptk4-runtime/lib/wine/x86_64-windows/svrapi.dll
tools/winebuild/winebuild --builtin /private/tmp/gptk4-runtime/lib/wine/x86_64-windows/svrapi.dll
STRIPPROG=llvm-strip /private/tmp/gptk4-wine-source/tools/install-sh -m 644  dlls/sxs/x86_64-windows/sxs.dll /private/tmp/gptk4-runtime/lib/wine/x86_64-windows/sxs.dll
tools/winebuild/winebuild --builtin /private/tmp/gptk4-runtime/lib/wine/x86_64-windows/sxs.dll
STRIPPROG=llvm-strip /private/tmp/gptk4-wine-source/tools/install-sh -m 644  dlls/t2embed/x86_64-windows/t2embed.dll /private/tmp/gptk4-runtime/lib/wine/x86_64-windows/t2embed.dll
tools/winebuild/winebuild --builtin /private/tmp/gptk4-runtime/lib/wine/x86_64-windows/t2embed.dll
STRIPPROG=llvm-strip /private/tmp/gptk4-wine-source/tools/install-sh -m 644  dlls/tapi32/x86_64-windows/tapi32.dll /private/tmp/gptk4-runtime/lib/wine/x86_64-windows/tapi32.dll
tools/winebuild/winebuild --builtin /private/tmp/gptk4-runtime/lib/wine/x86_64-windows/tapi32.dll
STRIPPROG=llvm-strip /private/tmp/gptk4-wine-source/tools/install-sh -m 644  dlls/taskschd/x86_64-windows/taskschd.dll /private/tmp/gptk4-runtime/lib/wine/x86_64-windows/taskschd.dll
tools/winebuild/winebuild --builtin /private/tmp/gptk4-runtime/lib/wine/x86_64-windows/taskschd.dll
STRIPPROG=llvm-strip /private/tmp/gptk4-wine-source/tools/install-sh -m 644  dlls/tbs/x86_64-windows/tbs.dll /private/tmp/gptk4-runtime/lib/wine/x86_64-windows/tbs.dll
tools/winebuild/winebuild --builtin /private/tmp/gptk4-runtime/lib/wine/x86_64-windows/tbs.dll
STRIPPROG=llvm-strip /private/tmp/gptk4-wine-source/tools/install-sh -m 644  dlls/tdh/x86_64-windows/tdh.dll /private/tmp/gptk4-runtime/lib/wine/x86_64-windows/tdh.dll
tools/winebuild/winebuild --builtin /private/tmp/gptk4-runtime/lib/wine/x86_64-windows/tdh.dll
STRIPPROG=llvm-strip /private/tmp/gptk4-wine-source/tools/install-sh -m 644  dlls/tdi.sys/x86_64-windows/tdi.sys /private/tmp/gptk4-runtime/lib/wine/x86_64-windows/tdi.sys
tools/winebuild/winebuild --builtin /private/tmp/gptk4-runtime/lib/wine/x86_64-windows/tdi.sys
STRIPPROG=llvm-strip /private/tmp/gptk4-wine-source/tools/install-sh -m 644  dlls/threadpoolwinrt/x86_64-windows/threadpoolwinrt.dll /private/tmp/gptk4-runtime/lib/wine/x86_64-windows/threadpoolwinrt.dll
tools/winebuild/winebuild --builtin /private/tmp/gptk4-runtime/lib/wine/x86_64-windows/threadpoolwinrt.dll
STRIPPROG=llvm-strip /private/tmp/gptk4-wine-source/tools/install-sh -m 644  dlls/traffic/x86_64-windows/traffic.dll /private/tmp/gptk4-runtime/lib/wine/x86_64-windows/traffic.dll
tools/winebuild/winebuild --builtin /private/tmp/gptk4-runtime/lib/wine/x86_64-windows/traffic.dll
STRIPPROG=llvm-strip /private/tmp/gptk4-wine-source/tools/install-sh -m 644  dlls/twain_32/x86_64-windows/twain_32.dll /private/tmp/gptk4-runtime/lib/wine/x86_64-windows/twain_32.dll
tools/winebuild/winebuild --builtin /private/tmp/gptk4-runtime/lib/wine/x86_64-windows/twain_32.dll
STRIPPROG=llvm-strip /private/tmp/gptk4-wine-source/tools/install-sh -m 644  dlls/twinapi.appcore/x86_64-windows/twinapi.appcore.dll /private/tmp/gptk4-runtime/lib/wine/x86_64-windows/twinapi.appcore.dll
tools/winebuild/winebuild --builtin /private/tmp/gptk4-runtime/lib/wine/x86_64-windows/twinapi.appcore.dll
/private/tmp/gptk4-wine-source/tools/install-sh -m 644  dlls/tzres/x86_64-windows/tzres.dll /private/tmp/gptk4-runtime/lib/wine/x86_64-windows/tzres.dll
STRIPPROG=llvm-strip /private/tmp/gptk4-wine-source/tools/install-sh -m 644  dlls/ucrtbase/x86_64-windows/ucrtbase.dll /private/tmp/gptk4-runtime/lib/wine/x86_64-windows/ucrtbase.dll
tools/winebuild/winebuild --builtin /private/tmp/gptk4-runtime/lib/wine/x86_64-windows/ucrtbase.dll
STRIPPROG=llvm-strip /private/tmp/gptk4-wine-source/tools/install-sh -m 644  dlls/uianimation/x86_64-windows/uianimation.dll /private/tmp/gptk4-runtime/lib/wine/x86_64-windows/uianimation.dll
tools/winebuild/winebuild --builtin /private/tmp/gptk4-runtime/lib/wine/x86_64-windows/uianimation.dll
STRIPPROG=llvm-strip /private/tmp/gptk4-wine-source/tools/install-sh -m 644  dlls/uiautomationcore/x86_64-windows/uiautomationcore.dll /private/tmp/gptk4-runtime/lib/wine/x86_64-windows/uiautomationcore.dll
tools/winebuild/winebuild --builtin /private/tmp/gptk4-runtime/lib/wine/x86_64-windows/uiautomationcore.dll
STRIPPROG=llvm-strip /private/tmp/gptk4-wine-source/tools/install-sh -m 644  dlls/uiribbon/x86_64-windows/uiribbon.dll /private/tmp/gptk4-runtime/lib/wine/x86_64-windows/uiribbon.dll
tools/winebuild/winebuild --builtin /private/tmp/gptk4-runtime/lib/wine/x86_64-windows/uiribbon.dll
STRIPPROG=llvm-strip /private/tmp/gptk4-wine-source/tools/install-sh -m 644  dlls/unicows/x86_64-windows/unicows.dll /private/tmp/gptk4-runtime/lib/wine/x86_64-windows/unicows.dll
tools/winebuild/winebuild --builtin /private/tmp/gptk4-runtime/lib/wine/x86_64-windows/unicows.dll
STRIPPROG=llvm-strip /private/tmp/gptk4-wine-source/tools/install-sh -m 644  dlls/updspapi/x86_64-windows/updspapi.dll /private/tmp/gptk4-runtime/lib/wine/x86_64-windows/updspapi.dll
tools/winebuild/winebuild --builtin /private/tmp/gptk4-runtime/lib/wine/x86_64-windows/updspapi.dll
STRIPPROG=llvm-strip /private/tmp/gptk4-wine-source/tools/install-sh -m 644  dlls/url/x86_64-windows/url.dll /private/tmp/gptk4-runtime/lib/wine/x86_64-windows/url.dll
tools/winebuild/winebuild --builtin /private/tmp/gptk4-runtime/lib/wine/x86_64-windows/url.dll
STRIPPROG=llvm-strip /private/tmp/gptk4-wine-source/tools/install-sh -m 644  dlls/urlmon/x86_64-windows/urlmon.dll /private/tmp/gptk4-runtime/lib/wine/x86_64-windows/urlmon.dll
tools/winebuild/winebuild --builtin /private/tmp/gptk4-runtime/lib/wine/x86_64-windows/urlmon.dll
STRIPPROG=llvm-strip /private/tmp/gptk4-wine-source/tools/install-sh -m 644  dlls/usbd.sys/x86_64-windows/usbd.sys /private/tmp/gptk4-runtime/lib/wine/x86_64-windows/usbd.sys
tools/winebuild/winebuild --builtin /private/tmp/gptk4-runtime/lib/wine/x86_64-windows/usbd.sys
STRIPPROG=llvm-strip /private/tmp/gptk4-wine-source/tools/install-sh -m 644  dlls/user32/x86_64-windows/user32.dll /private/tmp/gptk4-runtime/lib/wine/x86_64-windows/user32.dll
tools/winebuild/winebuild --builtin /private/tmp/gptk4-runtime/lib/wine/x86_64-windows/user32.dll
STRIPPROG=llvm-strip /private/tmp/gptk4-wine-source/tools/install-sh -m 644  dlls/userenv/x86_64-windows/userenv.dll /private/tmp/gptk4-runtime/lib/wine/x86_64-windows/userenv.dll
tools/winebuild/winebuild --builtin /private/tmp/gptk4-runtime/lib/wine/x86_64-windows/userenv.dll
/private/tmp/gptk4-wine-source/tools/install-sh -m 644  dlls/usp10/x86_64-windows/usp10.dll /private/tmp/gptk4-runtime/lib/wine/x86_64-windows/usp10.dll
STRIPPROG=llvm-strip /private/tmp/gptk4-wine-source/tools/install-sh -m 644  dlls/utildll/x86_64-windows/utildll.dll /private/tmp/gptk4-runtime/lib/wine/x86_64-windows/utildll.dll
tools/winebuild/winebuild --builtin /private/tmp/gptk4-runtime/lib/wine/x86_64-windows/utildll.dll
STRIPPROG=llvm-strip /private/tmp/gptk4-wine-source/tools/install-sh -m 644  dlls/uxtheme/x86_64-windows/uxtheme.dll /private/tmp/gptk4-runtime/lib/wine/x86_64-windows/uxtheme.dll
tools/winebuild/winebuild --builtin /private/tmp/gptk4-runtime/lib/wine/x86_64-windows/uxtheme.dll
STRIPPROG=llvm-strip /private/tmp/gptk4-wine-source/tools/install-sh -m 644  dlls/vbscript/x86_64-windows/vbscript.dll /private/tmp/gptk4-runtime/lib/wine/x86_64-windows/vbscript.dll
tools/winebuild/winebuild --builtin /private/tmp/gptk4-runtime/lib/wine/x86_64-windows/vbscript.dll
STRIPPROG=llvm-strip /private/tmp/gptk4-wine-source/tools/install-sh -m 644  dlls/vcomp/x86_64-windows/vcomp.dll /private/tmp/gptk4-runtime/lib/wine/x86_64-windows/vcomp.dll
tools/winebuild/winebuild --builtin /private/tmp/gptk4-runtime/lib/wine/x86_64-windows/vcomp.dll
STRIPPROG=llvm-strip /private/tmp/gptk4-wine-source/tools/install-sh -m 644  dlls/vcomp100/x86_64-windows/vcomp100.dll /private/tmp/gptk4-runtime/lib/wine/x86_64-windows/vcomp100.dll
tools/winebuild/winebuild --builtin /private/tmp/gptk4-runtime/lib/wine/x86_64-windows/vcomp100.dll
STRIPPROG=llvm-strip /private/tmp/gptk4-wine-source/tools/install-sh -m 644  dlls/vcomp110/x86_64-windows/vcomp110.dll /private/tmp/gptk4-runtime/lib/wine/x86_64-windows/vcomp110.dll
tools/winebuild/winebuild --builtin /private/tmp/gptk4-runtime/lib/wine/x86_64-windows/vcomp110.dll
STRIPPROG=llvm-strip /private/tmp/gptk4-wine-source/tools/install-sh -m 644  dlls/vcomp120/x86_64-windows/vcomp120.dll /private/tmp/gptk4-runtime/lib/wine/x86_64-windows/vcomp120.dll
tools/winebuild/winebuild --builtin /private/tmp/gptk4-runtime/lib/wine/x86_64-windows/vcomp120.dll
STRIPPROG=llvm-strip /private/tmp/gptk4-wine-source/tools/install-sh -m 644  dlls/vcomp140/x86_64-windows/vcomp140.dll /private/tmp/gptk4-runtime/lib/wine/x86_64-windows/vcomp140.dll
tools/winebuild/winebuild --builtin /private/tmp/gptk4-runtime/lib/wine/x86_64-windows/vcomp140.dll
STRIPPROG=llvm-strip /private/tmp/gptk4-wine-source/tools/install-sh -m 644  dlls/vcomp90/x86_64-windows/vcomp90.dll /private/tmp/gptk4-runtime/lib/wine/x86_64-windows/vcomp90.dll
tools/winebuild/winebuild --builtin /private/tmp/gptk4-runtime/lib/wine/x86_64-windows/vcomp90.dll
STRIPPROG=llvm-strip /private/tmp/gptk4-wine-source/tools/install-sh -m 644  dlls/vcruntime140/x86_64-windows/vcruntime140.dll /private/tmp/gptk4-runtime/lib/wine/x86_64-windows/vcruntime140.dll
tools/winebuild/winebuild --builtin /private/tmp/gptk4-runtime/lib/wine/x86_64-windows/vcruntime140.dll
STRIPPROG=llvm-strip /private/tmp/gptk4-wine-source/tools/install-sh -m 644  dlls/vcruntime140_1/x86_64-windows/vcruntime140_1.dll /private/tmp/gptk4-runtime/lib/wine/x86_64-windows/vcruntime140_1.dll
tools/winebuild/winebuild --builtin /private/tmp/gptk4-runtime/lib/wine/x86_64-windows/vcruntime140_1.dll
STRIPPROG=llvm-strip /private/tmp/gptk4-wine-source/tools/install-sh -m 644  dlls/vdmdbg/x86_64-windows/vdmdbg.dll /private/tmp/gptk4-runtime/lib/wine/x86_64-windows/vdmdbg.dll
tools/winebuild/winebuild --builtin /private/tmp/gptk4-runtime/lib/wine/x86_64-windows/vdmdbg.dll
STRIPPROG=llvm-strip /private/tmp/gptk4-wine-source/tools/install-sh -m 644  dlls/version/x86_64-windows/version.dll /private/tmp/gptk4-runtime/lib/wine/x86_64-windows/version.dll
tools/winebuild/winebuild --builtin /private/tmp/gptk4-runtime/lib/wine/x86_64-windows/version.dll
STRIPPROG=llvm-strip /private/tmp/gptk4-wine-source/tools/install-sh -m 644  dlls/vga/x86_64-windows/vga.dll /private/tmp/gptk4-runtime/lib/wine/x86_64-windows/vga.dll
tools/winebuild/winebuild --builtin /private/tmp/gptk4-runtime/lib/wine/x86_64-windows/vga.dll
STRIPPROG=llvm-strip /private/tmp/gptk4-wine-source/tools/install-sh -m 644  dlls/virtdisk/x86_64-windows/virtdisk.dll /private/tmp/gptk4-runtime/lib/wine/x86_64-windows/virtdisk.dll
tools/winebuild/winebuild --builtin /private/tmp/gptk4-runtime/lib/wine/x86_64-windows/virtdisk.dll
STRIPPROG=llvm-strip /private/tmp/gptk4-wine-source/tools/install-sh -m 644  dlls/vssapi/x86_64-windows/vssapi.dll /private/tmp/gptk4-runtime/lib/wine/x86_64-windows/vssapi.dll
tools/winebuild/winebuild --builtin /private/tmp/gptk4-runtime/lib/wine/x86_64-windows/vssapi.dll
STRIPPROG=llvm-strip /private/tmp/gptk4-wine-source/tools/install-sh -m 644  dlls/vulkan-1/x86_64-windows/vulkan-1.dll /private/tmp/gptk4-runtime/lib/wine/x86_64-windows/vulkan-1.dll
tools/winebuild/winebuild --builtin /private/tmp/gptk4-runtime/lib/wine/x86_64-windows/vulkan-1.dll
STRIPPROG=llvm-strip /private/tmp/gptk4-wine-source/tools/install-sh -m 644  dlls/wbemdisp/x86_64-windows/wbemdisp.dll /private/tmp/gptk4-runtime/lib/wine/x86_64-windows/wbemdisp.dll
tools/winebuild/winebuild --builtin /private/tmp/gptk4-runtime/lib/wine/x86_64-windows/wbemdisp.dll
STRIPPROG=llvm-strip /private/tmp/gptk4-wine-source/tools/install-sh -m 644  dlls/wbemprox/x86_64-windows/wbemprox.dll /private/tmp/gptk4-runtime/lib/wine/x86_64-windows/wbemprox.dll
tools/winebuild/winebuild --builtin /private/tmp/gptk4-runtime/lib/wine/x86_64-windows/wbemprox.dll
STRIPPROG=llvm-strip /private/tmp/gptk4-wine-source/tools/install-sh -m 644  dlls/wdscore/x86_64-windows/wdscore.dll /private/tmp/gptk4-runtime/lib/wine/x86_64-windows/wdscore.dll
tools/winebuild/winebuild --builtin /private/tmp/gptk4-runtime/lib/wine/x86_64-windows/wdscore.dll
STRIPPROG=llvm-strip /private/tmp/gptk4-wine-source/tools/install-sh -m 644  dlls/webservices/x86_64-windows/webservices.dll /private/tmp/gptk4-runtime/lib/wine/x86_64-windows/webservices.dll
tools/winebuild/winebuild --builtin /private/tmp/gptk4-runtime/lib/wine/x86_64-windows/webservices.dll
STRIPPROG=llvm-strip /private/tmp/gptk4-wine-source/tools/install-sh -m 644  dlls/websocket/x86_64-windows/websocket.dll /private/tmp/gptk4-runtime/lib/wine/x86_64-windows/websocket.dll
tools/winebuild/winebuild --builtin /private/tmp/gptk4-runtime/lib/wine/x86_64-windows/websocket.dll
STRIPPROG=llvm-strip /private/tmp/gptk4-wine-source/tools/install-sh -m 644  dlls/wer/x86_64-windows/wer.dll /private/tmp/gptk4-runtime/lib/wine/x86_64-windows/wer.dll
tools/winebuild/winebuild --builtin /private/tmp/gptk4-runtime/lib/wine/x86_64-windows/wer.dll
STRIPPROG=llvm-strip /private/tmp/gptk4-wine-source/tools/install-sh -m 644  dlls/wevtapi/x86_64-windows/wevtapi.dll /private/tmp/gptk4-runtime/lib/wine/x86_64-windows/wevtapi.dll
tools/winebuild/winebuild --builtin /private/tmp/gptk4-runtime/lib/wine/x86_64-windows/wevtapi.dll
STRIPPROG=llvm-strip /private/tmp/gptk4-wine-source/tools/install-sh -m 644  dlls/wevtsvc/x86_64-windows/wevtsvc.dll /private/tmp/gptk4-runtime/lib/wine/x86_64-windows/wevtsvc.dll
tools/winebuild/winebuild --builtin /private/tmp/gptk4-runtime/lib/wine/x86_64-windows/wevtsvc.dll
STRIPPROG=llvm-strip /private/tmp/gptk4-wine-source/tools/install-sh -m 644  dlls/wiaservc/x86_64-windows/wiaservc.dll /private/tmp/gptk4-runtime/lib/wine/x86_64-windows/wiaservc.dll
tools/winebuild/winebuild --builtin /private/tmp/gptk4-runtime/lib/wine/x86_64-windows/wiaservc.dll
STRIPPROG=llvm-strip /private/tmp/gptk4-wine-source/tools/install-sh -m 644  dlls/wimgapi/x86_64-windows/wimgapi.dll /private/tmp/gptk4-runtime/lib/wine/x86_64-windows/wimgapi.dll
tools/winebuild/winebuild --builtin /private/tmp/gptk4-runtime/lib/wine/x86_64-windows/wimgapi.dll
STRIPPROG=llvm-strip /private/tmp/gptk4-wine-source/tools/install-sh -m 644  dlls/win32u/x86_64-windows/win32u.dll /private/tmp/gptk4-runtime/lib/wine/x86_64-windows/win32u.dll
tools/winebuild/winebuild --builtin /private/tmp/gptk4-runtime/lib/wine/x86_64-windows/win32u.dll
STRIPPROG="strip" /private/tmp/gptk4-wine-source/tools/install-sh  dlls/win32u/win32u.so /private/tmp/gptk4-runtime/lib/wine/x86_64-unix/win32u.so
STRIPPROG=llvm-strip /private/tmp/gptk4-wine-source/tools/install-sh -m 644  dlls/windows.applicationmodel/x86_64-windows/windows.applicationmodel.dll /private/tmp/gptk4-runtime/lib/wine/x86_64-windows/windows.applicationmodel.dll
tools/winebuild/winebuild --builtin /private/tmp/gptk4-runtime/lib/wine/x86_64-windows/windows.applicationmodel.dll
STRIPPROG=llvm-strip /private/tmp/gptk4-wine-source/tools/install-sh -m 644  dlls/windows.devices.bluetooth/x86_64-windows/windows.devices.bluetooth.dll /private/tmp/gptk4-runtime/lib/wine/x86_64-windows/windows.devices.bluetooth.dll
tools/winebuild/winebuild --builtin /private/tmp/gptk4-runtime/lib/wine/x86_64-windows/windows.devices.bluetooth.dll
STRIPPROG=llvm-strip /private/tmp/gptk4-wine-source/tools/install-sh -m 644  dlls/windows.devices.enumeration/x86_64-windows/windows.devices.enumeration.dll /private/tmp/gptk4-runtime/lib/wine/x86_64-windows/windows.devices.enumeration.dll
tools/winebuild/winebuild --builtin /private/tmp/gptk4-runtime/lib/wine/x86_64-windows/windows.devices.enumeration.dll
STRIPPROG=llvm-strip /private/tmp/gptk4-wine-source/tools/install-sh -m 644  dlls/windows.devices.usb/x86_64-windows/windows.devices.usb.dll /private/tmp/gptk4-runtime/lib/wine/x86_64-windows/windows.devices.usb.dll
tools/winebuild/winebuild --builtin /private/tmp/gptk4-runtime/lib/wine/x86_64-windows/windows.devices.usb.dll
STRIPPROG=llvm-strip /private/tmp/gptk4-wine-source/tools/install-sh -m 644  dlls/windows.gaming.input/x86_64-windows/windows.gaming.input.dll /private/tmp/gptk4-runtime/lib/wine/x86_64-windows/windows.gaming.input.dll
tools/winebuild/winebuild --builtin /private/tmp/gptk4-runtime/lib/wine/x86_64-windows/windows.gaming.input.dll
STRIPPROG=llvm-strip /private/tmp/gptk4-wine-source/tools/install-sh -m 644  dlls/windows.gaming.ui.gamebar/x86_64-windows/windows.gaming.ui.gamebar.dll /private/tmp/gptk4-runtime/lib/wine/x86_64-windows/windows.gaming.ui.gamebar.dll
tools/winebuild/winebuild --builtin /private/tmp/gptk4-runtime/lib/wine/x86_64-windows/windows.gaming.ui.gamebar.dll
STRIPPROG=llvm-strip /private/tmp/gptk4-wine-source/tools/install-sh -m 644  dlls/windows.globalization/x86_64-windows/windows.globalization.dll /private/tmp/gptk4-runtime/lib/wine/x86_64-windows/windows.globalization.dll
tools/winebuild/winebuild --builtin /private/tmp/gptk4-runtime/lib/wine/x86_64-windows/windows.globalization.dll
STRIPPROG=llvm-strip /private/tmp/gptk4-wine-source/tools/install-sh -m 644  dlls/windows.media.devices/x86_64-windows/windows.media.devices.dll /private/tmp/gptk4-runtime/lib/wine/x86_64-windows/windows.media.devices.dll
tools/winebuild/winebuild --builtin /private/tmp/gptk4-runtime/lib/wine/x86_64-windows/windows.media.devices.dll
STRIPPROG=llvm-strip /private/tmp/gptk4-wine-source/tools/install-sh -m 644  dlls/windows.media.mediacontrol/x86_64-windows/windows.media.mediacontrol.dll /private/tmp/gptk4-runtime/lib/wine/x86_64-windows/windows.media.mediacontrol.dll
tools/winebuild/winebuild --builtin /private/tmp/gptk4-runtime/lib/wine/x86_64-windows/windows.media.mediacontrol.dll
STRIPPROG=llvm-strip /private/tmp/gptk4-wine-source/tools/install-sh -m 644  dlls/windows.media.speech/x86_64-windows/windows.media.speech.dll /private/tmp/gptk4-runtime/lib/wine/x86_64-windows/windows.media.speech.dll
tools/winebuild/winebuild --builtin /private/tmp/gptk4-runtime/lib/wine/x86_64-windows/windows.media.speech.dll
STRIPPROG=llvm-strip /private/tmp/gptk4-wine-source/tools/install-sh -m 644  dlls/windows.media/x86_64-windows/windows.media.dll /private/tmp/gptk4-runtime/lib/wine/x86_64-windows/windows.media.dll
tools/winebuild/winebuild --builtin /private/tmp/gptk4-runtime/lib/wine/x86_64-windows/windows.media.dll
STRIPPROG=llvm-strip /private/tmp/gptk4-wine-source/tools/install-sh -m 644  dlls/windows.networking.connectivity/x86_64-windows/windows.networking.connectivity.dll /private/tmp/gptk4-runtime/lib/wine/x86_64-windows/windows.networking.connectivity.dll
tools/winebuild/winebuild --builtin /private/tmp/gptk4-runtime/lib/wine/x86_64-windows/windows.networking.connectivity.dll
STRIPPROG=llvm-strip /private/tmp/gptk4-wine-source/tools/install-sh -m 644  dlls/windows.networking.hostname/x86_64-windows/windows.networking.hostname.dll /private/tmp/gptk4-runtime/lib/wine/x86_64-windows/windows.networking.hostname.dll
tools/winebuild/winebuild --builtin /private/tmp/gptk4-runtime/lib/wine/x86_64-windows/windows.networking.hostname.dll
STRIPPROG=llvm-strip /private/tmp/gptk4-wine-source/tools/install-sh -m 644  dlls/windows.networking/x86_64-windows/windows.networking.dll /private/tmp/gptk4-runtime/lib/wine/x86_64-windows/windows.networking.dll
tools/winebuild/winebuild --builtin /private/tmp/gptk4-runtime/lib/wine/x86_64-windows/windows.networking.dll
STRIPPROG=llvm-strip /private/tmp/gptk4-wine-source/tools/install-sh -m 644  dlls/windows.perception.stub/x86_64-windows/windows.perception.stub.dll /private/tmp/gptk4-runtime/lib/wine/x86_64-windows/windows.perception.stub.dll
tools/winebuild/winebuild --builtin /private/tmp/gptk4-runtime/lib/wine/x86_64-windows/windows.perception.stub.dll
STRIPPROG=llvm-strip /private/tmp/gptk4-wine-source/tools/install-sh -m 644  dlls/windows.security.authentication.onlineid/x86_64-windows/windows.security.authentication.onlineid.dll /private/tmp/gptk4-runtime/lib/wine/x86_64-windows/windows.security.authentication.onlineid.dll
tools/winebuild/winebuild --builtin /private/tmp/gptk4-runtime/lib/wine/x86_64-windows/windows.security.authentication.onlineid.dll
STRIPPROG=llvm-strip /private/tmp/gptk4-wine-source/tools/install-sh -m 644  dlls/windows.security.credentials.ui.userconsentverifier/x86_64-windows/windows.security.credentials.ui.userconsentverifier.dll /private/tmp/gptk4-runtime/lib/wine/x86_64-windows/windows.security.credentials.ui.userconsentverifier.dll
tools/winebuild/winebuild --builtin /private/tmp/gptk4-runtime/lib/wine/x86_64-windows/windows.security.credentials.ui.userconsentverifier.dll
STRIPPROG=llvm-strip /private/tmp/gptk4-wine-source/tools/install-sh -m 644  dlls/windows.storage.applicationdata/x86_64-windows/windows.storage.applicationdata.dll /private/tmp/gptk4-runtime/lib/wine/x86_64-windows/windows.storage.applicationdata.dll
tools/winebuild/winebuild --builtin /private/tmp/gptk4-runtime/lib/wine/x86_64-windows/windows.storage.applicationdata.dll
STRIPPROG=llvm-strip /private/tmp/gptk4-wine-source/tools/install-sh -m 644  dlls/windows.system.profile.systemmanufacturers/x86_64-windows/windows.system.profile.systemmanufacturers.dll /private/tmp/gptk4-runtime/lib/wine/x86_64-windows/windows.system.profile.systemmanufacturers.dll
tools/winebuild/winebuild --builtin /private/tmp/gptk4-runtime/lib/wine/x86_64-windows/windows.system.profile.systemmanufacturers.dll
STRIPPROG=llvm-strip /private/tmp/gptk4-wine-source/tools/install-sh -m 644  dlls/windows.ui/x86_64-windows/windows.ui.dll /private/tmp/gptk4-runtime/lib/wine/x86_64-windows/windows.ui.dll
tools/winebuild/winebuild --builtin /private/tmp/gptk4-runtime/lib/wine/x86_64-windows/windows.ui.dll
STRIPPROG=llvm-strip /private/tmp/gptk4-wine-source/tools/install-sh -m 644  dlls/windows.web/x86_64-windows/windows.web.dll /private/tmp/gptk4-runtime/lib/wine/x86_64-windows/windows.web.dll
tools/winebuild/winebuild --builtin /private/tmp/gptk4-runtime/lib/wine/x86_64-windows/windows.web.dll
STRIPPROG=llvm-strip /private/tmp/gptk4-wine-source/tools/install-sh -m 644  dlls/windowscodecs/x86_64-windows/windowscodecs.dll /private/tmp/gptk4-runtime/lib/wine/x86_64-windows/windowscodecs.dll
tools/winebuild/winebuild --builtin /private/tmp/gptk4-runtime/lib/wine/x86_64-windows/windowscodecs.dll
STRIPPROG=llvm-strip /private/tmp/gptk4-wine-source/tools/install-sh -m 644  dlls/windowscodecsext/x86_64-windows/windowscodecsext.dll /private/tmp/gptk4-runtime/lib/wine/x86_64-windows/windowscodecsext.dll
tools/winebuild/winebuild --builtin /private/tmp/gptk4-runtime/lib/wine/x86_64-windows/windowscodecsext.dll
STRIPPROG=llvm-strip /private/tmp/gptk4-wine-source/tools/install-sh -m 644  dlls/winebth.sys/x86_64-windows/winebth.sys /private/tmp/gptk4-runtime/lib/wine/x86_64-windows/winebth.sys
tools/winebuild/winebuild --builtin /private/tmp/gptk4-runtime/lib/wine/x86_64-windows/winebth.sys
STRIPPROG="strip" /private/tmp/gptk4-wine-source/tools/install-sh  dlls/winebth.sys/winebth.so /private/tmp/gptk4-runtime/lib/wine/x86_64-unix/winebth.so
STRIPPROG=llvm-strip /private/tmp/gptk4-wine-source/tools/install-sh -m 644  dlls/winebus.sys/x86_64-windows/winebus.sys /private/tmp/gptk4-runtime/lib/wine/x86_64-windows/winebus.sys
tools/winebuild/winebuild --builtin /private/tmp/gptk4-runtime/lib/wine/x86_64-windows/winebus.sys
STRIPPROG="strip" /private/tmp/gptk4-wine-source/tools/install-sh  dlls/winebus.sys/winebus.so /private/tmp/gptk4-runtime/lib/wine/x86_64-unix/winebus.so
STRIPPROG=llvm-strip /private/tmp/gptk4-wine-source/tools/install-sh -m 644  dlls/winecoreaudio.drv/x86_64-windows/winecoreaudio.drv /private/tmp/gptk4-runtime/lib/wine/x86_64-windows/winecoreaudio.drv
tools/winebuild/winebuild --builtin /private/tmp/gptk4-runtime/lib/wine/x86_64-windows/winecoreaudio.drv
STRIPPROG="strip" /private/tmp/gptk4-wine-source/tools/install-sh  dlls/winecoreaudio.drv/winecoreaudio.so /private/tmp/gptk4-runtime/lib/wine/x86_64-unix/winecoreaudio.so
STRIPPROG=llvm-strip /private/tmp/gptk4-wine-source/tools/install-sh -m 644  dlls/wined3d/x86_64-windows/wined3d.dll /private/tmp/gptk4-runtime/lib/wine/x86_64-windows/wined3d.dll
tools/winebuild/winebuild --builtin /private/tmp/gptk4-runtime/lib/wine/x86_64-windows/wined3d.dll
STRIPPROG=llvm-strip /private/tmp/gptk4-wine-source/tools/install-sh -m 644  dlls/winedmo/x86_64-windows/winedmo.dll /private/tmp/gptk4-runtime/lib/wine/x86_64-windows/winedmo.dll
tools/winebuild/winebuild --builtin /private/tmp/gptk4-runtime/lib/wine/x86_64-windows/winedmo.dll
STRIPPROG="strip" /private/tmp/gptk4-wine-source/tools/install-sh  dlls/winedmo/winedmo.so /private/tmp/gptk4-runtime/lib/wine/x86_64-unix/winedmo.so
STRIPPROG=llvm-strip /private/tmp/gptk4-wine-source/tools/install-sh -m 644  dlls/winehid.sys/x86_64-windows/winehid.sys /private/tmp/gptk4-runtime/lib/wine/x86_64-windows/winehid.sys
tools/winebuild/winebuild --builtin /private/tmp/gptk4-runtime/lib/wine/x86_64-windows/winehid.sys
STRIPPROG=llvm-strip /private/tmp/gptk4-wine-source/tools/install-sh -m 644  dlls/winemac.drv/x86_64-windows/winemac.drv /private/tmp/gptk4-runtime/lib/wine/x86_64-windows/winemac.drv
tools/winebuild/winebuild --builtin /private/tmp/gptk4-runtime/lib/wine/x86_64-windows/winemac.drv
STRIPPROG="strip" /private/tmp/gptk4-wine-source/tools/install-sh  dlls/winemac.drv/winemac.so /private/tmp/gptk4-runtime/lib/wine/x86_64-unix/winemac.so
STRIPPROG=llvm-strip /private/tmp/gptk4-wine-source/tools/install-sh -m 644  dlls/winemapi/x86_64-windows/winemapi.dll /private/tmp/gptk4-runtime/lib/wine/x86_64-windows/winemapi.dll
tools/winebuild/winebuild --builtin /private/tmp/gptk4-runtime/lib/wine/x86_64-windows/winemapi.dll
STRIPPROG=llvm-strip /private/tmp/gptk4-wine-source/tools/install-sh -m 644  dlls/wineps.drv/x86_64-windows/wineps.drv /private/tmp/gptk4-runtime/lib/wine/x86_64-windows/wineps.drv
tools/winebuild/winebuild --builtin /private/tmp/gptk4-runtime/lib/wine/x86_64-windows/wineps.drv
STRIPPROG="strip" /private/tmp/gptk4-wine-source/tools/install-sh  dlls/wineps.drv/wineps.so /private/tmp/gptk4-runtime/lib/wine/x86_64-unix/wineps.so
STRIPPROG=llvm-strip /private/tmp/gptk4-wine-source/tools/install-sh -m 644  dlls/winevulkan/x86_64-windows/winevulkan.dll /private/tmp/gptk4-runtime/lib/wine/x86_64-windows/winevulkan.dll
tools/winebuild/winebuild --builtin /private/tmp/gptk4-runtime/lib/wine/x86_64-windows/winevulkan.dll
STRIPPROG="strip" /private/tmp/gptk4-wine-source/tools/install-sh  dlls/winevulkan/winevulkan.so /private/tmp/gptk4-runtime/lib/wine/x86_64-unix/winevulkan.so
STRIPPROG=llvm-strip /private/tmp/gptk4-wine-source/tools/install-sh -m 644  dlls/winexinput.sys/x86_64-windows/winexinput.sys /private/tmp/gptk4-runtime/lib/wine/x86_64-windows/winexinput.sys
tools/winebuild/winebuild --builtin /private/tmp/gptk4-runtime/lib/wine/x86_64-windows/winexinput.sys
STRIPPROG=llvm-strip /private/tmp/gptk4-wine-source/tools/install-sh -m 644  dlls/wing32/x86_64-windows/wing32.dll /private/tmp/gptk4-runtime/lib/wine/x86_64-windows/wing32.dll
tools/winebuild/winebuild --builtin /private/tmp/gptk4-runtime/lib/wine/x86_64-windows/wing32.dll
STRIPPROG=llvm-strip /private/tmp/gptk4-wine-source/tools/install-sh -m 644  dlls/winhttp/x86_64-windows/winhttp.dll /private/tmp/gptk4-runtime/lib/wine/x86_64-windows/winhttp.dll
tools/winebuild/winebuild --builtin /private/tmp/gptk4-runtime/lib/wine/x86_64-windows/winhttp.dll
STRIPPROG=llvm-strip /private/tmp/gptk4-wine-source/tools/install-sh -m 644  dlls/wininet/x86_64-windows/wininet.dll /private/tmp/gptk4-runtime/lib/wine/x86_64-windows/wininet.dll
tools/winebuild/winebuild --builtin /private/tmp/gptk4-runtime/lib/wine/x86_64-windows/wininet.dll
STRIPPROG=llvm-strip /private/tmp/gptk4-wine-source/tools/install-sh -m 644  dlls/winmm/x86_64-windows/winmm.dll /private/tmp/gptk4-runtime/lib/wine/x86_64-windows/winmm.dll
tools/winebuild/winebuild --builtin /private/tmp/gptk4-runtime/lib/wine/x86_64-windows/winmm.dll
STRIPPROG=llvm-strip /private/tmp/gptk4-wine-source/tools/install-sh -m 644  dlls/winnls32/x86_64-windows/winnls32.dll /private/tmp/gptk4-runtime/lib/wine/x86_64-windows/winnls32.dll
tools/winebuild/winebuild --builtin /private/tmp/gptk4-runtime/lib/wine/x86_64-windows/winnls32.dll
STRIPPROG=llvm-strip /private/tmp/gptk4-wine-source/tools/install-sh -m 644  dlls/winprint/x86_64-windows/winprint.dll /private/tmp/gptk4-runtime/lib/wine/x86_64-windows/winprint.dll
tools/winebuild/winebuild --builtin /private/tmp/gptk4-runtime/lib/wine/x86_64-windows/winprint.dll
STRIPPROG=llvm-strip /private/tmp/gptk4-wine-source/tools/install-sh -m 644  dlls/winscard/x86_64-windows/winscard.dll /private/tmp/gptk4-runtime/lib/wine/x86_64-windows/winscard.dll
tools/winebuild/winebuild --builtin /private/tmp/gptk4-runtime/lib/wine/x86_64-windows/winscard.dll
STRIPPROG="strip" /private/tmp/gptk4-wine-source/tools/install-sh  dlls/winscard/winscard.so /private/tmp/gptk4-runtime/lib/wine/x86_64-unix/winscard.so
STRIPPROG=llvm-strip /private/tmp/gptk4-wine-source/tools/install-sh -m 644  dlls/winspool.drv/x86_64-windows/winspool.drv /private/tmp/gptk4-runtime/lib/wine/x86_64-windows/winspool.drv
tools/winebuild/winebuild --builtin /private/tmp/gptk4-runtime/lib/wine/x86_64-windows/winspool.drv
STRIPPROG="strip" /private/tmp/gptk4-wine-source/tools/install-sh  dlls/winspool.drv/winspool.so /private/tmp/gptk4-runtime/lib/wine/x86_64-unix/winspool.so
STRIPPROG=llvm-strip /private/tmp/gptk4-wine-source/tools/install-sh -m 644  dlls/winsta/x86_64-windows/winsta.dll /private/tmp/gptk4-runtime/lib/wine/x86_64-windows/winsta.dll
tools/winebuild/winebuild --builtin /private/tmp/gptk4-runtime/lib/wine/x86_64-windows/winsta.dll
STRIPPROG=llvm-strip /private/tmp/gptk4-wine-source/tools/install-sh -m 644  dlls/wintab32/x86_64-windows/wintab32.dll /private/tmp/gptk4-runtime/lib/wine/x86_64-windows/wintab32.dll
tools/winebuild/winebuild --builtin /private/tmp/gptk4-runtime/lib/wine/x86_64-windows/wintab32.dll
STRIPPROG=llvm-strip /private/tmp/gptk4-wine-source/tools/install-sh -m 644  dlls/wintrust/x86_64-windows/wintrust.dll /private/tmp/gptk4-runtime/lib/wine/x86_64-windows/wintrust.dll
tools/winebuild/winebuild --builtin /private/tmp/gptk4-runtime/lib/wine/x86_64-windows/wintrust.dll
STRIPPROG=llvm-strip /private/tmp/gptk4-wine-source/tools/install-sh -m 644  dlls/wintypes/x86_64-windows/wintypes.dll /private/tmp/gptk4-runtime/lib/wine/x86_64-windows/wintypes.dll
tools/winebuild/winebuild --builtin /private/tmp/gptk4-runtime/lib/wine/x86_64-windows/wintypes.dll
STRIPPROG=llvm-strip /private/tmp/gptk4-wine-source/tools/install-sh -m 644  dlls/winusb/x86_64-windows/winusb.dll /private/tmp/gptk4-runtime/lib/wine/x86_64-windows/winusb.dll
tools/winebuild/winebuild --builtin /private/tmp/gptk4-runtime/lib/wine/x86_64-windows/winusb.dll
STRIPPROG=llvm-strip /private/tmp/gptk4-wine-source/tools/install-sh -m 644  dlls/wlanapi/x86_64-windows/wlanapi.dll /private/tmp/gptk4-runtime/lib/wine/x86_64-windows/wlanapi.dll
tools/winebuild/winebuild --builtin /private/tmp/gptk4-runtime/lib/wine/x86_64-windows/wlanapi.dll
STRIPPROG=llvm-strip /private/tmp/gptk4-wine-source/tools/install-sh -m 644  dlls/wlanui/x86_64-windows/wlanui.dll /private/tmp/gptk4-runtime/lib/wine/x86_64-windows/wlanui.dll
tools/winebuild/winebuild --builtin /private/tmp/gptk4-runtime/lib/wine/x86_64-windows/wlanui.dll
STRIPPROG=llvm-strip /private/tmp/gptk4-wine-source/tools/install-sh -m 644  dlls/wldap32/x86_64-windows/wldap32.dll /private/tmp/gptk4-runtime/lib/wine/x86_64-windows/wldap32.dll
tools/winebuild/winebuild --builtin /private/tmp/gptk4-runtime/lib/wine/x86_64-windows/wldap32.dll
STRIPPROG=llvm-strip /private/tmp/gptk4-wine-source/tools/install-sh -m 644  dlls/wldp/x86_64-windows/wldp.dll /private/tmp/gptk4-runtime/lib/wine/x86_64-windows/wldp.dll
tools/winebuild/winebuild --builtin /private/tmp/gptk4-runtime/lib/wine/x86_64-windows/wldp.dll
STRIPPROG=llvm-strip /private/tmp/gptk4-wine-source/tools/install-sh -m 644  dlls/wmadmod/x86_64-windows/wmadmod.dll /private/tmp/gptk4-runtime/lib/wine/x86_64-windows/wmadmod.dll
tools/winebuild/winebuild --builtin /private/tmp/gptk4-runtime/lib/wine/x86_64-windows/wmadmod.dll
STRIPPROG=llvm-strip /private/tmp/gptk4-wine-source/tools/install-sh -m 644  dlls/wmasf/x86_64-windows/wmasf.dll /private/tmp/gptk4-runtime/lib/wine/x86_64-windows/wmasf.dll
tools/winebuild/winebuild --builtin /private/tmp/gptk4-runtime/lib/wine/x86_64-windows/wmasf.dll
/private/tmp/gptk4-wine-source/tools/install-sh -m 644  dlls/wmi/x86_64-windows/wmi.dll /private/tmp/gptk4-runtime/lib/wine/x86_64-windows/wmi.dll
STRIPPROG=llvm-strip /private/tmp/gptk4-wine-source/tools/install-sh -m 644  dlls/wmilib.sys/x86_64-windows/wmilib.sys /private/tmp/gptk4-runtime/lib/wine/x86_64-windows/wmilib.sys
tools/winebuild/winebuild --builtin /private/tmp/gptk4-runtime/lib/wine/x86_64-windows/wmilib.sys
STRIPPROG=llvm-strip /private/tmp/gptk4-wine-source/tools/install-sh -m 644  dlls/wmiutils/x86_64-windows/wmiutils.dll /private/tmp/gptk4-runtime/lib/wine/x86_64-windows/wmiutils.dll
tools/winebuild/winebuild --builtin /private/tmp/gptk4-runtime/lib/wine/x86_64-windows/wmiutils.dll
STRIPPROG=llvm-strip /private/tmp/gptk4-wine-source/tools/install-sh -m 644  dlls/wmp/x86_64-windows/wmp.dll /private/tmp/gptk4-runtime/lib/wine/x86_64-windows/wmp.dll
tools/winebuild/winebuild --builtin /private/tmp/gptk4-runtime/lib/wine/x86_64-windows/wmp.dll
STRIPPROG=llvm-strip /private/tmp/gptk4-wine-source/tools/install-sh -m 644  dlls/wmphoto/x86_64-windows/wmphoto.dll /private/tmp/gptk4-runtime/lib/wine/x86_64-windows/wmphoto.dll
tools/winebuild/winebuild --builtin /private/tmp/gptk4-runtime/lib/wine/x86_64-windows/wmphoto.dll
STRIPPROG=llvm-strip /private/tmp/gptk4-wine-source/tools/install-sh -m 644  dlls/wmvcore/x86_64-windows/wmvcore.dll /private/tmp/gptk4-runtime/lib/wine/x86_64-windows/wmvcore.dll
tools/winebuild/winebuild --builtin /private/tmp/gptk4-runtime/lib/wine/x86_64-windows/wmvcore.dll
STRIPPROG=llvm-strip /private/tmp/gptk4-wine-source/tools/install-sh -m 644  dlls/wmvdecod/x86_64-windows/wmvdecod.dll /private/tmp/gptk4-runtime/lib/wine/x86_64-windows/wmvdecod.dll
tools/winebuild/winebuild --builtin /private/tmp/gptk4-runtime/lib/wine/x86_64-windows/wmvdecod.dll
STRIPPROG=llvm-strip /private/tmp/gptk4-wine-source/tools/install-sh -m 644  dlls/wnaspi32/x86_64-windows/wnaspi32.dll /private/tmp/gptk4-runtime/lib/wine/x86_64-windows/wnaspi32.dll
tools/winebuild/winebuild --builtin /private/tmp/gptk4-runtime/lib/wine/x86_64-windows/wnaspi32.dll
STRIPPROG=llvm-strip /private/tmp/gptk4-wine-source/tools/install-sh -m 644  dlls/wofutil/x86_64-windows/wofutil.dll /private/tmp/gptk4-runtime/lib/wine/x86_64-windows/wofutil.dll
tools/winebuild/winebuild --builtin /private/tmp/gptk4-runtime/lib/wine/x86_64-windows/wofutil.dll
STRIPPROG=llvm-strip /private/tmp/gptk4-wine-source/tools/install-sh -m 644  dlls/wow64/x86_64-windows/wow64.dll /private/tmp/gptk4-runtime/lib/wine/x86_64-windows/wow64.dll
tools/winebuild/winebuild --builtin /private/tmp/gptk4-runtime/lib/wine/x86_64-windows/wow64.dll
STRIPPROG=llvm-strip /private/tmp/gptk4-wine-source/tools/install-sh -m 644  dlls/wow64cpu/x86_64-windows/wow64cpu.dll /private/tmp/gptk4-runtime/lib/wine/x86_64-windows/wow64cpu.dll
tools/winebuild/winebuild --builtin /private/tmp/gptk4-runtime/lib/wine/x86_64-windows/wow64cpu.dll
STRIPPROG=llvm-strip /private/tmp/gptk4-wine-source/tools/install-sh -m 644  dlls/wow64win/x86_64-windows/wow64win.dll /private/tmp/gptk4-runtime/lib/wine/x86_64-windows/wow64win.dll
tools/winebuild/winebuild --builtin /private/tmp/gptk4-runtime/lib/wine/x86_64-windows/wow64win.dll
STRIPPROG=llvm-strip /private/tmp/gptk4-wine-source/tools/install-sh -m 644  dlls/wpc/x86_64-windows/wpc.dll /private/tmp/gptk4-runtime/lib/wine/x86_64-windows/wpc.dll
tools/winebuild/winebuild --builtin /private/tmp/gptk4-runtime/lib/wine/x86_64-windows/wpc.dll
STRIPPROG=llvm-strip /private/tmp/gptk4-wine-source/tools/install-sh -m 644  dlls/wpcap/x86_64-windows/wpcap.dll /private/tmp/gptk4-runtime/lib/wine/x86_64-windows/wpcap.dll
tools/winebuild/winebuild --builtin /private/tmp/gptk4-runtime/lib/wine/x86_64-windows/wpcap.dll
STRIPPROG="strip" /private/tmp/gptk4-wine-source/tools/install-sh  dlls/wpcap/wpcap.so /private/tmp/gptk4-runtime/lib/wine/x86_64-unix/wpcap.so
STRIPPROG=llvm-strip /private/tmp/gptk4-wine-source/tools/install-sh -m 644  dlls/ws2_32/x86_64-windows/ws2_32.dll /private/tmp/gptk4-runtime/lib/wine/x86_64-windows/ws2_32.dll
tools/winebuild/winebuild --builtin /private/tmp/gptk4-runtime/lib/wine/x86_64-windows/ws2_32.dll
STRIPPROG="strip" /private/tmp/gptk4-wine-source/tools/install-sh  dlls/ws2_32/ws2_32.so /private/tmp/gptk4-runtime/lib/wine/x86_64-unix/ws2_32.so
STRIPPROG=llvm-strip /private/tmp/gptk4-wine-source/tools/install-sh -m 644  dlls/wsdapi/x86_64-windows/wsdapi.dll /private/tmp/gptk4-runtime/lib/wine/x86_64-windows/wsdapi.dll
tools/winebuild/winebuild --builtin /private/tmp/gptk4-runtime/lib/wine/x86_64-windows/wsdapi.dll
STRIPPROG=llvm-strip /private/tmp/gptk4-wine-source/tools/install-sh -m 644  dlls/wshom.ocx/x86_64-windows/wshom.ocx /private/tmp/gptk4-runtime/lib/wine/x86_64-windows/wshom.ocx
tools/winebuild/winebuild --builtin /private/tmp/gptk4-runtime/lib/wine/x86_64-windows/wshom.ocx
STRIPPROG=llvm-strip /private/tmp/gptk4-wine-source/tools/install-sh -m 644  dlls/wsnmp32/x86_64-windows/wsnmp32.dll /private/tmp/gptk4-runtime/lib/wine/x86_64-windows/wsnmp32.dll
tools/winebuild/winebuild --builtin /private/tmp/gptk4-runtime/lib/wine/x86_64-windows/wsnmp32.dll
STRIPPROG=llvm-strip /private/tmp/gptk4-wine-source/tools/install-sh -m 644  dlls/wsock32/x86_64-windows/wsock32.dll /private/tmp/gptk4-runtime/lib/wine/x86_64-windows/wsock32.dll
tools/winebuild/winebuild --builtin /private/tmp/gptk4-runtime/lib/wine/x86_64-windows/wsock32.dll
STRIPPROG=llvm-strip /private/tmp/gptk4-wine-source/tools/install-sh -m 644  dlls/wtsapi32/x86_64-windows/wtsapi32.dll /private/tmp/gptk4-runtime/lib/wine/x86_64-windows/wtsapi32.dll
tools/winebuild/winebuild --builtin /private/tmp/gptk4-runtime/lib/wine/x86_64-windows/wtsapi32.dll
STRIPPROG=llvm-strip /private/tmp/gptk4-wine-source/tools/install-sh -m 644  dlls/wuapi/x86_64-windows/wuapi.dll /private/tmp/gptk4-runtime/lib/wine/x86_64-windows/wuapi.dll
tools/winebuild/winebuild --builtin /private/tmp/gptk4-runtime/lib/wine/x86_64-windows/wuapi.dll
STRIPPROG=llvm-strip /private/tmp/gptk4-wine-source/tools/install-sh -m 644  dlls/wuaueng/x86_64-windows/wuaueng.dll /private/tmp/gptk4-runtime/lib/wine/x86_64-windows/wuaueng.dll
tools/winebuild/winebuild --builtin /private/tmp/gptk4-runtime/lib/wine/x86_64-windows/wuaueng.dll
STRIPPROG=llvm-strip /private/tmp/gptk4-wine-source/tools/install-sh -m 644  dlls/x3daudio1_0/x86_64-windows/x3daudio1_0.dll /private/tmp/gptk4-runtime/lib/wine/x86_64-windows/x3daudio1_0.dll
tools/winebuild/winebuild --builtin /private/tmp/gptk4-runtime/lib/wine/x86_64-windows/x3daudio1_0.dll
STRIPPROG=llvm-strip /private/tmp/gptk4-wine-source/tools/install-sh -m 644  dlls/x3daudio1_1/x86_64-windows/x3daudio1_1.dll /private/tmp/gptk4-runtime/lib/wine/x86_64-windows/x3daudio1_1.dll
tools/winebuild/winebuild --builtin /private/tmp/gptk4-runtime/lib/wine/x86_64-windows/x3daudio1_1.dll
STRIPPROG=llvm-strip /private/tmp/gptk4-wine-source/tools/install-sh -m 644  dlls/x3daudio1_2/x86_64-windows/x3daudio1_2.dll /private/tmp/gptk4-runtime/lib/wine/x86_64-windows/x3daudio1_2.dll
tools/winebuild/winebuild --builtin /private/tmp/gptk4-runtime/lib/wine/x86_64-windows/x3daudio1_2.dll
STRIPPROG=llvm-strip /private/tmp/gptk4-wine-source/tools/install-sh -m 644  dlls/x3daudio1_3/x86_64-windows/x3daudio1_3.dll /private/tmp/gptk4-runtime/lib/wine/x86_64-windows/x3daudio1_3.dll
tools/winebuild/winebuild --builtin /private/tmp/gptk4-runtime/lib/wine/x86_64-windows/x3daudio1_3.dll
STRIPPROG=llvm-strip /private/tmp/gptk4-wine-source/tools/install-sh -m 644  dlls/x3daudio1_4/x86_64-windows/x3daudio1_4.dll /private/tmp/gptk4-runtime/lib/wine/x86_64-windows/x3daudio1_4.dll
tools/winebuild/winebuild --builtin /private/tmp/gptk4-runtime/lib/wine/x86_64-windows/x3daudio1_4.dll
STRIPPROG=llvm-strip /private/tmp/gptk4-wine-source/tools/install-sh -m 644  dlls/x3daudio1_5/x86_64-windows/x3daudio1_5.dll /private/tmp/gptk4-runtime/lib/wine/x86_64-windows/x3daudio1_5.dll
tools/winebuild/winebuild --builtin /private/tmp/gptk4-runtime/lib/wine/x86_64-windows/x3daudio1_5.dll
STRIPPROG=llvm-strip /private/tmp/gptk4-wine-source/tools/install-sh -m 644  dlls/x3daudio1_6/x86_64-windows/x3daudio1_6.dll /private/tmp/gptk4-runtime/lib/wine/x86_64-windows/x3daudio1_6.dll
tools/winebuild/winebuild --builtin /private/tmp/gptk4-runtime/lib/wine/x86_64-windows/x3daudio1_6.dll
STRIPPROG=llvm-strip /private/tmp/gptk4-wine-source/tools/install-sh -m 644  dlls/x3daudio1_7/x86_64-windows/x3daudio1_7.dll /private/tmp/gptk4-runtime/lib/wine/x86_64-windows/x3daudio1_7.dll
tools/winebuild/winebuild --builtin /private/tmp/gptk4-runtime/lib/wine/x86_64-windows/x3daudio1_7.dll
STRIPPROG=llvm-strip /private/tmp/gptk4-wine-source/tools/install-sh -m 644  dlls/xactengine2_0/x86_64-windows/xactengine2_0.dll /private/tmp/gptk4-runtime/lib/wine/x86_64-windows/xactengine2_0.dll
tools/winebuild/winebuild --builtin /private/tmp/gptk4-runtime/lib/wine/x86_64-windows/xactengine2_0.dll
STRIPPROG=llvm-strip /private/tmp/gptk4-wine-source/tools/install-sh -m 644  dlls/xactengine2_4/x86_64-windows/xactengine2_4.dll /private/tmp/gptk4-runtime/lib/wine/x86_64-windows/xactengine2_4.dll
tools/winebuild/winebuild --builtin /private/tmp/gptk4-runtime/lib/wine/x86_64-windows/xactengine2_4.dll
STRIPPROG=llvm-strip /private/tmp/gptk4-wine-source/tools/install-sh -m 644  dlls/xactengine2_7/x86_64-windows/xactengine2_7.dll /private/tmp/gptk4-runtime/lib/wine/x86_64-windows/xactengine2_7.dll
tools/winebuild/winebuild --builtin /private/tmp/gptk4-runtime/lib/wine/x86_64-windows/xactengine2_7.dll
STRIPPROG=llvm-strip /private/tmp/gptk4-wine-source/tools/install-sh -m 644  dlls/xactengine2_9/x86_64-windows/xactengine2_9.dll /private/tmp/gptk4-runtime/lib/wine/x86_64-windows/xactengine2_9.dll
tools/winebuild/winebuild --builtin /private/tmp/gptk4-runtime/lib/wine/x86_64-windows/xactengine2_9.dll
STRIPPROG=llvm-strip /private/tmp/gptk4-wine-source/tools/install-sh -m 644  dlls/xactengine3_0/x86_64-windows/xactengine3_0.dll /private/tmp/gptk4-runtime/lib/wine/x86_64-windows/xactengine3_0.dll
tools/winebuild/winebuild --builtin /private/tmp/gptk4-runtime/lib/wine/x86_64-windows/xactengine3_0.dll
STRIPPROG=llvm-strip /private/tmp/gptk4-wine-source/tools/install-sh -m 644  dlls/xactengine3_1/x86_64-windows/xactengine3_1.dll /private/tmp/gptk4-runtime/lib/wine/x86_64-windows/xactengine3_1.dll
tools/winebuild/winebuild --builtin /private/tmp/gptk4-runtime/lib/wine/x86_64-windows/xactengine3_1.dll
STRIPPROG=llvm-strip /private/tmp/gptk4-wine-source/tools/install-sh -m 644  dlls/xactengine3_2/x86_64-windows/xactengine3_2.dll /private/tmp/gptk4-runtime/lib/wine/x86_64-windows/xactengine3_2.dll
tools/winebuild/winebuild --builtin /private/tmp/gptk4-runtime/lib/wine/x86_64-windows/xactengine3_2.dll
STRIPPROG=llvm-strip /private/tmp/gptk4-wine-source/tools/install-sh -m 644  dlls/xactengine3_3/x86_64-windows/xactengine3_3.dll /private/tmp/gptk4-runtime/lib/wine/x86_64-windows/xactengine3_3.dll
tools/winebuild/winebuild --builtin /private/tmp/gptk4-runtime/lib/wine/x86_64-windows/xactengine3_3.dll
STRIPPROG=llvm-strip /private/tmp/gptk4-wine-source/tools/install-sh -m 644  dlls/xactengine3_4/x86_64-windows/xactengine3_4.dll /private/tmp/gptk4-runtime/lib/wine/x86_64-windows/xactengine3_4.dll
tools/winebuild/winebuild --builtin /private/tmp/gptk4-runtime/lib/wine/x86_64-windows/xactengine3_4.dll
STRIPPROG=llvm-strip /private/tmp/gptk4-wine-source/tools/install-sh -m 644  dlls/xactengine3_5/x86_64-windows/xactengine3_5.dll /private/tmp/gptk4-runtime/lib/wine/x86_64-windows/xactengine3_5.dll
tools/winebuild/winebuild --builtin /private/tmp/gptk4-runtime/lib/wine/x86_64-windows/xactengine3_5.dll
STRIPPROG=llvm-strip /private/tmp/gptk4-wine-source/tools/install-sh -m 644  dlls/xactengine3_6/x86_64-windows/xactengine3_6.dll /private/tmp/gptk4-runtime/lib/wine/x86_64-windows/xactengine3_6.dll
tools/winebuild/winebuild --builtin /private/tmp/gptk4-runtime/lib/wine/x86_64-windows/xactengine3_6.dll
STRIPPROG=llvm-strip /private/tmp/gptk4-wine-source/tools/install-sh -m 644  dlls/xactengine3_7/x86_64-windows/xactengine3_7.dll /private/tmp/gptk4-runtime/lib/wine/x86_64-windows/xactengine3_7.dll
tools/winebuild/winebuild --builtin /private/tmp/gptk4-runtime/lib/wine/x86_64-windows/xactengine3_7.dll
STRIPPROG=llvm-strip /private/tmp/gptk4-wine-source/tools/install-sh -m 644  dlls/xapofx1_1/x86_64-windows/xapofx1_1.dll /private/tmp/gptk4-runtime/lib/wine/x86_64-windows/xapofx1_1.dll
tools/winebuild/winebuild --builtin /private/tmp/gptk4-runtime/lib/wine/x86_64-windows/xapofx1_1.dll
STRIPPROG=llvm-strip /private/tmp/gptk4-wine-source/tools/install-sh -m 644  dlls/xapofx1_2/x86_64-windows/xapofx1_2.dll /private/tmp/gptk4-runtime/lib/wine/x86_64-windows/xapofx1_2.dll
tools/winebuild/winebuild --builtin /private/tmp/gptk4-runtime/lib/wine/x86_64-windows/xapofx1_2.dll
STRIPPROG=llvm-strip /private/tmp/gptk4-wine-source/tools/install-sh -m 644  dlls/xapofx1_3/x86_64-windows/xapofx1_3.dll /private/tmp/gptk4-runtime/lib/wine/x86_64-windows/xapofx1_3.dll
tools/winebuild/winebuild --builtin /private/tmp/gptk4-runtime/lib/wine/x86_64-windows/xapofx1_3.dll
STRIPPROG=llvm-strip /private/tmp/gptk4-wine-source/tools/install-sh -m 644  dlls/xapofx1_4/x86_64-windows/xapofx1_4.dll /private/tmp/gptk4-runtime/lib/wine/x86_64-windows/xapofx1_4.dll
tools/winebuild/winebuild --builtin /private/tmp/gptk4-runtime/lib/wine/x86_64-windows/xapofx1_4.dll
STRIPPROG=llvm-strip /private/tmp/gptk4-wine-source/tools/install-sh -m 644  dlls/xapofx1_5/x86_64-windows/xapofx1_5.dll /private/tmp/gptk4-runtime/lib/wine/x86_64-windows/xapofx1_5.dll
tools/winebuild/winebuild --builtin /private/tmp/gptk4-runtime/lib/wine/x86_64-windows/xapofx1_5.dll
STRIPPROG=llvm-strip /private/tmp/gptk4-wine-source/tools/install-sh -m 644  dlls/xaudio2_0/x86_64-windows/xaudio2_0.dll /private/tmp/gptk4-runtime/lib/wine/x86_64-windows/xaudio2_0.dll
tools/winebuild/winebuild --builtin /private/tmp/gptk4-runtime/lib/wine/x86_64-windows/xaudio2_0.dll
STRIPPROG=llvm-strip /private/tmp/gptk4-wine-source/tools/install-sh -m 644  dlls/xaudio2_1/x86_64-windows/xaudio2_1.dll /private/tmp/gptk4-runtime/lib/wine/x86_64-windows/xaudio2_1.dll
tools/winebuild/winebuild --builtin /private/tmp/gptk4-runtime/lib/wine/x86_64-windows/xaudio2_1.dll
STRIPPROG=llvm-strip /private/tmp/gptk4-wine-source/tools/install-sh -m 644  dlls/xaudio2_2/x86_64-windows/xaudio2_2.dll /private/tmp/gptk4-runtime/lib/wine/x86_64-windows/xaudio2_2.dll
tools/winebuild/winebuild --builtin /private/tmp/gptk4-runtime/lib/wine/x86_64-windows/xaudio2_2.dll
STRIPPROG=llvm-strip /private/tmp/gptk4-wine-source/tools/install-sh -m 644  dlls/xaudio2_3/x86_64-windows/xaudio2_3.dll /private/tmp/gptk4-runtime/lib/wine/x86_64-windows/xaudio2_3.dll
tools/winebuild/winebuild --builtin /private/tmp/gptk4-runtime/lib/wine/x86_64-windows/xaudio2_3.dll
STRIPPROG=llvm-strip /private/tmp/gptk4-wine-source/tools/install-sh -m 644  dlls/xaudio2_4/x86_64-windows/xaudio2_4.dll /private/tmp/gptk4-runtime/lib/wine/x86_64-windows/xaudio2_4.dll
tools/winebuild/winebuild --builtin /private/tmp/gptk4-runtime/lib/wine/x86_64-windows/xaudio2_4.dll
STRIPPROG=llvm-strip /private/tmp/gptk4-wine-source/tools/install-sh -m 644  dlls/xaudio2_5/x86_64-windows/xaudio2_5.dll /private/tmp/gptk4-runtime/lib/wine/x86_64-windows/xaudio2_5.dll
tools/winebuild/winebuild --builtin /private/tmp/gptk4-runtime/lib/wine/x86_64-windows/xaudio2_5.dll
STRIPPROG=llvm-strip /private/tmp/gptk4-wine-source/tools/install-sh -m 644  dlls/xaudio2_6/x86_64-windows/xaudio2_6.dll /private/tmp/gptk4-runtime/lib/wine/x86_64-windows/xaudio2_6.dll
tools/winebuild/winebuild --builtin /private/tmp/gptk4-runtime/lib/wine/x86_64-windows/xaudio2_6.dll
STRIPPROG=llvm-strip /private/tmp/gptk4-wine-source/tools/install-sh -m 644  dlls/xaudio2_7/x86_64-windows/xaudio2_7.dll /private/tmp/gptk4-runtime/lib/wine/x86_64-windows/xaudio2_7.dll
tools/winebuild/winebuild --builtin /private/tmp/gptk4-runtime/lib/wine/x86_64-windows/xaudio2_7.dll
STRIPPROG=llvm-strip /private/tmp/gptk4-wine-source/tools/install-sh -m 644  dlls/xaudio2_8/x86_64-windows/xaudio2_8.dll /private/tmp/gptk4-runtime/lib/wine/x86_64-windows/xaudio2_8.dll
tools/winebuild/winebuild --builtin /private/tmp/gptk4-runtime/lib/wine/x86_64-windows/xaudio2_8.dll
STRIPPROG=llvm-strip /private/tmp/gptk4-wine-source/tools/install-sh -m 644  dlls/xaudio2_9/x86_64-windows/xaudio2_9.dll /private/tmp/gptk4-runtime/lib/wine/x86_64-windows/xaudio2_9.dll
tools/winebuild/winebuild --builtin /private/tmp/gptk4-runtime/lib/wine/x86_64-windows/xaudio2_9.dll
STRIPPROG=llvm-strip /private/tmp/gptk4-wine-source/tools/install-sh -m 644  dlls/xinput1_1/x86_64-windows/xinput1_1.dll /private/tmp/gptk4-runtime/lib/wine/x86_64-windows/xinput1_1.dll
tools/winebuild/winebuild --builtin /private/tmp/gptk4-runtime/lib/wine/x86_64-windows/xinput1_1.dll
STRIPPROG=llvm-strip /private/tmp/gptk4-wine-source/tools/install-sh -m 644  dlls/xinput1_2/x86_64-windows/xinput1_2.dll /private/tmp/gptk4-runtime/lib/wine/x86_64-windows/xinput1_2.dll
tools/winebuild/winebuild --builtin /private/tmp/gptk4-runtime/lib/wine/x86_64-windows/xinput1_2.dll
STRIPPROG=llvm-strip /private/tmp/gptk4-wine-source/tools/install-sh -m 644  dlls/xinput1_3/x86_64-windows/xinput1_3.dll /private/tmp/gptk4-runtime/lib/wine/x86_64-windows/xinput1_3.dll
tools/winebuild/winebuild --builtin /private/tmp/gptk4-runtime/lib/wine/x86_64-windows/xinput1_3.dll
STRIPPROG=llvm-strip /private/tmp/gptk4-wine-source/tools/install-sh -m 644  dlls/xinput1_4/x86_64-windows/xinput1_4.dll /private/tmp/gptk4-runtime/lib/wine/x86_64-windows/xinput1_4.dll
tools/winebuild/winebuild --builtin /private/tmp/gptk4-runtime/lib/wine/x86_64-windows/xinput1_4.dll
STRIPPROG=llvm-strip /private/tmp/gptk4-wine-source/tools/install-sh -m 644  dlls/xinput9_1_0/x86_64-windows/xinput9_1_0.dll /private/tmp/gptk4-runtime/lib/wine/x86_64-windows/xinput9_1_0.dll
tools/winebuild/winebuild --builtin /private/tmp/gptk4-runtime/lib/wine/x86_64-windows/xinput9_1_0.dll
STRIPPROG=llvm-strip /private/tmp/gptk4-wine-source/tools/install-sh -m 644  dlls/xinputuap/x86_64-windows/xinputuap.dll /private/tmp/gptk4-runtime/lib/wine/x86_64-windows/xinputuap.dll
tools/winebuild/winebuild --builtin /private/tmp/gptk4-runtime/lib/wine/x86_64-windows/xinputuap.dll
STRIPPROG=llvm-strip /private/tmp/gptk4-wine-source/tools/install-sh -m 644  dlls/xmllite/x86_64-windows/xmllite.dll /private/tmp/gptk4-runtime/lib/wine/x86_64-windows/xmllite.dll
tools/winebuild/winebuild --builtin /private/tmp/gptk4-runtime/lib/wine/x86_64-windows/xmllite.dll
STRIPPROG=llvm-strip /private/tmp/gptk4-wine-source/tools/install-sh -m 644  dlls/xolehlp/x86_64-windows/xolehlp.dll /private/tmp/gptk4-runtime/lib/wine/x86_64-windows/xolehlp.dll
tools/winebuild/winebuild --builtin /private/tmp/gptk4-runtime/lib/wine/x86_64-windows/xolehlp.dll
STRIPPROG=llvm-strip /private/tmp/gptk4-wine-source/tools/install-sh -m 644  dlls/xpsprint/x86_64-windows/xpsprint.dll /private/tmp/gptk4-runtime/lib/wine/x86_64-windows/xpsprint.dll
tools/winebuild/winebuild --builtin /private/tmp/gptk4-runtime/lib/wine/x86_64-windows/xpsprint.dll
STRIPPROG=llvm-strip /private/tmp/gptk4-wine-source/tools/install-sh -m 644  dlls/xpssvcs/x86_64-windows/xpssvcs.dll /private/tmp/gptk4-runtime/lib/wine/x86_64-windows/xpssvcs.dll
tools/winebuild/winebuild --builtin /private/tmp/gptk4-runtime/lib/wine/x86_64-windows/xpssvcs.dll
/private/tmp/gptk4-wine-source/tools/install-sh -m 644  loader/wine.inf /private/tmp/gptk4-runtime/share/wine/wine.inf
STRIPPROG="strip" /private/tmp/gptk4-wine-source/tools/install-sh  loader/wine64 /private/tmp/gptk4-runtime/bin/wine64
/private/tmp/gptk4-wine-source/tools/install-sh -m 644  /private/tmp/gptk4-wine-source/nls/c_037.nls /private/tmp/gptk4-runtime/share/wine/nls/c_037.nls
/private/tmp/gptk4-wine-source/tools/install-sh -m 644  /private/tmp/gptk4-wine-source/nls/c_10000.nls /private/tmp/gptk4-runtime/share/wine/nls/c_10000.nls
/private/tmp/gptk4-wine-source/tools/install-sh -m 644  /private/tmp/gptk4-wine-source/nls/c_10001.nls /private/tmp/gptk4-runtime/share/wine/nls/c_10001.nls
/private/tmp/gptk4-wine-source/tools/install-sh -m 644  /private/tmp/gptk4-wine-source/nls/c_10002.nls /private/tmp/gptk4-runtime/share/wine/nls/c_10002.nls
/private/tmp/gptk4-wine-source/tools/install-sh -m 644  /private/tmp/gptk4-wine-source/nls/c_10003.nls /private/tmp/gptk4-runtime/share/wine/nls/c_10003.nls
/private/tmp/gptk4-wine-source/tools/install-sh -m 644  /private/tmp/gptk4-wine-source/nls/c_10004.nls /private/tmp/gptk4-runtime/share/wine/nls/c_10004.nls
/private/tmp/gptk4-wine-source/tools/install-sh -m 644  /private/tmp/gptk4-wine-source/nls/c_10005.nls /private/tmp/gptk4-runtime/share/wine/nls/c_10005.nls
/private/tmp/gptk4-wine-source/tools/install-sh -m 644  /private/tmp/gptk4-wine-source/nls/c_10006.nls /private/tmp/gptk4-runtime/share/wine/nls/c_10006.nls
/private/tmp/gptk4-wine-source/tools/install-sh -m 644  /private/tmp/gptk4-wine-source/nls/c_10007.nls /private/tmp/gptk4-runtime/share/wine/nls/c_10007.nls
/private/tmp/gptk4-wine-source/tools/install-sh -m 644  /private/tmp/gptk4-wine-source/nls/c_10008.nls /private/tmp/gptk4-runtime/share/wine/nls/c_10008.nls
/private/tmp/gptk4-wine-source/tools/install-sh -m 644  /private/tmp/gptk4-wine-source/nls/c_10010.nls /private/tmp/gptk4-runtime/share/wine/nls/c_10010.nls
/private/tmp/gptk4-wine-source/tools/install-sh -m 644  /private/tmp/gptk4-wine-source/nls/c_10017.nls /private/tmp/gptk4-runtime/share/wine/nls/c_10017.nls
/private/tmp/gptk4-wine-source/tools/install-sh -m 644  /private/tmp/gptk4-wine-source/nls/c_10021.nls /private/tmp/gptk4-runtime/share/wine/nls/c_10021.nls
/private/tmp/gptk4-wine-source/tools/install-sh -m 644  /private/tmp/gptk4-wine-source/nls/c_10029.nls /private/tmp/gptk4-runtime/share/wine/nls/c_10029.nls
/private/tmp/gptk4-wine-source/tools/install-sh -m 644  /private/tmp/gptk4-wine-source/nls/c_10079.nls /private/tmp/gptk4-runtime/share/wine/nls/c_10079.nls
/private/tmp/gptk4-wine-source/tools/install-sh -m 644  /private/tmp/gptk4-wine-source/nls/c_10081.nls /private/tmp/gptk4-runtime/share/wine/nls/c_10081.nls
/private/tmp/gptk4-wine-source/tools/install-sh -m 644  /private/tmp/gptk4-wine-source/nls/c_10082.nls /private/tmp/gptk4-runtime/share/wine/nls/c_10082.nls
/private/tmp/gptk4-wine-source/tools/install-sh -m 644  /private/tmp/gptk4-wine-source/nls/c_1026.nls /private/tmp/gptk4-runtime/share/wine/nls/c_1026.nls
/private/tmp/gptk4-wine-source/tools/install-sh -m 644  /private/tmp/gptk4-wine-source/nls/c_1250.nls /private/tmp/gptk4-runtime/share/wine/nls/c_1250.nls
/private/tmp/gptk4-wine-source/tools/install-sh -m 644  /private/tmp/gptk4-wine-source/nls/c_1251.nls /private/tmp/gptk4-runtime/share/wine/nls/c_1251.nls
/private/tmp/gptk4-wine-source/tools/install-sh -m 644  /private/tmp/gptk4-wine-source/nls/c_1252.nls /private/tmp/gptk4-runtime/share/wine/nls/c_1252.nls
/private/tmp/gptk4-wine-source/tools/install-sh -m 644  /private/tmp/gptk4-wine-source/nls/c_1253.nls /private/tmp/gptk4-runtime/share/wine/nls/c_1253.nls
/private/tmp/gptk4-wine-source/tools/install-sh -m 644  /private/tmp/gptk4-wine-source/nls/c_1254.nls /private/tmp/gptk4-runtime/share/wine/nls/c_1254.nls
/private/tmp/gptk4-wine-source/tools/install-sh -m 644  /private/tmp/gptk4-wine-source/nls/c_1255.nls /private/tmp/gptk4-runtime/share/wine/nls/c_1255.nls
/private/tmp/gptk4-wine-source/tools/install-sh -m 644  /private/tmp/gptk4-wine-source/nls/c_1256.nls /private/tmp/gptk4-runtime/share/wine/nls/c_1256.nls
/private/tmp/gptk4-wine-source/tools/install-sh -m 644  /private/tmp/gptk4-wine-source/nls/c_1257.nls /private/tmp/gptk4-runtime/share/wine/nls/c_1257.nls
/private/tmp/gptk4-wine-source/tools/install-sh -m 644  /private/tmp/gptk4-wine-source/nls/c_1258.nls /private/tmp/gptk4-runtime/share/wine/nls/c_1258.nls
/private/tmp/gptk4-wine-source/tools/install-sh -m 644  /private/tmp/gptk4-wine-source/nls/c_1361.nls /private/tmp/gptk4-runtime/share/wine/nls/c_1361.nls
/private/tmp/gptk4-wine-source/tools/install-sh -m 644  /private/tmp/gptk4-wine-source/nls/c_20127.nls /private/tmp/gptk4-runtime/share/wine/nls/c_20127.nls
/private/tmp/gptk4-wine-source/tools/install-sh -m 644  /private/tmp/gptk4-wine-source/nls/c_20866.nls /private/tmp/gptk4-runtime/share/wine/nls/c_20866.nls
/private/tmp/gptk4-wine-source/tools/install-sh -m 644  /private/tmp/gptk4-wine-source/nls/c_20932.nls /private/tmp/gptk4-runtime/share/wine/nls/c_20932.nls
/private/tmp/gptk4-wine-source/tools/install-sh -m 644  /private/tmp/gptk4-wine-source/nls/c_20949.nls /private/tmp/gptk4-runtime/share/wine/nls/c_20949.nls
/private/tmp/gptk4-wine-source/tools/install-sh -m 644  /private/tmp/gptk4-wine-source/nls/c_21866.nls /private/tmp/gptk4-runtime/share/wine/nls/c_21866.nls
/private/tmp/gptk4-wine-source/tools/install-sh -m 644  /private/tmp/gptk4-wine-source/nls/c_28591.nls /private/tmp/gptk4-runtime/share/wine/nls/c_28591.nls
/private/tmp/gptk4-wine-source/tools/install-sh -m 644  /private/tmp/gptk4-wine-source/nls/c_28592.nls /private/tmp/gptk4-runtime/share/wine/nls/c_28592.nls
/private/tmp/gptk4-wine-source/tools/install-sh -m 644  /private/tmp/gptk4-wine-source/nls/c_28593.nls /private/tmp/gptk4-runtime/share/wine/nls/c_28593.nls
/private/tmp/gptk4-wine-source/tools/install-sh -m 644  /private/tmp/gptk4-wine-source/nls/c_28594.nls /private/tmp/gptk4-runtime/share/wine/nls/c_28594.nls
/private/tmp/gptk4-wine-source/tools/install-sh -m 644  /private/tmp/gptk4-wine-source/nls/c_28595.nls /private/tmp/gptk4-runtime/share/wine/nls/c_28595.nls
/private/tmp/gptk4-wine-source/tools/install-sh -m 644  /private/tmp/gptk4-wine-source/nls/c_28596.nls /private/tmp/gptk4-runtime/share/wine/nls/c_28596.nls
/private/tmp/gptk4-wine-source/tools/install-sh -m 644  /private/tmp/gptk4-wine-source/nls/c_28597.nls /private/tmp/gptk4-runtime/share/wine/nls/c_28597.nls
/private/tmp/gptk4-wine-source/tools/install-sh -m 644  /private/tmp/gptk4-wine-source/nls/c_28598.nls /private/tmp/gptk4-runtime/share/wine/nls/c_28598.nls
/private/tmp/gptk4-wine-source/tools/install-sh -m 644  /private/tmp/gptk4-wine-source/nls/c_28599.nls /private/tmp/gptk4-runtime/share/wine/nls/c_28599.nls
/private/tmp/gptk4-wine-source/tools/install-sh -m 644  /private/tmp/gptk4-wine-source/nls/c_28603.nls /private/tmp/gptk4-runtime/share/wine/nls/c_28603.nls
/private/tmp/gptk4-wine-source/tools/install-sh -m 644  /private/tmp/gptk4-wine-source/nls/c_28605.nls /private/tmp/gptk4-runtime/share/wine/nls/c_28605.nls
/private/tmp/gptk4-wine-source/tools/install-sh -m 644  /private/tmp/gptk4-wine-source/nls/c_437.nls /private/tmp/gptk4-runtime/share/wine/nls/c_437.nls
/private/tmp/gptk4-wine-source/tools/install-sh -m 644  /private/tmp/gptk4-wine-source/nls/c_500.nls /private/tmp/gptk4-runtime/share/wine/nls/c_500.nls
/private/tmp/gptk4-wine-source/tools/install-sh -m 644  /private/tmp/gptk4-wine-source/nls/c_708.nls /private/tmp/gptk4-runtime/share/wine/nls/c_708.nls
/private/tmp/gptk4-wine-source/tools/install-sh -m 644  /private/tmp/gptk4-wine-source/nls/c_720.nls /private/tmp/gptk4-runtime/share/wine/nls/c_720.nls
/private/tmp/gptk4-wine-source/tools/install-sh -m 644  /private/tmp/gptk4-wine-source/nls/c_737.nls /private/tmp/gptk4-runtime/share/wine/nls/c_737.nls
/private/tmp/gptk4-wine-source/tools/install-sh -m 644  /private/tmp/gptk4-wine-source/nls/c_775.nls /private/tmp/gptk4-runtime/share/wine/nls/c_775.nls
/private/tmp/gptk4-wine-source/tools/install-sh -m 644  /private/tmp/gptk4-wine-source/nls/c_850.nls /private/tmp/gptk4-runtime/share/wine/nls/c_850.nls
/private/tmp/gptk4-wine-source/tools/install-sh -m 644  /private/tmp/gptk4-wine-source/nls/c_852.nls /private/tmp/gptk4-runtime/share/wine/nls/c_852.nls
/private/tmp/gptk4-wine-source/tools/install-sh -m 644  /private/tmp/gptk4-wine-source/nls/c_855.nls /private/tmp/gptk4-runtime/share/wine/nls/c_855.nls
/private/tmp/gptk4-wine-source/tools/install-sh -m 644  /private/tmp/gptk4-wine-source/nls/c_857.nls /private/tmp/gptk4-runtime/share/wine/nls/c_857.nls
/private/tmp/gptk4-wine-source/tools/install-sh -m 644  /private/tmp/gptk4-wine-source/nls/c_860.nls /private/tmp/gptk4-runtime/share/wine/nls/c_860.nls
/private/tmp/gptk4-wine-source/tools/install-sh -m 644  /private/tmp/gptk4-wine-source/nls/c_861.nls /private/tmp/gptk4-runtime/share/wine/nls/c_861.nls
/private/tmp/gptk4-wine-source/tools/install-sh -m 644  /private/tmp/gptk4-wine-source/nls/c_862.nls /private/tmp/gptk4-runtime/share/wine/nls/c_862.nls
/private/tmp/gptk4-wine-source/tools/install-sh -m 644  /private/tmp/gptk4-wine-source/nls/c_863.nls /private/tmp/gptk4-runtime/share/wine/nls/c_863.nls
/private/tmp/gptk4-wine-source/tools/install-sh -m 644  /private/tmp/gptk4-wine-source/nls/c_864.nls /private/tmp/gptk4-runtime/share/wine/nls/c_864.nls
/private/tmp/gptk4-wine-source/tools/install-sh -m 644  /private/tmp/gptk4-wine-source/nls/c_865.nls /private/tmp/gptk4-runtime/share/wine/nls/c_865.nls
/private/tmp/gptk4-wine-source/tools/install-sh -m 644  /private/tmp/gptk4-wine-source/nls/c_866.nls /private/tmp/gptk4-runtime/share/wine/nls/c_866.nls
/private/tmp/gptk4-wine-source/tools/install-sh -m 644  /private/tmp/gptk4-wine-source/nls/c_869.nls /private/tmp/gptk4-runtime/share/wine/nls/c_869.nls
/private/tmp/gptk4-wine-source/tools/install-sh -m 644  /private/tmp/gptk4-wine-source/nls/c_874.nls /private/tmp/gptk4-runtime/share/wine/nls/c_874.nls
/private/tmp/gptk4-wine-source/tools/install-sh -m 644  /private/tmp/gptk4-wine-source/nls/c_875.nls /private/tmp/gptk4-runtime/share/wine/nls/c_875.nls
/private/tmp/gptk4-wine-source/tools/install-sh -m 644  /private/tmp/gptk4-wine-source/nls/c_932.nls /private/tmp/gptk4-runtime/share/wine/nls/c_932.nls
/private/tmp/gptk4-wine-source/tools/install-sh -m 644  /private/tmp/gptk4-wine-source/nls/c_936.nls /private/tmp/gptk4-runtime/share/wine/nls/c_936.nls
/private/tmp/gptk4-wine-source/tools/install-sh -m 644  /private/tmp/gptk4-wine-source/nls/c_949.nls /private/tmp/gptk4-runtime/share/wine/nls/c_949.nls
/private/tmp/gptk4-wine-source/tools/install-sh -m 644  /private/tmp/gptk4-wine-source/nls/c_950.nls /private/tmp/gptk4-runtime/share/wine/nls/c_950.nls
/private/tmp/gptk4-wine-source/tools/install-sh -m 644  /private/tmp/gptk4-wine-source/nls/l_intl.nls /private/tmp/gptk4-runtime/share/wine/nls/l_intl.nls
/private/tmp/gptk4-wine-source/tools/install-sh -m 644  /private/tmp/gptk4-wine-source/nls/locale.nls /private/tmp/gptk4-runtime/share/wine/nls/locale.nls
/private/tmp/gptk4-wine-source/tools/install-sh -m 644  /private/tmp/gptk4-wine-source/nls/normidna.nls /private/tmp/gptk4-runtime/share/wine/nls/normidna.nls
/private/tmp/gptk4-wine-source/tools/install-sh -m 644  /private/tmp/gptk4-wine-source/nls/normnfc.nls /private/tmp/gptk4-runtime/share/wine/nls/normnfc.nls
/private/tmp/gptk4-wine-source/tools/install-sh -m 644  /private/tmp/gptk4-wine-source/nls/normnfd.nls /private/tmp/gptk4-runtime/share/wine/nls/normnfd.nls
/private/tmp/gptk4-wine-source/tools/install-sh -m 644  /private/tmp/gptk4-wine-source/nls/normnfkc.nls /private/tmp/gptk4-runtime/share/wine/nls/normnfkc.nls
/private/tmp/gptk4-wine-source/tools/install-sh -m 644  /private/tmp/gptk4-wine-source/nls/normnfkd.nls /private/tmp/gptk4-runtime/share/wine/nls/normnfkd.nls
/private/tmp/gptk4-wine-source/tools/install-sh -m 644  /private/tmp/gptk4-wine-source/nls/sortdefault.nls /private/tmp/gptk4-runtime/share/wine/nls/sortdefault.nls
STRIPPROG=llvm-strip /private/tmp/gptk4-wine-source/tools/install-sh -m 644  programs/arp/x86_64-windows/arp.exe /private/tmp/gptk4-runtime/lib/wine/x86_64-windows/arp.exe
tools/winebuild/winebuild --builtin /private/tmp/gptk4-runtime/lib/wine/x86_64-windows/arp.exe
STRIPPROG=llvm-strip /private/tmp/gptk4-wine-source/tools/install-sh -m 644  programs/aspnet_regiis/x86_64-windows/aspnet_regiis.exe /private/tmp/gptk4-runtime/lib/wine/x86_64-windows/aspnet_regiis.exe
tools/winebuild/winebuild --builtin /private/tmp/gptk4-runtime/lib/wine/x86_64-windows/aspnet_regiis.exe
STRIPPROG=llvm-strip /private/tmp/gptk4-wine-source/tools/install-sh -m 644  programs/attrib/x86_64-windows/attrib.exe /private/tmp/gptk4-runtime/lib/wine/x86_64-windows/attrib.exe
tools/winebuild/winebuild --builtin /private/tmp/gptk4-runtime/lib/wine/x86_64-windows/attrib.exe
STRIPPROG=llvm-strip /private/tmp/gptk4-wine-source/tools/install-sh -m 644  programs/cabarc/x86_64-windows/cabarc.exe /private/tmp/gptk4-runtime/lib/wine/x86_64-windows/cabarc.exe
tools/winebuild/winebuild --builtin /private/tmp/gptk4-runtime/lib/wine/x86_64-windows/cabarc.exe
STRIPPROG=llvm-strip /private/tmp/gptk4-wine-source/tools/install-sh -m 644  programs/cacls/x86_64-windows/cacls.exe /private/tmp/gptk4-runtime/lib/wine/x86_64-windows/cacls.exe
tools/winebuild/winebuild --builtin /private/tmp/gptk4-runtime/lib/wine/x86_64-windows/cacls.exe
STRIPPROG=llvm-strip /private/tmp/gptk4-wine-source/tools/install-sh -m 644  programs/certutil/x86_64-windows/certutil.exe /private/tmp/gptk4-runtime/lib/wine/x86_64-windows/certutil.exe
tools/winebuild/winebuild --builtin /private/tmp/gptk4-runtime/lib/wine/x86_64-windows/certutil.exe
STRIPPROG=llvm-strip /private/tmp/gptk4-wine-source/tools/install-sh -m 644  programs/chcp.com/x86_64-windows/chcp.com /private/tmp/gptk4-runtime/lib/wine/x86_64-windows/chcp.com
tools/winebuild/winebuild --builtin /private/tmp/gptk4-runtime/lib/wine/x86_64-windows/chcp.com
STRIPPROG=llvm-strip /private/tmp/gptk4-wine-source/tools/install-sh -m 644  programs/clock/x86_64-windows/clock.exe /private/tmp/gptk4-runtime/lib/wine/x86_64-windows/clock.exe
tools/winebuild/winebuild --builtin /private/tmp/gptk4-runtime/lib/wine/x86_64-windows/clock.exe
STRIPPROG=llvm-strip /private/tmp/gptk4-wine-source/tools/install-sh -m 644  programs/cmd/x86_64-windows/cmd.exe /private/tmp/gptk4-runtime/lib/wine/x86_64-windows/cmd.exe
tools/winebuild/winebuild --builtin /private/tmp/gptk4-runtime/lib/wine/x86_64-windows/cmd.exe
STRIPPROG=llvm-strip /private/tmp/gptk4-wine-source/tools/install-sh -m 644  programs/conhost/x86_64-windows/conhost.exe /private/tmp/gptk4-runtime/lib/wine/x86_64-windows/conhost.exe
tools/winebuild/winebuild --builtin /private/tmp/gptk4-runtime/lib/wine/x86_64-windows/conhost.exe
STRIPPROG=llvm-strip /private/tmp/gptk4-wine-source/tools/install-sh -m 644  programs/control/x86_64-windows/control.exe /private/tmp/gptk4-runtime/lib/wine/x86_64-windows/control.exe
tools/winebuild/winebuild --builtin /private/tmp/gptk4-runtime/lib/wine/x86_64-windows/control.exe
STRIPPROG=llvm-strip /private/tmp/gptk4-wine-source/tools/install-sh -m 644  programs/cscript/x86_64-windows/cscript.exe /private/tmp/gptk4-runtime/lib/wine/x86_64-windows/cscript.exe
tools/winebuild/winebuild --builtin /private/tmp/gptk4-runtime/lib/wine/x86_64-windows/cscript.exe
STRIPPROG=llvm-strip /private/tmp/gptk4-wine-source/tools/install-sh -m 644  programs/dism/x86_64-windows/dism.exe /private/tmp/gptk4-runtime/lib/wine/x86_64-windows/dism.exe
tools/winebuild/winebuild --builtin /private/tmp/gptk4-runtime/lib/wine/x86_64-windows/dism.exe
STRIPPROG=llvm-strip /private/tmp/gptk4-wine-source/tools/install-sh -m 644  programs/dllhost/x86_64-windows/dllhost.exe /private/tmp/gptk4-runtime/lib/wine/x86_64-windows/dllhost.exe
tools/winebuild/winebuild --builtin /private/tmp/gptk4-runtime/lib/wine/x86_64-windows/dllhost.exe
STRIPPROG=llvm-strip /private/tmp/gptk4-wine-source/tools/install-sh -m 644  programs/dplaysvr/x86_64-windows/dplaysvr.exe /private/tmp/gptk4-runtime/lib/wine/x86_64-windows/dplaysvr.exe
tools/winebuild/winebuild --builtin /private/tmp/gptk4-runtime/lib/wine/x86_64-windows/dplaysvr.exe
STRIPPROG=llvm-strip /private/tmp/gptk4-wine-source/tools/install-sh -m 644  programs/dpnsvr/x86_64-windows/dpnsvr.exe /private/tmp/gptk4-runtime/lib/wine/x86_64-windows/dpnsvr.exe
tools/winebuild/winebuild --builtin /private/tmp/gptk4-runtime/lib/wine/x86_64-windows/dpnsvr.exe
STRIPPROG=llvm-strip /private/tmp/gptk4-wine-source/tools/install-sh -m 644  programs/dpvsetup/x86_64-windows/dpvsetup.exe /private/tmp/gptk4-runtime/lib/wine/x86_64-windows/dpvsetup.exe
tools/winebuild/winebuild --builtin /private/tmp/gptk4-runtime/lib/wine/x86_64-windows/dpvsetup.exe
STRIPPROG=llvm-strip /private/tmp/gptk4-wine-source/tools/install-sh -m 644  programs/dxdiag/x86_64-windows/dxdiag.exe /private/tmp/gptk4-runtime/lib/wine/x86_64-windows/dxdiag.exe
tools/winebuild/winebuild --builtin /private/tmp/gptk4-runtime/lib/wine/x86_64-windows/dxdiag.exe
STRIPPROG=llvm-strip /private/tmp/gptk4-wine-source/tools/install-sh -m 644  programs/eject/x86_64-windows/eject.exe /private/tmp/gptk4-runtime/lib/wine/x86_64-windows/eject.exe
tools/winebuild/winebuild --builtin /private/tmp/gptk4-runtime/lib/wine/x86_64-windows/eject.exe
STRIPPROG=llvm-strip /private/tmp/gptk4-wine-source/tools/install-sh -m 644  programs/expand/x86_64-windows/expand.exe /private/tmp/gptk4-runtime/lib/wine/x86_64-windows/expand.exe
tools/winebuild/winebuild --builtin /private/tmp/gptk4-runtime/lib/wine/x86_64-windows/expand.exe
STRIPPROG=llvm-strip /private/tmp/gptk4-wine-source/tools/install-sh -m 644  programs/explorer/x86_64-windows/explorer.exe /private/tmp/gptk4-runtime/lib/wine/x86_64-windows/explorer.exe
tools/winebuild/winebuild --builtin /private/tmp/gptk4-runtime/lib/wine/x86_64-windows/explorer.exe
STRIPPROG=llvm-strip /private/tmp/gptk4-wine-source/tools/install-sh -m 644  programs/extrac32/x86_64-windows/extrac32.exe /private/tmp/gptk4-runtime/lib/wine/x86_64-windows/extrac32.exe
tools/winebuild/winebuild --builtin /private/tmp/gptk4-runtime/lib/wine/x86_64-windows/extrac32.exe
STRIPPROG=llvm-strip /private/tmp/gptk4-wine-source/tools/install-sh -m 644  programs/fc/x86_64-windows/fc.exe /private/tmp/gptk4-runtime/lib/wine/x86_64-windows/fc.exe
tools/winebuild/winebuild --builtin /private/tmp/gptk4-runtime/lib/wine/x86_64-windows/fc.exe
STRIPPROG=llvm-strip /private/tmp/gptk4-wine-source/tools/install-sh -m 644  programs/find/x86_64-windows/find.exe /private/tmp/gptk4-runtime/lib/wine/x86_64-windows/find.exe
tools/winebuild/winebuild --builtin /private/tmp/gptk4-runtime/lib/wine/x86_64-windows/find.exe
STRIPPROG=llvm-strip /private/tmp/gptk4-wine-source/tools/install-sh -m 644  programs/findstr/x86_64-windows/findstr.exe /private/tmp/gptk4-runtime/lib/wine/x86_64-windows/findstr.exe
tools/winebuild/winebuild --builtin /private/tmp/gptk4-runtime/lib/wine/x86_64-windows/findstr.exe
STRIPPROG=llvm-strip /private/tmp/gptk4-wine-source/tools/install-sh -m 644  programs/fsutil/x86_64-windows/fsutil.exe /private/tmp/gptk4-runtime/lib/wine/x86_64-windows/fsutil.exe
tools/winebuild/winebuild --builtin /private/tmp/gptk4-runtime/lib/wine/x86_64-windows/fsutil.exe
STRIPPROG=llvm-strip /private/tmp/gptk4-wine-source/tools/install-sh -m 644  programs/hh/x86_64-windows/hh.exe /private/tmp/gptk4-runtime/lib/wine/x86_64-windows/hh.exe
tools/winebuild/winebuild --builtin /private/tmp/gptk4-runtime/lib/wine/x86_64-windows/hh.exe
STRIPPROG=llvm-strip /private/tmp/gptk4-wine-source/tools/install-sh -m 644  programs/hostname/x86_64-windows/hostname.exe /private/tmp/gptk4-runtime/lib/wine/x86_64-windows/hostname.exe
tools/winebuild/winebuild --builtin /private/tmp/gptk4-runtime/lib/wine/x86_64-windows/hostname.exe
STRIPPROG=llvm-strip /private/tmp/gptk4-wine-source/tools/install-sh -m 644  programs/icacls/x86_64-windows/icacls.exe /private/tmp/gptk4-runtime/lib/wine/x86_64-windows/icacls.exe
tools/winebuild/winebuild --builtin /private/tmp/gptk4-runtime/lib/wine/x86_64-windows/icacls.exe
STRIPPROG=llvm-strip /private/tmp/gptk4-wine-source/tools/install-sh -m 644  programs/icinfo/x86_64-windows/icinfo.exe /private/tmp/gptk4-runtime/lib/wine/x86_64-windows/icinfo.exe
tools/winebuild/winebuild --builtin /private/tmp/gptk4-runtime/lib/wine/x86_64-windows/icinfo.exe
STRIPPROG=llvm-strip /private/tmp/gptk4-wine-source/tools/install-sh -m 644  programs/iexplore/x86_64-windows/iexplore.exe /private/tmp/gptk4-runtime/lib/wine/x86_64-windows/iexplore.exe
tools/winebuild/winebuild --builtin /private/tmp/gptk4-runtime/lib/wine/x86_64-windows/iexplore.exe
STRIPPROG=llvm-strip /private/tmp/gptk4-wine-source/tools/install-sh -m 644  programs/ipconfig/x86_64-windows/ipconfig.exe /private/tmp/gptk4-runtime/lib/wine/x86_64-windows/ipconfig.exe
tools/winebuild/winebuild --builtin /private/tmp/gptk4-runtime/lib/wine/x86_64-windows/ipconfig.exe
STRIPPROG=llvm-strip /private/tmp/gptk4-wine-source/tools/install-sh -m 644  programs/klist/x86_64-windows/klist.exe /private/tmp/gptk4-runtime/lib/wine/x86_64-windows/klist.exe
tools/winebuild/winebuild --builtin /private/tmp/gptk4-runtime/lib/wine/x86_64-windows/klist.exe
STRIPPROG=llvm-strip /private/tmp/gptk4-wine-source/tools/install-sh -m 644  programs/lodctr/x86_64-windows/lodctr.exe /private/tmp/gptk4-runtime/lib/wine/x86_64-windows/lodctr.exe
tools/winebuild/winebuild --builtin /private/tmp/gptk4-runtime/lib/wine/x86_64-windows/lodctr.exe
STRIPPROG=llvm-strip /private/tmp/gptk4-wine-source/tools/install-sh -m 644  programs/mofcomp/x86_64-windows/mofcomp.exe /private/tmp/gptk4-runtime/lib/wine/x86_64-windows/mofcomp.exe
tools/winebuild/winebuild --builtin /private/tmp/gptk4-runtime/lib/wine/x86_64-windows/mofcomp.exe
STRIPPROG=llvm-strip /private/tmp/gptk4-wine-source/tools/install-sh -m 644  programs/mshta/x86_64-windows/mshta.exe /private/tmp/gptk4-runtime/lib/wine/x86_64-windows/mshta.exe
tools/winebuild/winebuild --builtin /private/tmp/gptk4-runtime/lib/wine/x86_64-windows/mshta.exe
STRIPPROG=llvm-strip /private/tmp/gptk4-wine-source/tools/install-sh -m 644  programs/msidb/x86_64-windows/msidb.exe /private/tmp/gptk4-runtime/lib/wine/x86_64-windows/msidb.exe
tools/winebuild/winebuild --builtin /private/tmp/gptk4-runtime/lib/wine/x86_64-windows/msidb.exe
/private/tmp/gptk4-wine-source/tools/install-sh  tools/wineapploader /private/tmp/gptk4-runtime/bin/msidb
/private/tmp/gptk4-wine-source/tools/install-sh -m 644  programs/msiexec/msiexec.man /private/tmp/gptk4-runtime/share/man/man1/msiexec.1
STRIPPROG=llvm-strip /private/tmp/gptk4-wine-source/tools/install-sh -m 644  programs/msiexec/x86_64-windows/msiexec.exe /private/tmp/gptk4-runtime/lib/wine/x86_64-windows/msiexec.exe
tools/winebuild/winebuild --builtin /private/tmp/gptk4-runtime/lib/wine/x86_64-windows/msiexec.exe
/private/tmp/gptk4-wine-source/tools/install-sh  tools/wineapploader /private/tmp/gptk4-runtime/bin/msiexec
STRIPPROG=llvm-strip /private/tmp/gptk4-wine-source/tools/install-sh -m 644  programs/msinfo32/x86_64-windows/msinfo32.exe /private/tmp/gptk4-runtime/lib/wine/x86_64-windows/msinfo32.exe
tools/winebuild/winebuild --builtin /private/tmp/gptk4-runtime/lib/wine/x86_64-windows/msinfo32.exe
STRIPPROG=llvm-strip /private/tmp/gptk4-wine-source/tools/install-sh -m 644  programs/net/x86_64-windows/net.exe /private/tmp/gptk4-runtime/lib/wine/x86_64-windows/net.exe
tools/winebuild/winebuild --builtin /private/tmp/gptk4-runtime/lib/wine/x86_64-windows/net.exe
STRIPPROG=llvm-strip /private/tmp/gptk4-wine-source/tools/install-sh -m 644  programs/netsh/x86_64-windows/netsh.exe /private/tmp/gptk4-runtime/lib/wine/x86_64-windows/netsh.exe
tools/winebuild/winebuild --builtin /private/tmp/gptk4-runtime/lib/wine/x86_64-windows/netsh.exe
STRIPPROG=llvm-strip /private/tmp/gptk4-wine-source/tools/install-sh -m 644  programs/netstat/x86_64-windows/netstat.exe /private/tmp/gptk4-runtime/lib/wine/x86_64-windows/netstat.exe
tools/winebuild/winebuild --builtin /private/tmp/gptk4-runtime/lib/wine/x86_64-windows/netstat.exe
STRIPPROG=llvm-strip /private/tmp/gptk4-wine-source/tools/install-sh -m 644  programs/ngen/x86_64-windows/ngen.exe /private/tmp/gptk4-runtime/lib/wine/x86_64-windows/ngen.exe
tools/winebuild/winebuild --builtin /private/tmp/gptk4-runtime/lib/wine/x86_64-windows/ngen.exe
/private/tmp/gptk4-wine-source/tools/install-sh -m 644  programs/notepad/notepad.man /private/tmp/gptk4-runtime/share/man/man1/notepad.1
STRIPPROG=llvm-strip /private/tmp/gptk4-wine-source/tools/install-sh -m 644  programs/notepad/x86_64-windows/notepad.exe /private/tmp/gptk4-runtime/lib/wine/x86_64-windows/notepad.exe
tools/winebuild/winebuild --builtin /private/tmp/gptk4-runtime/lib/wine/x86_64-windows/notepad.exe
/private/tmp/gptk4-wine-source/tools/install-sh  tools/wineapploader /private/tmp/gptk4-runtime/bin/notepad
STRIPPROG=llvm-strip /private/tmp/gptk4-wine-source/tools/install-sh -m 644  programs/oleview/x86_64-windows/oleview.exe /private/tmp/gptk4-runtime/lib/wine/x86_64-windows/oleview.exe
tools/winebuild/winebuild --builtin /private/tmp/gptk4-runtime/lib/wine/x86_64-windows/oleview.exe
STRIPPROG=llvm-strip /private/tmp/gptk4-wine-source/tools/install-sh -m 644  programs/ping/x86_64-windows/ping.exe /private/tmp/gptk4-runtime/lib/wine/x86_64-windows/ping.exe
tools/winebuild/winebuild --builtin /private/tmp/gptk4-runtime/lib/wine/x86_64-windows/ping.exe
STRIPPROG=llvm-strip /private/tmp/gptk4-wine-source/tools/install-sh -m 644  programs/plugplay/x86_64-windows/plugplay.exe /private/tmp/gptk4-runtime/lib/wine/x86_64-windows/plugplay.exe
tools/winebuild/winebuild --builtin /private/tmp/gptk4-runtime/lib/wine/x86_64-windows/plugplay.exe
STRIPPROG=llvm-strip /private/tmp/gptk4-wine-source/tools/install-sh -m 644  programs/pnputil/x86_64-windows/pnputil.exe /private/tmp/gptk4-runtime/lib/wine/x86_64-windows/pnputil.exe
tools/winebuild/winebuild --builtin /private/tmp/gptk4-runtime/lib/wine/x86_64-windows/pnputil.exe
STRIPPROG=llvm-strip /private/tmp/gptk4-wine-source/tools/install-sh -m 644  programs/powershell/x86_64-windows/powershell.exe /private/tmp/gptk4-runtime/lib/wine/x86_64-windows/powershell.exe
tools/winebuild/winebuild --builtin /private/tmp/gptk4-runtime/lib/wine/x86_64-windows/powershell.exe
STRIPPROG=llvm-strip /private/tmp/gptk4-wine-source/tools/install-sh -m 644  programs/presentationfontcache/x86_64-windows/presentationfontcache.exe /private/tmp/gptk4-runtime/lib/wine/x86_64-windows/presentationfontcache.exe
tools/winebuild/winebuild --builtin /private/tmp/gptk4-runtime/lib/wine/x86_64-windows/presentationfontcache.exe
STRIPPROG=llvm-strip /private/tmp/gptk4-wine-source/tools/install-sh -m 644  programs/progman/x86_64-windows/progman.exe /private/tmp/gptk4-runtime/lib/wine/x86_64-windows/progman.exe
tools/winebuild/winebuild --builtin /private/tmp/gptk4-runtime/lib/wine/x86_64-windows/progman.exe
STRIPPROG=llvm-strip /private/tmp/gptk4-wine-source/tools/install-sh -m 644  programs/reg/x86_64-windows/reg.exe /private/tmp/gptk4-runtime/lib/wine/x86_64-windows/reg.exe
tools/winebuild/winebuild --builtin /private/tmp/gptk4-runtime/lib/wine/x86_64-windows/reg.exe
STRIPPROG=llvm-strip /private/tmp/gptk4-wine-source/tools/install-sh -m 644  programs/regasm/x86_64-windows/regasm.exe /private/tmp/gptk4-runtime/lib/wine/x86_64-windows/regasm.exe
tools/winebuild/winebuild --builtin /private/tmp/gptk4-runtime/lib/wine/x86_64-windows/regasm.exe
/private/tmp/gptk4-wine-source/tools/install-sh -m 644  programs/regedit/regedit.man /private/tmp/gptk4-runtime/share/man/man1/regedit.1
STRIPPROG=llvm-strip /private/tmp/gptk4-wine-source/tools/install-sh -m 644  programs/regedit/x86_64-windows/regedit.exe /private/tmp/gptk4-runtime/lib/wine/x86_64-windows/regedit.exe
tools/winebuild/winebuild --builtin /private/tmp/gptk4-runtime/lib/wine/x86_64-windows/regedit.exe
/private/tmp/gptk4-wine-source/tools/install-sh  tools/wineapploader /private/tmp/gptk4-runtime/bin/regedit
STRIPPROG=llvm-strip /private/tmp/gptk4-wine-source/tools/install-sh -m 644  programs/regini/x86_64-windows/regini.exe /private/tmp/gptk4-runtime/lib/wine/x86_64-windows/regini.exe
tools/winebuild/winebuild --builtin /private/tmp/gptk4-runtime/lib/wine/x86_64-windows/regini.exe
STRIPPROG=llvm-strip /private/tmp/gptk4-wine-source/tools/install-sh -m 644  programs/regsvcs/x86_64-windows/regsvcs.exe /private/tmp/gptk4-runtime/lib/wine/x86_64-windows/regsvcs.exe
tools/winebuild/winebuild --builtin /private/tmp/gptk4-runtime/lib/wine/x86_64-windows/regsvcs.exe
/private/tmp/gptk4-wine-source/tools/install-sh -m 644  programs/regsvr32/regsvr32.man /private/tmp/gptk4-runtime/share/man/man1/regsvr32.1
STRIPPROG=llvm-strip /private/tmp/gptk4-wine-source/tools/install-sh -m 644  programs/regsvr32/x86_64-windows/regsvr32.exe /private/tmp/gptk4-runtime/lib/wine/x86_64-windows/regsvr32.exe
tools/winebuild/winebuild --builtin /private/tmp/gptk4-runtime/lib/wine/x86_64-windows/regsvr32.exe
/private/tmp/gptk4-wine-source/tools/install-sh  tools/wineapploader /private/tmp/gptk4-runtime/bin/regsvr32
STRIPPROG=llvm-strip /private/tmp/gptk4-wine-source/tools/install-sh -m 644  programs/robocopy/x86_64-windows/robocopy.exe /private/tmp/gptk4-runtime/lib/wine/x86_64-windows/robocopy.exe
tools/winebuild/winebuild --builtin /private/tmp/gptk4-runtime/lib/wine/x86_64-windows/robocopy.exe
STRIPPROG=llvm-strip /private/tmp/gptk4-wine-source/tools/install-sh -m 644  programs/rpcss/x86_64-windows/rpcss.exe /private/tmp/gptk4-runtime/lib/wine/x86_64-windows/rpcss.exe
tools/winebuild/winebuild --builtin /private/tmp/gptk4-runtime/lib/wine/x86_64-windows/rpcss.exe
STRIPPROG=llvm-strip /private/tmp/gptk4-wine-source/tools/install-sh -m 644  programs/rundll32/x86_64-windows/rundll32.exe /private/tmp/gptk4-runtime/lib/wine/x86_64-windows/rundll32.exe
tools/winebuild/winebuild --builtin /private/tmp/gptk4-runtime/lib/wine/x86_64-windows/rundll32.exe
STRIPPROG=llvm-strip /private/tmp/gptk4-wine-source/tools/install-sh -m 644  programs/sc/x86_64-windows/sc.exe /private/tmp/gptk4-runtime/lib/wine/x86_64-windows/sc.exe
tools/winebuild/winebuild --builtin /private/tmp/gptk4-runtime/lib/wine/x86_64-windows/sc.exe
STRIPPROG=llvm-strip /private/tmp/gptk4-wine-source/tools/install-sh -m 644  programs/schtasks/x86_64-windows/schtasks.exe /private/tmp/gptk4-runtime/lib/wine/x86_64-windows/schtasks.exe
tools/winebuild/winebuild --builtin /private/tmp/gptk4-runtime/lib/wine/x86_64-windows/schtasks.exe
STRIPPROG=llvm-strip /private/tmp/gptk4-wine-source/tools/install-sh -m 644  programs/sdbinst/x86_64-windows/sdbinst.exe /private/tmp/gptk4-runtime/lib/wine/x86_64-windows/sdbinst.exe
tools/winebuild/winebuild --builtin /private/tmp/gptk4-runtime/lib/wine/x86_64-windows/sdbinst.exe
STRIPPROG=llvm-strip /private/tmp/gptk4-wine-source/tools/install-sh -m 644  programs/secedit/x86_64-windows/secedit.exe /private/tmp/gptk4-runtime/lib/wine/x86_64-windows/secedit.exe
tools/winebuild/winebuild --builtin /private/tmp/gptk4-runtime/lib/wine/x86_64-windows/secedit.exe
STRIPPROG=llvm-strip /private/tmp/gptk4-wine-source/tools/install-sh -m 644  programs/servicemodelreg/x86_64-windows/servicemodelreg.exe /private/tmp/gptk4-runtime/lib/wine/x86_64-windows/servicemodelreg.exe
tools/winebuild/winebuild --builtin /private/tmp/gptk4-runtime/lib/wine/x86_64-windows/servicemodelreg.exe
STRIPPROG=llvm-strip /private/tmp/gptk4-wine-source/tools/install-sh -m 644  programs/services/x86_64-windows/services.exe /private/tmp/gptk4-runtime/lib/wine/x86_64-windows/services.exe
tools/winebuild/winebuild --builtin /private/tmp/gptk4-runtime/lib/wine/x86_64-windows/services.exe
STRIPPROG=llvm-strip /private/tmp/gptk4-wine-source/tools/install-sh -m 644  programs/setx/x86_64-windows/setx.exe /private/tmp/gptk4-runtime/lib/wine/x86_64-windows/setx.exe
tools/winebuild/winebuild --builtin /private/tmp/gptk4-runtime/lib/wine/x86_64-windows/setx.exe
STRIPPROG=llvm-strip /private/tmp/gptk4-wine-source/tools/install-sh -m 644  programs/shutdown/x86_64-windows/shutdown.exe /private/tmp/gptk4-runtime/lib/wine/x86_64-windows/shutdown.exe
tools/winebuild/winebuild --builtin /private/tmp/gptk4-runtime/lib/wine/x86_64-windows/shutdown.exe
STRIPPROG=llvm-strip /private/tmp/gptk4-wine-source/tools/install-sh -m 644  programs/sort/x86_64-windows/sort.exe /private/tmp/gptk4-runtime/lib/wine/x86_64-windows/sort.exe
tools/winebuild/winebuild --builtin /private/tmp/gptk4-runtime/lib/wine/x86_64-windows/sort.exe
STRIPPROG=llvm-strip /private/tmp/gptk4-wine-source/tools/install-sh -m 644  programs/spoolsv/x86_64-windows/spoolsv.exe /private/tmp/gptk4-runtime/lib/wine/x86_64-windows/spoolsv.exe
tools/winebuild/winebuild --builtin /private/tmp/gptk4-runtime/lib/wine/x86_64-windows/spoolsv.exe
STRIPPROG=llvm-strip /private/tmp/gptk4-wine-source/tools/install-sh -m 644  programs/start/x86_64-windows/start.exe /private/tmp/gptk4-runtime/lib/wine/x86_64-windows/start.exe
tools/winebuild/winebuild --builtin /private/tmp/gptk4-runtime/lib/wine/x86_64-windows/start.exe
STRIPPROG=llvm-strip /private/tmp/gptk4-wine-source/tools/install-sh -m 644  programs/subst/x86_64-windows/subst.exe /private/tmp/gptk4-runtime/lib/wine/x86_64-windows/subst.exe
tools/winebuild/winebuild --builtin /private/tmp/gptk4-runtime/lib/wine/x86_64-windows/subst.exe
STRIPPROG=llvm-strip /private/tmp/gptk4-wine-source/tools/install-sh -m 644  programs/svchost/x86_64-windows/svchost.exe /private/tmp/gptk4-runtime/lib/wine/x86_64-windows/svchost.exe
tools/winebuild/winebuild --builtin /private/tmp/gptk4-runtime/lib/wine/x86_64-windows/svchost.exe
STRIPPROG=llvm-strip /private/tmp/gptk4-wine-source/tools/install-sh -m 644  programs/systeminfo/x86_64-windows/systeminfo.exe /private/tmp/gptk4-runtime/lib/wine/x86_64-windows/systeminfo.exe
tools/winebuild/winebuild --builtin /private/tmp/gptk4-runtime/lib/wine/x86_64-windows/systeminfo.exe
STRIPPROG=llvm-strip /private/tmp/gptk4-wine-source/tools/install-sh -m 644  programs/taskkill/x86_64-windows/taskkill.exe /private/tmp/gptk4-runtime/lib/wine/x86_64-windows/taskkill.exe
tools/winebuild/winebuild --builtin /private/tmp/gptk4-runtime/lib/wine/x86_64-windows/taskkill.exe
STRIPPROG=llvm-strip /private/tmp/gptk4-wine-source/tools/install-sh -m 644  programs/tasklist/x86_64-windows/tasklist.exe /private/tmp/gptk4-runtime/lib/wine/x86_64-windows/tasklist.exe
tools/winebuild/winebuild --builtin /private/tmp/gptk4-runtime/lib/wine/x86_64-windows/tasklist.exe
STRIPPROG=llvm-strip /private/tmp/gptk4-wine-source/tools/install-sh -m 644  programs/taskmgr/x86_64-windows/taskmgr.exe /private/tmp/gptk4-runtime/lib/wine/x86_64-windows/taskmgr.exe
tools/winebuild/winebuild --builtin /private/tmp/gptk4-runtime/lib/wine/x86_64-windows/taskmgr.exe
STRIPPROG=llvm-strip /private/tmp/gptk4-wine-source/tools/install-sh -m 644  programs/termsv/x86_64-windows/termsv.exe /private/tmp/gptk4-runtime/lib/wine/x86_64-windows/termsv.exe
tools/winebuild/winebuild --builtin /private/tmp/gptk4-runtime/lib/wine/x86_64-windows/termsv.exe
STRIPPROG=llvm-strip /private/tmp/gptk4-wine-source/tools/install-sh -m 644  programs/uninstaller/x86_64-windows/uninstaller.exe /private/tmp/gptk4-runtime/lib/wine/x86_64-windows/uninstaller.exe
tools/winebuild/winebuild --builtin /private/tmp/gptk4-runtime/lib/wine/x86_64-windows/uninstaller.exe
STRIPPROG=llvm-strip /private/tmp/gptk4-wine-source/tools/install-sh -m 644  programs/unlodctr/x86_64-windows/unlodctr.exe /private/tmp/gptk4-runtime/lib/wine/x86_64-windows/unlodctr.exe
tools/winebuild/winebuild --builtin /private/tmp/gptk4-runtime/lib/wine/x86_64-windows/unlodctr.exe
STRIPPROG=llvm-strip /private/tmp/gptk4-wine-source/tools/install-sh -m 644  programs/view/x86_64-windows/view.exe /private/tmp/gptk4-runtime/lib/wine/x86_64-windows/view.exe
tools/winebuild/winebuild --builtin /private/tmp/gptk4-runtime/lib/wine/x86_64-windows/view.exe
STRIPPROG=llvm-strip /private/tmp/gptk4-wine-source/tools/install-sh -m 644  programs/wevtutil/x86_64-windows/wevtutil.exe /private/tmp/gptk4-runtime/lib/wine/x86_64-windows/wevtutil.exe
tools/winebuild/winebuild --builtin /private/tmp/gptk4-runtime/lib/wine/x86_64-windows/wevtutil.exe
STRIPPROG=llvm-strip /private/tmp/gptk4-wine-source/tools/install-sh -m 644  programs/where/x86_64-windows/where.exe /private/tmp/gptk4-runtime/lib/wine/x86_64-windows/where.exe
tools/winebuild/winebuild --builtin /private/tmp/gptk4-runtime/lib/wine/x86_64-windows/where.exe
STRIPPROG=llvm-strip /private/tmp/gptk4-wine-source/tools/install-sh -m 644  programs/whoami/x86_64-windows/whoami.exe /private/tmp/gptk4-runtime/lib/wine/x86_64-windows/whoami.exe
tools/winebuild/winebuild --builtin /private/tmp/gptk4-runtime/lib/wine/x86_64-windows/whoami.exe
/private/tmp/gptk4-wine-source/tools/install-sh -m 644  programs/wineboot/wineboot.man /private/tmp/gptk4-runtime/share/man/man1/wineboot.1
STRIPPROG=llvm-strip /private/tmp/gptk4-wine-source/tools/install-sh -m 644  programs/wineboot/x86_64-windows/wineboot.exe /private/tmp/gptk4-runtime/lib/wine/x86_64-windows/wineboot.exe
tools/winebuild/winebuild --builtin /private/tmp/gptk4-runtime/lib/wine/x86_64-windows/wineboot.exe
/private/tmp/gptk4-wine-source/tools/install-sh  tools/wineapploader /private/tmp/gptk4-runtime/bin/wineboot
STRIPPROG=llvm-strip /private/tmp/gptk4-wine-source/tools/install-sh -m 644  programs/winebrowser/x86_64-windows/winebrowser.exe /private/tmp/gptk4-runtime/lib/wine/x86_64-windows/winebrowser.exe
tools/winebuild/winebuild --builtin /private/tmp/gptk4-runtime/lib/wine/x86_64-windows/winebrowser.exe
/private/tmp/gptk4-wine-source/tools/install-sh -m 644  programs/winecfg/winecfg.man /private/tmp/gptk4-runtime/share/man/man1/winecfg.1
STRIPPROG=llvm-strip /private/tmp/gptk4-wine-source/tools/install-sh -m 644  programs/winecfg/x86_64-windows/winecfg.exe /private/tmp/gptk4-runtime/lib/wine/x86_64-windows/winecfg.exe
tools/winebuild/winebuild --builtin /private/tmp/gptk4-runtime/lib/wine/x86_64-windows/winecfg.exe
/private/tmp/gptk4-wine-source/tools/install-sh  tools/wineapploader /private/tmp/gptk4-runtime/bin/winecfg
/private/tmp/gptk4-wine-source/tools/install-sh -m 644  programs/wineconsole/wineconsole.man /private/tmp/gptk4-runtime/share/man/man1/wineconsole.1
STRIPPROG=llvm-strip /private/tmp/gptk4-wine-source/tools/install-sh -m 644  programs/wineconsole/x86_64-windows/wineconsole.exe /private/tmp/gptk4-runtime/lib/wine/x86_64-windows/wineconsole.exe
tools/winebuild/winebuild --builtin /private/tmp/gptk4-runtime/lib/wine/x86_64-windows/wineconsole.exe
/private/tmp/gptk4-wine-source/tools/install-sh  tools/wineapploader /private/tmp/gptk4-runtime/bin/wineconsole
/private/tmp/gptk4-wine-source/tools/install-sh -m 644  programs/winedbg/winedbg.man /private/tmp/gptk4-runtime/share/man/man1/winedbg.1
STRIPPROG=llvm-strip /private/tmp/gptk4-wine-source/tools/install-sh -m 644  programs/winedbg/x86_64-windows/winedbg.exe /private/tmp/gptk4-runtime/lib/wine/x86_64-windows/winedbg.exe
tools/winebuild/winebuild --builtin /private/tmp/gptk4-runtime/lib/wine/x86_64-windows/winedbg.exe
/private/tmp/gptk4-wine-source/tools/install-sh  tools/wineapploader /private/tmp/gptk4-runtime/bin/winedbg
STRIPPROG=llvm-strip /private/tmp/gptk4-wine-source/tools/install-sh -m 644  programs/winedevice/x86_64-windows/winedevice.exe /private/tmp/gptk4-runtime/lib/wine/x86_64-windows/winedevice.exe
tools/winebuild/winebuild --builtin /private/tmp/gptk4-runtime/lib/wine/x86_64-windows/winedevice.exe
/private/tmp/gptk4-wine-source/tools/install-sh -m 644  programs/winefile/winefile.man /private/tmp/gptk4-runtime/share/man/man1/winefile.1
STRIPPROG=llvm-strip /private/tmp/gptk4-wine-source/tools/install-sh -m 644  programs/winefile/x86_64-windows/winefile.exe /private/tmp/gptk4-runtime/lib/wine/x86_64-windows/winefile.exe
tools/winebuild/winebuild --builtin /private/tmp/gptk4-runtime/lib/wine/x86_64-windows/winefile.exe
/private/tmp/gptk4-wine-source/tools/install-sh  tools/wineapploader /private/tmp/gptk4-runtime/bin/winefile
STRIPPROG=llvm-strip /private/tmp/gptk4-wine-source/tools/install-sh -m 644  programs/winemenubuilder/x86_64-windows/winemenubuilder.exe /private/tmp/gptk4-runtime/lib/wine/x86_64-windows/winemenubuilder.exe
tools/winebuild/winebuild --builtin /private/tmp/gptk4-runtime/lib/wine/x86_64-windows/winemenubuilder.exe
/private/tmp/gptk4-wine-source/tools/install-sh -m 644  programs/winemine/winemine.man /private/tmp/gptk4-runtime/share/man/man1/winemine.1
STRIPPROG=llvm-strip /private/tmp/gptk4-wine-source/tools/install-sh -m 644  programs/winemine/x86_64-windows/winemine.exe /private/tmp/gptk4-runtime/lib/wine/x86_64-windows/winemine.exe
tools/winebuild/winebuild --builtin /private/tmp/gptk4-runtime/lib/wine/x86_64-windows/winemine.exe
/private/tmp/gptk4-wine-source/tools/install-sh  tools/wineapploader /private/tmp/gptk4-runtime/bin/winemine
STRIPPROG=llvm-strip /private/tmp/gptk4-wine-source/tools/install-sh -m 644  programs/winemsibuilder/x86_64-windows/winemsibuilder.exe /private/tmp/gptk4-runtime/lib/wine/x86_64-windows/winemsibuilder.exe
tools/winebuild/winebuild --builtin /private/tmp/gptk4-runtime/lib/wine/x86_64-windows/winemsibuilder.exe
/private/tmp/gptk4-wine-source/tools/install-sh -m 644  programs/winepath/winepath.man /private/tmp/gptk4-runtime/share/man/man1/winepath.1
STRIPPROG=llvm-strip /private/tmp/gptk4-wine-source/tools/install-sh -m 644  programs/winepath/x86_64-windows/winepath.exe /private/tmp/gptk4-runtime/lib/wine/x86_64-windows/winepath.exe
tools/winebuild/winebuild --builtin /private/tmp/gptk4-runtime/lib/wine/x86_64-windows/winepath.exe
/private/tmp/gptk4-wine-source/tools/install-sh  tools/wineapploader /private/tmp/gptk4-runtime/bin/winepath
STRIPPROG=llvm-strip /private/tmp/gptk4-wine-source/tools/install-sh -m 644  programs/winhlp32/x86_64-windows/winhlp32.exe /private/tmp/gptk4-runtime/lib/wine/x86_64-windows/winhlp32.exe
tools/winebuild/winebuild --builtin /private/tmp/gptk4-runtime/lib/wine/x86_64-windows/winhlp32.exe
STRIPPROG=llvm-strip /private/tmp/gptk4-wine-source/tools/install-sh -m 644  programs/winmgmt/x86_64-windows/winmgmt.exe /private/tmp/gptk4-runtime/lib/wine/x86_64-windows/winmgmt.exe
tools/winebuild/winebuild --builtin /private/tmp/gptk4-runtime/lib/wine/x86_64-windows/winmgmt.exe
STRIPPROG=llvm-strip /private/tmp/gptk4-wine-source/tools/install-sh -m 644  programs/winver/x86_64-windows/winver.exe /private/tmp/gptk4-runtime/lib/wine/x86_64-windows/winver.exe
tools/winebuild/winebuild --builtin /private/tmp/gptk4-runtime/lib/wine/x86_64-windows/winver.exe
STRIPPROG=llvm-strip /private/tmp/gptk4-wine-source/tools/install-sh -m 644  programs/wmic/x86_64-windows/wmic.exe /private/tmp/gptk4-runtime/lib/wine/x86_64-windows/wmic.exe
tools/winebuild/winebuild --builtin /private/tmp/gptk4-runtime/lib/wine/x86_64-windows/wmic.exe
STRIPPROG=llvm-strip /private/tmp/gptk4-wine-source/tools/install-sh -m 644  programs/wmplayer/x86_64-windows/wmplayer.exe /private/tmp/gptk4-runtime/lib/wine/x86_64-windows/wmplayer.exe
tools/winebuild/winebuild --builtin /private/tmp/gptk4-runtime/lib/wine/x86_64-windows/wmplayer.exe
STRIPPROG=llvm-strip /private/tmp/gptk4-wine-source/tools/install-sh -m 644  programs/wordpad/x86_64-windows/wordpad.exe /private/tmp/gptk4-runtime/lib/wine/x86_64-windows/wordpad.exe
tools/winebuild/winebuild --builtin /private/tmp/gptk4-runtime/lib/wine/x86_64-windows/wordpad.exe
STRIPPROG=llvm-strip /private/tmp/gptk4-wine-source/tools/install-sh -m 644  programs/write/x86_64-windows/write.exe /private/tmp/gptk4-runtime/lib/wine/x86_64-windows/write.exe
tools/winebuild/winebuild --builtin /private/tmp/gptk4-runtime/lib/wine/x86_64-windows/write.exe
STRIPPROG=llvm-strip /private/tmp/gptk4-wine-source/tools/install-sh -m 644  programs/wscript/x86_64-windows/wscript.exe /private/tmp/gptk4-runtime/lib/wine/x86_64-windows/wscript.exe
tools/winebuild/winebuild --builtin /private/tmp/gptk4-runtime/lib/wine/x86_64-windows/wscript.exe
STRIPPROG=llvm-strip /private/tmp/gptk4-wine-source/tools/install-sh -m 644  programs/wuauserv/x86_64-windows/wuauserv.exe /private/tmp/gptk4-runtime/lib/wine/x86_64-windows/wuauserv.exe
tools/winebuild/winebuild --builtin /private/tmp/gptk4-runtime/lib/wine/x86_64-windows/wuauserv.exe
STRIPPROG=llvm-strip /private/tmp/gptk4-wine-source/tools/install-sh -m 644  programs/wusa/x86_64-windows/wusa.exe /private/tmp/gptk4-runtime/lib/wine/x86_64-windows/wusa.exe
tools/winebuild/winebuild --builtin /private/tmp/gptk4-runtime/lib/wine/x86_64-windows/wusa.exe
STRIPPROG=llvm-strip /private/tmp/gptk4-wine-source/tools/install-sh -m 644  programs/xcopy/x86_64-windows/xcopy.exe /private/tmp/gptk4-runtime/lib/wine/x86_64-windows/xcopy.exe
tools/winebuild/winebuild --builtin /private/tmp/gptk4-runtime/lib/wine/x86_64-windows/xcopy.exe
/private/tmp/gptk4-wine-source/tools/install-sh -m 644  server/wineserver.de.UTF-8.man /private/tmp/gptk4-runtime/share/man/de.UTF-8/man1/wineserver.1
/private/tmp/gptk4-wine-source/tools/install-sh -m 644  server/wineserver.fr.UTF-8.man /private/tmp/gptk4-runtime/share/man/fr.UTF-8/man1/wineserver.1
/private/tmp/gptk4-wine-source/tools/install-sh -m 644  server/wineserver.man /private/tmp/gptk4-runtime/share/man/man1/wineserver.1
STRIPPROG="strip" /private/tmp/gptk4-wine-source/tools/install-sh  server/wineserver /private/tmp/gptk4-runtime/bin/wineserver
tools/winebuild/winebuild -w --implib -o dlls/aclui/x86_64-windows/libaclui.a -b x86_64-windows --export \
  /private/tmp/gptk4-wine-source/dlls/aclui/aclui.spec
/private/tmp/gptk4-wine-source/tools/install-sh -m 644  dlls/aclui/x86_64-windows/libaclui.a /private/tmp/gptk4-runtime/lib/wine/x86_64-windows/libaclui.a
/private/tmp/gptk4-wine-source/tools/install-sh -m 644  dlls/activeds/x86_64-windows/libactiveds.a /private/tmp/gptk4-runtime/lib/wine/x86_64-windows/libactiveds.a
/private/tmp/gptk4-wine-source/tools/install-sh -m 644  dlls/advapi32/x86_64-windows/libadvapi32.a /private/tmp/gptk4-runtime/lib/wine/x86_64-windows/libadvapi32.a
/private/tmp/gptk4-wine-source/tools/install-sh -m 644  dlls/advpack/x86_64-windows/libadvpack.a /private/tmp/gptk4-runtime/lib/wine/x86_64-windows/libadvpack.a
tools/winebuild/winebuild -w --implib -o dlls/atl/x86_64-windows/libatl.a -b x86_64-windows --export \
  /private/tmp/gptk4-wine-source/dlls/atl/atl.spec
/private/tmp/gptk4-wine-source/tools/install-sh -m 644  dlls/atl/x86_64-windows/libatl.a /private/tmp/gptk4-runtime/lib/wine/x86_64-windows/libatl.a
tools/winebuild/winebuild -w --implib -o dlls/atl100/x86_64-windows/libatl100.a -b x86_64-windows --export \
  /private/tmp/gptk4-wine-source/dlls/atl100/atl100.spec
/private/tmp/gptk4-wine-source/tools/install-sh -m 644  dlls/atl100/x86_64-windows/libatl100.a /private/tmp/gptk4-runtime/lib/wine/x86_64-windows/libatl100.a
tools/winebuild/winebuild -w --implib -o dlls/atl110/x86_64-windows/libatl110.a -b x86_64-windows --export \
  /private/tmp/gptk4-wine-source/dlls/atl110/atl110.spec
/private/tmp/gptk4-wine-source/tools/install-sh -m 644  dlls/atl110/x86_64-windows/libatl110.a /private/tmp/gptk4-runtime/lib/wine/x86_64-windows/libatl110.a
tools/winebuild/winebuild -w --implib -o dlls/atl80/x86_64-windows/libatl80.a -b x86_64-windows --export \
  /private/tmp/gptk4-wine-source/dlls/atl80/atl80.spec
/private/tmp/gptk4-wine-source/tools/install-sh -m 644  dlls/atl80/x86_64-windows/libatl80.a /private/tmp/gptk4-runtime/lib/wine/x86_64-windows/libatl80.a
tools/winebuild/winebuild -w --implib -o dlls/atlthunk/x86_64-windows/libatlthunk.a -b x86_64-windows --export \
  /private/tmp/gptk4-wine-source/dlls/atlthunk/atlthunk.spec
/private/tmp/gptk4-wine-source/tools/install-sh -m 644  dlls/atlthunk/x86_64-windows/libatlthunk.a /private/tmp/gptk4-runtime/lib/wine/x86_64-windows/libatlthunk.a
/private/tmp/gptk4-wine-source/tools/install-sh -m 644  dlls/avicap32/x86_64-windows/libavicap32.a /private/tmp/gptk4-runtime/lib/wine/x86_64-windows/libavicap32.a
tools/winebuild/winebuild -w --implib -o dlls/avifil32/x86_64-windows/libavifil32.a -b x86_64-windows --export \
  /private/tmp/gptk4-wine-source/dlls/avifil32/avifil32.spec
/private/tmp/gptk4-wine-source/tools/install-sh -m 644  dlls/avifil32/x86_64-windows/libavifil32.a /private/tmp/gptk4-runtime/lib/wine/x86_64-windows/libavifil32.a
tools/winebuild/winebuild -w --implib -o dlls/avrt/x86_64-windows/libavrt.a -b x86_64-windows --export \
  /private/tmp/gptk4-wine-source/dlls/avrt/avrt.spec
/private/tmp/gptk4-wine-source/tools/install-sh -m 644  dlls/avrt/x86_64-windows/libavrt.a /private/tmp/gptk4-runtime/lib/wine/x86_64-windows/libavrt.a
tools/winebuild/winebuild -w --implib -o dlls/bcp47langs/x86_64-windows/libbcp47langs.a -b x86_64-windows --export \
  /private/tmp/gptk4-wine-source/dlls/bcp47langs/bcp47langs.spec
/private/tmp/gptk4-wine-source/tools/install-sh -m 644  dlls/bcp47langs/x86_64-windows/libbcp47langs.a /private/tmp/gptk4-runtime/lib/wine/x86_64-windows/libbcp47langs.a
/private/tmp/gptk4-wine-source/tools/install-sh -m 644  dlls/bcrypt/x86_64-windows/libbcrypt.a /private/tmp/gptk4-runtime/lib/wine/x86_64-windows/libbcrypt.a
/private/tmp/gptk4-wine-source/tools/install-sh -m 644  dlls/bluetoothapis/x86_64-windows/libbluetoothapis.a /private/tmp/gptk4-runtime/lib/wine/x86_64-windows/libbluetoothapis.a
/private/tmp/gptk4-wine-source/tools/install-sh -m 644  dlls/cabinet/x86_64-windows/libcabinet.a /private/tmp/gptk4-runtime/lib/wine/x86_64-windows/libcabinet.a
tools/winebuild/winebuild -w --implib -o dlls/cards/x86_64-windows/libcards.a -b x86_64-windows --export \
  /private/tmp/gptk4-wine-source/dlls/cards/cards.spec
/private/tmp/gptk4-wine-source/tools/install-sh -m 644  dlls/cards/x86_64-windows/libcards.a /private/tmp/gptk4-runtime/lib/wine/x86_64-windows/libcards.a
tools/winebuild/winebuild -w --implib -o dlls/cfgmgr32/x86_64-windows/libcfgmgr32.a -b x86_64-windows --export \
  /private/tmp/gptk4-wine-source/dlls/cfgmgr32/cfgmgr32.spec
/private/tmp/gptk4-wine-source/tools/install-sh -m 644  dlls/cfgmgr32/x86_64-windows/libcfgmgr32.a /private/tmp/gptk4-runtime/lib/wine/x86_64-windows/libcfgmgr32.a
tools/winebuild/winebuild -w --implib -o dlls/clusapi/x86_64-windows/libclusapi.a -b x86_64-windows --export \
  /private/tmp/gptk4-wine-source/dlls/clusapi/clusapi.spec
/private/tmp/gptk4-wine-source/tools/install-sh -m 644  dlls/clusapi/x86_64-windows/libclusapi.a /private/tmp/gptk4-runtime/lib/wine/x86_64-windows/libclusapi.a
/private/tmp/gptk4-wine-source/tools/install-sh -m 644  dlls/combase/x86_64-windows/libcombase.a /private/tmp/gptk4-runtime/lib/wine/x86_64-windows/libcombase.a
/private/tmp/gptk4-wine-source/tools/install-sh -m 644  dlls/comctl32/x86_64-windows/libcomctl32.a /private/tmp/gptk4-runtime/lib/wine/x86_64-windows/libcomctl32.a
/private/tmp/gptk4-wine-source/tools/install-sh -m 644  dlls/comdlg32/x86_64-windows/libcomdlg32.a /private/tmp/gptk4-runtime/lib/wine/x86_64-windows/libcomdlg32.a
/private/tmp/gptk4-wine-source/tools/install-sh -m 644  dlls/coml2/x86_64-windows/libcoml2.a /private/tmp/gptk4-runtime/lib/wine/x86_64-windows/libcoml2.a
/private/tmp/gptk4-wine-source/tools/install-sh -m 644  dlls/compstui/x86_64-windows/libcompstui.a /private/tmp/gptk4-runtime/lib/wine/x86_64-windows/libcompstui.a
tools/winebuild/winebuild -w --implib -o dlls/comsvcs/x86_64-windows/libcomsvcs.a -b x86_64-windows --export \
  /private/tmp/gptk4-wine-source/dlls/comsvcs/comsvcs.spec
/private/tmp/gptk4-wine-source/tools/install-sh -m 644  dlls/comsvcs/x86_64-windows/libcomsvcs.a /private/tmp/gptk4-runtime/lib/wine/x86_64-windows/libcomsvcs.a
tools/winebuild/winebuild -w --implib -o dlls/credui/x86_64-windows/libcredui.a -b x86_64-windows --export \
  /private/tmp/gptk4-wine-source/dlls/credui/credui.spec
/private/tmp/gptk4-wine-source/tools/install-sh -m 644  dlls/credui/x86_64-windows/libcredui.a /private/tmp/gptk4-runtime/lib/wine/x86_64-windows/libcredui.a
/private/tmp/gptk4-wine-source/tools/install-sh -m 644  dlls/crypt32/x86_64-windows/libcrypt32.a /private/tmp/gptk4-runtime/lib/wine/x86_64-windows/libcrypt32.a
tools/winebuild/winebuild -w --implib -o dlls/cryptdll/x86_64-windows/libcryptdll.a -b x86_64-windows --export \
  /private/tmp/gptk4-wine-source/dlls/cryptdll/cryptdll.spec
/private/tmp/gptk4-wine-source/tools/install-sh -m 644  dlls/cryptdll/x86_64-windows/libcryptdll.a /private/tmp/gptk4-runtime/lib/wine/x86_64-windows/libcryptdll.a
/private/tmp/gptk4-wine-source/tools/install-sh -m 644  dlls/cryptnet/x86_64-windows/libcryptnet.a /private/tmp/gptk4-runtime/lib/wine/x86_64-windows/libcryptnet.a
/private/tmp/gptk4-wine-source/tools/install-sh -m 644  dlls/cryptui/x86_64-windows/libcryptui.a /private/tmp/gptk4-runtime/lib/wine/x86_64-windows/libcryptui.a
tools/winebuild/winebuild -w --implib -o dlls/d2d1/x86_64-windows/libd2d1.a -b x86_64-windows --export \
  /private/tmp/gptk4-wine-source/dlls/d2d1/d2d1.spec
/private/tmp/gptk4-wine-source/tools/install-sh -m 644  dlls/d2d1/x86_64-windows/libd2d1.a /private/tmp/gptk4-runtime/lib/wine/x86_64-windows/libd2d1.a
tools/winebuild/winebuild -w --implib -o dlls/d3d10/x86_64-windows/libd3d10.a -b x86_64-windows --export \
  /private/tmp/gptk4-wine-source/dlls/d3d10/d3d10.spec
/private/tmp/gptk4-wine-source/tools/install-sh -m 644  dlls/d3d10/x86_64-windows/libd3d10.a /private/tmp/gptk4-runtime/lib/wine/x86_64-windows/libd3d10.a
/private/tmp/gptk4-wine-source/tools/install-sh -m 644  dlls/d3d10_1/x86_64-windows/libd3d10_1.a /private/tmp/gptk4-runtime/lib/wine/x86_64-windows/libd3d10_1.a
/private/tmp/gptk4-wine-source/tools/install-sh -m 644  dlls/d3d10core/x86_64-windows/libd3d10core.a /private/tmp/gptk4-runtime/lib/wine/x86_64-windows/libd3d10core.a
/private/tmp/gptk4-wine-source/tools/install-sh -m 644  dlls/d3d11/x86_64-windows/libd3d11.a /private/tmp/gptk4-runtime/lib/wine/x86_64-windows/libd3d11.a
tools/winebuild/winebuild -w --implib -o dlls/d3d12/x86_64-windows/libd3d12.a -b x86_64-windows --export \
  /private/tmp/gptk4-wine-source/dlls/d3d12/d3d12.spec
/private/tmp/gptk4-wine-source/tools/install-sh -m 644  dlls/d3d12/x86_64-windows/libd3d12.a /private/tmp/gptk4-runtime/lib/wine/x86_64-windows/libd3d12.a
tools/winebuild/winebuild -w --implib -o dlls/d3d8/x86_64-windows/libd3d8.a -b x86_64-windows --export \
  /private/tmp/gptk4-wine-source/dlls/d3d8/d3d8.spec
/private/tmp/gptk4-wine-source/tools/install-sh -m 644  dlls/d3d8/x86_64-windows/libd3d8.a /private/tmp/gptk4-runtime/lib/wine/x86_64-windows/libd3d8.a
/private/tmp/gptk4-wine-source/tools/install-sh -m 644  dlls/d3d9/x86_64-windows/libd3d9.a /private/tmp/gptk4-runtime/lib/wine/x86_64-windows/libd3d9.a
/private/tmp/gptk4-wine-source/tools/install-sh -m 644  dlls/d3dcompiler_39/x86_64-windows/libd3dcompiler_39.a /private/tmp/gptk4-runtime/lib/wine/x86_64-windows/libd3dcompiler_39.a
tools/winebuild/winebuild -w --implib -o dlls/d3dcompiler_43/x86_64-windows/libd3dcompiler_43.a -b x86_64-windows --export \
  /private/tmp/gptk4-wine-source/dlls/d3dcompiler_43/d3dcompiler_43.spec
/private/tmp/gptk4-wine-source/tools/install-sh -m 644  dlls/d3dcompiler_43/x86_64-windows/libd3dcompiler_43.a /private/tmp/gptk4-runtime/lib/wine/x86_64-windows/libd3dcompiler_43.a
tools/winebuild/winebuild -w --implib -o dlls/d3dcompiler_46/x86_64-windows/libd3dcompiler_46.a -b x86_64-windows --export \
  /private/tmp/gptk4-wine-source/dlls/d3dcompiler_46/d3dcompiler_46.spec
/private/tmp/gptk4-wine-source/tools/install-sh -m 644  dlls/d3dcompiler_46/x86_64-windows/libd3dcompiler_46.a /private/tmp/gptk4-runtime/lib/wine/x86_64-windows/libd3dcompiler_46.a
/private/tmp/gptk4-wine-source/tools/install-sh -m 644  dlls/d3dcompiler_47/x86_64-windows/libd3dcompiler.a /private/tmp/gptk4-runtime/lib/wine/x86_64-windows/libd3dcompiler.a
tools/winebuild/winebuild -w --implib -o dlls/d3drm/x86_64-windows/libd3drm.a -b x86_64-windows --export \
  /private/tmp/gptk4-wine-source/dlls/d3drm/d3drm.spec
/private/tmp/gptk4-wine-source/tools/install-sh -m 644  dlls/d3drm/x86_64-windows/libd3drm.a /private/tmp/gptk4-runtime/lib/wine/x86_64-windows/libd3drm.a
tools/winebuild/winebuild -w --implib -o dlls/d3dx10_34/x86_64-windows/libd3dx10_34.a -b x86_64-windows --export \
  /private/tmp/gptk4-wine-source/dlls/d3dx10_34/d3dx10_34.spec
/private/tmp/gptk4-wine-source/tools/install-sh -m 644  dlls/d3dx10_34/x86_64-windows/libd3dx10_34.a /private/tmp/gptk4-runtime/lib/wine/x86_64-windows/libd3dx10_34.a
tools/winebuild/winebuild -w --implib -o dlls/d3dx10_35/x86_64-windows/libd3dx10_35.a -b x86_64-windows --export \
  /private/tmp/gptk4-wine-source/dlls/d3dx10_35/d3dx10_35.spec
/private/tmp/gptk4-wine-source/tools/install-sh -m 644  dlls/d3dx10_35/x86_64-windows/libd3dx10_35.a /private/tmp/gptk4-runtime/lib/wine/x86_64-windows/libd3dx10_35.a
tools/winebuild/winebuild -w --implib -o dlls/d3dx10_36/x86_64-windows/libd3dx10_36.a -b x86_64-windows --export \
  /private/tmp/gptk4-wine-source/dlls/d3dx10_36/d3dx10_36.spec
/private/tmp/gptk4-wine-source/tools/install-sh -m 644  dlls/d3dx10_36/x86_64-windows/libd3dx10_36.a /private/tmp/gptk4-runtime/lib/wine/x86_64-windows/libd3dx10_36.a
tools/winebuild/winebuild -w --implib -o dlls/d3dx10_37/x86_64-windows/libd3dx10_37.a -b x86_64-windows --export \
  /private/tmp/gptk4-wine-source/dlls/d3dx10_37/d3dx10_37.spec
/private/tmp/gptk4-wine-source/tools/install-sh -m 644  dlls/d3dx10_37/x86_64-windows/libd3dx10_37.a /private/tmp/gptk4-runtime/lib/wine/x86_64-windows/libd3dx10_37.a
tools/winebuild/winebuild -w --implib -o dlls/d3dx10_38/x86_64-windows/libd3dx10_38.a -b x86_64-windows --export \
  /private/tmp/gptk4-wine-source/dlls/d3dx10_38/d3dx10_38.spec
/private/tmp/gptk4-wine-source/tools/install-sh -m 644  dlls/d3dx10_38/x86_64-windows/libd3dx10_38.a /private/tmp/gptk4-runtime/lib/wine/x86_64-windows/libd3dx10_38.a
tools/winebuild/winebuild -w --implib -o dlls/d3dx10_39/x86_64-windows/libd3dx10_39.a -b x86_64-windows --export \
  /private/tmp/gptk4-wine-source/dlls/d3dx10_39/d3dx10_39.spec
/private/tmp/gptk4-wine-source/tools/install-sh -m 644  dlls/d3dx10_39/x86_64-windows/libd3dx10_39.a /private/tmp/gptk4-runtime/lib/wine/x86_64-windows/libd3dx10_39.a
tools/winebuild/winebuild -w --implib -o dlls/d3dx10_40/x86_64-windows/libd3dx10_40.a -b x86_64-windows --export \
  /private/tmp/gptk4-wine-source/dlls/d3dx10_40/d3dx10_40.spec
/private/tmp/gptk4-wine-source/tools/install-sh -m 644  dlls/d3dx10_40/x86_64-windows/libd3dx10_40.a /private/tmp/gptk4-runtime/lib/wine/x86_64-windows/libd3dx10_40.a
tools/winebuild/winebuild -w --implib -o dlls/d3dx10_41/x86_64-windows/libd3dx10_41.a -b x86_64-windows --export \
  /private/tmp/gptk4-wine-source/dlls/d3dx10_41/d3dx10_41.spec
/private/tmp/gptk4-wine-source/tools/install-sh -m 644  dlls/d3dx10_41/x86_64-windows/libd3dx10_41.a /private/tmp/gptk4-runtime/lib/wine/x86_64-windows/libd3dx10_41.a
tools/winebuild/winebuild -w --implib -o dlls/d3dx10_42/x86_64-windows/libd3dx10_42.a -b x86_64-windows --export \
  /private/tmp/gptk4-wine-source/dlls/d3dx10_42/d3dx10_42.spec
/private/tmp/gptk4-wine-source/tools/install-sh -m 644  dlls/d3dx10_42/x86_64-windows/libd3dx10_42.a /private/tmp/gptk4-runtime/lib/wine/x86_64-windows/libd3dx10_42.a
tools/winebuild/winebuild -w --implib -o dlls/d3dx10_43/x86_64-windows/libd3dx10.a -b x86_64-windows --export \
  /private/tmp/gptk4-wine-source/dlls/d3dx10_43/d3dx10_43.spec
/private/tmp/gptk4-wine-source/tools/install-sh -m 644  dlls/d3dx10_43/x86_64-windows/libd3dx10.a /private/tmp/gptk4-runtime/lib/wine/x86_64-windows/libd3dx10.a
tools/winebuild/winebuild -w --implib -o dlls/d3dx11_42/x86_64-windows/libd3dx11_42.a -b x86_64-windows --export \
  /private/tmp/gptk4-wine-source/dlls/d3dx11_42/d3dx11_42.spec
/private/tmp/gptk4-wine-source/tools/install-sh -m 644  dlls/d3dx11_42/x86_64-windows/libd3dx11_42.a /private/tmp/gptk4-runtime/lib/wine/x86_64-windows/libd3dx11_42.a
tools/winebuild/winebuild -w --implib -o dlls/d3dx11_43/x86_64-windows/libd3dx11.a -b x86_64-windows --export \
  /private/tmp/gptk4-wine-source/dlls/d3dx11_43/d3dx11_43.spec
/private/tmp/gptk4-wine-source/tools/install-sh -m 644  dlls/d3dx11_43/x86_64-windows/libd3dx11.a /private/tmp/gptk4-runtime/lib/wine/x86_64-windows/libd3dx11.a
tools/winebuild/winebuild -w --implib -o dlls/d3dx9_36/x86_64-windows/libd3dx9.a -b x86_64-windows --export \
  /private/tmp/gptk4-wine-source/dlls/d3dx9_36/d3dx9_36.spec
/private/tmp/gptk4-wine-source/tools/install-sh -m 644  dlls/d3dx9_36/x86_64-windows/libd3dx9.a /private/tmp/gptk4-runtime/lib/wine/x86_64-windows/libd3dx9.a
tools/winebuild/winebuild -w --implib -o dlls/d3dx9_43/x86_64-windows/libd3dx9_43.a -b x86_64-windows --export \
  /private/tmp/gptk4-wine-source/dlls/d3dx9_43/d3dx9_43.spec
/private/tmp/gptk4-wine-source/tools/install-sh -m 644  dlls/d3dx9_43/x86_64-windows/libd3dx9_43.a /private/tmp/gptk4-runtime/lib/wine/x86_64-windows/libd3dx9_43.a
/private/tmp/gptk4-wine-source/tools/install-sh -m 644  dlls/d3dxof/x86_64-windows/libd3dxof.a /private/tmp/gptk4-runtime/lib/wine/x86_64-windows/libd3dxof.a
tools/winebuild/winebuild -w --implib -o dlls/dataexchange/x86_64-windows/libdataexchange.a -b x86_64-windows --export \
  /private/tmp/gptk4-wine-source/dlls/dataexchange/dataexchange.spec
warning: dataexchange.dll: Import library doesn't export anything
/private/tmp/gptk4-wine-source/tools/install-sh -m 644  dlls/dataexchange/x86_64-windows/libdataexchange.a /private/tmp/gptk4-runtime/lib/wine/x86_64-windows/libdataexchange.a
tools/winebuild/winebuild -w --implib -o dlls/dbgeng/x86_64-windows/libdbgeng.a -b x86_64-windows --export \
  /private/tmp/gptk4-wine-source/dlls/dbgeng/dbgeng.spec
/private/tmp/gptk4-wine-source/tools/install-sh -m 644  dlls/dbgeng/x86_64-windows/libdbgeng.a /private/tmp/gptk4-runtime/lib/wine/x86_64-windows/libdbgeng.a
/private/tmp/gptk4-wine-source/tools/install-sh -m 644  dlls/dbghelp/x86_64-windows/libdbghelp.a /private/tmp/gptk4-runtime/lib/wine/x86_64-windows/libdbghelp.a
tools/winebuild/winebuild -w --implib -o dlls/dciman32/x86_64-windows/libdciman32.a -b x86_64-windows --export \
  /private/tmp/gptk4-wine-source/dlls/dciman32/dciman32.spec
/private/tmp/gptk4-wine-source/tools/install-sh -m 644  dlls/dciman32/x86_64-windows/libdciman32.a /private/tmp/gptk4-runtime/lib/wine/x86_64-windows/libdciman32.a
/private/tmp/gptk4-wine-source/tools/install-sh -m 644  dlls/ddraw/x86_64-windows/libddraw.a /private/tmp/gptk4-runtime/lib/wine/x86_64-windows/libddraw.a
/private/tmp/gptk4-wine-source/tools/install-sh -m 644  dlls/dhcpcsvc/x86_64-windows/libdhcpcsvc.a /private/tmp/gptk4-runtime/lib/wine/x86_64-windows/libdhcpcsvc.a
/private/tmp/gptk4-wine-source/tools/install-sh -m 644  dlls/dinput/x86_64-windows/libdinput.a /private/tmp/gptk4-runtime/lib/wine/x86_64-windows/libdinput.a
/private/tmp/gptk4-wine-source/tools/install-sh -m 644  dlls/dinput8/x86_64-windows/libdinput8.a /private/tmp/gptk4-runtime/lib/wine/x86_64-windows/libdinput8.a
/private/tmp/gptk4-wine-source/tools/install-sh -m 644  dlls/dnsapi/x86_64-windows/libdnsapi.a /private/tmp/gptk4-runtime/lib/wine/x86_64-windows/libdnsapi.a
/private/tmp/gptk4-wine-source/tools/install-sh -m 644  dlls/dplayx/x86_64-windows/libdplayx.a /private/tmp/gptk4-runtime/lib/wine/x86_64-windows/libdplayx.a
/private/tmp/gptk4-wine-source/tools/install-sh -m 644  dlls/dpnet/x86_64-windows/libdpnet.a /private/tmp/gptk4-runtime/lib/wine/x86_64-windows/libdpnet.a
/private/tmp/gptk4-wine-source/tools/install-sh -m 644  dlls/dsound/x86_64-windows/libdsound.a /private/tmp/gptk4-runtime/lib/wine/x86_64-windows/libdsound.a
tools/winebuild/winebuild -w --implib -o dlls/dwmapi/x86_64-windows/libdwmapi.a -b x86_64-windows --export \
  /private/tmp/gptk4-wine-source/dlls/dwmapi/dwmapi.spec
/private/tmp/gptk4-wine-source/tools/install-sh -m 644  dlls/dwmapi/x86_64-windows/libdwmapi.a /private/tmp/gptk4-runtime/lib/wine/x86_64-windows/libdwmapi.a
/private/tmp/gptk4-wine-source/tools/install-sh -m 644  dlls/dwrite/x86_64-windows/libdwrite.a /private/tmp/gptk4-runtime/lib/wine/x86_64-windows/libdwrite.a
/private/tmp/gptk4-wine-source/tools/install-sh -m 644  dlls/dxgi/x86_64-windows/libdxgi.a /private/tmp/gptk4-runtime/lib/wine/x86_64-windows/libdxgi.a
/private/tmp/gptk4-wine-source/tools/install-sh -m 644  dlls/dxva2/x86_64-windows/libdxva2.a /private/tmp/gptk4-runtime/lib/wine/x86_64-windows/libdxva2.a
/private/tmp/gptk4-wine-source/tools/install-sh -m 644  dlls/evr/x86_64-windows/libevr.a /private/tmp/gptk4-runtime/lib/wine/x86_64-windows/libevr.a
tools/winebuild/winebuild -w --implib -o dlls/faultrep/x86_64-windows/libfaultrep.a -b x86_64-windows --export \
  /private/tmp/gptk4-wine-source/dlls/faultrep/faultrep.spec
/private/tmp/gptk4-wine-source/tools/install-sh -m 644  dlls/faultrep/x86_64-windows/libfaultrep.a /private/tmp/gptk4-runtime/lib/wine/x86_64-windows/libfaultrep.a
tools/winebuild/winebuild -w --implib -o dlls/fltmgr.sys/x86_64-windows/libfltmgr.a -b x86_64-windows --export \
  /private/tmp/gptk4-wine-source/dlls/fltmgr.sys/fltmgr.sys.spec
/private/tmp/gptk4-wine-source/tools/install-sh -m 644  dlls/fltmgr.sys/x86_64-windows/libfltmgr.a /private/tmp/gptk4-runtime/lib/wine/x86_64-windows/libfltmgr.a
/private/tmp/gptk4-wine-source/tools/install-sh -m 644  dlls/gdi32/x86_64-windows/libgdi32.a /private/tmp/gptk4-runtime/lib/wine/x86_64-windows/libgdi32.a
/private/tmp/gptk4-wine-source/tools/install-sh -m 644  dlls/gdiplus/x86_64-windows/libgdiplus.a /private/tmp/gptk4-runtime/lib/wine/x86_64-windows/libgdiplus.a
/private/tmp/gptk4-wine-source/tools/install-sh -m 644  dlls/glu32/x86_64-windows/libglu32.a /private/tmp/gptk4-runtime/lib/wine/x86_64-windows/libglu32.a
/private/tmp/gptk4-wine-source/tools/install-sh -m 644  dlls/hal/x86_64-windows/libhal.a /private/tmp/gptk4-runtime/lib/wine/x86_64-windows/libhal.a
tools/winebuild/winebuild -w --implib -o dlls/hhctrl.ocx/x86_64-windows/libhtmlhelp.a -b x86_64-windows --export \
  /private/tmp/gptk4-wine-source/dlls/hhctrl.ocx/hhctrl.ocx.spec
/private/tmp/gptk4-wine-source/tools/install-sh -m 644  dlls/hhctrl.ocx/x86_64-windows/libhtmlhelp.a /private/tmp/gptk4-runtime/lib/wine/x86_64-windows/libhtmlhelp.a
/private/tmp/gptk4-wine-source/tools/install-sh -m 644  dlls/hid/x86_64-windows/libhid.a /private/tmp/gptk4-runtime/lib/wine/x86_64-windows/libhid.a
/private/tmp/gptk4-wine-source/tools/install-sh -m 644  dlls/hidclass.sys/x86_64-windows/libhidclass.a /private/tmp/gptk4-runtime/lib/wine/x86_64-windows/libhidclass.a
/private/tmp/gptk4-wine-source/tools/install-sh -m 644  dlls/hidparse.sys/x86_64-windows/libhidparse.a /private/tmp/gptk4-runtime/lib/wine/x86_64-windows/libhidparse.a
tools/winebuild/winebuild -w --implib -o dlls/hlink/x86_64-windows/libhlink.a -b x86_64-windows --export \
  /private/tmp/gptk4-wine-source/dlls/hlink/hlink.spec
/private/tmp/gptk4-wine-source/tools/install-sh -m 644  dlls/hlink/x86_64-windows/libhlink.a /private/tmp/gptk4-runtime/lib/wine/x86_64-windows/libhlink.a
tools/winebuild/winebuild -w --implib -o dlls/httpapi/x86_64-windows/libhttpapi.a -b x86_64-windows --export \
  /private/tmp/gptk4-wine-source/dlls/httpapi/httpapi.spec
/private/tmp/gptk4-wine-source/tools/install-sh -m 644  dlls/httpapi/x86_64-windows/libhttpapi.a /private/tmp/gptk4-runtime/lib/wine/x86_64-windows/libhttpapi.a
tools/winebuild/winebuild -w --implib -o dlls/icmui/x86_64-windows/libicmui.a -b x86_64-windows --export \
  /private/tmp/gptk4-wine-source/dlls/icmui/icmui.spec
/private/tmp/gptk4-wine-source/tools/install-sh -m 644  dlls/icmui/x86_64-windows/libicmui.a /private/tmp/gptk4-runtime/lib/wine/x86_64-windows/libicmui.a
/private/tmp/gptk4-wine-source/tools/install-sh -m 644  dlls/ieframe/x86_64-windows/libieframe.a /private/tmp/gptk4-runtime/lib/wine/x86_64-windows/libieframe.a
/private/tmp/gptk4-wine-source/tools/install-sh -m 644  dlls/imagehlp/x86_64-windows/libimagehlp.a /private/tmp/gptk4-runtime/lib/wine/x86_64-windows/libimagehlp.a
/private/tmp/gptk4-wine-source/tools/install-sh -m 644  dlls/imm32/x86_64-windows/libimm32.a /private/tmp/gptk4-runtime/lib/wine/x86_64-windows/libimm32.a
/private/tmp/gptk4-wine-source/tools/install-sh -m 644  dlls/inetcomm/x86_64-windows/libinetcomm.a /private/tmp/gptk4-runtime/lib/wine/x86_64-windows/libinetcomm.a
/private/tmp/gptk4-wine-source/tools/install-sh -m 644  dlls/iphlpapi/x86_64-windows/libiphlpapi.a /private/tmp/gptk4-runtime/lib/wine/x86_64-windows/libiphlpapi.a
/private/tmp/gptk4-wine-source/tools/install-sh -m 644  dlls/jsproxy/x86_64-windows/libjsproxy.a /private/tmp/gptk4-runtime/lib/wine/x86_64-windows/libjsproxy.a
/private/tmp/gptk4-wine-source/tools/install-sh -m 644  dlls/kernel32/x86_64-windows/libkernel32.a /private/tmp/gptk4-runtime/lib/wine/x86_64-windows/libkernel32.a
/private/tmp/gptk4-wine-source/tools/install-sh -m 644  dlls/kernelbase/x86_64-windows/libkernelbase.a /private/tmp/gptk4-runtime/lib/wine/x86_64-windows/libkernelbase.a
/private/tmp/gptk4-wine-source/tools/install-sh -m 644  dlls/loadperf/x86_64-windows/libloadperf.a /private/tmp/gptk4-runtime/lib/wine/x86_64-windows/libloadperf.a
tools/winebuild/winebuild -w --implib -o dlls/lz32/x86_64-windows/liblz32.a -b x86_64-windows --export \
  /private/tmp/gptk4-wine-source/dlls/lz32/lz32.spec
/private/tmp/gptk4-wine-source/tools/install-sh -m 644  dlls/lz32/x86_64-windows/liblz32.a /private/tmp/gptk4-runtime/lib/wine/x86_64-windows/liblz32.a
/private/tmp/gptk4-wine-source/tools/install-sh -m 644  dlls/mapi32/x86_64-windows/libmapi32.a /private/tmp/gptk4-runtime/lib/wine/x86_64-windows/libmapi32.a
/private/tmp/gptk4-wine-source/tools/install-sh -m 644  dlls/mf/x86_64-windows/libmf.a /private/tmp/gptk4-runtime/lib/wine/x86_64-windows/libmf.a
/private/tmp/gptk4-wine-source/tools/install-sh -m 644  dlls/mfplat/x86_64-windows/libmfplat.a /private/tmp/gptk4-runtime/lib/wine/x86_64-windows/libmfplat.a
tools/winebuild/winebuild -w --implib -o dlls/mfplay/x86_64-windows/libmfplay.a -b x86_64-windows --export \
  /private/tmp/gptk4-wine-source/dlls/mfplay/mfplay.spec
/private/tmp/gptk4-wine-source/tools/install-sh -m 644  dlls/mfplay/x86_64-windows/libmfplay.a /private/tmp/gptk4-runtime/lib/wine/x86_64-windows/libmfplay.a
/private/tmp/gptk4-wine-source/tools/install-sh -m 644  dlls/mfreadwrite/x86_64-windows/libmfreadwrite.a /private/tmp/gptk4-runtime/lib/wine/x86_64-windows/libmfreadwrite.a
tools/winebuild/winebuild -w --implib -o dlls/mfsrcsnk/x86_64-windows/libmfsrcsnk.a -b x86_64-windows --export \
  /private/tmp/gptk4-wine-source/dlls/mfsrcsnk/mfsrcsnk.spec
/private/tmp/gptk4-wine-source/tools/install-sh -m 644  dlls/mfsrcsnk/x86_64-windows/libmfsrcsnk.a /private/tmp/gptk4-runtime/lib/wine/x86_64-windows/libmfsrcsnk.a
/private/tmp/gptk4-wine-source/tools/install-sh -m 644  dlls/mlang/x86_64-windows/libmlang.a /private/tmp/gptk4-runtime/lib/wine/x86_64-windows/libmlang.a
/private/tmp/gptk4-wine-source/tools/install-sh -m 644  dlls/mpr/x86_64-windows/libmpr.a /private/tmp/gptk4-runtime/lib/wine/x86_64-windows/libmpr.a
tools/winebuild/winebuild -w --implib -o dlls/mprapi/x86_64-windows/libmprapi.a -b x86_64-windows --export \
  /private/tmp/gptk4-wine-source/dlls/mprapi/mprapi.spec
/private/tmp/gptk4-wine-source/tools/install-sh -m 644  dlls/mprapi/x86_64-windows/libmprapi.a /private/tmp/gptk4-runtime/lib/wine/x86_64-windows/libmprapi.a
/private/tmp/gptk4-wine-source/tools/install-sh -m 644  dlls/msacm32/x86_64-windows/libmsacm32.a /private/tmp/gptk4-runtime/lib/wine/x86_64-windows/libmsacm32.a
tools/winebuild/winebuild -w --implib -o dlls/msasn1/x86_64-windows/libmsasn1.a -b x86_64-windows --export \
  /private/tmp/gptk4-wine-source/dlls/msasn1/msasn1.spec
/private/tmp/gptk4-wine-source/tools/install-sh -m 644  dlls/msasn1/x86_64-windows/libmsasn1.a /private/tmp/gptk4-runtime/lib/wine/x86_64-windows/libmsasn1.a
tools/winebuild/winebuild -w --implib -o dlls/mscms/x86_64-windows/libmscms.a -b x86_64-windows --export \
  /private/tmp/gptk4-wine-source/dlls/mscms/mscms.spec
/private/tmp/gptk4-wine-source/tools/install-sh -m 644  dlls/mscms/x86_64-windows/libmscms.a /private/tmp/gptk4-runtime/lib/wine/x86_64-windows/libmscms.a
/private/tmp/gptk4-wine-source/tools/install-sh -m 644  dlls/msdmo/x86_64-windows/libmsdmo.a /private/tmp/gptk4-runtime/lib/wine/x86_64-windows/libmsdmo.a
/private/tmp/gptk4-wine-source/tools/install-sh -m 644  dlls/mshtml/x86_64-windows/libmshtml.a /private/tmp/gptk4-runtime/lib/wine/x86_64-windows/libmshtml.a
/private/tmp/gptk4-wine-source/tools/install-sh -m 644  dlls/msi/x86_64-windows/libmsi.a /private/tmp/gptk4-runtime/lib/wine/x86_64-windows/libmsi.a
/private/tmp/gptk4-wine-source/tools/install-sh -m 644  dlls/msimg32/x86_64-windows/libmsimg32.a /private/tmp/gptk4-runtime/lib/wine/x86_64-windows/libmsimg32.a
/private/tmp/gptk4-wine-source/tools/install-sh -m 644  dlls/mspatcha/x86_64-windows/libmspatcha.a /private/tmp/gptk4-runtime/lib/wine/x86_64-windows/libmspatcha.a
/private/tmp/gptk4-wine-source/tools/install-sh -m 644  dlls/msvcp140/x86_64-windows/libmsvcp140.a /private/tmp/gptk4-runtime/lib/wine/x86_64-windows/libmsvcp140.a
/private/tmp/gptk4-wine-source/tools/install-sh -m 644  dlls/msvcr100/x86_64-windows/libmsvcr100.a /private/tmp/gptk4-runtime/lib/wine/x86_64-windows/libmsvcr100.a
/private/tmp/gptk4-wine-source/tools/install-sh -m 644  dlls/msvcr110/x86_64-windows/libmsvcr110.a /private/tmp/gptk4-runtime/lib/wine/x86_64-windows/libmsvcr110.a
/private/tmp/gptk4-wine-source/tools/install-sh -m 644  dlls/msvcr120/x86_64-windows/libmsvcr120.a /private/tmp/gptk4-runtime/lib/wine/x86_64-windows/libmsvcr120.a
/private/tmp/gptk4-wine-source/tools/install-sh -m 644  dlls/msvcr70/x86_64-windows/libmsvcr70.a /private/tmp/gptk4-runtime/lib/wine/x86_64-windows/libmsvcr70.a
/private/tmp/gptk4-wine-source/tools/install-sh -m 644  dlls/msvcr71/x86_64-windows/libmsvcr71.a /private/tmp/gptk4-runtime/lib/wine/x86_64-windows/libmsvcr71.a
/private/tmp/gptk4-wine-source/tools/install-sh -m 644  dlls/msvcr80/x86_64-windows/libmsvcr80.a /private/tmp/gptk4-runtime/lib/wine/x86_64-windows/libmsvcr80.a
/private/tmp/gptk4-wine-source/tools/install-sh -m 644  dlls/msvcr90/x86_64-windows/libmsvcr90.a /private/tmp/gptk4-runtime/lib/wine/x86_64-windows/libmsvcr90.a
/private/tmp/gptk4-wine-source/tools/install-sh -m 644  dlls/msvcrt/x86_64-windows/libmsvcrt.a /private/tmp/gptk4-runtime/lib/wine/x86_64-windows/libmsvcrt.a
clang -D__STDC__ -c -o dlls/msvcrtd/x86_64-windows/iob.o /private/tmp/gptk4-wine-source/dlls/msvcrt/iob.c -Idlls/msvcrtd \
  -I/private/tmp/gptk4-wine-source/dlls/msvcrtd -I/private/tmp/gptk4-wine-source/dlls/msvcrt \
  -Iinclude -I/private/tmp/gptk4-wine-source/include -I/private/tmp/gptk4-wine-source/include/msvcrt \
  -D_MSVCR_VER=0 -D__WINESRC__ -D_CRTIMP= -D_DEBUG= -D__WINE_PE_BUILD -Wall -target x86_64-windows \
  -fuse-ld=lld --no-default-config -fno-strict-aliasing -Wdeclaration-after-statement -Wempty-body \
  -Wignored-qualifiers -Winit-self -Wno-pragma-pack -Wno-microsoft-enum-forward-reference \
  -Wstrict-prototypes -Wtype-limits -Wunused-but-set-parameter -Wvla -Wwrite-strings -Wpointer-arith \
  -Wabsolute-value -ffunction-sections -fms-hotpatch -Wformat-overflow -Wnonnull -mcx16 \
  -mcmodel=small -gdwarf-4 -fno-builtin -g -O2
clang -D__STDC__ -c -o dlls/msvcrtd/x86_64-windows/onexit.o /private/tmp/gptk4-wine-source/dlls/msvcrt/onexit.c -Idlls/msvcrtd \
  -I/private/tmp/gptk4-wine-source/dlls/msvcrtd -I/private/tmp/gptk4-wine-source/dlls/msvcrt \
  -Iinclude -I/private/tmp/gptk4-wine-source/include -I/private/tmp/gptk4-wine-source/include/msvcrt \
  -D_MSVCR_VER=0 -D__WINESRC__ -D_CRTIMP= -D_DEBUG= -D__WINE_PE_BUILD -Wall -target x86_64-windows \
  -fuse-ld=lld --no-default-config -fno-strict-aliasing -Wdeclaration-after-statement -Wempty-body \
  -Wignored-qualifiers -Winit-self -Wno-pragma-pack -Wno-microsoft-enum-forward-reference \
  -Wstrict-prototypes -Wtype-limits -Wunused-but-set-parameter -Wvla -Wwrite-strings -Wpointer-arith \
  -Wabsolute-value -ffunction-sections -fms-hotpatch -Wformat-overflow -Wnonnull -mcx16 \
  -mcmodel=small -gdwarf-4 -fno-builtin -g -O2
tools/winebuild/winebuild -w --implib -o dlls/msvcrtd/x86_64-windows/libmsvcrtd.a -b x86_64-windows --export \
  /private/tmp/gptk4-wine-source/dlls/msvcrtd/msvcrtd.spec dlls/msvcrtd/x86_64-windows/iob.o \
  dlls/msvcrtd/x86_64-windows/onexit.o
/private/tmp/gptk4-wine-source/tools/install-sh -m 644  dlls/msvcrtd/x86_64-windows/libmsvcrtd.a /private/tmp/gptk4-runtime/lib/wine/x86_64-windows/libmsvcrtd.a
/private/tmp/gptk4-wine-source/tools/install-sh -m 644  dlls/msvfw32/x86_64-windows/libmsvfw32.a /private/tmp/gptk4-runtime/lib/wine/x86_64-windows/libmsvfw32.a
/private/tmp/gptk4-wine-source/tools/install-sh -m 644  dlls/mswsock/x86_64-windows/libmswsock.a /private/tmp/gptk4-runtime/lib/wine/x86_64-windows/libmswsock.a
tools/winebuild/winebuild -w --implib -o dlls/ncrypt/x86_64-windows/libncrypt.a -b x86_64-windows --export \
  /private/tmp/gptk4-wine-source/dlls/ncrypt/ncrypt.spec
/private/tmp/gptk4-wine-source/tools/install-sh -m 644  dlls/ncrypt/x86_64-windows/libncrypt.a /private/tmp/gptk4-runtime/lib/wine/x86_64-windows/libncrypt.a
tools/winebuild/winebuild -w --implib -o dlls/nddeapi/x86_64-windows/libnddeapi.a -b x86_64-windows --export \
  /private/tmp/gptk4-wine-source/dlls/nddeapi/nddeapi.spec
/private/tmp/gptk4-wine-source/tools/install-sh -m 644  dlls/nddeapi/x86_64-windows/libnddeapi.a /private/tmp/gptk4-runtime/lib/wine/x86_64-windows/libnddeapi.a
/private/tmp/gptk4-wine-source/tools/install-sh -m 644  dlls/netapi32/x86_64-windows/libnetapi32.a /private/tmp/gptk4-runtime/lib/wine/x86_64-windows/libnetapi32.a
tools/winebuild/winebuild -w --implib -o dlls/netio.sys/x86_64-windows/libnetio.a -b x86_64-windows --export \
  /private/tmp/gptk4-wine-source/dlls/netio.sys/netio.sys.spec
/private/tmp/gptk4-wine-source/tools/install-sh -m 644  dlls/netio.sys/x86_64-windows/libnetio.a /private/tmp/gptk4-runtime/lib/wine/x86_64-windows/libnetio.a
/private/tmp/gptk4-wine-source/tools/install-sh -m 644  dlls/netutils/x86_64-windows/libnetutils.a /private/tmp/gptk4-runtime/lib/wine/x86_64-windows/libnetutils.a
/private/tmp/gptk4-wine-source/tools/install-sh -m 644  dlls/newdev/x86_64-windows/libnewdev.a /private/tmp/gptk4-runtime/lib/wine/x86_64-windows/libnewdev.a
tools/winebuild/winebuild -w --implib -o dlls/ninput/x86_64-windows/libninput.a -b x86_64-windows --export \
  /private/tmp/gptk4-wine-source/dlls/ninput/ninput.spec
/private/tmp/gptk4-wine-source/tools/install-sh -m 644  dlls/ninput/x86_64-windows/libninput.a /private/tmp/gptk4-runtime/lib/wine/x86_64-windows/libninput.a
tools/winebuild/winebuild -w --implib -o dlls/normaliz/x86_64-windows/libnormaliz.a -b x86_64-windows --export \
  /private/tmp/gptk4-wine-source/dlls/normaliz/normaliz.spec
/private/tmp/gptk4-wine-source/tools/install-sh -m 644  dlls/normaliz/x86_64-windows/libnormaliz.a /private/tmp/gptk4-runtime/lib/wine/x86_64-windows/libnormaliz.a
/private/tmp/gptk4-wine-source/tools/install-sh -m 644  dlls/nsi/x86_64-windows/libnsi.a /private/tmp/gptk4-runtime/lib/wine/x86_64-windows/libnsi.a
/private/tmp/gptk4-wine-source/tools/install-sh -m 644  dlls/ntdll/x86_64-windows/libntdll.a /private/tmp/gptk4-runtime/lib/wine/x86_64-windows/libntdll.a
tools/winebuild/winebuild -w --implib -o dlls/ntdsapi/x86_64-windows/libntdsapi.a -b x86_64-windows --export \
  /private/tmp/gptk4-wine-source/dlls/ntdsapi/ntdsapi.spec
/private/tmp/gptk4-wine-source/tools/install-sh -m 644  dlls/ntdsapi/x86_64-windows/libntdsapi.a /private/tmp/gptk4-runtime/lib/wine/x86_64-windows/libntdsapi.a
/private/tmp/gptk4-wine-source/tools/install-sh -m 644  dlls/ntoskrnl.exe/x86_64-windows/libntoskrnl.a /private/tmp/gptk4-runtime/lib/wine/x86_64-windows/libntoskrnl.a
/private/tmp/gptk4-wine-source/tools/install-sh -m 644  dlls/odbc32/x86_64-windows/libodbc32.a /private/tmp/gptk4-runtime/lib/wine/x86_64-windows/libodbc32.a
/private/tmp/gptk4-wine-source/tools/install-sh -m 644  dlls/odbccp32/x86_64-windows/libodbccp32.a /private/tmp/gptk4-runtime/lib/wine/x86_64-windows/libodbccp32.a
/private/tmp/gptk4-wine-source/tools/install-sh -m 644  dlls/ole32/x86_64-windows/libole32.a /private/tmp/gptk4-runtime/lib/wine/x86_64-windows/libole32.a
/private/tmp/gptk4-wine-source/tools/install-sh -m 644  dlls/oleacc/x86_64-windows/liboleacc.a /private/tmp/gptk4-runtime/lib/wine/x86_64-windows/liboleacc.a
/private/tmp/gptk4-wine-source/tools/install-sh -m 644  dlls/oleaut32/x86_64-windows/liboleaut32.a /private/tmp/gptk4-runtime/lib/wine/x86_64-windows/liboleaut32.a
tools/winebuild/winebuild -w --implib -o dlls/olecli32/x86_64-windows/libolecli32.a -b x86_64-windows --export \
  /private/tmp/gptk4-wine-source/dlls/olecli32/olecli32.spec
/private/tmp/gptk4-wine-source/tools/install-sh -m 644  dlls/olecli32/x86_64-windows/libolecli32.a /private/tmp/gptk4-runtime/lib/wine/x86_64-windows/libolecli32.a
/private/tmp/gptk4-wine-source/tools/install-sh -m 644  dlls/oledlg/x86_64-windows/liboledlg.a /private/tmp/gptk4-runtime/lib/wine/x86_64-windows/liboledlg.a
tools/winebuild/winebuild -w --implib -o dlls/olepro32/x86_64-windows/libolepro32.a -b x86_64-windows --export \
  /private/tmp/gptk4-wine-source/dlls/olepro32/olepro32.spec
/private/tmp/gptk4-wine-source/tools/install-sh -m 644  dlls/olepro32/x86_64-windows/libolepro32.a /private/tmp/gptk4-runtime/lib/wine/x86_64-windows/libolepro32.a
tools/winebuild/winebuild -w --implib -o dlls/olesvr32/x86_64-windows/libolesvr32.a -b x86_64-windows --export \
  /private/tmp/gptk4-wine-source/dlls/olesvr32/olesvr32.spec
/private/tmp/gptk4-wine-source/tools/install-sh -m 644  dlls/olesvr32/x86_64-windows/libolesvr32.a /private/tmp/gptk4-runtime/lib/wine/x86_64-windows/libolesvr32.a
/private/tmp/gptk4-wine-source/tools/install-sh -m 644  dlls/opengl32/x86_64-windows/libopengl32.a /private/tmp/gptk4-runtime/lib/wine/x86_64-windows/libopengl32.a
tools/winebuild/winebuild -w --implib -o dlls/pdh/x86_64-windows/libpdh.a -b x86_64-windows --export \
  /private/tmp/gptk4-wine-source/dlls/pdh/pdh.spec
/private/tmp/gptk4-wine-source/tools/install-sh -m 644  dlls/pdh/x86_64-windows/libpdh.a /private/tmp/gptk4-runtime/lib/wine/x86_64-windows/libpdh.a
tools/winebuild/winebuild -w --implib -o dlls/powrprof/x86_64-windows/libpowrprof.a -b x86_64-windows --export \
  /private/tmp/gptk4-wine-source/dlls/powrprof/powrprof.spec
/private/tmp/gptk4-wine-source/tools/install-sh -m 644  dlls/powrprof/x86_64-windows/libpowrprof.a /private/tmp/gptk4-runtime/lib/wine/x86_64-windows/libpowrprof.a
tools/winebuild/winebuild -w --implib -o dlls/prntvpt/x86_64-windows/libprntvpt.a -b x86_64-windows --export \
  /private/tmp/gptk4-wine-source/dlls/prntvpt/prntvpt.spec
/private/tmp/gptk4-wine-source/tools/install-sh -m 644  dlls/prntvpt/x86_64-windows/libprntvpt.a /private/tmp/gptk4-runtime/lib/wine/x86_64-windows/libprntvpt.a
tools/winebuild/winebuild -w --implib -o dlls/profapi/x86_64-windows/libprofapi.a -b x86_64-windows --export \
  /private/tmp/gptk4-wine-source/dlls/profapi/profapi.spec
warning: profapi.dll: Import library doesn't export anything
/private/tmp/gptk4-wine-source/tools/install-sh -m 644  dlls/profapi/x86_64-windows/libprofapi.a /private/tmp/gptk4-runtime/lib/wine/x86_64-windows/libprofapi.a
/private/tmp/gptk4-wine-source/tools/install-sh -m 644  dlls/propsys/x86_64-windows/libpropsys.a /private/tmp/gptk4-runtime/lib/wine/x86_64-windows/libpropsys.a
tools/winebuild/winebuild -w --implib -o dlls/psapi/x86_64-windows/libpsapi.a -b x86_64-windows --export \
  /private/tmp/gptk4-wine-source/dlls/psapi/psapi.spec
/private/tmp/gptk4-wine-source/tools/install-sh -m 644  dlls/psapi/x86_64-windows/libpsapi.a /private/tmp/gptk4-runtime/lib/wine/x86_64-windows/libpsapi.a
tools/winebuild/winebuild -w --implib -o dlls/quartz/x86_64-windows/libquartz.a -b x86_64-windows --export \
  /private/tmp/gptk4-wine-source/dlls/quartz/quartz.spec
/private/tmp/gptk4-wine-source/tools/install-sh -m 644  dlls/quartz/x86_64-windows/libquartz.a /private/tmp/gptk4-runtime/lib/wine/x86_64-windows/libquartz.a
tools/winebuild/winebuild -w --implib -o dlls/qwave/x86_64-windows/libqwave.a -b x86_64-windows --export \
  /private/tmp/gptk4-wine-source/dlls/qwave/qwave.spec
/private/tmp/gptk4-wine-source/tools/install-sh -m 644  dlls/qwave/x86_64-windows/libqwave.a /private/tmp/gptk4-runtime/lib/wine/x86_64-windows/libqwave.a
/private/tmp/gptk4-wine-source/tools/install-sh -m 644  dlls/rasapi32/x86_64-windows/librasapi32.a /private/tmp/gptk4-runtime/lib/wine/x86_64-windows/librasapi32.a
tools/winebuild/winebuild -w --implib -o dlls/rasdlg/x86_64-windows/librasdlg.a -b x86_64-windows --export \
  /private/tmp/gptk4-wine-source/dlls/rasdlg/rasdlg.spec
/private/tmp/gptk4-wine-source/tools/install-sh -m 644  dlls/rasdlg/x86_64-windows/librasdlg.a /private/tmp/gptk4-runtime/lib/wine/x86_64-windows/librasdlg.a
tools/winebuild/winebuild -w --implib -o dlls/resutils/x86_64-windows/libresutils.a -b x86_64-windows --export \
  /private/tmp/gptk4-wine-source/dlls/resutils/resutils.spec
/private/tmp/gptk4-wine-source/tools/install-sh -m 644  dlls/resutils/x86_64-windows/libresutils.a /private/tmp/gptk4-runtime/lib/wine/x86_64-windows/libresutils.a
/private/tmp/gptk4-wine-source/tools/install-sh -m 644  dlls/riched20/x86_64-windows/libriched20.a /private/tmp/gptk4-runtime/lib/wine/x86_64-windows/libriched20.a
tools/winebuild/winebuild -w --implib -o dlls/rometadata/x86_64-windows/librometadata.a -b x86_64-windows --export \
  /private/tmp/gptk4-wine-source/dlls/rometadata/rometadata.spec
/private/tmp/gptk4-wine-source/tools/install-sh -m 644  dlls/rometadata/x86_64-windows/librometadata.a /private/tmp/gptk4-runtime/lib/wine/x86_64-windows/librometadata.a
/private/tmp/gptk4-wine-source/tools/install-sh -m 644  dlls/rpcrt4/x86_64-windows/librpcrt4.a /private/tmp/gptk4-runtime/lib/wine/x86_64-windows/librpcrt4.a
/private/tmp/gptk4-wine-source/tools/install-sh -m 644  dlls/rsaenh/x86_64-windows/librsaenh.a /private/tmp/gptk4-runtime/lib/wine/x86_64-windows/librsaenh.a
tools/winebuild/winebuild -w --implib -o dlls/rtutils/x86_64-windows/librtutils.a -b x86_64-windows --export \
  /private/tmp/gptk4-wine-source/dlls/rtutils/rtutils.spec
/private/tmp/gptk4-wine-source/tools/install-sh -m 644  dlls/rtutils/x86_64-windows/librtutils.a /private/tmp/gptk4-runtime/lib/wine/x86_64-windows/librtutils.a
/private/tmp/gptk4-wine-source/tools/install-sh -m 644  dlls/rtworkq/x86_64-windows/librtworkq.a /private/tmp/gptk4-runtime/lib/wine/x86_64-windows/librtworkq.a
/private/tmp/gptk4-wine-source/tools/install-sh -m 644  dlls/scrrun/x86_64-windows/libscrrun.a /private/tmp/gptk4-runtime/lib/wine/x86_64-windows/libscrrun.a
/private/tmp/gptk4-wine-source/tools/install-sh -m 644  dlls/sechost/x86_64-windows/libsechost.a /private/tmp/gptk4-runtime/lib/wine/x86_64-windows/libsechost.a
/private/tmp/gptk4-wine-source/tools/install-sh -m 644  dlls/secur32/x86_64-windows/libsecur32.a /private/tmp/gptk4-runtime/lib/wine/x86_64-windows/libsecur32.a
/private/tmp/gptk4-wine-source/tools/install-sh -m 644  dlls/sensapi/x86_64-windows/libsensapi.a /private/tmp/gptk4-runtime/lib/wine/x86_64-windows/libsensapi.a
/private/tmp/gptk4-wine-source/tools/install-sh -m 644  dlls/setupapi/x86_64-windows/libsetupapi.a /private/tmp/gptk4-runtime/lib/wine/x86_64-windows/libsetupapi.a
tools/winebuild/winebuild -w --implib -o dlls/sfc/x86_64-windows/libsfc.a -b x86_64-windows --export \
  /private/tmp/gptk4-wine-source/dlls/sfc/sfc.spec
/private/tmp/gptk4-wine-source/tools/install-sh -m 644  dlls/sfc/x86_64-windows/libsfc.a /private/tmp/gptk4-runtime/lib/wine/x86_64-windows/libsfc.a
tools/winebuild/winebuild -w --implib -o dlls/sfc_os/x86_64-windows/libsfc_os.a -b x86_64-windows --export \
  /private/tmp/gptk4-wine-source/dlls/sfc_os/sfc_os.spec
/private/tmp/gptk4-wine-source/tools/install-sh -m 644  dlls/sfc_os/x86_64-windows/libsfc_os.a /private/tmp/gptk4-runtime/lib/wine/x86_64-windows/libsfc_os.a
/private/tmp/gptk4-wine-source/tools/install-sh -m 644  dlls/shcore/x86_64-windows/libshcore.a /private/tmp/gptk4-runtime/lib/wine/x86_64-windows/libshcore.a
/private/tmp/gptk4-wine-source/tools/install-sh -m 644  dlls/shdocvw/x86_64-windows/libshdocvw.a /private/tmp/gptk4-runtime/lib/wine/x86_64-windows/libshdocvw.a
/private/tmp/gptk4-wine-source/tools/install-sh -m 644  dlls/shell32/x86_64-windows/libshell32.a /private/tmp/gptk4-runtime/lib/wine/x86_64-windows/libshell32.a
tools/winebuild/winebuild -w --implib -o dlls/shfolder/x86_64-windows/libshfolder.a -b x86_64-windows --export \
  /private/tmp/gptk4-wine-source/dlls/shfolder/shfolder.spec
/private/tmp/gptk4-wine-source/tools/install-sh -m 644  dlls/shfolder/x86_64-windows/libshfolder.a /private/tmp/gptk4-runtime/lib/wine/x86_64-windows/libshfolder.a
/private/tmp/gptk4-wine-source/tools/install-sh -m 644  dlls/shlwapi/x86_64-windows/libshlwapi.a /private/tmp/gptk4-runtime/lib/wine/x86_64-windows/libshlwapi.a
tools/winebuild/winebuild -w --implib -o dlls/slc/x86_64-windows/libslc.a -b x86_64-windows --export \
  /private/tmp/gptk4-wine-source/dlls/slc/slc.spec
/private/tmp/gptk4-wine-source/tools/install-sh -m 644  dlls/slc/x86_64-windows/libslc.a /private/tmp/gptk4-runtime/lib/wine/x86_64-windows/libslc.a
/private/tmp/gptk4-wine-source/tools/install-sh -m 644  dlls/snmpapi/x86_64-windows/libsnmpapi.a /private/tmp/gptk4-runtime/lib/wine/x86_64-windows/libsnmpapi.a
/private/tmp/gptk4-wine-source/tools/install-sh -m 644  dlls/spoolss/x86_64-windows/libspoolss.a /private/tmp/gptk4-runtime/lib/wine/x86_64-windows/libspoolss.a
tools/winebuild/winebuild -w --implib -o dlls/sti/x86_64-windows/libsti.a -b x86_64-windows --export \
  /private/tmp/gptk4-wine-source/dlls/sti/sti.spec
/private/tmp/gptk4-wine-source/tools/install-sh -m 644  dlls/sti/x86_64-windows/libsti.a /private/tmp/gptk4-runtime/lib/wine/x86_64-windows/libsti.a
/private/tmp/gptk4-wine-source/tools/install-sh -m 644  dlls/sxs/x86_64-windows/libsxs.a /private/tmp/gptk4-runtime/lib/wine/x86_64-windows/libsxs.a
tools/winebuild/winebuild -w --implib -o dlls/t2embed/x86_64-windows/libt2embed.a -b x86_64-windows --export \
  /private/tmp/gptk4-wine-source/dlls/t2embed/t2embed.spec
/private/tmp/gptk4-wine-source/tools/install-sh -m 644  dlls/t2embed/x86_64-windows/libt2embed.a /private/tmp/gptk4-runtime/lib/wine/x86_64-windows/libt2embed.a
tools/winebuild/winebuild -w --implib -o dlls/tapi32/x86_64-windows/libtapi32.a -b x86_64-windows --export \
  /private/tmp/gptk4-wine-source/dlls/tapi32/tapi32.spec
/private/tmp/gptk4-wine-source/tools/install-sh -m 644  dlls/tapi32/x86_64-windows/libtapi32.a /private/tmp/gptk4-runtime/lib/wine/x86_64-windows/libtapi32.a
/private/tmp/gptk4-wine-source/tools/install-sh -m 644  dlls/ucrtbase/x86_64-windows/libucrtbase.a /private/tmp/gptk4-runtime/lib/wine/x86_64-windows/libucrtbase.a
tools/winebuild/winebuild -w --implib -o dlls/uiautomationcore/x86_64-windows/libuiautomationcore.a -b x86_64-windows --export \
  /private/tmp/gptk4-wine-source/dlls/uiautomationcore/uiautomationcore.spec
/private/tmp/gptk4-wine-source/tools/install-sh -m 644  dlls/uiautomationcore/x86_64-windows/libuiautomationcore.a /private/tmp/gptk4-runtime/lib/wine/x86_64-windows/libuiautomationcore.a
tools/winebuild/winebuild -w --implib -o dlls/unicows/x86_64-windows/libunicows.a -b x86_64-windows --export \
  /private/tmp/gptk4-wine-source/dlls/unicows/unicows.spec
/private/tmp/gptk4-wine-source/tools/install-sh -m 644  dlls/unicows/x86_64-windows/libunicows.a /private/tmp/gptk4-runtime/lib/wine/x86_64-windows/libunicows.a
tools/winebuild/winebuild -w --implib -o dlls/url/x86_64-windows/liburl.a -b x86_64-windows --export \
  /private/tmp/gptk4-wine-source/dlls/url/url.spec
/private/tmp/gptk4-wine-source/tools/install-sh -m 644  dlls/url/x86_64-windows/liburl.a /private/tmp/gptk4-runtime/lib/wine/x86_64-windows/liburl.a
/private/tmp/gptk4-wine-source/tools/install-sh -m 644  dlls/urlmon/x86_64-windows/liburlmon.a /private/tmp/gptk4-runtime/lib/wine/x86_64-windows/liburlmon.a
tools/winebuild/winebuild -w --implib -o dlls/usbd.sys/x86_64-windows/libusbd.a -b x86_64-windows --export \
  /private/tmp/gptk4-wine-source/dlls/usbd.sys/usbd.sys.spec
/private/tmp/gptk4-wine-source/tools/install-sh -m 644  dlls/usbd.sys/x86_64-windows/libusbd.a /private/tmp/gptk4-runtime/lib/wine/x86_64-windows/libusbd.a
/private/tmp/gptk4-wine-source/tools/install-sh -m 644  dlls/user32/x86_64-windows/libuser32.a /private/tmp/gptk4-runtime/lib/wine/x86_64-windows/libuser32.a
/private/tmp/gptk4-wine-source/tools/install-sh -m 644  dlls/userenv/x86_64-windows/libuserenv.a /private/tmp/gptk4-runtime/lib/wine/x86_64-windows/libuserenv.a
tools/winebuild/winebuild -w --implib -o dlls/usp10/x86_64-windows/libusp10.a -b x86_64-windows --export \
  /private/tmp/gptk4-wine-source/dlls/usp10/usp10.spec
/private/tmp/gptk4-wine-source/tools/install-sh -m 644  dlls/usp10/x86_64-windows/libusp10.a /private/tmp/gptk4-runtime/lib/wine/x86_64-windows/libusp10.a
/private/tmp/gptk4-wine-source/tools/install-sh -m 644  dlls/uxtheme/x86_64-windows/libuxtheme.a /private/tmp/gptk4-runtime/lib/wine/x86_64-windows/libuxtheme.a
/private/tmp/gptk4-wine-source/tools/install-sh -m 644  dlls/vcruntime140/x86_64-windows/libvcruntime140.a /private/tmp/gptk4-runtime/lib/wine/x86_64-windows/libvcruntime140.a
tools/winebuild/winebuild -w --implib -o dlls/vdmdbg/x86_64-windows/libvdmdbg.a -b x86_64-windows --export \
  /private/tmp/gptk4-wine-source/dlls/vdmdbg/vdmdbg.spec
/private/tmp/gptk4-wine-source/tools/install-sh -m 644  dlls/vdmdbg/x86_64-windows/libvdmdbg.a /private/tmp/gptk4-runtime/lib/wine/x86_64-windows/libvdmdbg.a
/private/tmp/gptk4-wine-source/tools/install-sh -m 644  dlls/version/x86_64-windows/libversion.a /private/tmp/gptk4-runtime/lib/wine/x86_64-windows/libversion.a
tools/winebuild/winebuild -w --implib -o dlls/vulkan-1/x86_64-windows/libvulkan-1.a -b x86_64-windows --export \
  /private/tmp/gptk4-wine-source/dlls/vulkan-1/vulkan-1.spec
/private/tmp/gptk4-wine-source/tools/install-sh -m 644  dlls/vulkan-1/x86_64-windows/libvulkan-1.a /private/tmp/gptk4-runtime/lib/wine/x86_64-windows/libvulkan-1.a
/private/tmp/gptk4-wine-source/tools/install-sh -m 644  dlls/webservices/x86_64-windows/libwebservices.a /private/tmp/gptk4-runtime/lib/wine/x86_64-windows/libwebservices.a
tools/winebuild/winebuild -w --implib -o dlls/wer/x86_64-windows/libwer.a -b x86_64-windows --export \
  /private/tmp/gptk4-wine-source/dlls/wer/wer.spec
/private/tmp/gptk4-wine-source/tools/install-sh -m 644  dlls/wer/x86_64-windows/libwer.a /private/tmp/gptk4-runtime/lib/wine/x86_64-windows/libwer.a
tools/winebuild/winebuild -w --implib -o dlls/wevtapi/x86_64-windows/libwevtapi.a -b x86_64-windows --export \
  /private/tmp/gptk4-wine-source/dlls/wevtapi/wevtapi.spec
/private/tmp/gptk4-wine-source/tools/install-sh -m 644  dlls/wevtapi/x86_64-windows/libwevtapi.a /private/tmp/gptk4-runtime/lib/wine/x86_64-windows/libwevtapi.a
/private/tmp/gptk4-wine-source/tools/install-sh -m 644  dlls/win32u/x86_64-windows/libwin32u.a /private/tmp/gptk4-runtime/lib/wine/x86_64-windows/libwin32u.a
/private/tmp/gptk4-wine-source/tools/install-sh -m 644  dlls/windowscodecs/x86_64-windows/libwindowscodecs.a /private/tmp/gptk4-runtime/lib/wine/x86_64-windows/libwindowscodecs.a
tools/winebuild/winebuild -w --implib -o dlls/windowscodecsext/x86_64-windows/libwindowscodecsext.a -b x86_64-windows --export \
  /private/tmp/gptk4-wine-source/dlls/windowscodecsext/windowscodecsext.spec
/private/tmp/gptk4-wine-source/tools/install-sh -m 644  dlls/windowscodecsext/x86_64-windows/libwindowscodecsext.a /private/tmp/gptk4-runtime/lib/wine/x86_64-windows/libwindowscodecsext.a
/private/tmp/gptk4-wine-source/tools/install-sh -m 644  dlls/winecrt0/x86_64-windows/libwinecrt0.a /private/tmp/gptk4-runtime/lib/wine/x86_64-windows/libwinecrt0.a
/private/tmp/gptk4-wine-source/tools/install-sh -m 644  dlls/wined3d/x86_64-windows/libwined3d.a /private/tmp/gptk4-runtime/lib/wine/x86_64-windows/libwined3d.a
/private/tmp/gptk4-wine-source/tools/install-sh -m 644  dlls/winedmo/x86_64-windows/libwinedmo.a /private/tmp/gptk4-runtime/lib/wine/x86_64-windows/libwinedmo.a
tools/winebuild/winebuild -w --implib -o dlls/winevulkan/x86_64-windows/libwinevulkan.a -b x86_64-windows --export \
  /private/tmp/gptk4-wine-source/dlls/winevulkan/winevulkan.spec
/private/tmp/gptk4-wine-source/tools/install-sh -m 644  dlls/winevulkan/x86_64-windows/libwinevulkan.a /private/tmp/gptk4-runtime/lib/wine/x86_64-windows/libwinevulkan.a
tools/winebuild/winebuild -w --implib -o dlls/wing32/x86_64-windows/libwing32.a -b x86_64-windows --export \
  /private/tmp/gptk4-wine-source/dlls/wing32/wing32.spec
/private/tmp/gptk4-wine-source/tools/install-sh -m 644  dlls/wing32/x86_64-windows/libwing32.a /private/tmp/gptk4-runtime/lib/wine/x86_64-windows/libwing32.a
/private/tmp/gptk4-wine-source/tools/install-sh -m 644  dlls/winhttp/x86_64-windows/libwinhttp.a /private/tmp/gptk4-runtime/lib/wine/x86_64-windows/libwinhttp.a
/private/tmp/gptk4-wine-source/tools/install-sh -m 644  dlls/wininet/x86_64-windows/libwininet.a /private/tmp/gptk4-runtime/lib/wine/x86_64-windows/libwininet.a
/private/tmp/gptk4-wine-source/tools/install-sh -m 644  dlls/winmm/x86_64-windows/libwinmm.a /private/tmp/gptk4-runtime/lib/wine/x86_64-windows/libwinmm.a
tools/winebuild/winebuild -w --implib -o dlls/winnls32/x86_64-windows/libwinnls32.a -b x86_64-windows --export \
  /private/tmp/gptk4-wine-source/dlls/winnls32/winnls32.spec
/private/tmp/gptk4-wine-source/tools/install-sh -m 644  dlls/winnls32/x86_64-windows/libwinnls32.a /private/tmp/gptk4-runtime/lib/wine/x86_64-windows/libwinnls32.a
tools/winebuild/winebuild -w --implib -o dlls/winscard/x86_64-windows/libwinscard.a -b x86_64-windows --export \
  /private/tmp/gptk4-wine-source/dlls/winscard/winscard.spec
/private/tmp/gptk4-wine-source/tools/install-sh -m 644  dlls/winscard/x86_64-windows/libwinscard.a /private/tmp/gptk4-runtime/lib/wine/x86_64-windows/libwinscard.a
/private/tmp/gptk4-wine-source/tools/install-sh -m 644  dlls/winspool.drv/x86_64-windows/libwinspool.a /private/tmp/gptk4-runtime/lib/wine/x86_64-windows/libwinspool.a
tools/winebuild/winebuild -w --implib -o dlls/wintab32/x86_64-windows/libwintab32.a -b x86_64-windows --export \
  /private/tmp/gptk4-wine-source/dlls/wintab32/wintab32.spec
/private/tmp/gptk4-wine-source/tools/install-sh -m 644  dlls/wintab32/x86_64-windows/libwintab32.a /private/tmp/gptk4-runtime/lib/wine/x86_64-windows/libwintab32.a
/private/tmp/gptk4-wine-source/tools/install-sh -m 644  dlls/wintrust/x86_64-windows/libwintrust.a /private/tmp/gptk4-runtime/lib/wine/x86_64-windows/libwintrust.a
tools/winebuild/winebuild -w --implib -o dlls/wintypes/x86_64-windows/libwintypes.a -b x86_64-windows --export \
  /private/tmp/gptk4-wine-source/dlls/wintypes/wintypes.spec
/private/tmp/gptk4-wine-source/tools/install-sh -m 644  dlls/wintypes/x86_64-windows/libwintypes.a /private/tmp/gptk4-runtime/lib/wine/x86_64-windows/libwintypes.a
tools/winebuild/winebuild -w --implib -o dlls/wlanapi/x86_64-windows/libwlanapi.a -b x86_64-windows --export \
  /private/tmp/gptk4-wine-source/dlls/wlanapi/wlanapi.spec
/private/tmp/gptk4-wine-source/tools/install-sh -m 644  dlls/wlanapi/x86_64-windows/libwlanapi.a /private/tmp/gptk4-runtime/lib/wine/x86_64-windows/libwlanapi.a
/private/tmp/gptk4-wine-source/tools/install-sh -m 644  dlls/wldap32/x86_64-windows/libwldap32.a /private/tmp/gptk4-runtime/lib/wine/x86_64-windows/libwldap32.a
/private/tmp/gptk4-wine-source/tools/install-sh -m 644  dlls/wmvcore/x86_64-windows/libwmvcore.a /private/tmp/gptk4-runtime/lib/wine/x86_64-windows/libwmvcore.a
tools/winebuild/winebuild -w --implib -o dlls/wnaspi32/x86_64-windows/libwnaspi32.a -b x86_64-windows --export \
  /private/tmp/gptk4-wine-source/dlls/wnaspi32/wnaspi32.spec
/private/tmp/gptk4-wine-source/tools/install-sh -m 644  dlls/wnaspi32/x86_64-windows/libwnaspi32.a /private/tmp/gptk4-runtime/lib/wine/x86_64-windows/libwnaspi32.a
/private/tmp/gptk4-wine-source/tools/install-sh -m 644  dlls/wow64/x86_64-windows/libwow64.a /private/tmp/gptk4-runtime/lib/wine/x86_64-windows/libwow64.a
/private/tmp/gptk4-wine-source/tools/install-sh -m 644  dlls/ws2_32/x86_64-windows/libws2_32.a /private/tmp/gptk4-runtime/lib/wine/x86_64-windows/libws2_32.a
tools/winebuild/winebuild -w --implib -o dlls/wsdapi/x86_64-windows/libwsdapi.a -b x86_64-windows --export \
  /private/tmp/gptk4-wine-source/dlls/wsdapi/wsdapi.spec
/private/tmp/gptk4-wine-source/tools/install-sh -m 644  dlls/wsdapi/x86_64-windows/libwsdapi.a /private/tmp/gptk4-runtime/lib/wine/x86_64-windows/libwsdapi.a
tools/winebuild/winebuild -w --implib -o dlls/wsnmp32/x86_64-windows/libwsnmp32.a -b x86_64-windows --export \
  /private/tmp/gptk4-wine-source/dlls/wsnmp32/wsnmp32.spec
/private/tmp/gptk4-wine-source/tools/install-sh -m 644  dlls/wsnmp32/x86_64-windows/libwsnmp32.a /private/tmp/gptk4-runtime/lib/wine/x86_64-windows/libwsnmp32.a
tools/winebuild/winebuild -w --implib -o dlls/wsock32/x86_64-windows/libwsock32.a -b x86_64-windows --export \
  /private/tmp/gptk4-wine-source/dlls/wsock32/wsock32.spec
/private/tmp/gptk4-wine-source/tools/install-sh -m 644  dlls/wsock32/x86_64-windows/libwsock32.a /private/tmp/gptk4-runtime/lib/wine/x86_64-windows/libwsock32.a
tools/winebuild/winebuild -w --implib -o dlls/wtsapi32/x86_64-windows/libwtsapi32.a -b x86_64-windows --export \
  /private/tmp/gptk4-wine-source/dlls/wtsapi32/wtsapi32.spec
/private/tmp/gptk4-wine-source/tools/install-sh -m 644  dlls/wtsapi32/x86_64-windows/libwtsapi32.a /private/tmp/gptk4-runtime/lib/wine/x86_64-windows/libwtsapi32.a
tools/winebuild/winebuild -w --implib -o dlls/xaudio2_8/x86_64-windows/libxaudio2_8.a -b x86_64-windows --export \
  /private/tmp/gptk4-wine-source/dlls/xaudio2_8/xaudio2_8.spec
/private/tmp/gptk4-wine-source/tools/install-sh -m 644  dlls/xaudio2_8/x86_64-windows/libxaudio2_8.a /private/tmp/gptk4-runtime/lib/wine/x86_64-windows/libxaudio2_8.a
/private/tmp/gptk4-wine-source/tools/install-sh -m 644  dlls/xinput1_3/x86_64-windows/libxinput.a /private/tmp/gptk4-runtime/lib/wine/x86_64-windows/libxinput.a
/private/tmp/gptk4-wine-source/tools/install-sh -m 644  dlls/xmllite/x86_64-windows/libxmllite.a /private/tmp/gptk4-runtime/lib/wine/x86_64-windows/libxmllite.a
/private/tmp/gptk4-wine-source/tools/install-sh -m 644  /private/tmp/gptk4-wine-source/include/accctrl.h /private/tmp/gptk4-runtime/include/wine/windows/accctrl.h
/private/tmp/gptk4-wine-source/tools/install-sh -m 644  /private/tmp/gptk4-wine-source/include/access.idl /private/tmp/gptk4-runtime/include/wine/windows/access.idl
/private/tmp/gptk4-wine-source/tools/install-sh -m 644  /private/tmp/gptk4-wine-source/include/aclapi.h /private/tmp/gptk4-runtime/include/wine/windows/aclapi.h
/private/tmp/gptk4-wine-source/tools/install-sh -m 644  /private/tmp/gptk4-wine-source/include/aclui.h /private/tmp/gptk4-runtime/include/wine/windows/aclui.h
/private/tmp/gptk4-wine-source/tools/install-sh -m 644  /private/tmp/gptk4-wine-source/include/activation.idl /private/tmp/gptk4-runtime/include/wine/windows/activation.idl
/private/tmp/gptk4-wine-source/tools/install-sh -m 644  include/activation.h /private/tmp/gptk4-runtime/include/wine/windows/activation.h
/private/tmp/gptk4-wine-source/tools/install-sh -m 644  /private/tmp/gptk4-wine-source/include/activaut.idl /private/tmp/gptk4-runtime/include/wine/windows/activaut.idl
/private/tmp/gptk4-wine-source/tools/install-sh -m 644  include/activaut.h /private/tmp/gptk4-runtime/include/wine/windows/activaut.h
/private/tmp/gptk4-wine-source/tools/install-sh -m 644  /private/tmp/gptk4-wine-source/include/activdbg.idl /private/tmp/gptk4-runtime/include/wine/windows/activdbg.idl
/private/tmp/gptk4-wine-source/tools/install-sh -m 644  include/activdbg.h /private/tmp/gptk4-runtime/include/wine/windows/activdbg.h
/private/tmp/gptk4-wine-source/tools/install-sh -m 644  /private/tmp/gptk4-wine-source/include/activeds.h /private/tmp/gptk4-runtime/include/wine/windows/activeds.h
/private/tmp/gptk4-wine-source/tools/install-sh -m 644  /private/tmp/gptk4-wine-source/include/activscp.idl /private/tmp/gptk4-runtime/include/wine/windows/activscp.idl
/private/tmp/gptk4-wine-source/tools/install-sh -m 644  include/activscp.h /private/tmp/gptk4-runtime/include/wine/windows/activscp.h
/private/tmp/gptk4-wine-source/tools/install-sh -m 644  /private/tmp/gptk4-wine-source/include/adserr.h /private/tmp/gptk4-runtime/include/wine/windows/adserr.h
/private/tmp/gptk4-wine-source/tools/install-sh -m 644  /private/tmp/gptk4-wine-source/include/adshlp.h /private/tmp/gptk4-runtime/include/wine/windows/adshlp.h
/private/tmp/gptk4-wine-source/tools/install-sh -m 644  /private/tmp/gptk4-wine-source/include/advpub.h /private/tmp/gptk4-runtime/include/wine/windows/advpub.h
/private/tmp/gptk4-wine-source/tools/install-sh -m 644  /private/tmp/gptk4-wine-source/include/af_irda.h /private/tmp/gptk4-runtime/include/wine/windows/af_irda.h
/private/tmp/gptk4-wine-source/tools/install-sh -m 644  /private/tmp/gptk4-wine-source/include/amaudio.h /private/tmp/gptk4-runtime/include/wine/windows/amaudio.h
/private/tmp/gptk4-wine-source/tools/install-sh -m 644  /private/tmp/gptk4-wine-source/include/amsi.idl /private/tmp/gptk4-runtime/include/wine/windows/amsi.idl
/private/tmp/gptk4-wine-source/tools/install-sh -m 644  include/amsi.h /private/tmp/gptk4-runtime/include/wine/windows/amsi.h
/private/tmp/gptk4-wine-source/tools/install-sh -m 644  /private/tmp/gptk4-wine-source/include/amstream.idl /private/tmp/gptk4-runtime/include/wine/windows/amstream.idl
/private/tmp/gptk4-wine-source/tools/install-sh -m 644  include/amstream.h /private/tmp/gptk4-runtime/include/wine/windows/amstream.h
/private/tmp/gptk4-wine-source/tools/install-sh -m 644  /private/tmp/gptk4-wine-source/include/amva.h /private/tmp/gptk4-runtime/include/wine/windows/amva.h
/private/tmp/gptk4-wine-source/tools/install-sh -m 644  /private/tmp/gptk4-wine-source/include/amvideo.idl /private/tmp/gptk4-runtime/include/wine/windows/amvideo.idl
/private/tmp/gptk4-wine-source/tools/install-sh -m 644  include/amvideo.h /private/tmp/gptk4-runtime/include/wine/windows/amvideo.h
/private/tmp/gptk4-wine-source/tools/install-sh -m 644  /private/tmp/gptk4-wine-source/include/appcompatapi.h /private/tmp/gptk4-runtime/include/wine/windows/appcompatapi.h
/private/tmp/gptk4-wine-source/tools/install-sh -m 644  /private/tmp/gptk4-wine-source/include/appmgmt.h /private/tmp/gptk4-runtime/include/wine/windows/appmgmt.h
/private/tmp/gptk4-wine-source/tools/install-sh -m 644  /private/tmp/gptk4-wine-source/include/appmodel.h /private/tmp/gptk4-runtime/include/wine/windows/appmodel.h
/private/tmp/gptk4-wine-source/tools/install-sh -m 644  /private/tmp/gptk4-wine-source/include/appnotify.h /private/tmp/gptk4-runtime/include/wine/windows/appnotify.h
/private/tmp/gptk4-wine-source/tools/install-sh -m 644  /private/tmp/gptk4-wine-source/include/asferr.h /private/tmp/gptk4-runtime/include/wine/windows/asferr.h
/private/tmp/gptk4-wine-source/tools/install-sh -m 644  /private/tmp/gptk4-wine-source/include/asptlb.idl /private/tmp/gptk4-runtime/include/wine/windows/asptlb.idl
/private/tmp/gptk4-wine-source/tools/install-sh -m 644  include/asptlb.h /private/tmp/gptk4-runtime/include/wine/windows/asptlb.h
/private/tmp/gptk4-wine-source/tools/install-sh -m 644  /private/tmp/gptk4-wine-source/include/asyncinfo.idl /private/tmp/gptk4-runtime/include/wine/windows/asyncinfo.idl
/private/tmp/gptk4-wine-source/tools/install-sh -m 644  include/asyncinfo.h /private/tmp/gptk4-runtime/include/wine/windows/asyncinfo.h
/private/tmp/gptk4-wine-source/tools/install-sh -m 644  /private/tmp/gptk4-wine-source/include/asynot.idl /private/tmp/gptk4-runtime/include/wine/windows/asynot.idl
/private/tmp/gptk4-wine-source/tools/install-sh -m 644  /private/tmp/gptk4-wine-source/include/asysta.idl /private/tmp/gptk4-runtime/include/wine/windows/asysta.idl
/private/tmp/gptk4-wine-source/tools/install-sh -m 644  /private/tmp/gptk4-wine-source/include/atlbase.h /private/tmp/gptk4-runtime/include/wine/windows/atlbase.h
/private/tmp/gptk4-wine-source/tools/install-sh -m 644  /private/tmp/gptk4-wine-source/include/atlcom.h /private/tmp/gptk4-runtime/include/wine/windows/atlcom.h
/private/tmp/gptk4-wine-source/tools/install-sh -m 644  /private/tmp/gptk4-wine-source/include/atldef.h /private/tmp/gptk4-runtime/include/wine/windows/atldef.h
/private/tmp/gptk4-wine-source/tools/install-sh -m 644  /private/tmp/gptk4-wine-source/include/atliface.idl /private/tmp/gptk4-runtime/include/wine/windows/atliface.idl
/private/tmp/gptk4-wine-source/tools/install-sh -m 644  include/atliface.h /private/tmp/gptk4-runtime/include/wine/windows/atliface.h
/private/tmp/gptk4-wine-source/tools/install-sh -m 644  /private/tmp/gptk4-wine-source/include/atlthunk.h /private/tmp/gptk4-runtime/include/wine/windows/atlthunk.h
/private/tmp/gptk4-wine-source/tools/install-sh -m 644  /private/tmp/gptk4-wine-source/include/atlwin.h /private/tmp/gptk4-runtime/include/wine/windows/atlwin.h
/private/tmp/gptk4-wine-source/tools/install-sh -m 644  /private/tmp/gptk4-wine-source/include/audevcod.h /private/tmp/gptk4-runtime/include/wine/windows/audevcod.h
/private/tmp/gptk4-wine-source/tools/install-sh -m 644  /private/tmp/gptk4-wine-source/include/audioclient.idl /private/tmp/gptk4-runtime/include/wine/windows/audioclient.idl
/private/tmp/gptk4-wine-source/tools/install-sh -m 644  include/audioclient.h /private/tmp/gptk4-runtime/include/wine/windows/audioclient.h
/private/tmp/gptk4-wine-source/tools/install-sh -m 644  /private/tmp/gptk4-wine-source/include/audiopolicy.idl /private/tmp/gptk4-runtime/include/wine/windows/audiopolicy.idl
/private/tmp/gptk4-wine-source/tools/install-sh -m 644  include/audiopolicy.h /private/tmp/gptk4-runtime/include/wine/windows/audiopolicy.h
/private/tmp/gptk4-wine-source/tools/install-sh -m 644  /private/tmp/gptk4-wine-source/include/audiosessiontypes.h /private/tmp/gptk4-runtime/include/wine/windows/audiosessiontypes.h
/private/tmp/gptk4-wine-source/tools/install-sh -m 644  /private/tmp/gptk4-wine-source/include/austream.idl /private/tmp/gptk4-runtime/include/wine/windows/austream.idl
/private/tmp/gptk4-wine-source/tools/install-sh -m 644  include/austream.h /private/tmp/gptk4-runtime/include/wine/windows/austream.h
/private/tmp/gptk4-wine-source/tools/install-sh -m 644  /private/tmp/gptk4-wine-source/include/authz.h /private/tmp/gptk4-runtime/include/wine/windows/authz.h
/private/tmp/gptk4-wine-source/tools/install-sh -m 644  /private/tmp/gptk4-wine-source/include/aviriff.h /private/tmp/gptk4-runtime/include/wine/windows/aviriff.h
/private/tmp/gptk4-wine-source/tools/install-sh -m 644  /private/tmp/gptk4-wine-source/include/avrt.h /private/tmp/gptk4-runtime/include/wine/windows/avrt.h
/private/tmp/gptk4-wine-source/tools/install-sh -m 644  /private/tmp/gptk4-wine-source/include/axcore.idl /private/tmp/gptk4-runtime/include/wine/windows/axcore.idl
/private/tmp/gptk4-wine-source/tools/install-sh -m 644  /private/tmp/gptk4-wine-source/include/axextend.idl /private/tmp/gptk4-runtime/include/wine/windows/axextend.idl
/private/tmp/gptk4-wine-source/tools/install-sh -m 644  /private/tmp/gptk4-wine-source/include/axextendenums.h /private/tmp/gptk4-runtime/include/wine/windows/axextendenums.h
/private/tmp/gptk4-wine-source/tools/install-sh -m 644  /private/tmp/gptk4-wine-source/include/basetsd.h /private/tmp/gptk4-runtime/include/wine/windows/basetsd.h
/private/tmp/gptk4-wine-source/tools/install-sh -m 644  /private/tmp/gptk4-wine-source/include/basetyps.h /private/tmp/gptk4-runtime/include/wine/windows/basetyps.h
/private/tmp/gptk4-wine-source/tools/install-sh -m 644  /private/tmp/gptk4-wine-source/include/bcrypt.h /private/tmp/gptk4-runtime/include/wine/windows/bcrypt.h
/private/tmp/gptk4-wine-source/tools/install-sh -m 644  /private/tmp/gptk4-wine-source/include/bdaiface.idl /private/tmp/gptk4-runtime/include/wine/windows/bdaiface.idl
/private/tmp/gptk4-wine-source/tools/install-sh -m 644  include/bdaiface.h /private/tmp/gptk4-runtime/include/wine/windows/bdaiface.h
/private/tmp/gptk4-wine-source/tools/install-sh -m 644  /private/tmp/gptk4-wine-source/include/bdaiface_enums.h /private/tmp/gptk4-runtime/include/wine/windows/bdaiface_enums.h
/private/tmp/gptk4-wine-source/tools/install-sh -m 644  /private/tmp/gptk4-wine-source/include/bdatypes.h /private/tmp/gptk4-runtime/include/wine/windows/bdatypes.h
/private/tmp/gptk4-wine-source/tools/install-sh -m 644  /private/tmp/gptk4-wine-source/include/binres.idl /private/tmp/gptk4-runtime/include/wine/windows/binres.idl
/private/tmp/gptk4-wine-source/tools/install-sh -m 644  /private/tmp/gptk4-wine-source/include/bits.idl /private/tmp/gptk4-runtime/include/wine/windows/bits.idl
/private/tmp/gptk4-wine-source/tools/install-sh -m 644  include/bits.h /private/tmp/gptk4-runtime/include/wine/windows/bits.h
/private/tmp/gptk4-wine-source/tools/install-sh -m 644  /private/tmp/gptk4-wine-source/include/bits1_5.idl /private/tmp/gptk4-runtime/include/wine/windows/bits1_5.idl
/private/tmp/gptk4-wine-source/tools/install-sh -m 644  include/bits1_5.h /private/tmp/gptk4-runtime/include/wine/windows/bits1_5.h
/private/tmp/gptk4-wine-source/tools/install-sh -m 644  /private/tmp/gptk4-wine-source/include/bits2_0.idl /private/tmp/gptk4-runtime/include/wine/windows/bits2_0.idl
/private/tmp/gptk4-wine-source/tools/install-sh -m 644  include/bits2_0.h /private/tmp/gptk4-runtime/include/wine/windows/bits2_0.h
/private/tmp/gptk4-wine-source/tools/install-sh -m 644  /private/tmp/gptk4-wine-source/include/bits2_5.idl /private/tmp/gptk4-runtime/include/wine/windows/bits2_5.idl
/private/tmp/gptk4-wine-source/tools/install-sh -m 644  include/bits2_5.h /private/tmp/gptk4-runtime/include/wine/windows/bits2_5.h
/private/tmp/gptk4-wine-source/tools/install-sh -m 644  /private/tmp/gptk4-wine-source/include/bits3_0.idl /private/tmp/gptk4-runtime/include/wine/windows/bits3_0.idl
/private/tmp/gptk4-wine-source/tools/install-sh -m 644  include/bits3_0.h /private/tmp/gptk4-runtime/include/wine/windows/bits3_0.h
/private/tmp/gptk4-wine-source/tools/install-sh -m 644  /private/tmp/gptk4-wine-source/include/bits5_0.idl /private/tmp/gptk4-runtime/include/wine/windows/bits5_0.idl
/private/tmp/gptk4-wine-source/tools/install-sh -m 644  include/bits5_0.h /private/tmp/gptk4-runtime/include/wine/windows/bits5_0.h
/private/tmp/gptk4-wine-source/tools/install-sh -m 644  /private/tmp/gptk4-wine-source/include/bitsmsg.h /private/tmp/gptk4-runtime/include/wine/windows/bitsmsg.h
/private/tmp/gptk4-wine-source/tools/install-sh -m 644  /private/tmp/gptk4-wine-source/include/bluetoothapis.h /private/tmp/gptk4-runtime/include/wine/windows/bluetoothapis.h
/private/tmp/gptk4-wine-source/tools/install-sh -m 644  /private/tmp/gptk4-wine-source/include/bthdef.h /private/tmp/gptk4-runtime/include/wine/windows/bthdef.h
/private/tmp/gptk4-wine-source/tools/install-sh -m 644  /private/tmp/gptk4-wine-source/include/bthioctl.h /private/tmp/gptk4-runtime/include/wine/windows/bthioctl.h
/private/tmp/gptk4-wine-source/tools/install-sh -m 644  /private/tmp/gptk4-wine-source/include/bthsdpdef.h /private/tmp/gptk4-runtime/include/wine/windows/bthsdpdef.h
/private/tmp/gptk4-wine-source/tools/install-sh -m 644  /private/tmp/gptk4-wine-source/include/cderr.h /private/tmp/gptk4-runtime/include/wine/windows/cderr.h
/private/tmp/gptk4-wine-source/tools/install-sh -m 644  /private/tmp/gptk4-wine-source/include/cdosys.idl /private/tmp/gptk4-runtime/include/wine/windows/cdosys.idl
/private/tmp/gptk4-wine-source/tools/install-sh -m 644  include/cdosys.h /private/tmp/gptk4-runtime/include/wine/windows/cdosys.h
/private/tmp/gptk4-wine-source/tools/install-sh -m 644  /private/tmp/gptk4-wine-source/include/cfg.h /private/tmp/gptk4-runtime/include/wine/windows/cfg.h
/private/tmp/gptk4-wine-source/tools/install-sh -m 644  /private/tmp/gptk4-wine-source/include/cfgmgr32.h /private/tmp/gptk4-runtime/include/wine/windows/cfgmgr32.h
/private/tmp/gptk4-wine-source/tools/install-sh -m 644  /private/tmp/gptk4-wine-source/include/cguid.h /private/tmp/gptk4-runtime/include/wine/windows/cguid.h
/private/tmp/gptk4-wine-source/tools/install-sh -m 644  /private/tmp/gptk4-wine-source/include/chprst.idl /private/tmp/gptk4-runtime/include/wine/windows/chprst.idl
/private/tmp/gptk4-wine-source/tools/install-sh -m 644  /private/tmp/gptk4-wine-source/include/cierror.h /private/tmp/gptk4-runtime/include/wine/windows/cierror.h
/private/tmp/gptk4-wine-source/tools/install-sh -m 644  /private/tmp/gptk4-wine-source/include/clusapi.h /private/tmp/gptk4-runtime/include/wine/windows/clusapi.h
/private/tmp/gptk4-wine-source/tools/install-sh -m 644  /private/tmp/gptk4-wine-source/include/cmdbas.idl /private/tmp/gptk4-runtime/include/wine/windows/cmdbas.idl
/private/tmp/gptk4-wine-source/tools/install-sh -m 644  /private/tmp/gptk4-wine-source/include/cmdpre.idl /private/tmp/gptk4-runtime/include/wine/windows/cmdpre.idl
/private/tmp/gptk4-wine-source/tools/install-sh -m 644  /private/tmp/gptk4-wine-source/include/cmdprp.idl /private/tmp/gptk4-runtime/include/wine/windows/cmdprp.idl
/private/tmp/gptk4-wine-source/tools/install-sh -m 644  /private/tmp/gptk4-wine-source/include/cmdstrm.idl /private/tmp/gptk4-runtime/include/wine/windows/cmdstrm.idl
/private/tmp/gptk4-wine-source/tools/install-sh -m 644  /private/tmp/gptk4-wine-source/include/cmdtxt.idl /private/tmp/gptk4-runtime/include/wine/windows/cmdtxt.idl
/private/tmp/gptk4-wine-source/tools/install-sh -m 644  /private/tmp/gptk4-wine-source/include/cmdwpr.idl /private/tmp/gptk4-runtime/include/wine/windows/cmdwpr.idl
/private/tmp/gptk4-wine-source/tools/install-sh -m 644  /private/tmp/gptk4-wine-source/include/cmnquery.idl /private/tmp/gptk4-runtime/include/wine/windows/cmnquery.idl
/private/tmp/gptk4-wine-source/tools/install-sh -m 644  include/cmnquery.h /private/tmp/gptk4-runtime/include/wine/windows/cmnquery.h
/private/tmp/gptk4-wine-source/tools/install-sh -m 644  /private/tmp/gptk4-wine-source/include/codecapi.h /private/tmp/gptk4-runtime/include/wine/windows/codecapi.h
/private/tmp/gptk4-wine-source/tools/install-sh -m 644  /private/tmp/gptk4-wine-source/include/colinf.idl /private/tmp/gptk4-runtime/include/wine/windows/colinf.idl
/private/tmp/gptk4-wine-source/tools/install-sh -m 644  /private/tmp/gptk4-wine-source/include/colordlg.h /private/tmp/gptk4-runtime/include/wine/windows/colordlg.h
/private/tmp/gptk4-wine-source/tools/install-sh -m 644  /private/tmp/gptk4-wine-source/include/colrst.idl /private/tmp/gptk4-runtime/include/wine/windows/colrst.idl
/private/tmp/gptk4-wine-source/tools/install-sh -m 644  /private/tmp/gptk4-wine-source/include/combaseapi.h /private/tmp/gptk4-runtime/include/wine/windows/combaseapi.h
/private/tmp/gptk4-wine-source/tools/install-sh -m 644  /private/tmp/gptk4-wine-source/include/comcat.idl /private/tmp/gptk4-runtime/include/wine/windows/comcat.idl
/private/tmp/gptk4-wine-source/tools/install-sh -m 644  include/comcat.h /private/tmp/gptk4-runtime/include/wine/windows/comcat.h
/private/tmp/gptk4-wine-source/tools/install-sh -m 644  /private/tmp/gptk4-wine-source/include/commctrl.h /private/tmp/gptk4-runtime/include/wine/windows/commctrl.h
/private/tmp/gptk4-wine-source/tools/install-sh -m 644  /private/tmp/gptk4-wine-source/include/commctrl.rh /private/tmp/gptk4-runtime/include/wine/windows/commctrl.rh
/private/tmp/gptk4-wine-source/tools/install-sh -m 644  /private/tmp/gptk4-wine-source/include/commdlg.h /private/tmp/gptk4-runtime/include/wine/windows/commdlg.h
/private/tmp/gptk4-wine-source/tools/install-sh -m 644  /private/tmp/gptk4-wine-source/include/commoncontrols.idl /private/tmp/gptk4-runtime/include/wine/windows/commoncontrols.idl
/private/tmp/gptk4-wine-source/tools/install-sh -m 644  include/commoncontrols.h /private/tmp/gptk4-runtime/include/wine/windows/commoncontrols.h
/private/tmp/gptk4-wine-source/tools/install-sh -m 644  /private/tmp/gptk4-wine-source/include/compobj.h /private/tmp/gptk4-runtime/include/wine/windows/compobj.h
/private/tmp/gptk4-wine-source/tools/install-sh -m 644  /private/tmp/gptk4-wine-source/include/comsvcs.idl /private/tmp/gptk4-runtime/include/wine/windows/comsvcs.idl
/private/tmp/gptk4-wine-source/tools/install-sh -m 644  include/comsvcs.h /private/tmp/gptk4-runtime/include/wine/windows/comsvcs.h
/private/tmp/gptk4-wine-source/tools/install-sh -m 644  /private/tmp/gptk4-wine-source/include/concurrencysal.h /private/tmp/gptk4-runtime/include/wine/windows/concurrencysal.h
/private/tmp/gptk4-wine-source/tools/install-sh -m 644  /private/tmp/gptk4-wine-source/include/consoleapi.h /private/tmp/gptk4-runtime/include/wine/windows/consoleapi.h
/private/tmp/gptk4-wine-source/tools/install-sh -m 644  /private/tmp/gptk4-wine-source/include/control.idl /private/tmp/gptk4-runtime/include/wine/windows/control.idl
/private/tmp/gptk4-wine-source/tools/install-sh -m 644  include/control.h /private/tmp/gptk4-runtime/include/wine/windows/control.h
/private/tmp/gptk4-wine-source/tools/install-sh -m 644  /private/tmp/gptk4-wine-source/include/cor.idl /private/tmp/gptk4-runtime/include/wine/windows/cor.idl
/private/tmp/gptk4-wine-source/tools/install-sh -m 644  include/cor.h /private/tmp/gptk4-runtime/include/wine/windows/cor.h
/private/tmp/gptk4-wine-source/tools/install-sh -m 644  /private/tmp/gptk4-wine-source/include/cordebug.idl /private/tmp/gptk4-runtime/include/wine/windows/cordebug.idl
/private/tmp/gptk4-wine-source/tools/install-sh -m 644  include/cordebug.h /private/tmp/gptk4-runtime/include/wine/windows/cordebug.h
/private/tmp/gptk4-wine-source/tools/install-sh -m 644  /private/tmp/gptk4-wine-source/include/corerror.h /private/tmp/gptk4-runtime/include/wine/windows/corerror.h
/private/tmp/gptk4-wine-source/tools/install-sh -m 644  /private/tmp/gptk4-wine-source/include/corhdr.h /private/tmp/gptk4-runtime/include/wine/windows/corhdr.h
/private/tmp/gptk4-wine-source/tools/install-sh -m 644  /private/tmp/gptk4-wine-source/include/corsym.idl /private/tmp/gptk4-runtime/include/wine/windows/corsym.idl
/private/tmp/gptk4-wine-source/tools/install-sh -m 644  include/corsym.h /private/tmp/gptk4-runtime/include/wine/windows/corsym.h
/private/tmp/gptk4-wine-source/tools/install-sh -m 644  /private/tmp/gptk4-wine-source/include/cpl.h /private/tmp/gptk4-runtime/include/wine/windows/cpl.h
/private/tmp/gptk4-wine-source/tools/install-sh -m 644  /private/tmp/gptk4-wine-source/include/crtrow.idl /private/tmp/gptk4-runtime/include/wine/windows/crtrow.idl
/private/tmp/gptk4-wine-source/tools/install-sh -m 644  /private/tmp/gptk4-wine-source/include/cryptdlg.h /private/tmp/gptk4-runtime/include/wine/windows/cryptdlg.h
/private/tmp/gptk4-wine-source/tools/install-sh -m 644  /private/tmp/gptk4-wine-source/include/cryptuiapi.h /private/tmp/gptk4-runtime/include/wine/windows/cryptuiapi.h
/private/tmp/gptk4-wine-source/tools/install-sh -m 644  /private/tmp/gptk4-wine-source/include/ctfutb.idl /private/tmp/gptk4-runtime/include/wine/windows/ctfutb.idl
/private/tmp/gptk4-wine-source/tools/install-sh -m 644  include/ctfutb.h /private/tmp/gptk4-runtime/include/wine/windows/ctfutb.h
/private/tmp/gptk4-wine-source/tools/install-sh -m 644  /private/tmp/gptk4-wine-source/include/ctxtcall.idl /private/tmp/gptk4-runtime/include/wine/windows/ctxtcall.idl
/private/tmp/gptk4-wine-source/tools/install-sh -m 644  include/ctxtcall.h /private/tmp/gptk4-runtime/include/wine/windows/ctxtcall.h
/private/tmp/gptk4-wine-source/tools/install-sh -m 644  /private/tmp/gptk4-wine-source/include/custcntl.h /private/tmp/gptk4-runtime/include/wine/windows/custcntl.h
/private/tmp/gptk4-wine-source/tools/install-sh -m 644  /private/tmp/gptk4-wine-source/include/cvconst.h /private/tmp/gptk4-runtime/include/wine/windows/cvconst.h
/private/tmp/gptk4-wine-source/tools/install-sh -m 644  /private/tmp/gptk4-wine-source/include/cvttyp.idl /private/tmp/gptk4-runtime/include/wine/windows/cvttyp.idl
/private/tmp/gptk4-wine-source/tools/install-sh -m 644  /private/tmp/gptk4-wine-source/include/d2d1.idl /private/tmp/gptk4-runtime/include/wine/windows/d2d1.idl
/private/tmp/gptk4-wine-source/tools/install-sh -m 644  include/d2d1.h /private/tmp/gptk4-runtime/include/wine/windows/d2d1.h
/private/tmp/gptk4-wine-source/tools/install-sh -m 644  /private/tmp/gptk4-wine-source/include/d2d1_1.idl /private/tmp/gptk4-runtime/include/wine/windows/d2d1_1.idl
/private/tmp/gptk4-wine-source/tools/install-sh -m 644  include/d2d1_1.h /private/tmp/gptk4-runtime/include/wine/windows/d2d1_1.h
/private/tmp/gptk4-wine-source/tools/install-sh -m 644  /private/tmp/gptk4-wine-source/include/d2d1_2.idl /private/tmp/gptk4-runtime/include/wine/windows/d2d1_2.idl
/private/tmp/gptk4-wine-source/tools/install-sh -m 644  include/d2d1_2.h /private/tmp/gptk4-runtime/include/wine/windows/d2d1_2.h
/private/tmp/gptk4-wine-source/tools/install-sh -m 644  /private/tmp/gptk4-wine-source/include/d2d1_3.idl /private/tmp/gptk4-runtime/include/wine/windows/d2d1_3.idl
/private/tmp/gptk4-wine-source/tools/install-sh -m 644  include/d2d1_3.h /private/tmp/gptk4-runtime/include/wine/windows/d2d1_3.h
/private/tmp/gptk4-wine-source/tools/install-sh -m 644  /private/tmp/gptk4-wine-source/include/d2d1effectauthor.idl /private/tmp/gptk4-runtime/include/wine/windows/d2d1effectauthor.idl
/private/tmp/gptk4-wine-source/tools/install-sh -m 644  include/d2d1effectauthor.h /private/tmp/gptk4-runtime/include/wine/windows/d2d1effectauthor.h
/private/tmp/gptk4-wine-source/tools/install-sh -m 644  /private/tmp/gptk4-wine-source/include/d2d1effects.idl /private/tmp/gptk4-runtime/include/wine/windows/d2d1effects.idl
/private/tmp/gptk4-wine-source/tools/install-sh -m 644  include/d2d1effects.h /private/tmp/gptk4-runtime/include/wine/windows/d2d1effects.h
/private/tmp/gptk4-wine-source/tools/install-sh -m 644  /private/tmp/gptk4-wine-source/include/d2d1effects_1.idl /private/tmp/gptk4-runtime/include/wine/windows/d2d1effects_1.idl
/private/tmp/gptk4-wine-source/tools/install-sh -m 644  include/d2d1effects_1.h /private/tmp/gptk4-runtime/include/wine/windows/d2d1effects_1.h
/private/tmp/gptk4-wine-source/tools/install-sh -m 644  /private/tmp/gptk4-wine-source/include/d2d1effects_2.idl /private/tmp/gptk4-runtime/include/wine/windows/d2d1effects_2.idl
/private/tmp/gptk4-wine-source/tools/install-sh -m 644  include/d2d1effects_2.h /private/tmp/gptk4-runtime/include/wine/windows/d2d1effects_2.h
/private/tmp/gptk4-wine-source/tools/install-sh -m 644  /private/tmp/gptk4-wine-source/include/d2dbasetypes.h /private/tmp/gptk4-runtime/include/wine/windows/d2dbasetypes.h
/private/tmp/gptk4-wine-source/tools/install-sh -m 644  /private/tmp/gptk4-wine-source/include/d2derr.h /private/tmp/gptk4-runtime/include/wine/windows/d2derr.h
/private/tmp/gptk4-wine-source/tools/install-sh -m 644  /private/tmp/gptk4-wine-source/include/d3d.h /private/tmp/gptk4-runtime/include/wine/windows/d3d.h
/private/tmp/gptk4-wine-source/tools/install-sh -m 644  /private/tmp/gptk4-wine-source/include/d3d10.idl /private/tmp/gptk4-runtime/include/wine/windows/d3d10.idl
/private/tmp/gptk4-wine-source/tools/install-sh -m 644  include/d3d10.h /private/tmp/gptk4-runtime/include/wine/windows/d3d10.h
/private/tmp/gptk4-wine-source/tools/install-sh -m 644  /private/tmp/gptk4-wine-source/include/d3d10_1.idl /private/tmp/gptk4-runtime/include/wine/windows/d3d10_1.idl
/private/tmp/gptk4-wine-source/tools/install-sh -m 644  include/d3d10_1.h /private/tmp/gptk4-runtime/include/wine/windows/d3d10_1.h
/private/tmp/gptk4-wine-source/tools/install-sh -m 644  /private/tmp/gptk4-wine-source/include/d3d10_1shader.h /private/tmp/gptk4-runtime/include/wine/windows/d3d10_1shader.h
/private/tmp/gptk4-wine-source/tools/install-sh -m 644  /private/tmp/gptk4-wine-source/include/d3d10effect.idl /private/tmp/gptk4-runtime/include/wine/windows/d3d10effect.idl
/private/tmp/gptk4-wine-source/tools/install-sh -m 644  include/d3d10effect.h /private/tmp/gptk4-runtime/include/wine/windows/d3d10effect.h
/private/tmp/gptk4-wine-source/tools/install-sh -m 644  /private/tmp/gptk4-wine-source/include/d3d10misc.h /private/tmp/gptk4-runtime/include/wine/windows/d3d10misc.h
/private/tmp/gptk4-wine-source/tools/install-sh -m 644  /private/tmp/gptk4-wine-source/include/d3d10sdklayers.idl /private/tmp/gptk4-runtime/include/wine/windows/d3d10sdklayers.idl
/private/tmp/gptk4-wine-source/tools/install-sh -m 644  include/d3d10sdklayers.h /private/tmp/gptk4-runtime/include/wine/windows/d3d10sdklayers.h
/private/tmp/gptk4-wine-source/tools/install-sh -m 644  /private/tmp/gptk4-wine-source/include/d3d10shader.idl /private/tmp/gptk4-runtime/include/wine/windows/d3d10shader.idl
/private/tmp/gptk4-wine-source/tools/install-sh -m 644  include/d3d10shader.h /private/tmp/gptk4-runtime/include/wine/windows/d3d10shader.h
/private/tmp/gptk4-wine-source/tools/install-sh -m 644  /private/tmp/gptk4-wine-source/include/d3d11.idl /private/tmp/gptk4-runtime/include/wine/windows/d3d11.idl
/private/tmp/gptk4-wine-source/tools/install-sh -m 644  include/d3d11.h /private/tmp/gptk4-runtime/include/wine/windows/d3d11.h
/private/tmp/gptk4-wine-source/tools/install-sh -m 644  /private/tmp/gptk4-wine-source/include/d3d11_1.idl /private/tmp/gptk4-runtime/include/wine/windows/d3d11_1.idl
/private/tmp/gptk4-wine-source/tools/install-sh -m 644  include/d3d11_1.h /private/tmp/gptk4-runtime/include/wine/windows/d3d11_1.h
/private/tmp/gptk4-wine-source/tools/install-sh -m 644  /private/tmp/gptk4-wine-source/include/d3d11_2.idl /private/tmp/gptk4-runtime/include/wine/windows/d3d11_2.idl
/private/tmp/gptk4-wine-source/tools/install-sh -m 644  include/d3d11_2.h /private/tmp/gptk4-runtime/include/wine/windows/d3d11_2.h
/private/tmp/gptk4-wine-source/tools/install-sh -m 644  /private/tmp/gptk4-wine-source/include/d3d11_3.idl /private/tmp/gptk4-runtime/include/wine/windows/d3d11_3.idl
/private/tmp/gptk4-wine-source/tools/install-sh -m 644  include/d3d11_3.h /private/tmp/gptk4-runtime/include/wine/windows/d3d11_3.h
/private/tmp/gptk4-wine-source/tools/install-sh -m 644  /private/tmp/gptk4-wine-source/include/d3d11_4.idl /private/tmp/gptk4-runtime/include/wine/windows/d3d11_4.idl
/private/tmp/gptk4-wine-source/tools/install-sh -m 644  include/d3d11_4.h /private/tmp/gptk4-runtime/include/wine/windows/d3d11_4.h
/private/tmp/gptk4-wine-source/tools/install-sh -m 644  /private/tmp/gptk4-wine-source/include/d3d11on12.idl /private/tmp/gptk4-runtime/include/wine/windows/d3d11on12.idl
/private/tmp/gptk4-wine-source/tools/install-sh -m 644  include/d3d11on12.h /private/tmp/gptk4-runtime/include/wine/windows/d3d11on12.h
/private/tmp/gptk4-wine-source/tools/install-sh -m 644  /private/tmp/gptk4-wine-source/include/d3d11sdklayers.idl /private/tmp/gptk4-runtime/include/wine/windows/d3d11sdklayers.idl
/private/tmp/gptk4-wine-source/tools/install-sh -m 644  include/d3d11sdklayers.h /private/tmp/gptk4-runtime/include/wine/windows/d3d11sdklayers.h
/private/tmp/gptk4-wine-source/tools/install-sh -m 644  /private/tmp/gptk4-wine-source/include/d3d11shader.h /private/tmp/gptk4-runtime/include/wine/windows/d3d11shader.h
/private/tmp/gptk4-wine-source/tools/install-sh -m 644  /private/tmp/gptk4-wine-source/include/d3d12.idl /private/tmp/gptk4-runtime/include/wine/windows/d3d12.idl
/private/tmp/gptk4-wine-source/tools/install-sh -m 644  include/d3d12.h /private/tmp/gptk4-runtime/include/wine/windows/d3d12.h
/private/tmp/gptk4-wine-source/tools/install-sh -m 644  /private/tmp/gptk4-wine-source/include/d3d12sdklayers.idl /private/tmp/gptk4-runtime/include/wine/windows/d3d12sdklayers.idl
/private/tmp/gptk4-wine-source/tools/install-sh -m 644  include/d3d12sdklayers.h /private/tmp/gptk4-runtime/include/wine/windows/d3d12sdklayers.h
/private/tmp/gptk4-wine-source/tools/install-sh -m 644  /private/tmp/gptk4-wine-source/include/d3d12shader.idl /private/tmp/gptk4-runtime/include/wine/windows/d3d12shader.idl
/private/tmp/gptk4-wine-source/tools/install-sh -m 644  include/d3d12shader.h /private/tmp/gptk4-runtime/include/wine/windows/d3d12shader.h
/private/tmp/gptk4-wine-source/tools/install-sh -m 644  /private/tmp/gptk4-wine-source/include/d3d12video.idl /private/tmp/gptk4-runtime/include/wine/windows/d3d12video.idl
/private/tmp/gptk4-wine-source/tools/install-sh -m 644  include/d3d12video.h /private/tmp/gptk4-runtime/include/wine/windows/d3d12video.h
/private/tmp/gptk4-wine-source/tools/install-sh -m 644  /private/tmp/gptk4-wine-source/include/d3d8.h /private/tmp/gptk4-runtime/include/wine/windows/d3d8.h
/private/tmp/gptk4-wine-source/tools/install-sh -m 644  /private/tmp/gptk4-wine-source/include/d3d8caps.h /private/tmp/gptk4-runtime/include/wine/windows/d3d8caps.h
/private/tmp/gptk4-wine-source/tools/install-sh -m 644  /private/tmp/gptk4-wine-source/include/d3d8types.h /private/tmp/gptk4-runtime/include/wine/windows/d3d8types.h
/private/tmp/gptk4-wine-source/tools/install-sh -m 644  /private/tmp/gptk4-wine-source/include/d3d9.h /private/tmp/gptk4-runtime/include/wine/windows/d3d9.h
/private/tmp/gptk4-wine-source/tools/install-sh -m 644  /private/tmp/gptk4-wine-source/include/d3d9caps.h /private/tmp/gptk4-runtime/include/wine/windows/d3d9caps.h
/private/tmp/gptk4-wine-source/tools/install-sh -m 644  /private/tmp/gptk4-wine-source/include/d3d9types.h /private/tmp/gptk4-runtime/include/wine/windows/d3d9types.h
/private/tmp/gptk4-wine-source/tools/install-sh -m 644  /private/tmp/gptk4-wine-source/include/d3dcaps.h /private/tmp/gptk4-runtime/include/wine/windows/d3dcaps.h
/private/tmp/gptk4-wine-source/tools/install-sh -m 644  /private/tmp/gptk4-wine-source/include/d3dcommon.idl /private/tmp/gptk4-runtime/include/wine/windows/d3dcommon.idl
/private/tmp/gptk4-wine-source/tools/install-sh -m 644  include/d3dcommon.h /private/tmp/gptk4-runtime/include/wine/windows/d3dcommon.h
/private/tmp/gptk4-wine-source/tools/install-sh -m 644  /private/tmp/gptk4-wine-source/include/d3dcompiler.h /private/tmp/gptk4-runtime/include/wine/windows/d3dcompiler.h
/private/tmp/gptk4-wine-source/tools/install-sh -m 644  /private/tmp/gptk4-wine-source/include/d3dhal.h /private/tmp/gptk4-runtime/include/wine/windows/d3dhal.h
/private/tmp/gptk4-wine-source/tools/install-sh -m 644  /private/tmp/gptk4-wine-source/include/d3dkmdt.h /private/tmp/gptk4-runtime/include/wine/windows/d3dkmdt.h
/private/tmp/gptk4-wine-source/tools/install-sh -m 644  /private/tmp/gptk4-wine-source/include/d3drm.h /private/tmp/gptk4-runtime/include/wine/windows/d3drm.h
/private/tmp/gptk4-wine-source/tools/install-sh -m 644  /private/tmp/gptk4-wine-source/include/d3drmdef.h /private/tmp/gptk4-runtime/include/wine/windows/d3drmdef.h
/private/tmp/gptk4-wine-source/tools/install-sh -m 644  /private/tmp/gptk4-wine-source/include/d3drmobj.h /private/tmp/gptk4-runtime/include/wine/windows/d3drmobj.h
/private/tmp/gptk4-wine-source/tools/install-sh -m 644  /private/tmp/gptk4-wine-source/include/d3drmwin.h /private/tmp/gptk4-runtime/include/wine/windows/d3drmwin.h
/private/tmp/gptk4-wine-source/tools/install-sh -m 644  /private/tmp/gptk4-wine-source/include/d3dtypes.h /private/tmp/gptk4-runtime/include/wine/windows/d3dtypes.h
/private/tmp/gptk4-wine-source/tools/install-sh -m 644  /private/tmp/gptk4-wine-source/include/d3dukmdt.h /private/tmp/gptk4-runtime/include/wine/windows/d3dukmdt.h
/private/tmp/gptk4-wine-source/tools/install-sh -m 644  /private/tmp/gptk4-wine-source/include/d3dvec.inl /private/tmp/gptk4-runtime/include/wine/windows/d3dvec.inl
/private/tmp/gptk4-wine-source/tools/install-sh -m 644  /private/tmp/gptk4-wine-source/include/d3dx10.h /private/tmp/gptk4-runtime/include/wine/windows/d3dx10.h
/private/tmp/gptk4-wine-source/tools/install-sh -m 644  /private/tmp/gptk4-wine-source/include/d3dx10async.h /private/tmp/gptk4-runtime/include/wine/windows/d3dx10async.h
/private/tmp/gptk4-wine-source/tools/install-sh -m 644  /private/tmp/gptk4-wine-source/include/d3dx10core.h /private/tmp/gptk4-runtime/include/wine/windows/d3dx10core.h
/private/tmp/gptk4-wine-source/tools/install-sh -m 644  /private/tmp/gptk4-wine-source/include/d3dx10math.h /private/tmp/gptk4-runtime/include/wine/windows/d3dx10math.h
/private/tmp/gptk4-wine-source/tools/install-sh -m 644  /private/tmp/gptk4-wine-source/include/d3dx10mesh.h /private/tmp/gptk4-runtime/include/wine/windows/d3dx10mesh.h
/private/tmp/gptk4-wine-source/tools/install-sh -m 644  /private/tmp/gptk4-wine-source/include/d3dx10tex.h /private/tmp/gptk4-runtime/include/wine/windows/d3dx10tex.h
/private/tmp/gptk4-wine-source/tools/install-sh -m 644  /private/tmp/gptk4-wine-source/include/d3dx11.h /private/tmp/gptk4-runtime/include/wine/windows/d3dx11.h
/private/tmp/gptk4-wine-source/tools/install-sh -m 644  /private/tmp/gptk4-wine-source/include/d3dx11async.h /private/tmp/gptk4-runtime/include/wine/windows/d3dx11async.h
/private/tmp/gptk4-wine-source/tools/install-sh -m 644  /private/tmp/gptk4-wine-source/include/d3dx11core.idl /private/tmp/gptk4-runtime/include/wine/windows/d3dx11core.idl
/private/tmp/gptk4-wine-source/tools/install-sh -m 644  include/d3dx11core.h /private/tmp/gptk4-runtime/include/wine/windows/d3dx11core.h
/private/tmp/gptk4-wine-source/tools/install-sh -m 644  /private/tmp/gptk4-wine-source/include/d3dx11tex.h /private/tmp/gptk4-runtime/include/wine/windows/d3dx11tex.h
/private/tmp/gptk4-wine-source/tools/install-sh -m 644  /private/tmp/gptk4-wine-source/include/d3dx9.h /private/tmp/gptk4-runtime/include/wine/windows/d3dx9.h
/private/tmp/gptk4-wine-source/tools/install-sh -m 644  /private/tmp/gptk4-wine-source/include/d3dx9anim.h /private/tmp/gptk4-runtime/include/wine/windows/d3dx9anim.h
/private/tmp/gptk4-wine-source/tools/install-sh -m 644  /private/tmp/gptk4-wine-source/include/d3dx9core.h /private/tmp/gptk4-runtime/include/wine/windows/d3dx9core.h
/private/tmp/gptk4-wine-source/tools/install-sh -m 644  /private/tmp/gptk4-wine-source/include/d3dx9effect.h /private/tmp/gptk4-runtime/include/wine/windows/d3dx9effect.h
/private/tmp/gptk4-wine-source/tools/install-sh -m 644  /private/tmp/gptk4-wine-source/include/d3dx9math.h /private/tmp/gptk4-runtime/include/wine/windows/d3dx9math.h
/private/tmp/gptk4-wine-source/tools/install-sh -m 644  /private/tmp/gptk4-wine-source/include/d3dx9math.inl /private/tmp/gptk4-runtime/include/wine/windows/d3dx9math.inl
/private/tmp/gptk4-wine-source/tools/install-sh -m 644  /private/tmp/gptk4-wine-source/include/d3dx9mesh.h /private/tmp/gptk4-runtime/include/wine/windows/d3dx9mesh.h
/private/tmp/gptk4-wine-source/tools/install-sh -m 644  /private/tmp/gptk4-wine-source/include/d3dx9shader.h /private/tmp/gptk4-runtime/include/wine/windows/d3dx9shader.h
/private/tmp/gptk4-wine-source/tools/install-sh -m 644  /private/tmp/gptk4-wine-source/include/d3dx9shape.h /private/tmp/gptk4-runtime/include/wine/windows/d3dx9shape.h
/private/tmp/gptk4-wine-source/tools/install-sh -m 644  /private/tmp/gptk4-wine-source/include/d3dx9tex.h /private/tmp/gptk4-runtime/include/wine/windows/d3dx9tex.h
/private/tmp/gptk4-wine-source/tools/install-sh -m 644  /private/tmp/gptk4-wine-source/include/d3dx9xof.h /private/tmp/gptk4-runtime/include/wine/windows/d3dx9xof.h
/private/tmp/gptk4-wine-source/tools/install-sh -m 644  /private/tmp/gptk4-wine-source/include/davclnt.h /private/tmp/gptk4-runtime/include/wine/windows/davclnt.h
/private/tmp/gptk4-wine-source/tools/install-sh -m 644  /private/tmp/gptk4-wine-source/include/dbccmd.idl /private/tmp/gptk4-runtime/include/wine/windows/dbccmd.idl
/private/tmp/gptk4-wine-source/tools/install-sh -m 644  /private/tmp/gptk4-wine-source/include/dbcses.idl /private/tmp/gptk4-runtime/include/wine/windows/dbcses.idl
/private/tmp/gptk4-wine-source/tools/install-sh -m 644  /private/tmp/gptk4-wine-source/include/dbdsad.idl /private/tmp/gptk4-runtime/include/wine/windows/dbdsad.idl
/private/tmp/gptk4-wine-source/tools/install-sh -m 644  /private/tmp/gptk4-wine-source/include/dbgeng.h /private/tmp/gptk4-runtime/include/wine/windows/dbgeng.h
/private/tmp/gptk4-wine-source/tools/install-sh -m 644  /private/tmp/gptk4-wine-source/include/dbghelp.h /private/tmp/gptk4-runtime/include/wine/windows/dbghelp.h
/private/tmp/gptk4-wine-source/tools/install-sh -m 644  /private/tmp/gptk4-wine-source/include/dbinit.idl /private/tmp/gptk4-runtime/include/wine/windows/dbinit.idl
/private/tmp/gptk4-wine-source/tools/install-sh -m 644  /private/tmp/gptk4-wine-source/include/dbprop.idl /private/tmp/gptk4-runtime/include/wine/windows/dbprop.idl
/private/tmp/gptk4-wine-source/tools/install-sh -m 644  /private/tmp/gptk4-wine-source/include/dbs.idl /private/tmp/gptk4-runtime/include/wine/windows/dbs.idl
/private/tmp/gptk4-wine-source/tools/install-sh -m 644  /private/tmp/gptk4-wine-source/include/dbt.h /private/tmp/gptk4-runtime/include/wine/windows/dbt.h
/private/tmp/gptk4-wine-source/tools/install-sh -m 644  /private/tmp/gptk4-wine-source/include/dciddi.h /private/tmp/gptk4-runtime/include/wine/windows/dciddi.h
/private/tmp/gptk4-wine-source/tools/install-sh -m 644  /private/tmp/gptk4-wine-source/include/dciman.h /private/tmp/gptk4-runtime/include/wine/windows/dciman.h
/private/tmp/gptk4-wine-source/tools/install-sh -m 644  /private/tmp/gptk4-wine-source/include/dcommon.idl /private/tmp/gptk4-runtime/include/wine/windows/dcommon.idl
/private/tmp/gptk4-wine-source/tools/install-sh -m 644  include/dcommon.h /private/tmp/gptk4-runtime/include/wine/windows/dcommon.h
/private/tmp/gptk4-wine-source/tools/install-sh -m 644  /private/tmp/gptk4-wine-source/include/dcomp.idl /private/tmp/gptk4-runtime/include/wine/windows/dcomp.idl
/private/tmp/gptk4-wine-source/tools/install-sh -m 644  include/dcomp.h /private/tmp/gptk4-runtime/include/wine/windows/dcomp.h
/private/tmp/gptk4-wine-source/tools/install-sh -m 644  /private/tmp/gptk4-wine-source/include/dcompanimation.idl /private/tmp/gptk4-runtime/include/wine/windows/dcompanimation.idl
/private/tmp/gptk4-wine-source/tools/install-sh -m 644  include/dcompanimation.h /private/tmp/gptk4-runtime/include/wine/windows/dcompanimation.h
/private/tmp/gptk4-wine-source/tools/install-sh -m 644  /private/tmp/gptk4-wine-source/include/dcomptypes.idl /private/tmp/gptk4-runtime/include/wine/windows/dcomptypes.idl
/private/tmp/gptk4-wine-source/tools/install-sh -m 644  include/dcomptypes.h /private/tmp/gptk4-runtime/include/wine/windows/dcomptypes.h
/private/tmp/gptk4-wine-source/tools/install-sh -m 644  /private/tmp/gptk4-wine-source/include/dde.h /private/tmp/gptk4-runtime/include/wine/windows/dde.h
/private/tmp/gptk4-wine-source/tools/install-sh -m 644  /private/tmp/gptk4-wine-source/include/dde.rh /private/tmp/gptk4-runtime/include/wine/windows/dde.rh
/private/tmp/gptk4-wine-source/tools/install-sh -m 644  /private/tmp/gptk4-wine-source/include/ddeml.h /private/tmp/gptk4-runtime/include/wine/windows/ddeml.h
/private/tmp/gptk4-wine-source/tools/install-sh -m 644  /private/tmp/gptk4-wine-source/include/ddk/compstui.h /private/tmp/gptk4-runtime/include/wine/windows/ddk/compstui.h
/private/tmp/gptk4-wine-source/tools/install-sh -m 644  /private/tmp/gptk4-wine-source/include/ddk/csq.h /private/tmp/gptk4-runtime/include/wine/windows/ddk/csq.h
/private/tmp/gptk4-wine-source/tools/install-sh -m 644  /private/tmp/gptk4-wine-source/include/ddk/d3dkmthk.h /private/tmp/gptk4-runtime/include/wine/windows/ddk/d3dkmthk.h
/private/tmp/gptk4-wine-source/tools/install-sh -m 644  /private/tmp/gptk4-wine-source/include/ddk/fltkernel.h /private/tmp/gptk4-runtime/include/wine/windows/ddk/fltkernel.h
/private/tmp/gptk4-wine-source/tools/install-sh -m 644  /private/tmp/gptk4-wine-source/include/ddk/hidclass.h /private/tmp/gptk4-runtime/include/wine/windows/ddk/hidclass.h
/private/tmp/gptk4-wine-source/tools/install-sh -m 644  /private/tmp/gptk4-wine-source/include/ddk/hidpddi.h /private/tmp/gptk4-runtime/include/wine/windows/ddk/hidpddi.h
/private/tmp/gptk4-wine-source/tools/install-sh -m 644  /private/tmp/gptk4-wine-source/include/ddk/hidpi.h /private/tmp/gptk4-runtime/include/wine/windows/ddk/hidpi.h
/private/tmp/gptk4-wine-source/tools/install-sh -m 644  /private/tmp/gptk4-wine-source/include/ddk/hidport.h /private/tmp/gptk4-runtime/include/wine/windows/ddk/hidport.h
/private/tmp/gptk4-wine-source/tools/install-sh -m 644  /private/tmp/gptk4-wine-source/include/ddk/hidsdi.h /private/tmp/gptk4-runtime/include/wine/windows/ddk/hidsdi.h
/private/tmp/gptk4-wine-source/tools/install-sh -m 644  /private/tmp/gptk4-wine-source/include/ddk/hidtypes.h /private/tmp/gptk4-runtime/include/wine/windows/ddk/hidtypes.h
/private/tmp/gptk4-wine-source/tools/install-sh -m 644  /private/tmp/gptk4-wine-source/include/ddk/mountmgr.h /private/tmp/gptk4-runtime/include/wine/windows/ddk/mountmgr.h
/private/tmp/gptk4-wine-source/tools/install-sh -m 644  /private/tmp/gptk4-wine-source/include/ddk/ndis.h /private/tmp/gptk4-runtime/include/wine/windows/ddk/ndis.h
/private/tmp/gptk4-wine-source/tools/install-sh -m 644  /private/tmp/gptk4-wine-source/include/ddk/ntddcdvd.h /private/tmp/gptk4-runtime/include/wine/windows/ddk/ntddcdvd.h
/private/tmp/gptk4-wine-source/tools/install-sh -m 644  /private/tmp/gptk4-wine-source/include/ddk/ntddk.h /private/tmp/gptk4-runtime/include/wine/windows/ddk/ntddk.h
/private/tmp/gptk4-wine-source/tools/install-sh -m 644  /private/tmp/gptk4-wine-source/include/ddk/ntddser.h /private/tmp/gptk4-runtime/include/wine/windows/ddk/ntddser.h
/private/tmp/gptk4-wine-source/tools/install-sh -m 644  /private/tmp/gptk4-wine-source/include/ddk/ntddtape.h /private/tmp/gptk4-runtime/include/wine/windows/ddk/ntddtape.h
/private/tmp/gptk4-wine-source/tools/install-sh -m 644  /private/tmp/gptk4-wine-source/include/ddk/ntifs.h /private/tmp/gptk4-runtime/include/wine/windows/ddk/ntifs.h
/private/tmp/gptk4-wine-source/tools/install-sh -m 644  /private/tmp/gptk4-wine-source/include/ddk/usb.h /private/tmp/gptk4-runtime/include/wine/windows/ddk/usb.h
/private/tmp/gptk4-wine-source/tools/install-sh -m 644  /private/tmp/gptk4-wine-source/include/ddk/usb100.h /private/tmp/gptk4-runtime/include/wine/windows/ddk/usb100.h
/private/tmp/gptk4-wine-source/tools/install-sh -m 644  /private/tmp/gptk4-wine-source/include/ddk/usb200.h /private/tmp/gptk4-runtime/include/wine/windows/ddk/usb200.h
/private/tmp/gptk4-wine-source/tools/install-sh -m 644  /private/tmp/gptk4-wine-source/include/ddk/usbdlib.h /private/tmp/gptk4-runtime/include/wine/windows/ddk/usbdlib.h
/private/tmp/gptk4-wine-source/tools/install-sh -m 644  /private/tmp/gptk4-wine-source/include/ddk/usbioctl.h /private/tmp/gptk4-runtime/include/wine/windows/ddk/usbioctl.h
/private/tmp/gptk4-wine-source/tools/install-sh -m 644  /private/tmp/gptk4-wine-source/include/ddk/usbiodef.h /private/tmp/gptk4-runtime/include/wine/windows/ddk/usbiodef.h
/private/tmp/gptk4-wine-source/tools/install-sh -m 644  /private/tmp/gptk4-wine-source/include/ddk/wdm.h /private/tmp/gptk4-runtime/include/wine/windows/ddk/wdm.h
/private/tmp/gptk4-wine-source/tools/install-sh -m 644  /private/tmp/gptk4-wine-source/include/ddk/winddi.h /private/tmp/gptk4-runtime/include/wine/windows/ddk/winddi.h
/private/tmp/gptk4-wine-source/tools/install-sh -m 644  /private/tmp/gptk4-wine-source/include/ddk/winddiui.h /private/tmp/gptk4-runtime/include/wine/windows/ddk/winddiui.h
/private/tmp/gptk4-wine-source/tools/install-sh -m 644  /private/tmp/gptk4-wine-source/include/ddk/winsplp.h /private/tmp/gptk4-runtime/include/wine/windows/ddk/winsplp.h
/private/tmp/gptk4-wine-source/tools/install-sh -m 644  /private/tmp/gptk4-wine-source/include/ddk/wsk.h /private/tmp/gptk4-runtime/include/wine/windows/ddk/wsk.h
/private/tmp/gptk4-wine-source/tools/install-sh -m 644  /private/tmp/gptk4-wine-source/include/ddraw.h /private/tmp/gptk4-runtime/include/wine/windows/ddraw.h
/private/tmp/gptk4-wine-source/tools/install-sh -m 644  /private/tmp/gptk4-wine-source/include/ddrawgdi.h /private/tmp/gptk4-runtime/include/wine/windows/ddrawgdi.h
/private/tmp/gptk4-wine-source/tools/install-sh -m 644  /private/tmp/gptk4-wine-source/include/ddrawi.h /private/tmp/gptk4-runtime/include/wine/windows/ddrawi.h
/private/tmp/gptk4-wine-source/tools/install-sh -m 644  /private/tmp/gptk4-wine-source/include/ddstream.idl /private/tmp/gptk4-runtime/include/wine/windows/ddstream.idl
/private/tmp/gptk4-wine-source/tools/install-sh -m 644  include/ddstream.h /private/tmp/gptk4-runtime/include/wine/windows/ddstream.h
/private/tmp/gptk4-wine-source/tools/install-sh -m 644  /private/tmp/gptk4-wine-source/include/delayloadhandler.h /private/tmp/gptk4-runtime/include/wine/windows/delayloadhandler.h
/private/tmp/gptk4-wine-source/tools/install-sh -m 644  /private/tmp/gptk4-wine-source/include/devenum.idl /private/tmp/gptk4-runtime/include/wine/windows/devenum.idl
/private/tmp/gptk4-wine-source/tools/install-sh -m 644  /private/tmp/gptk4-wine-source/include/devguid.h /private/tmp/gptk4-runtime/include/wine/windows/devguid.h
/private/tmp/gptk4-wine-source/tools/install-sh -m 644  /private/tmp/gptk4-wine-source/include/devicetopology.idl /private/tmp/gptk4-runtime/include/wine/windows/devicetopology.idl
/private/tmp/gptk4-wine-source/tools/install-sh -m 644  include/devicetopology.h /private/tmp/gptk4-runtime/include/wine/windows/devicetopology.h
/private/tmp/gptk4-wine-source/tools/install-sh -m 644  /private/tmp/gptk4-wine-source/include/devpkey.h /private/tmp/gptk4-runtime/include/wine/windows/devpkey.h
/private/tmp/gptk4-wine-source/tools/install-sh -m 644  /private/tmp/gptk4-wine-source/include/devpropdef.h /private/tmp/gptk4-runtime/include/wine/windows/devpropdef.h
/private/tmp/gptk4-wine-source/tools/install-sh -m 644  /private/tmp/gptk4-wine-source/include/dhcpcsdk.h /private/tmp/gptk4-runtime/include/wine/windows/dhcpcsdk.h
/private/tmp/gptk4-wine-source/tools/install-sh -m 644  /private/tmp/gptk4-wine-source/include/dhtmldid.h /private/tmp/gptk4-runtime/include/wine/windows/dhtmldid.h
/private/tmp/gptk4-wine-source/tools/install-sh -m 644  /private/tmp/gptk4-wine-source/include/dhtmled.idl /private/tmp/gptk4-runtime/include/wine/windows/dhtmled.idl
/private/tmp/gptk4-wine-source/tools/install-sh -m 644  include/dhtmled.h /private/tmp/gptk4-runtime/include/wine/windows/dhtmled.h
/private/tmp/gptk4-wine-source/tools/install-sh -m 644  /private/tmp/gptk4-wine-source/include/difxapi.h /private/tmp/gptk4-runtime/include/wine/windows/difxapi.h
/private/tmp/gptk4-wine-source/tools/install-sh -m 644  /private/tmp/gptk4-wine-source/include/digitalv.h /private/tmp/gptk4-runtime/include/wine/windows/digitalv.h
/private/tmp/gptk4-wine-source/tools/install-sh -m 644  /private/tmp/gptk4-wine-source/include/dimm.idl /private/tmp/gptk4-runtime/include/wine/windows/dimm.idl
/private/tmp/gptk4-wine-source/tools/install-sh -m 644  include/dimm.h /private/tmp/gptk4-runtime/include/wine/windows/dimm.h
/private/tmp/gptk4-wine-source/tools/install-sh -m 644  /private/tmp/gptk4-wine-source/include/dinput.h /private/tmp/gptk4-runtime/include/wine/windows/dinput.h
/private/tmp/gptk4-wine-source/tools/install-sh -m 644  /private/tmp/gptk4-wine-source/include/dinputd.h /private/tmp/gptk4-runtime/include/wine/windows/dinputd.h
/private/tmp/gptk4-wine-source/tools/install-sh -m 644  /private/tmp/gptk4-wine-source/include/directmanipulation.idl /private/tmp/gptk4-runtime/include/wine/windows/directmanipulation.idl
/private/tmp/gptk4-wine-source/tools/install-sh -m 644  include/directmanipulation.h /private/tmp/gptk4-runtime/include/wine/windows/directmanipulation.h
/private/tmp/gptk4-wine-source/tools/install-sh -m 644  /private/tmp/gptk4-wine-source/include/dispatcherqueue.idl /private/tmp/gptk4-runtime/include/wine/windows/dispatcherqueue.idl
/private/tmp/gptk4-wine-source/tools/install-sh -m 644  include/dispatcherqueue.h /private/tmp/gptk4-runtime/include/wine/windows/dispatcherqueue.h
/private/tmp/gptk4-wine-source/tools/install-sh -m 644  /private/tmp/gptk4-wine-source/include/dispdib.h /private/tmp/gptk4-runtime/include/wine/windows/dispdib.h
/private/tmp/gptk4-wine-source/tools/install-sh -m 644  /private/tmp/gptk4-wine-source/include/dispex.idl /private/tmp/gptk4-runtime/include/wine/windows/dispex.idl
/private/tmp/gptk4-wine-source/tools/install-sh -m 644  include/dispex.h /private/tmp/gptk4-runtime/include/wine/windows/dispex.h
/private/tmp/gptk4-wine-source/tools/install-sh -m 644  /private/tmp/gptk4-wine-source/include/dlgs.h /private/tmp/gptk4-runtime/include/wine/windows/dlgs.h
/private/tmp/gptk4-wine-source/tools/install-sh -m 644  /private/tmp/gptk4-wine-source/include/dls1.h /private/tmp/gptk4-runtime/include/wine/windows/dls1.h
/private/tmp/gptk4-wine-source/tools/install-sh -m 644  /private/tmp/gptk4-wine-source/include/dls2.h /private/tmp/gptk4-runtime/include/wine/windows/dls2.h
/private/tmp/gptk4-wine-source/tools/install-sh -m 644  /private/tmp/gptk4-wine-source/include/dmdls.h /private/tmp/gptk4-runtime/include/wine/windows/dmdls.h
/private/tmp/gptk4-wine-source/tools/install-sh -m 644  /private/tmp/gptk4-wine-source/include/dmerror.h /private/tmp/gptk4-runtime/include/wine/windows/dmerror.h
/private/tmp/gptk4-wine-source/tools/install-sh -m 644  /private/tmp/gptk4-wine-source/include/dmksctrl.h /private/tmp/gptk4-runtime/include/wine/windows/dmksctrl.h
/private/tmp/gptk4-wine-source/tools/install-sh -m 644  /private/tmp/gptk4-wine-source/include/dmo.h /private/tmp/gptk4-runtime/include/wine/windows/dmo.h
/private/tmp/gptk4-wine-source/tools/install-sh -m 644  /private/tmp/gptk4-wine-source/include/dmodshow.idl /private/tmp/gptk4-runtime/include/wine/windows/dmodshow.idl
/private/tmp/gptk4-wine-source/tools/install-sh -m 644  include/dmodshow.h /private/tmp/gptk4-runtime/include/wine/windows/dmodshow.h
/private/tmp/gptk4-wine-source/tools/install-sh -m 644  /private/tmp/gptk4-wine-source/include/dmoreg.h /private/tmp/gptk4-runtime/include/wine/windows/dmoreg.h
/private/tmp/gptk4-wine-source/tools/install-sh -m 644  /private/tmp/gptk4-wine-source/include/dmort.h /private/tmp/gptk4-runtime/include/wine/windows/dmort.h
/private/tmp/gptk4-wine-source/tools/install-sh -m 644  /private/tmp/gptk4-wine-source/include/dmplugin.h /private/tmp/gptk4-runtime/include/wine/windows/dmplugin.h
/private/tmp/gptk4-wine-source/tools/install-sh -m 644  /private/tmp/gptk4-wine-source/include/dmusbuff.h /private/tmp/gptk4-runtime/include/wine/windows/dmusbuff.h
/private/tmp/gptk4-wine-source/tools/install-sh -m 644  /private/tmp/gptk4-wine-source/include/dmusicc.h /private/tmp/gptk4-runtime/include/wine/windows/dmusicc.h
/private/tmp/gptk4-wine-source/tools/install-sh -m 644  /private/tmp/gptk4-wine-source/include/dmusicf.h /private/tmp/gptk4-runtime/include/wine/windows/dmusicf.h
/private/tmp/gptk4-wine-source/tools/install-sh -m 644  /private/tmp/gptk4-wine-source/include/dmusici.h /private/tmp/gptk4-runtime/include/wine/windows/dmusici.h
/private/tmp/gptk4-wine-source/tools/install-sh -m 644  /private/tmp/gptk4-wine-source/include/dmusics.h /private/tmp/gptk4-runtime/include/wine/windows/dmusics.h
/private/tmp/gptk4-wine-source/tools/install-sh -m 644  /private/tmp/gptk4-wine-source/include/docobj.idl /private/tmp/gptk4-runtime/include/wine/windows/docobj.idl
/private/tmp/gptk4-wine-source/tools/install-sh -m 644  include/docobj.h /private/tmp/gptk4-runtime/include/wine/windows/docobj.h
/private/tmp/gptk4-wine-source/tools/install-sh -m 644  /private/tmp/gptk4-wine-source/include/docobjectservice.idl /private/tmp/gptk4-runtime/include/wine/windows/docobjectservice.idl
/private/tmp/gptk4-wine-source/tools/install-sh -m 644  include/docobjectservice.h /private/tmp/gptk4-runtime/include/wine/windows/docobjectservice.h
/private/tmp/gptk4-wine-source/tools/install-sh -m 644  /private/tmp/gptk4-wine-source/include/documenttarget.idl /private/tmp/gptk4-runtime/include/wine/windows/documenttarget.idl
/private/tmp/gptk4-wine-source/tools/install-sh -m 644  include/documenttarget.h /private/tmp/gptk4-runtime/include/wine/windows/documenttarget.h
/private/tmp/gptk4-wine-source/tools/install-sh -m 644  /private/tmp/gptk4-wine-source/include/downloadmgr.idl /private/tmp/gptk4-runtime/include/wine/windows/downloadmgr.idl
/private/tmp/gptk4-wine-source/tools/install-sh -m 644  include/downloadmgr.h /private/tmp/gptk4-runtime/include/wine/windows/downloadmgr.h
/private/tmp/gptk4-wine-source/tools/install-sh -m 644  /private/tmp/gptk4-wine-source/include/dpaddr.h /private/tmp/gptk4-runtime/include/wine/windows/dpaddr.h
/private/tmp/gptk4-wine-source/tools/install-sh -m 644  /private/tmp/gptk4-wine-source/include/dpfilter.h /private/tmp/gptk4-runtime/include/wine/windows/dpfilter.h
/private/tmp/gptk4-wine-source/tools/install-sh -m 644  /private/tmp/gptk4-wine-source/include/dplay.h /private/tmp/gptk4-runtime/include/wine/windows/dplay.h
/private/tmp/gptk4-wine-source/tools/install-sh -m 644  /private/tmp/gptk4-wine-source/include/dplay8.h /private/tmp/gptk4-runtime/include/wine/windows/dplay8.h
/private/tmp/gptk4-wine-source/tools/install-sh -m 644  /private/tmp/gptk4-wine-source/include/dplobby.h /private/tmp/gptk4-runtime/include/wine/windows/dplobby.h
/private/tmp/gptk4-wine-source/tools/install-sh -m 644  /private/tmp/gptk4-wine-source/include/dplobby8.h /private/tmp/gptk4-runtime/include/wine/windows/dplobby8.h
/private/tmp/gptk4-wine-source/tools/install-sh -m 644  /private/tmp/gptk4-wine-source/include/dpnathlp.h /private/tmp/gptk4-runtime/include/wine/windows/dpnathlp.h
/private/tmp/gptk4-wine-source/tools/install-sh -m 644  /private/tmp/gptk4-wine-source/include/dragdropinterop.idl /private/tmp/gptk4-runtime/include/wine/windows/dragdropinterop.idl
/private/tmp/gptk4-wine-source/tools/install-sh -m 644  include/dragdropinterop.h /private/tmp/gptk4-runtime/include/wine/windows/dragdropinterop.h
/private/tmp/gptk4-wine-source/tools/install-sh -m 644  /private/tmp/gptk4-wine-source/include/driverspecs.h /private/tmp/gptk4-runtime/include/wine/windows/driverspecs.h
/private/tmp/gptk4-wine-source/tools/install-sh -m 644  /private/tmp/gptk4-wine-source/include/drmexternals.idl /private/tmp/gptk4-runtime/include/wine/windows/drmexternals.idl
/private/tmp/gptk4-wine-source/tools/install-sh -m 644  include/drmexternals.h /private/tmp/gptk4-runtime/include/wine/windows/drmexternals.h
/private/tmp/gptk4-wine-source/tools/install-sh -m 644  /private/tmp/gptk4-wine-source/include/dsclient.h /private/tmp/gptk4-runtime/include/wine/windows/dsclient.h
/private/tmp/gptk4-wine-source/tools/install-sh -m 644  /private/tmp/gptk4-wine-source/include/dsconf.h /private/tmp/gptk4-runtime/include/wine/windows/dsconf.h
/private/tmp/gptk4-wine-source/tools/install-sh -m 644  /private/tmp/gptk4-wine-source/include/dsgetdc.h /private/tmp/gptk4-runtime/include/wine/windows/dsgetdc.h
/private/tmp/gptk4-wine-source/tools/install-sh -m 644  /private/tmp/gptk4-wine-source/include/dshow.h /private/tmp/gptk4-runtime/include/wine/windows/dshow.h
/private/tmp/gptk4-wine-source/tools/install-sh -m 644  /private/tmp/gptk4-wine-source/include/dsound.h /private/tmp/gptk4-runtime/include/wine/windows/dsound.h
/private/tmp/gptk4-wine-source/tools/install-sh -m 644  /private/tmp/gptk4-wine-source/include/dsrole.h /private/tmp/gptk4-runtime/include/wine/windows/dsrole.h
/private/tmp/gptk4-wine-source/tools/install-sh -m 644  /private/tmp/gptk4-wine-source/include/dvdif.idl /private/tmp/gptk4-runtime/include/wine/windows/dvdif.idl
/private/tmp/gptk4-wine-source/tools/install-sh -m 644  include/dvdif.h /private/tmp/gptk4-runtime/include/wine/windows/dvdif.h
/private/tmp/gptk4-wine-source/tools/install-sh -m 644  /private/tmp/gptk4-wine-source/include/dvdmedia.h /private/tmp/gptk4-runtime/include/wine/windows/dvdmedia.h
/private/tmp/gptk4-wine-source/tools/install-sh -m 644  /private/tmp/gptk4-wine-source/include/dvoice.h /private/tmp/gptk4-runtime/include/wine/windows/dvoice.h
/private/tmp/gptk4-wine-source/tools/install-sh -m 644  /private/tmp/gptk4-wine-source/include/dwmapi.h /private/tmp/gptk4-runtime/include/wine/windows/dwmapi.h
/private/tmp/gptk4-wine-source/tools/install-sh -m 644  /private/tmp/gptk4-wine-source/include/dwrite.idl /private/tmp/gptk4-runtime/include/wine/windows/dwrite.idl
/private/tmp/gptk4-wine-source/tools/install-sh -m 644  include/dwrite.h /private/tmp/gptk4-runtime/include/wine/windows/dwrite.h
/private/tmp/gptk4-wine-source/tools/install-sh -m 644  /private/tmp/gptk4-wine-source/include/dwrite_1.idl /private/tmp/gptk4-runtime/include/wine/windows/dwrite_1.idl
/private/tmp/gptk4-wine-source/tools/install-sh -m 644  include/dwrite_1.h /private/tmp/gptk4-runtime/include/wine/windows/dwrite_1.h
/private/tmp/gptk4-wine-source/tools/install-sh -m 644  /private/tmp/gptk4-wine-source/include/dwrite_2.idl /private/tmp/gptk4-runtime/include/wine/windows/dwrite_2.idl
/private/tmp/gptk4-wine-source/tools/install-sh -m 644  include/dwrite_2.h /private/tmp/gptk4-runtime/include/wine/windows/dwrite_2.h
/private/tmp/gptk4-wine-source/tools/install-sh -m 644  /private/tmp/gptk4-wine-source/include/dwrite_3.idl /private/tmp/gptk4-runtime/include/wine/windows/dwrite_3.idl
/private/tmp/gptk4-wine-source/tools/install-sh -m 644  include/dwrite_3.h /private/tmp/gptk4-runtime/include/wine/windows/dwrite_3.h
/private/tmp/gptk4-wine-source/tools/install-sh -m 644  /private/tmp/gptk4-wine-source/include/dxcore.h /private/tmp/gptk4-runtime/include/wine/windows/dxcore.h
/private/tmp/gptk4-wine-source/tools/install-sh -m 644  /private/tmp/gptk4-wine-source/include/dxcore_interface.h /private/tmp/gptk4-runtime/include/wine/windows/dxcore_interface.h
/private/tmp/gptk4-wine-source/tools/install-sh -m 644  /private/tmp/gptk4-wine-source/include/dxdiag.h /private/tmp/gptk4-runtime/include/wine/windows/dxdiag.h
/private/tmp/gptk4-wine-source/tools/install-sh -m 644  /private/tmp/gptk4-wine-source/include/dxerr8.h /private/tmp/gptk4-runtime/include/wine/windows/dxerr8.h
/private/tmp/gptk4-wine-source/tools/install-sh -m 644  /private/tmp/gptk4-wine-source/include/dxerr9.h /private/tmp/gptk4-runtime/include/wine/windows/dxerr9.h
/private/tmp/gptk4-wine-source/tools/install-sh -m 644  /private/tmp/gptk4-wine-source/include/dxfile.h /private/tmp/gptk4-runtime/include/wine/windows/dxfile.h
/private/tmp/gptk4-wine-source/tools/install-sh -m 644  /private/tmp/gptk4-wine-source/include/dxgi.idl /private/tmp/gptk4-runtime/include/wine/windows/dxgi.idl
/private/tmp/gptk4-wine-source/tools/install-sh -m 644  include/dxgi.h /private/tmp/gptk4-runtime/include/wine/windows/dxgi.h
/private/tmp/gptk4-wine-source/tools/install-sh -m 644  /private/tmp/gptk4-wine-source/include/dxgi1_2.idl /private/tmp/gptk4-runtime/include/wine/windows/dxgi1_2.idl
/private/tmp/gptk4-wine-source/tools/install-sh -m 644  include/dxgi1_2.h /private/tmp/gptk4-runtime/include/wine/windows/dxgi1_2.h
/private/tmp/gptk4-wine-source/tools/install-sh -m 644  /private/tmp/gptk4-wine-source/include/dxgi1_3.idl /private/tmp/gptk4-runtime/include/wine/windows/dxgi1_3.idl
/private/tmp/gptk4-wine-source/tools/install-sh -m 644  include/dxgi1_3.h /private/tmp/gptk4-runtime/include/wine/windows/dxgi1_3.h
/private/tmp/gptk4-wine-source/tools/install-sh -m 644  /private/tmp/gptk4-wine-source/include/dxgi1_4.idl /private/tmp/gptk4-runtime/include/wine/windows/dxgi1_4.idl
/private/tmp/gptk4-wine-source/tools/install-sh -m 644  include/dxgi1_4.h /private/tmp/gptk4-runtime/include/wine/windows/dxgi1_4.h
/private/tmp/gptk4-wine-source/tools/install-sh -m 644  /private/tmp/gptk4-wine-source/include/dxgi1_5.idl /private/tmp/gptk4-runtime/include/wine/windows/dxgi1_5.idl
/private/tmp/gptk4-wine-source/tools/install-sh -m 644  include/dxgi1_5.h /private/tmp/gptk4-runtime/include/wine/windows/dxgi1_5.h
/private/tmp/gptk4-wine-source/tools/install-sh -m 644  /private/tmp/gptk4-wine-source/include/dxgi1_6.idl /private/tmp/gptk4-runtime/include/wine/windows/dxgi1_6.idl
/private/tmp/gptk4-wine-source/tools/install-sh -m 644  include/dxgi1_6.h /private/tmp/gptk4-runtime/include/wine/windows/dxgi1_6.h
/private/tmp/gptk4-wine-source/tools/install-sh -m 644  /private/tmp/gptk4-wine-source/include/dxgicommon.idl /private/tmp/gptk4-runtime/include/wine/windows/dxgicommon.idl
/private/tmp/gptk4-wine-source/tools/install-sh -m 644  include/dxgicommon.h /private/tmp/gptk4-runtime/include/wine/windows/dxgicommon.h
/private/tmp/gptk4-wine-source/tools/install-sh -m 644  /private/tmp/gptk4-wine-source/include/dxgidebug.idl /private/tmp/gptk4-runtime/include/wine/windows/dxgidebug.idl
/private/tmp/gptk4-wine-source/tools/install-sh -m 644  include/dxgidebug.h /private/tmp/gptk4-runtime/include/wine/windows/dxgidebug.h
/private/tmp/gptk4-wine-source/tools/install-sh -m 644  /private/tmp/gptk4-wine-source/include/dxgiformat.idl /private/tmp/gptk4-runtime/include/wine/windows/dxgiformat.idl
/private/tmp/gptk4-wine-source/tools/install-sh -m 644  include/dxgiformat.h /private/tmp/gptk4-runtime/include/wine/windows/dxgiformat.h
/private/tmp/gptk4-wine-source/tools/install-sh -m 644  /private/tmp/gptk4-wine-source/include/dxgitype.idl /private/tmp/gptk4-runtime/include/wine/windows/dxgitype.idl
/private/tmp/gptk4-wine-source/tools/install-sh -m 644  include/dxgitype.h /private/tmp/gptk4-runtime/include/wine/windows/dxgitype.h
/private/tmp/gptk4-wine-source/tools/install-sh -m 644  /private/tmp/gptk4-wine-source/include/dxva.h /private/tmp/gptk4-runtime/include/wine/windows/dxva.h
/private/tmp/gptk4-wine-source/tools/install-sh -m 644  /private/tmp/gptk4-wine-source/include/dxva2api.idl /private/tmp/gptk4-runtime/include/wine/windows/dxva2api.idl
/private/tmp/gptk4-wine-source/tools/install-sh -m 644  include/dxva2api.h /private/tmp/gptk4-runtime/include/wine/windows/dxva2api.h
/private/tmp/gptk4-wine-source/tools/install-sh -m 644  /private/tmp/gptk4-wine-source/include/dxvahd.idl /private/tmp/gptk4-runtime/include/wine/windows/dxvahd.idl
/private/tmp/gptk4-wine-source/tools/install-sh -m 644  include/dxvahd.h /private/tmp/gptk4-runtime/include/wine/windows/dxvahd.h
/private/tmp/gptk4-wine-source/tools/install-sh -m 644  /private/tmp/gptk4-wine-source/include/dyngraph.idl /private/tmp/gptk4-runtime/include/wine/windows/dyngraph.idl
/private/tmp/gptk4-wine-source/tools/install-sh -m 644  /private/tmp/gptk4-wine-source/include/endpointvolume.idl /private/tmp/gptk4-runtime/include/wine/windows/endpointvolume.idl
/private/tmp/gptk4-wine-source/tools/install-sh -m 644  include/endpointvolume.h /private/tmp/gptk4-runtime/include/wine/windows/endpointvolume.h
/private/tmp/gptk4-wine-source/tools/install-sh -m 644  /private/tmp/gptk4-wine-source/include/errorrep.h /private/tmp/gptk4-runtime/include/wine/windows/errorrep.h
/private/tmp/gptk4-wine-source/tools/install-sh -m 644  /private/tmp/gptk4-wine-source/include/errors.h /private/tmp/gptk4-runtime/include/wine/windows/errors.h
/private/tmp/gptk4-wine-source/tools/install-sh -m 644  /private/tmp/gptk4-wine-source/include/errrec.idl /private/tmp/gptk4-runtime/include/wine/windows/errrec.idl
/private/tmp/gptk4-wine-source/tools/install-sh -m 644  /private/tmp/gptk4-wine-source/include/evcode.h /private/tmp/gptk4-runtime/include/wine/windows/evcode.h
/private/tmp/gptk4-wine-source/tools/install-sh -m 644  /private/tmp/gptk4-wine-source/include/eventtoken.idl /private/tmp/gptk4-runtime/include/wine/windows/eventtoken.idl
/private/tmp/gptk4-wine-source/tools/install-sh -m 644  include/eventtoken.h /private/tmp/gptk4-runtime/include/wine/windows/eventtoken.h
/private/tmp/gptk4-wine-source/tools/install-sh -m 644  /private/tmp/gptk4-wine-source/include/evntprov.h /private/tmp/gptk4-runtime/include/wine/windows/evntprov.h
/private/tmp/gptk4-wine-source/tools/install-sh -m 644  /private/tmp/gptk4-wine-source/include/evntrace.h /private/tmp/gptk4-runtime/include/wine/windows/evntrace.h
/private/tmp/gptk4-wine-source/tools/install-sh -m 644  /private/tmp/gptk4-wine-source/include/evr.idl /private/tmp/gptk4-runtime/include/wine/windows/evr.idl
/private/tmp/gptk4-wine-source/tools/install-sh -m 644  include/evr.h /private/tmp/gptk4-runtime/include/wine/windows/evr.h
/private/tmp/gptk4-wine-source/tools/install-sh -m 644  /private/tmp/gptk4-wine-source/include/evr9.idl /private/tmp/gptk4-runtime/include/wine/windows/evr9.idl
/private/tmp/gptk4-wine-source/tools/install-sh -m 644  include/evr9.h /private/tmp/gptk4-runtime/include/wine/windows/evr9.h
/private/tmp/gptk4-wine-source/tools/install-sh -m 644  /private/tmp/gptk4-wine-source/include/excpt.h /private/tmp/gptk4-runtime/include/wine/windows/excpt.h
/private/tmp/gptk4-wine-source/tools/install-sh -m 644  /private/tmp/gptk4-wine-source/include/exdisp.idl /private/tmp/gptk4-runtime/include/wine/windows/exdisp.idl
/private/tmp/gptk4-wine-source/tools/install-sh -m 644  include/exdisp.h /private/tmp/gptk4-runtime/include/wine/windows/exdisp.h
/private/tmp/gptk4-wine-source/tools/install-sh -m 644  /private/tmp/gptk4-wine-source/include/exdispid.h /private/tmp/gptk4-runtime/include/wine/windows/exdispid.h
/private/tmp/gptk4-wine-source/tools/install-sh -m 644  /private/tmp/gptk4-wine-source/include/exposeenums2managed.h /private/tmp/gptk4-runtime/include/wine/windows/exposeenums2managed.h
/private/tmp/gptk4-wine-source/tools/install-sh -m 644  /private/tmp/gptk4-wine-source/include/fci.h /private/tmp/gptk4-runtime/include/wine/windows/fci.h
/private/tmp/gptk4-wine-source/tools/install-sh -m 644  /private/tmp/gptk4-wine-source/include/fdi.h /private/tmp/gptk4-runtime/include/wine/windows/fdi.h
/private/tmp/gptk4-wine-source/tools/install-sh -m 644  /private/tmp/gptk4-wine-source/include/featurestagingapi.h /private/tmp/gptk4-runtime/include/wine/windows/featurestagingapi.h
/private/tmp/gptk4-wine-source/tools/install-sh -m 644  /private/tmp/gptk4-wine-source/include/fileapi.h /private/tmp/gptk4-runtime/include/wine/windows/fileapi.h
/private/tmp/gptk4-wine-source/tools/install-sh -m 644  /private/tmp/gptk4-wine-source/include/filter.idl /private/tmp/gptk4-runtime/include/wine/windows/filter.idl
/private/tmp/gptk4-wine-source/tools/install-sh -m 644  include/filter.h /private/tmp/gptk4-runtime/include/wine/windows/filter.h
/private/tmp/gptk4-wine-source/tools/install-sh -m 644  /private/tmp/gptk4-wine-source/include/fltdefs.h /private/tmp/gptk4-runtime/include/wine/windows/fltdefs.h
/private/tmp/gptk4-wine-source/tools/install-sh -m 644  /private/tmp/gptk4-wine-source/include/fontsub.h /private/tmp/gptk4-runtime/include/wine/windows/fontsub.h
/private/tmp/gptk4-wine-source/tools/install-sh -m 644  /private/tmp/gptk4-wine-source/include/fusion.idl /private/tmp/gptk4-runtime/include/wine/windows/fusion.idl
/private/tmp/gptk4-wine-source/tools/install-sh -m 644  include/fusion.h /private/tmp/gptk4-runtime/include/wine/windows/fusion.h
/private/tmp/gptk4-wine-source/tools/install-sh -m 644  /private/tmp/gptk4-wine-source/include/gameux.idl /private/tmp/gptk4-runtime/include/wine/windows/gameux.idl
/private/tmp/gptk4-wine-source/tools/install-sh -m 644  include/gameux.h /private/tmp/gptk4-runtime/include/wine/windows/gameux.h
/private/tmp/gptk4-wine-source/tools/install-sh -m 644  /private/tmp/gptk4-wine-source/include/gamingtcui.h /private/tmp/gptk4-runtime/include/wine/windows/gamingtcui.h
/private/tmp/gptk4-wine-source/tools/install-sh -m 644  /private/tmp/gptk4-wine-source/include/gdiplus.h /private/tmp/gptk4-runtime/include/wine/windows/gdiplus.h
/private/tmp/gptk4-wine-source/tools/install-sh -m 644  /private/tmp/gptk4-wine-source/include/gdipluscolor.h /private/tmp/gptk4-runtime/include/wine/windows/gdipluscolor.h
/private/tmp/gptk4-wine-source/tools/install-sh -m 644  /private/tmp/gptk4-wine-source/include/gdipluscolormatrix.h /private/tmp/gptk4-runtime/include/wine/windows/gdipluscolormatrix.h
/private/tmp/gptk4-wine-source/tools/install-sh -m 644  /private/tmp/gptk4-wine-source/include/gdipluseffects.h /private/tmp/gptk4-runtime/include/wine/windows/gdipluseffects.h
/private/tmp/gptk4-wine-source/tools/install-sh -m 644  /private/tmp/gptk4-wine-source/include/gdiplusenums.h /private/tmp/gptk4-runtime/include/wine/windows/gdiplusenums.h
/private/tmp/gptk4-wine-source/tools/install-sh -m 644  /private/tmp/gptk4-wine-source/include/gdiplusflat.h /private/tmp/gptk4-runtime/include/wine/windows/gdiplusflat.h
/private/tmp/gptk4-wine-source/tools/install-sh -m 644  /private/tmp/gptk4-wine-source/include/gdiplusgpstubs.h /private/tmp/gptk4-runtime/include/wine/windows/gdiplusgpstubs.h
/private/tmp/gptk4-wine-source/tools/install-sh -m 644  /private/tmp/gptk4-wine-source/include/gdiplusimaging.h /private/tmp/gptk4-runtime/include/wine/windows/gdiplusimaging.h
/private/tmp/gptk4-wine-source/tools/install-sh -m 644  /private/tmp/gptk4-wine-source/include/gdiplusinit.h /private/tmp/gptk4-runtime/include/wine/windows/gdiplusinit.h
/private/tmp/gptk4-wine-source/tools/install-sh -m 644  /private/tmp/gptk4-wine-source/include/gdiplusmem.h /private/tmp/gptk4-runtime/include/wine/windows/gdiplusmem.h
/private/tmp/gptk4-wine-source/tools/install-sh -m 644  /private/tmp/gptk4-wine-source/include/gdiplusmetaheader.h /private/tmp/gptk4-runtime/include/wine/windows/gdiplusmetaheader.h
/private/tmp/gptk4-wine-source/tools/install-sh -m 644  /private/tmp/gptk4-wine-source/include/gdipluspixelformats.h /private/tmp/gptk4-runtime/include/wine/windows/gdipluspixelformats.h
/private/tmp/gptk4-wine-source/tools/install-sh -m 644  /private/tmp/gptk4-wine-source/include/gdiplustypes.h /private/tmp/gptk4-runtime/include/wine/windows/gdiplustypes.h
/private/tmp/gptk4-wine-source/tools/install-sh -m 644  /private/tmp/gptk4-wine-source/include/getdts.idl /private/tmp/gptk4-runtime/include/wine/windows/getdts.idl
/private/tmp/gptk4-wine-source/tools/install-sh -m 644  /private/tmp/gptk4-wine-source/include/guiddef.h /private/tmp/gptk4-runtime/include/wine/windows/guiddef.h
/private/tmp/gptk4-wine-source/tools/install-sh -m 644  /private/tmp/gptk4-wine-source/include/hidusage.h /private/tmp/gptk4-runtime/include/wine/windows/hidusage.h
/private/tmp/gptk4-wine-source/tools/install-sh -m 644  /private/tmp/gptk4-wine-source/include/highlevelmonitorconfigurationapi.h /private/tmp/gptk4-runtime/include/wine/windows/highlevelmonitorconfigurationapi.h
/private/tmp/gptk4-wine-source/tools/install-sh -m 644  /private/tmp/gptk4-wine-source/include/hlguids.h /private/tmp/gptk4-runtime/include/wine/windows/hlguids.h
/private/tmp/gptk4-wine-source/tools/install-sh -m 644  /private/tmp/gptk4-wine-source/include/hlink.idl /private/tmp/gptk4-runtime/include/wine/windows/hlink.idl
/private/tmp/gptk4-wine-source/tools/install-sh -m 644  include/hlink.h /private/tmp/gptk4-runtime/include/wine/windows/hlink.h
/private/tmp/gptk4-wine-source/tools/install-sh -m 644  /private/tmp/gptk4-wine-source/include/holographicspaceinterop.idl /private/tmp/gptk4-runtime/include/wine/windows/holographicspaceinterop.idl
/private/tmp/gptk4-wine-source/tools/install-sh -m 644  include/holographicspaceinterop.h /private/tmp/gptk4-runtime/include/wine/windows/holographicspaceinterop.h
/private/tmp/gptk4-wine-source/tools/install-sh -m 644  /private/tmp/gptk4-wine-source/include/hrtfapoapi.idl /private/tmp/gptk4-runtime/include/wine/windows/hrtfapoapi.idl
/private/tmp/gptk4-wine-source/tools/install-sh -m 644  include/hrtfapoapi.h /private/tmp/gptk4-runtime/include/wine/windows/hrtfapoapi.h
/private/tmp/gptk4-wine-source/tools/install-sh -m 644  /private/tmp/gptk4-wine-source/include/hstring.idl /private/tmp/gptk4-runtime/include/wine/windows/hstring.idl
/private/tmp/gptk4-wine-source/tools/install-sh -m 644  include/hstring.h /private/tmp/gptk4-runtime/include/wine/windows/hstring.h
/private/tmp/gptk4-wine-source/tools/install-sh -m 644  /private/tmp/gptk4-wine-source/include/htiface.idl /private/tmp/gptk4-runtime/include/wine/windows/htiface.idl
/private/tmp/gptk4-wine-source/tools/install-sh -m 644  include/htiface.h /private/tmp/gptk4-runtime/include/wine/windows/htiface.h
/private/tmp/gptk4-wine-source/tools/install-sh -m 644  /private/tmp/gptk4-wine-source/include/htiframe.idl /private/tmp/gptk4-runtime/include/wine/windows/htiframe.idl
/private/tmp/gptk4-wine-source/tools/install-sh -m 644  include/htiframe.h /private/tmp/gptk4-runtime/include/wine/windows/htiframe.h
/private/tmp/gptk4-wine-source/tools/install-sh -m 644  /private/tmp/gptk4-wine-source/include/htmlhelp.h /private/tmp/gptk4-runtime/include/wine/windows/htmlhelp.h
/private/tmp/gptk4-wine-source/tools/install-sh -m 644  /private/tmp/gptk4-wine-source/include/http.h /private/tmp/gptk4-runtime/include/wine/windows/http.h
/private/tmp/gptk4-wine-source/tools/install-sh -m 644  /private/tmp/gptk4-wine-source/include/httprequest.idl /private/tmp/gptk4-runtime/include/wine/windows/httprequest.idl
/private/tmp/gptk4-wine-source/tools/install-sh -m 644  include/httprequest.h /private/tmp/gptk4-runtime/include/wine/windows/httprequest.h
/private/tmp/gptk4-wine-source/tools/install-sh -m 644  /private/tmp/gptk4-wine-source/include/httprequestid.h /private/tmp/gptk4-runtime/include/wine/windows/httprequestid.h
/private/tmp/gptk4-wine-source/tools/install-sh -m 644  /private/tmp/gptk4-wine-source/include/i_cryptasn1tls.h /private/tmp/gptk4-runtime/include/wine/windows/i_cryptasn1tls.h
/private/tmp/gptk4-wine-source/tools/install-sh -m 644  /private/tmp/gptk4-wine-source/include/iads.idl /private/tmp/gptk4-runtime/include/wine/windows/iads.idl
/private/tmp/gptk4-wine-source/tools/install-sh -m 644  include/iads.h /private/tmp/gptk4-runtime/include/wine/windows/iads.h
/private/tmp/gptk4-wine-source/tools/install-sh -m 644  /private/tmp/gptk4-wine-source/include/icftypes.idl /private/tmp/gptk4-runtime/include/wine/windows/icftypes.idl
/private/tmp/gptk4-wine-source/tools/install-sh -m 644  include/icftypes.h /private/tmp/gptk4-runtime/include/wine/windows/icftypes.h
/private/tmp/gptk4-wine-source/tools/install-sh -m 644  /private/tmp/gptk4-wine-source/include/icm.h /private/tmp/gptk4-runtime/include/wine/windows/icm.h
/private/tmp/gptk4-wine-source/tools/install-sh -m 644  /private/tmp/gptk4-wine-source/include/icmpapi.h /private/tmp/gptk4-runtime/include/wine/windows/icmpapi.h
/private/tmp/gptk4-wine-source/tools/install-sh -m 644  /private/tmp/gptk4-wine-source/include/icodecapi.idl /private/tmp/gptk4-runtime/include/wine/windows/icodecapi.idl
/private/tmp/gptk4-wine-source/tools/install-sh -m 644  include/icodecapi.h /private/tmp/gptk4-runtime/include/wine/windows/icodecapi.h
/private/tmp/gptk4-wine-source/tools/install-sh -m 644  /private/tmp/gptk4-wine-source/include/idispids.h /private/tmp/gptk4-runtime/include/wine/windows/idispids.h
/private/tmp/gptk4-wine-source/tools/install-sh -m 644  /private/tmp/gptk4-wine-source/include/ieautomation.idl /private/tmp/gptk4-runtime/include/wine/windows/ieautomation.idl
/private/tmp/gptk4-wine-source/tools/install-sh -m 644  include/ieautomation.h /private/tmp/gptk4-runtime/include/wine/windows/ieautomation.h
/private/tmp/gptk4-wine-source/tools/install-sh -m 644  /private/tmp/gptk4-wine-source/include/iextag.idl /private/tmp/gptk4-runtime/include/wine/windows/iextag.idl
/private/tmp/gptk4-wine-source/tools/install-sh -m 644  include/iextag.h /private/tmp/gptk4-runtime/include/wine/windows/iextag.h
/private/tmp/gptk4-wine-source/tools/install-sh -m 644  /private/tmp/gptk4-wine-source/include/ifdef.h /private/tmp/gptk4-runtime/include/wine/windows/ifdef.h
/private/tmp/gptk4-wine-source/tools/install-sh -m 644  /private/tmp/gptk4-wine-source/include/ifmib.h /private/tmp/gptk4-runtime/include/wine/windows/ifmib.h
/private/tmp/gptk4-wine-source/tools/install-sh -m 644  /private/tmp/gptk4-wine-source/include/iimgctx.idl /private/tmp/gptk4-runtime/include/wine/windows/iimgctx.idl
/private/tmp/gptk4-wine-source/tools/install-sh -m 644  include/iimgctx.h /private/tmp/gptk4-runtime/include/wine/windows/iimgctx.h
/private/tmp/gptk4-wine-source/tools/install-sh -m 644  /private/tmp/gptk4-wine-source/include/imagehlp.h /private/tmp/gptk4-runtime/include/wine/windows/imagehlp.h
/private/tmp/gptk4-wine-source/tools/install-sh -m 644  /private/tmp/gptk4-wine-source/include/ime.h /private/tmp/gptk4-runtime/include/wine/windows/ime.h
/private/tmp/gptk4-wine-source/tools/install-sh -m 644  /private/tmp/gptk4-wine-source/include/imm.h /private/tmp/gptk4-runtime/include/wine/windows/imm.h
/private/tmp/gptk4-wine-source/tools/install-sh -m 644  /private/tmp/gptk4-wine-source/include/immdev.h /private/tmp/gptk4-runtime/include/wine/windows/immdev.h
/private/tmp/gptk4-wine-source/tools/install-sh -m 644  /private/tmp/gptk4-wine-source/include/imnact.idl /private/tmp/gptk4-runtime/include/wine/windows/imnact.idl
/private/tmp/gptk4-wine-source/tools/install-sh -m 644  include/imnact.h /private/tmp/gptk4-runtime/include/wine/windows/imnact.h
/private/tmp/gptk4-wine-source/tools/install-sh -m 644  /private/tmp/gptk4-wine-source/include/imnxport.idl /private/tmp/gptk4-runtime/include/wine/windows/imnxport.idl
/private/tmp/gptk4-wine-source/tools/install-sh -m 644  include/imnxport.h /private/tmp/gptk4-runtime/include/wine/windows/imnxport.h
/private/tmp/gptk4-wine-source/tools/install-sh -m 644  /private/tmp/gptk4-wine-source/include/in6addr.h /private/tmp/gptk4-runtime/include/wine/windows/in6addr.h
/private/tmp/gptk4-wine-source/tools/install-sh -m 644  /private/tmp/gptk4-wine-source/include/inaddr.h /private/tmp/gptk4-runtime/include/wine/windows/inaddr.h
/private/tmp/gptk4-wine-source/tools/install-sh -m 644  /private/tmp/gptk4-wine-source/include/indexsrv.idl /private/tmp/gptk4-runtime/include/wine/windows/indexsrv.idl
/private/tmp/gptk4-wine-source/tools/install-sh -m 644  include/indexsrv.h /private/tmp/gptk4-runtime/include/wine/windows/indexsrv.h
/private/tmp/gptk4-wine-source/tools/install-sh -m 644  /private/tmp/gptk4-wine-source/include/initguid.h /private/tmp/gptk4-runtime/include/wine/windows/initguid.h
/private/tmp/gptk4-wine-source/tools/install-sh -m 644  /private/tmp/gptk4-wine-source/include/inputpaneinterop.idl /private/tmp/gptk4-runtime/include/wine/windows/inputpaneinterop.idl
/private/tmp/gptk4-wine-source/tools/install-sh -m 644  include/inputpaneinterop.h /private/tmp/gptk4-runtime/include/wine/windows/inputpaneinterop.h
/private/tmp/gptk4-wine-source/tools/install-sh -m 644  /private/tmp/gptk4-wine-source/include/inputscope.idl /private/tmp/gptk4-runtime/include/wine/windows/inputscope.idl
/private/tmp/gptk4-wine-source/tools/install-sh -m 644  include/inputscope.h /private/tmp/gptk4-runtime/include/wine/windows/inputscope.h
/private/tmp/gptk4-wine-source/tools/install-sh -m 644  /private/tmp/gptk4-wine-source/include/inseng.idl /private/tmp/gptk4-runtime/include/wine/windows/inseng.idl
/private/tmp/gptk4-wine-source/tools/install-sh -m 644  include/inseng.h /private/tmp/gptk4-runtime/include/wine/windows/inseng.h
/private/tmp/gptk4-wine-source/tools/install-sh -m 644  /private/tmp/gptk4-wine-source/include/inspectable.idl /private/tmp/gptk4-runtime/include/wine/windows/inspectable.idl
/private/tmp/gptk4-wine-source/tools/install-sh -m 644  include/inspectable.h /private/tmp/gptk4-runtime/include/wine/windows/inspectable.h
/private/tmp/gptk4-wine-source/tools/install-sh -m 644  /private/tmp/gptk4-wine-source/include/interactioncontext.h /private/tmp/gptk4-runtime/include/wine/windows/interactioncontext.h
/private/tmp/gptk4-wine-source/tools/install-sh -m 644  /private/tmp/gptk4-wine-source/include/intshcut.h /private/tmp/gptk4-runtime/include/wine/windows/intshcut.h
/private/tmp/gptk4-wine-source/tools/install-sh -m 644  /private/tmp/gptk4-wine-source/include/ioringapi.h /private/tmp/gptk4-runtime/include/wine/windows/ioringapi.h
/private/tmp/gptk4-wine-source/tools/install-sh -m 644  /private/tmp/gptk4-wine-source/include/ip2string.h /private/tmp/gptk4-runtime/include/wine/windows/ip2string.h
/private/tmp/gptk4-wine-source/tools/install-sh -m 644  /private/tmp/gptk4-wine-source/include/ipexport.h /private/tmp/gptk4-runtime/include/wine/windows/ipexport.h
/private/tmp/gptk4-wine-source/tools/install-sh -m 644  /private/tmp/gptk4-wine-source/include/iphlpapi.h /private/tmp/gptk4-runtime/include/wine/windows/iphlpapi.h
/private/tmp/gptk4-wine-source/tools/install-sh -m 644  /private/tmp/gptk4-wine-source/include/ipifcons.h /private/tmp/gptk4-runtime/include/wine/windows/ipifcons.h
/private/tmp/gptk4-wine-source/tools/install-sh -m 644  /private/tmp/gptk4-wine-source/include/ipmib.h /private/tmp/gptk4-runtime/include/wine/windows/ipmib.h
/private/tmp/gptk4-wine-source/tools/install-sh -m 644  /private/tmp/gptk4-wine-source/include/iprtrmib.h /private/tmp/gptk4-runtime/include/wine/windows/iprtrmib.h
/private/tmp/gptk4-wine-source/tools/install-sh -m 644  /private/tmp/gptk4-wine-source/include/iptypes.h /private/tmp/gptk4-runtime/include/wine/windows/iptypes.h
/private/tmp/gptk4-wine-source/tools/install-sh -m 644  /private/tmp/gptk4-wine-source/include/isguids.h /private/tmp/gptk4-runtime/include/wine/windows/isguids.h
/private/tmp/gptk4-wine-source/tools/install-sh -m 644  /private/tmp/gptk4-wine-source/include/ivectorchangedeventargs.idl /private/tmp/gptk4-runtime/include/wine/windows/ivectorchangedeventargs.idl
/private/tmp/gptk4-wine-source/tools/install-sh -m 644  include/ivectorchangedeventargs.h /private/tmp/gptk4-runtime/include/wine/windows/ivectorchangedeventargs.h
/private/tmp/gptk4-wine-source/tools/install-sh -m 644  /private/tmp/gptk4-wine-source/include/kbd.h /private/tmp/gptk4-runtime/include/wine/windows/kbd.h
/private/tmp/gptk4-wine-source/tools/install-sh -m 644  /private/tmp/gptk4-wine-source/include/knownfolders.h /private/tmp/gptk4-runtime/include/wine/windows/knownfolders.h
/private/tmp/gptk4-wine-source/tools/install-sh -m 644  /private/tmp/gptk4-wine-source/include/ks.h /private/tmp/gptk4-runtime/include/wine/windows/ks.h
/private/tmp/gptk4-wine-source/tools/install-sh -m 644  /private/tmp/gptk4-wine-source/include/ksguid.h /private/tmp/gptk4-runtime/include/wine/windows/ksguid.h
/private/tmp/gptk4-wine-source/tools/install-sh -m 644  /private/tmp/gptk4-wine-source/include/ksmedia.h /private/tmp/gptk4-runtime/include/wine/windows/ksmedia.h
/private/tmp/gptk4-wine-source/tools/install-sh -m 644  /private/tmp/gptk4-wine-source/include/ksuuids.h /private/tmp/gptk4-runtime/include/wine/windows/ksuuids.h
/private/tmp/gptk4-wine-source/tools/install-sh -m 644  /private/tmp/gptk4-wine-source/include/libloaderapi.h /private/tmp/gptk4-runtime/include/wine/windows/libloaderapi.h
/private/tmp/gptk4-wine-source/tools/install-sh -m 644  /private/tmp/gptk4-wine-source/include/lm.h /private/tmp/gptk4-runtime/include/wine/windows/lm.h
/private/tmp/gptk4-wine-source/tools/install-sh -m 644  /private/tmp/gptk4-wine-source/include/lmaccess.h /private/tmp/gptk4-runtime/include/wine/windows/lmaccess.h
/private/tmp/gptk4-wine-source/tools/install-sh -m 644  /private/tmp/gptk4-wine-source/include/lmapibuf.h /private/tmp/gptk4-runtime/include/wine/windows/lmapibuf.h
/private/tmp/gptk4-wine-source/tools/install-sh -m 644  /private/tmp/gptk4-wine-source/include/lmat.h /private/tmp/gptk4-runtime/include/wine/windows/lmat.h
/private/tmp/gptk4-wine-source/tools/install-sh -m 644  /private/tmp/gptk4-wine-source/include/lmbrowsr.h /private/tmp/gptk4-runtime/include/wine/windows/lmbrowsr.h
/private/tmp/gptk4-wine-source/tools/install-sh -m 644  /private/tmp/gptk4-wine-source/include/lmcons.h /private/tmp/gptk4-runtime/include/wine/windows/lmcons.h
/private/tmp/gptk4-wine-source/tools/install-sh -m 644  /private/tmp/gptk4-wine-source/include/lmerr.h /private/tmp/gptk4-runtime/include/wine/windows/lmerr.h
/private/tmp/gptk4-wine-source/tools/install-sh -m 644  /private/tmp/gptk4-wine-source/include/lmjoin.h /private/tmp/gptk4-runtime/include/wine/windows/lmjoin.h
/private/tmp/gptk4-wine-source/tools/install-sh -m 644  /private/tmp/gptk4-wine-source/include/lmmsg.h /private/tmp/gptk4-runtime/include/wine/windows/lmmsg.h
/private/tmp/gptk4-wine-source/tools/install-sh -m 644  /private/tmp/gptk4-wine-source/include/lmremutl.h /private/tmp/gptk4-runtime/include/wine/windows/lmremutl.h
/private/tmp/gptk4-wine-source/tools/install-sh -m 644  /private/tmp/gptk4-wine-source/include/lmserver.h /private/tmp/gptk4-runtime/include/wine/windows/lmserver.h
/private/tmp/gptk4-wine-source/tools/install-sh -m 644  /private/tmp/gptk4-wine-source/include/lmshare.h /private/tmp/gptk4-runtime/include/wine/windows/lmshare.h
/private/tmp/gptk4-wine-source/tools/install-sh -m 644  /private/tmp/gptk4-wine-source/include/lmstats.h /private/tmp/gptk4-runtime/include/wine/windows/lmstats.h
/private/tmp/gptk4-wine-source/tools/install-sh -m 644  /private/tmp/gptk4-wine-source/include/lmuse.h /private/tmp/gptk4-runtime/include/wine/windows/lmuse.h
/private/tmp/gptk4-wine-source/tools/install-sh -m 644  /private/tmp/gptk4-wine-source/include/lmuseflg.h /private/tmp/gptk4-runtime/include/wine/windows/lmuseflg.h
/private/tmp/gptk4-wine-source/tools/install-sh -m 644  /private/tmp/gptk4-wine-source/include/lmwksta.h /private/tmp/gptk4-runtime/include/wine/windows/lmwksta.h
/private/tmp/gptk4-wine-source/tools/install-sh -m 644  /private/tmp/gptk4-wine-source/include/loadperf.h /private/tmp/gptk4-runtime/include/wine/windows/loadperf.h
/private/tmp/gptk4-wine-source/tools/install-sh -m 644  /private/tmp/gptk4-wine-source/include/lowlevelmonitorconfigurationapi.h /private/tmp/gptk4-runtime/include/wine/windows/lowlevelmonitorconfigurationapi.h
/private/tmp/gptk4-wine-source/tools/install-sh -m 644  /private/tmp/gptk4-wine-source/include/lzexpand.h /private/tmp/gptk4-runtime/include/wine/windows/lzexpand.h
/private/tmp/gptk4-wine-source/tools/install-sh -m 644  /private/tmp/gptk4-wine-source/include/mapi.h /private/tmp/gptk4-runtime/include/wine/windows/mapi.h
/private/tmp/gptk4-wine-source/tools/install-sh -m 644  /private/tmp/gptk4-wine-source/include/mapicode.h /private/tmp/gptk4-runtime/include/wine/windows/mapicode.h
/private/tmp/gptk4-wine-source/tools/install-sh -m 644  /private/tmp/gptk4-wine-source/include/mapidefs.h /private/tmp/gptk4-runtime/include/wine/windows/mapidefs.h
/private/tmp/gptk4-wine-source/tools/install-sh -m 644  /private/tmp/gptk4-wine-source/include/mapiform.h /private/tmp/gptk4-runtime/include/wine/windows/mapiform.h
/private/tmp/gptk4-wine-source/tools/install-sh -m 644  /private/tmp/gptk4-wine-source/include/mapiguid.h /private/tmp/gptk4-runtime/include/wine/windows/mapiguid.h
/private/tmp/gptk4-wine-source/tools/install-sh -m 644  /private/tmp/gptk4-wine-source/include/mapitags.h /private/tmp/gptk4-runtime/include/wine/windows/mapitags.h
/private/tmp/gptk4-wine-source/tools/install-sh -m 644  /private/tmp/gptk4-wine-source/include/mapiutil.h /private/tmp/gptk4-runtime/include/wine/windows/mapiutil.h
/private/tmp/gptk4-wine-source/tools/install-sh -m 644  /private/tmp/gptk4-wine-source/include/mapival.h /private/tmp/gptk4-runtime/include/wine/windows/mapival.h
/private/tmp/gptk4-wine-source/tools/install-sh -m 644  /private/tmp/gptk4-wine-source/include/mapix.h /private/tmp/gptk4-runtime/include/wine/windows/mapix.h
/private/tmp/gptk4-wine-source/tools/install-sh -m 644  /private/tmp/gptk4-wine-source/include/mciavi.h /private/tmp/gptk4-runtime/include/wine/windows/mciavi.h
/private/tmp/gptk4-wine-source/tools/install-sh -m 644  /private/tmp/gptk4-wine-source/include/mcx.h /private/tmp/gptk4-runtime/include/wine/windows/mcx.h
/private/tmp/gptk4-wine-source/tools/install-sh -m 644  /private/tmp/gptk4-wine-source/include/mediaerr.h /private/tmp/gptk4-runtime/include/wine/windows/mediaerr.h
/private/tmp/gptk4-wine-source/tools/install-sh -m 644  /private/tmp/gptk4-wine-source/include/mediaobj.idl /private/tmp/gptk4-runtime/include/wine/windows/mediaobj.idl
/private/tmp/gptk4-wine-source/tools/install-sh -m 644  include/mediaobj.h /private/tmp/gptk4-runtime/include/wine/windows/mediaobj.h
/private/tmp/gptk4-wine-source/tools/install-sh -m 644  /private/tmp/gptk4-wine-source/include/medparam.idl /private/tmp/gptk4-runtime/include/wine/windows/medparam.idl
/private/tmp/gptk4-wine-source/tools/install-sh -m 644  include/medparam.h /private/tmp/gptk4-runtime/include/wine/windows/medparam.h
/private/tmp/gptk4-wine-source/tools/install-sh -m 644  /private/tmp/gptk4-wine-source/include/memoryapi.h /private/tmp/gptk4-runtime/include/wine/windows/memoryapi.h
/private/tmp/gptk4-wine-source/tools/install-sh -m 644  /private/tmp/gptk4-wine-source/include/metahost.idl /private/tmp/gptk4-runtime/include/wine/windows/metahost.idl
/private/tmp/gptk4-wine-source/tools/install-sh -m 644  include/metahost.h /private/tmp/gptk4-runtime/include/wine/windows/metahost.h
/private/tmp/gptk4-wine-source/tools/install-sh -m 644  /private/tmp/gptk4-wine-source/include/mfapi.h /private/tmp/gptk4-runtime/include/wine/windows/mfapi.h
/private/tmp/gptk4-wine-source/tools/install-sh -m 644  /private/tmp/gptk4-wine-source/include/mfd3d12.idl /private/tmp/gptk4-runtime/include/wine/windows/mfd3d12.idl
/private/tmp/gptk4-wine-source/tools/install-sh -m 644  include/mfd3d12.h /private/tmp/gptk4-runtime/include/wine/windows/mfd3d12.h
/private/tmp/gptk4-wine-source/tools/install-sh -m 644  /private/tmp/gptk4-wine-source/include/mferror.h /private/tmp/gptk4-runtime/include/wine/windows/mferror.h
/private/tmp/gptk4-wine-source/tools/install-sh -m 644  /private/tmp/gptk4-wine-source/include/mfidl.idl /private/tmp/gptk4-runtime/include/wine/windows/mfidl.idl
/private/tmp/gptk4-wine-source/tools/install-sh -m 644  include/mfidl.h /private/tmp/gptk4-runtime/include/wine/windows/mfidl.h
/private/tmp/gptk4-wine-source/tools/install-sh -m 644  /private/tmp/gptk4-wine-source/include/mfmediaengine.idl /private/tmp/gptk4-runtime/include/wine/windows/mfmediaengine.idl
/private/tmp/gptk4-wine-source/tools/install-sh -m 644  include/mfmediaengine.h /private/tmp/gptk4-runtime/include/wine/windows/mfmediaengine.h
/private/tmp/gptk4-wine-source/tools/install-sh -m 644  /private/tmp/gptk4-wine-source/include/mfobjects.idl /private/tmp/gptk4-runtime/include/wine/windows/mfobjects.idl
/private/tmp/gptk4-wine-source/tools/install-sh -m 644  include/mfobjects.h /private/tmp/gptk4-runtime/include/wine/windows/mfobjects.h
/private/tmp/gptk4-wine-source/tools/install-sh -m 644  /private/tmp/gptk4-wine-source/include/mfplay.idl /private/tmp/gptk4-runtime/include/wine/windows/mfplay.idl
/private/tmp/gptk4-wine-source/tools/install-sh -m 644  include/mfplay.h /private/tmp/gptk4-runtime/include/wine/windows/mfplay.h
/private/tmp/gptk4-wine-source/tools/install-sh -m 644  /private/tmp/gptk4-wine-source/include/mfreadwrite.idl /private/tmp/gptk4-runtime/include/wine/windows/mfreadwrite.idl
/private/tmp/gptk4-wine-source/tools/install-sh -m 644  include/mfreadwrite.h /private/tmp/gptk4-runtime/include/wine/windows/mfreadwrite.h
/private/tmp/gptk4-wine-source/tools/install-sh -m 644  /private/tmp/gptk4-wine-source/include/mftransform.idl /private/tmp/gptk4-runtime/include/wine/windows/mftransform.idl
/private/tmp/gptk4-wine-source/tools/install-sh -m 644  include/mftransform.h /private/tmp/gptk4-runtime/include/wine/windows/mftransform.h
/private/tmp/gptk4-wine-source/tools/install-sh -m 644  /private/tmp/gptk4-wine-source/include/mgmtapi.h /private/tmp/gptk4-runtime/include/wine/windows/mgmtapi.h
/private/tmp/gptk4-wine-source/tools/install-sh -m 644  /private/tmp/gptk4-wine-source/include/midles.h /private/tmp/gptk4-runtime/include/wine/windows/midles.h
/private/tmp/gptk4-wine-source/tools/install-sh -m 644  /private/tmp/gptk4-wine-source/include/mimeinfo.idl /private/tmp/gptk4-runtime/include/wine/windows/mimeinfo.idl
/private/tmp/gptk4-wine-source/tools/install-sh -m 644  include/mimeinfo.h /private/tmp/gptk4-runtime/include/wine/windows/mimeinfo.h
/private/tmp/gptk4-wine-source/tools/install-sh -m 644  /private/tmp/gptk4-wine-source/include/mimeole.idl /private/tmp/gptk4-runtime/include/wine/windows/mimeole.idl
/private/tmp/gptk4-wine-source/tools/install-sh -m 644  include/mimeole.h /private/tmp/gptk4-runtime/include/wine/windows/mimeole.h
/private/tmp/gptk4-wine-source/tools/install-sh -m 644  /private/tmp/gptk4-wine-source/include/minidumpapiset.h /private/tmp/gptk4-runtime/include/wine/windows/minidumpapiset.h
/private/tmp/gptk4-wine-source/tools/install-sh -m 644  /private/tmp/gptk4-wine-source/include/minmax.h /private/tmp/gptk4-runtime/include/wine/windows/minmax.h
/private/tmp/gptk4-wine-source/tools/install-sh -m 644  /private/tmp/gptk4-wine-source/include/minschannel.h /private/tmp/gptk4-runtime/include/wine/windows/minschannel.h
/private/tmp/gptk4-wine-source/tools/install-sh -m 644  /private/tmp/gptk4-wine-source/include/mlang.idl /private/tmp/gptk4-runtime/include/wine/windows/mlang.idl
/private/tmp/gptk4-wine-source/tools/install-sh -m 644  include/mlang.h /private/tmp/gptk4-runtime/include/wine/windows/mlang.h
/private/tmp/gptk4-wine-source/tools/install-sh -m 644  /private/tmp/gptk4-wine-source/include/mmc.idl /private/tmp/gptk4-runtime/include/wine/windows/mmc.idl
/private/tmp/gptk4-wine-source/tools/install-sh -m 644  include/mmc.h /private/tmp/gptk4-runtime/include/wine/windows/mmc.h
/private/tmp/gptk4-wine-source/tools/install-sh -m 644  /private/tmp/gptk4-wine-source/include/mmddk.h /private/tmp/gptk4-runtime/include/wine/windows/mmddk.h
/private/tmp/gptk4-wine-source/tools/install-sh -m 644  /private/tmp/gptk4-wine-source/include/mmdeviceapi.idl /private/tmp/gptk4-runtime/include/wine/windows/mmdeviceapi.idl
/private/tmp/gptk4-wine-source/tools/install-sh -m 644  include/mmdeviceapi.h /private/tmp/gptk4-runtime/include/wine/windows/mmdeviceapi.h
/private/tmp/gptk4-wine-source/tools/install-sh -m 644  /private/tmp/gptk4-wine-source/include/mmreg.h /private/tmp/gptk4-runtime/include/wine/windows/mmreg.h
/private/tmp/gptk4-wine-source/tools/install-sh -m 644  /private/tmp/gptk4-wine-source/include/mmstream.idl /private/tmp/gptk4-runtime/include/wine/windows/mmstream.idl
/private/tmp/gptk4-wine-source/tools/install-sh -m 644  include/mmstream.h /private/tmp/gptk4-runtime/include/wine/windows/mmstream.h
/private/tmp/gptk4-wine-source/tools/install-sh -m 644  /private/tmp/gptk4-wine-source/include/mmsystem.h /private/tmp/gptk4-runtime/include/wine/windows/mmsystem.h
/private/tmp/gptk4-wine-source/tools/install-sh -m 644  /private/tmp/gptk4-wine-source/include/mpegtype.idl /private/tmp/gptk4-runtime/include/wine/windows/mpegtype.idl
/private/tmp/gptk4-wine-source/tools/install-sh -m 644  include/mpegtype.h /private/tmp/gptk4-runtime/include/wine/windows/mpegtype.h
/private/tmp/gptk4-wine-source/tools/install-sh -m 644  /private/tmp/gptk4-wine-source/include/mprapi.h /private/tmp/gptk4-runtime/include/wine/windows/mprapi.h
/private/tmp/gptk4-wine-source/tools/install-sh -m 644  /private/tmp/gptk4-wine-source/include/mprerror.h /private/tmp/gptk4-runtime/include/wine/windows/mprerror.h
/private/tmp/gptk4-wine-source/tools/install-sh -m 644  /private/tmp/gptk4-wine-source/include/msacm.h /private/tmp/gptk4-runtime/include/wine/windows/msacm.h
/private/tmp/gptk4-wine-source/tools/install-sh -m 644  /private/tmp/gptk4-wine-source/include/msacmdlg.h /private/tmp/gptk4-runtime/include/wine/windows/msacmdlg.h
/private/tmp/gptk4-wine-source/tools/install-sh -m 644  /private/tmp/gptk4-wine-source/include/msacmdrv.h /private/tmp/gptk4-runtime/include/wine/windows/msacmdrv.h
/private/tmp/gptk4-wine-source/tools/install-sh -m 644  /private/tmp/gptk4-wine-source/include/msado15_backcompat.idl /private/tmp/gptk4-runtime/include/wine/windows/msado15_backcompat.idl
/private/tmp/gptk4-wine-source/tools/install-sh -m 644  include/msado15_backcompat.h /private/tmp/gptk4-runtime/include/wine/windows/msado15_backcompat.h
/private/tmp/gptk4-wine-source/tools/install-sh -m 644  /private/tmp/gptk4-wine-source/include/msasn1.h /private/tmp/gptk4-runtime/include/wine/windows/msasn1.h
/private/tmp/gptk4-wine-source/tools/install-sh -m 644  /private/tmp/gptk4-wine-source/include/mscat.h /private/tmp/gptk4-runtime/include/wine/windows/mscat.h
/private/tmp/gptk4-wine-source/tools/install-sh -m 644  /private/tmp/gptk4-wine-source/include/mscoree.idl /private/tmp/gptk4-runtime/include/wine/windows/mscoree.idl
/private/tmp/gptk4-wine-source/tools/install-sh -m 644  include/mscoree.h /private/tmp/gptk4-runtime/include/wine/windows/mscoree.h
/private/tmp/gptk4-wine-source/tools/install-sh -m 644  /private/tmp/gptk4-wine-source/include/msctf.idl /private/tmp/gptk4-runtime/include/wine/windows/msctf.idl
/private/tmp/gptk4-wine-source/tools/install-sh -m 644  include/msctf.h /private/tmp/gptk4-runtime/include/wine/windows/msctf.h
/private/tmp/gptk4-wine-source/tools/install-sh -m 644  /private/tmp/gptk4-wine-source/include/msdadc.idl /private/tmp/gptk4-runtime/include/wine/windows/msdadc.idl
/private/tmp/gptk4-wine-source/tools/install-sh -m 644  include/msdadc.h /private/tmp/gptk4-runtime/include/wine/windows/msdadc.h
/private/tmp/gptk4-wine-source/tools/install-sh -m 644  /private/tmp/gptk4-wine-source/include/msdaguid.h /private/tmp/gptk4-runtime/include/wine/windows/msdaguid.h
/private/tmp/gptk4-wine-source/tools/install-sh -m 644  /private/tmp/gptk4-wine-source/include/msdasc.idl /private/tmp/gptk4-runtime/include/wine/windows/msdasc.idl
/private/tmp/gptk4-wine-source/tools/install-sh -m 644  include/msdasc.h /private/tmp/gptk4-runtime/include/wine/windows/msdasc.h
/private/tmp/gptk4-wine-source/tools/install-sh -m 644  /private/tmp/gptk4-wine-source/include/msdasql.h /private/tmp/gptk4-runtime/include/wine/windows/msdasql.h
/private/tmp/gptk4-wine-source/tools/install-sh -m 644  /private/tmp/gptk4-wine-source/include/msdelta.h /private/tmp/gptk4-runtime/include/wine/windows/msdelta.h
/private/tmp/gptk4-wine-source/tools/install-sh -m 644  /private/tmp/gptk4-wine-source/include/mshtmcid.h /private/tmp/gptk4-runtime/include/wine/windows/mshtmcid.h
/private/tmp/gptk4-wine-source/tools/install-sh -m 644  /private/tmp/gptk4-wine-source/include/mshtmdid.h /private/tmp/gptk4-runtime/include/wine/windows/mshtmdid.h
/private/tmp/gptk4-wine-source/tools/install-sh -m 644  /private/tmp/gptk4-wine-source/include/mshtmhst.idl /private/tmp/gptk4-runtime/include/wine/windows/mshtmhst.idl
/private/tmp/gptk4-wine-source/tools/install-sh -m 644  include/mshtmhst.h /private/tmp/gptk4-runtime/include/wine/windows/mshtmhst.h
/private/tmp/gptk4-wine-source/tools/install-sh -m 644  /private/tmp/gptk4-wine-source/include/mshtml.idl /private/tmp/gptk4-runtime/include/wine/windows/mshtml.idl
/private/tmp/gptk4-wine-source/tools/install-sh -m 644  include/mshtml.h /private/tmp/gptk4-runtime/include/wine/windows/mshtml.h
/private/tmp/gptk4-wine-source/tools/install-sh -m 644  /private/tmp/gptk4-wine-source/include/msi.h /private/tmp/gptk4-runtime/include/wine/windows/msi.h
/private/tmp/gptk4-wine-source/tools/install-sh -m 644  /private/tmp/gptk4-wine-source/include/msidefs.h /private/tmp/gptk4-runtime/include/wine/windows/msidefs.h
/private/tmp/gptk4-wine-source/tools/install-sh -m 644  /private/tmp/gptk4-wine-source/include/msident.idl /private/tmp/gptk4-runtime/include/wine/windows/msident.idl
/private/tmp/gptk4-wine-source/tools/install-sh -m 644  include/msident.h /private/tmp/gptk4-runtime/include/wine/windows/msident.h
/private/tmp/gptk4-wine-source/tools/install-sh -m 644  /private/tmp/gptk4-wine-source/include/msinkaut.idl /private/tmp/gptk4-runtime/include/wine/windows/msinkaut.idl
/private/tmp/gptk4-wine-source/tools/install-sh -m 644  include/msinkaut.h /private/tmp/gptk4-runtime/include/wine/windows/msinkaut.h
/private/tmp/gptk4-wine-source/tools/install-sh -m 644  /private/tmp/gptk4-wine-source/include/msiquery.h /private/tmp/gptk4-runtime/include/wine/windows/msiquery.h
/private/tmp/gptk4-wine-source/tools/install-sh -m 644  /private/tmp/gptk4-wine-source/include/msopc.idl /private/tmp/gptk4-runtime/include/wine/windows/msopc.idl
/private/tmp/gptk4-wine-source/tools/install-sh -m 644  include/msopc.h /private/tmp/gptk4-runtime/include/wine/windows/msopc.h
/private/tmp/gptk4-wine-source/tools/install-sh -m 644  /private/tmp/gptk4-wine-source/include/mssip.h /private/tmp/gptk4-runtime/include/wine/windows/mssip.h
/private/tmp/gptk4-wine-source/tools/install-sh -m 644  /private/tmp/gptk4-wine-source/include/msstkppg.h /private/tmp/gptk4-runtime/include/wine/windows/msstkppg.h
/private/tmp/gptk4-wine-source/tools/install-sh -m 644  /private/tmp/gptk4-wine-source/include/mstask.idl /private/tmp/gptk4-runtime/include/wine/windows/mstask.idl
/private/tmp/gptk4-wine-source/tools/install-sh -m 644  include/mstask.h /private/tmp/gptk4-runtime/include/wine/windows/mstask.h
/private/tmp/gptk4-wine-source/tools/install-sh -m 644  /private/tmp/gptk4-wine-source/include/mstcpip.h /private/tmp/gptk4-runtime/include/wine/windows/mstcpip.h
/private/tmp/gptk4-wine-source/tools/install-sh -m 644  /private/tmp/gptk4-wine-source/include/msvcrt/assert.h /private/tmp/gptk4-runtime/include/wine/msvcrt/assert.h
/private/tmp/gptk4-wine-source/tools/install-sh -m 644  /private/tmp/gptk4-wine-source/include/msvcrt/complex.h /private/tmp/gptk4-runtime/include/wine/msvcrt/complex.h
/private/tmp/gptk4-wine-source/tools/install-sh -m 644  /private/tmp/gptk4-wine-source/include/msvcrt/conio.h /private/tmp/gptk4-runtime/include/wine/msvcrt/conio.h
/private/tmp/gptk4-wine-source/tools/install-sh -m 644  /private/tmp/gptk4-wine-source/include/msvcrt/corecrt.h /private/tmp/gptk4-runtime/include/wine/msvcrt/corecrt.h
/private/tmp/gptk4-wine-source/tools/install-sh -m 644  /private/tmp/gptk4-wine-source/include/msvcrt/corecrt_io.h /private/tmp/gptk4-runtime/include/wine/msvcrt/corecrt_io.h
/private/tmp/gptk4-wine-source/tools/install-sh -m 644  /private/tmp/gptk4-wine-source/include/msvcrt/corecrt_malloc.h /private/tmp/gptk4-runtime/include/wine/msvcrt/corecrt_malloc.h
/private/tmp/gptk4-wine-source/tools/install-sh -m 644  /private/tmp/gptk4-wine-source/include/msvcrt/corecrt_startup.h /private/tmp/gptk4-runtime/include/wine/msvcrt/corecrt_startup.h
/private/tmp/gptk4-wine-source/tools/install-sh -m 644  /private/tmp/gptk4-wine-source/include/msvcrt/corecrt_stdio_config.h /private/tmp/gptk4-runtime/include/wine/msvcrt/corecrt_stdio_config.h
/private/tmp/gptk4-wine-source/tools/install-sh -m 644  /private/tmp/gptk4-wine-source/include/msvcrt/corecrt_wctype.h /private/tmp/gptk4-runtime/include/wine/msvcrt/corecrt_wctype.h
/private/tmp/gptk4-wine-source/tools/install-sh -m 644  /private/tmp/gptk4-wine-source/include/msvcrt/corecrt_wdirect.h /private/tmp/gptk4-runtime/include/wine/msvcrt/corecrt_wdirect.h
/private/tmp/gptk4-wine-source/tools/install-sh -m 644  /private/tmp/gptk4-wine-source/include/msvcrt/corecrt_wio.h /private/tmp/gptk4-runtime/include/wine/msvcrt/corecrt_wio.h
/private/tmp/gptk4-wine-source/tools/install-sh -m 644  /private/tmp/gptk4-wine-source/include/msvcrt/corecrt_wprocess.h /private/tmp/gptk4-runtime/include/wine/msvcrt/corecrt_wprocess.h
/private/tmp/gptk4-wine-source/tools/install-sh -m 644  /private/tmp/gptk4-wine-source/include/msvcrt/corecrt_wstdio.h /private/tmp/gptk4-runtime/include/wine/msvcrt/corecrt_wstdio.h
/private/tmp/gptk4-wine-source/tools/install-sh -m 644  /private/tmp/gptk4-wine-source/include/msvcrt/corecrt_wstdlib.h /private/tmp/gptk4-runtime/include/wine/msvcrt/corecrt_wstdlib.h
/private/tmp/gptk4-wine-source/tools/install-sh -m 644  /private/tmp/gptk4-wine-source/include/msvcrt/corecrt_wstring.h /private/tmp/gptk4-runtime/include/wine/msvcrt/corecrt_wstring.h
/private/tmp/gptk4-wine-source/tools/install-sh -m 644  /private/tmp/gptk4-wine-source/include/msvcrt/corecrt_wtime.h /private/tmp/gptk4-runtime/include/wine/msvcrt/corecrt_wtime.h
/private/tmp/gptk4-wine-source/tools/install-sh -m 644  /private/tmp/gptk4-wine-source/include/msvcrt/crtdbg.h /private/tmp/gptk4-runtime/include/wine/msvcrt/crtdbg.h
/private/tmp/gptk4-wine-source/tools/install-sh -m 644  /private/tmp/gptk4-wine-source/include/msvcrt/crtdefs.h /private/tmp/gptk4-runtime/include/wine/msvcrt/crtdefs.h
/private/tmp/gptk4-wine-source/tools/install-sh -m 644  /private/tmp/gptk4-wine-source/include/msvcrt/ctype.h /private/tmp/gptk4-runtime/include/wine/msvcrt/ctype.h
/private/tmp/gptk4-wine-source/tools/install-sh -m 644  /private/tmp/gptk4-wine-source/include/msvcrt/direct.h /private/tmp/gptk4-runtime/include/wine/msvcrt/direct.h
/private/tmp/gptk4-wine-source/tools/install-sh -m 644  /private/tmp/gptk4-wine-source/include/msvcrt/dirent.h /private/tmp/gptk4-runtime/include/wine/msvcrt/dirent.h
/private/tmp/gptk4-wine-source/tools/install-sh -m 644  /private/tmp/gptk4-wine-source/include/msvcrt/dos.h /private/tmp/gptk4-runtime/include/wine/msvcrt/dos.h
/private/tmp/gptk4-wine-source/tools/install-sh -m 644  /private/tmp/gptk4-wine-source/include/msvcrt/eh.h /private/tmp/gptk4-runtime/include/wine/msvcrt/eh.h
/private/tmp/gptk4-wine-source/tools/install-sh -m 644  /private/tmp/gptk4-wine-source/include/msvcrt/errno.h /private/tmp/gptk4-runtime/include/wine/msvcrt/errno.h
/private/tmp/gptk4-wine-source/tools/install-sh -m 644  /private/tmp/gptk4-wine-source/include/msvcrt/fcntl.h /private/tmp/gptk4-runtime/include/wine/msvcrt/fcntl.h
/private/tmp/gptk4-wine-source/tools/install-sh -m 644  /private/tmp/gptk4-wine-source/include/msvcrt/fenv.h /private/tmp/gptk4-runtime/include/wine/msvcrt/fenv.h
/private/tmp/gptk4-wine-source/tools/install-sh -m 644  /private/tmp/gptk4-wine-source/include/msvcrt/float.h /private/tmp/gptk4-runtime/include/wine/msvcrt/float.h
/private/tmp/gptk4-wine-source/tools/install-sh -m 644  /private/tmp/gptk4-wine-source/include/msvcrt/fpieee.h /private/tmp/gptk4-runtime/include/wine/msvcrt/fpieee.h
/private/tmp/gptk4-wine-source/tools/install-sh -m 644  /private/tmp/gptk4-wine-source/include/msvcrt/intrin.h /private/tmp/gptk4-runtime/include/wine/msvcrt/intrin.h
/private/tmp/gptk4-wine-source/tools/install-sh -m 644  /private/tmp/gptk4-wine-source/include/msvcrt/inttypes.h /private/tmp/gptk4-runtime/include/wine/msvcrt/inttypes.h
/private/tmp/gptk4-wine-source/tools/install-sh -m 644  /private/tmp/gptk4-wine-source/include/msvcrt/io.h /private/tmp/gptk4-runtime/include/wine/msvcrt/io.h
/private/tmp/gptk4-wine-source/tools/install-sh -m 644  /private/tmp/gptk4-wine-source/include/msvcrt/limits.h /private/tmp/gptk4-runtime/include/wine/msvcrt/limits.h
/private/tmp/gptk4-wine-source/tools/install-sh -m 644  /private/tmp/gptk4-wine-source/include/msvcrt/locale.h /private/tmp/gptk4-runtime/include/wine/msvcrt/locale.h
/private/tmp/gptk4-wine-source/tools/install-sh -m 644  /private/tmp/gptk4-wine-source/include/msvcrt/malloc.h /private/tmp/gptk4-runtime/include/wine/msvcrt/malloc.h
/private/tmp/gptk4-wine-source/tools/install-sh -m 644  /private/tmp/gptk4-wine-source/include/msvcrt/math.h /private/tmp/gptk4-runtime/include/wine/msvcrt/math.h
/private/tmp/gptk4-wine-source/tools/install-sh -m 644  /private/tmp/gptk4-wine-source/include/msvcrt/mbctype.h /private/tmp/gptk4-runtime/include/wine/msvcrt/mbctype.h
/private/tmp/gptk4-wine-source/tools/install-sh -m 644  /private/tmp/gptk4-wine-source/include/msvcrt/mbstring.h /private/tmp/gptk4-runtime/include/wine/msvcrt/mbstring.h
/private/tmp/gptk4-wine-source/tools/install-sh -m 644  /private/tmp/gptk4-wine-source/include/msvcrt/memory.h /private/tmp/gptk4-runtime/include/wine/msvcrt/memory.h
/private/tmp/gptk4-wine-source/tools/install-sh -m 644  /private/tmp/gptk4-wine-source/include/msvcrt/process.h /private/tmp/gptk4-runtime/include/wine/msvcrt/process.h
/private/tmp/gptk4-wine-source/tools/install-sh -m 644  /private/tmp/gptk4-wine-source/include/msvcrt/search.h /private/tmp/gptk4-runtime/include/wine/msvcrt/search.h
/private/tmp/gptk4-wine-source/tools/install-sh -m 644  /private/tmp/gptk4-wine-source/include/msvcrt/setjmp.h /private/tmp/gptk4-runtime/include/wine/msvcrt/setjmp.h
/private/tmp/gptk4-wine-source/tools/install-sh -m 644  /private/tmp/gptk4-wine-source/include/msvcrt/share.h /private/tmp/gptk4-runtime/include/wine/msvcrt/share.h
/private/tmp/gptk4-wine-source/tools/install-sh -m 644  /private/tmp/gptk4-wine-source/include/msvcrt/signal.h /private/tmp/gptk4-runtime/include/wine/msvcrt/signal.h
/private/tmp/gptk4-wine-source/tools/install-sh -m 644  /private/tmp/gptk4-wine-source/include/msvcrt/stdarg.h /private/tmp/gptk4-runtime/include/wine/msvcrt/stdarg.h
/private/tmp/gptk4-wine-source/tools/install-sh -m 644  /private/tmp/gptk4-wine-source/include/msvcrt/stdbool.h /private/tmp/gptk4-runtime/include/wine/msvcrt/stdbool.h
/private/tmp/gptk4-wine-source/tools/install-sh -m 644  /private/tmp/gptk4-wine-source/include/msvcrt/stddef.h /private/tmp/gptk4-runtime/include/wine/msvcrt/stddef.h
/private/tmp/gptk4-wine-source/tools/install-sh -m 644  /private/tmp/gptk4-wine-source/include/msvcrt/stdint.h /private/tmp/gptk4-runtime/include/wine/msvcrt/stdint.h
/private/tmp/gptk4-wine-source/tools/install-sh -m 644  /private/tmp/gptk4-wine-source/include/msvcrt/stdio.h /private/tmp/gptk4-runtime/include/wine/msvcrt/stdio.h
/private/tmp/gptk4-wine-source/tools/install-sh -m 644  /private/tmp/gptk4-wine-source/include/msvcrt/stdlib.h /private/tmp/gptk4-runtime/include/wine/msvcrt/stdlib.h
/private/tmp/gptk4-wine-source/tools/install-sh -m 644  /private/tmp/gptk4-wine-source/include/msvcrt/string.h /private/tmp/gptk4-runtime/include/wine/msvcrt/string.h
/private/tmp/gptk4-wine-source/tools/install-sh -m 644  /private/tmp/gptk4-wine-source/include/msvcrt/sys/locking.h /private/tmp/gptk4-runtime/include/wine/msvcrt/sys/locking.h
/private/tmp/gptk4-wine-source/tools/install-sh -m 644  /private/tmp/gptk4-wine-source/include/msvcrt/sys/stat.h /private/tmp/gptk4-runtime/include/wine/msvcrt/sys/stat.h
/private/tmp/gptk4-wine-source/tools/install-sh -m 644  /private/tmp/gptk4-wine-source/include/msvcrt/sys/timeb.h /private/tmp/gptk4-runtime/include/wine/msvcrt/sys/timeb.h
/private/tmp/gptk4-wine-source/tools/install-sh -m 644  /private/tmp/gptk4-wine-source/include/msvcrt/sys/types.h /private/tmp/gptk4-runtime/include/wine/msvcrt/sys/types.h
/private/tmp/gptk4-wine-source/tools/install-sh -m 644  /private/tmp/gptk4-wine-source/include/msvcrt/sys/unistd.h /private/tmp/gptk4-runtime/include/wine/msvcrt/sys/unistd.h
/private/tmp/gptk4-wine-source/tools/install-sh -m 644  /private/tmp/gptk4-wine-source/include/msvcrt/sys/utime.h /private/tmp/gptk4-runtime/include/wine/msvcrt/sys/utime.h
/private/tmp/gptk4-wine-source/tools/install-sh -m 644  /private/tmp/gptk4-wine-source/include/msvcrt/time.h /private/tmp/gptk4-runtime/include/wine/msvcrt/time.h
/private/tmp/gptk4-wine-source/tools/install-sh -m 644  /private/tmp/gptk4-wine-source/include/msvcrt/uchar.h /private/tmp/gptk4-runtime/include/wine/msvcrt/uchar.h
/private/tmp/gptk4-wine-source/tools/install-sh -m 644  /private/tmp/gptk4-wine-source/include/msvcrt/unistd.h /private/tmp/gptk4-runtime/include/wine/msvcrt/unistd.h
/private/tmp/gptk4-wine-source/tools/install-sh -m 644  /private/tmp/gptk4-wine-source/include/msvcrt/vadefs.h /private/tmp/gptk4-runtime/include/wine/msvcrt/vadefs.h
/private/tmp/gptk4-wine-source/tools/install-sh -m 644  /private/tmp/gptk4-wine-source/include/msvcrt/wchar.h /private/tmp/gptk4-runtime/include/wine/msvcrt/wchar.h
/private/tmp/gptk4-wine-source/tools/install-sh -m 644  /private/tmp/gptk4-wine-source/include/msvcrt/wctype.h /private/tmp/gptk4-runtime/include/wine/msvcrt/wctype.h
/private/tmp/gptk4-wine-source/tools/install-sh -m 644  /private/tmp/gptk4-wine-source/include/mswsock.h /private/tmp/gptk4-runtime/include/wine/windows/mswsock.h
/private/tmp/gptk4-wine-source/tools/install-sh -m 644  /private/tmp/gptk4-wine-source/include/msxml.idl /private/tmp/gptk4-runtime/include/wine/windows/msxml.idl
/private/tmp/gptk4-wine-source/tools/install-sh -m 644  include/msxml.h /private/tmp/gptk4-runtime/include/wine/windows/msxml.h
/private/tmp/gptk4-wine-source/tools/install-sh -m 644  /private/tmp/gptk4-wine-source/include/msxml2.idl /private/tmp/gptk4-runtime/include/wine/windows/msxml2.idl
/private/tmp/gptk4-wine-source/tools/install-sh -m 644  include/msxml2.h /private/tmp/gptk4-runtime/include/wine/windows/msxml2.h
/private/tmp/gptk4-wine-source/tools/install-sh -m 644  /private/tmp/gptk4-wine-source/include/msxml2did.h /private/tmp/gptk4-runtime/include/wine/windows/msxml2did.h
/private/tmp/gptk4-wine-source/tools/install-sh -m 644  /private/tmp/gptk4-wine-source/include/msxml6.idl /private/tmp/gptk4-runtime/include/wine/windows/msxml6.idl
/private/tmp/gptk4-wine-source/tools/install-sh -m 644  include/msxml6.h /private/tmp/gptk4-runtime/include/wine/windows/msxml6.h
/private/tmp/gptk4-wine-source/tools/install-sh -m 644  /private/tmp/gptk4-wine-source/include/msxml6did.h /private/tmp/gptk4-runtime/include/wine/windows/msxml6did.h
/private/tmp/gptk4-wine-source/tools/install-sh -m 644  /private/tmp/gptk4-wine-source/include/msxmldid.h /private/tmp/gptk4-runtime/include/wine/windows/msxmldid.h
/private/tmp/gptk4-wine-source/tools/install-sh -m 644  /private/tmp/gptk4-wine-source/include/mtxdm.h /private/tmp/gptk4-runtime/include/wine/windows/mtxdm.h
/private/tmp/gptk4-wine-source/tools/install-sh -m 644  /private/tmp/gptk4-wine-source/include/mulres.idl /private/tmp/gptk4-runtime/include/wine/windows/mulres.idl
/private/tmp/gptk4-wine-source/tools/install-sh -m 644  /private/tmp/gptk4-wine-source/include/multimon.h /private/tmp/gptk4-runtime/include/wine/windows/multimon.h
/private/tmp/gptk4-wine-source/tools/install-sh -m 644  /private/tmp/gptk4-wine-source/include/namespaceapi.h /private/tmp/gptk4-runtime/include/wine/windows/namespaceapi.h
/private/tmp/gptk4-wine-source/tools/install-sh -m 644  /private/tmp/gptk4-wine-source/include/natupnp.idl /private/tmp/gptk4-runtime/include/wine/windows/natupnp.idl
/private/tmp/gptk4-wine-source/tools/install-sh -m 644  include/natupnp.h /private/tmp/gptk4-runtime/include/wine/windows/natupnp.h
/private/tmp/gptk4-wine-source/tools/install-sh -m 644  /private/tmp/gptk4-wine-source/include/nb30.h /private/tmp/gptk4-runtime/include/wine/windows/nb30.h
/private/tmp/gptk4-wine-source/tools/install-sh -m 644  /private/tmp/gptk4-wine-source/include/ncrypt.h /private/tmp/gptk4-runtime/include/wine/windows/ncrypt.h
/private/tmp/gptk4-wine-source/tools/install-sh -m 644  /private/tmp/gptk4-wine-source/include/ndrtypes.h /private/tmp/gptk4-runtime/include/wine/windows/ndrtypes.h
/private/tmp/gptk4-wine-source/tools/install-sh -m 644  /private/tmp/gptk4-wine-source/include/netcfgx.idl /private/tmp/gptk4-runtime/include/wine/windows/netcfgx.idl
/private/tmp/gptk4-wine-source/tools/install-sh -m 644  include/netcfgx.h /private/tmp/gptk4-runtime/include/wine/windows/netcfgx.h
/private/tmp/gptk4-wine-source/tools/install-sh -m 644  /private/tmp/gptk4-wine-source/include/netcon.idl /private/tmp/gptk4-runtime/include/wine/windows/netcon.idl
/private/tmp/gptk4-wine-source/tools/install-sh -m 644  include/netcon.h /private/tmp/gptk4-runtime/include/wine/windows/netcon.h
/private/tmp/gptk4-wine-source/tools/install-sh -m 644  /private/tmp/gptk4-wine-source/include/netevent.h /private/tmp/gptk4-runtime/include/wine/windows/netevent.h
/private/tmp/gptk4-wine-source/tools/install-sh -m 644  /private/tmp/gptk4-wine-source/include/netfw.idl /private/tmp/gptk4-runtime/include/wine/windows/netfw.idl
/private/tmp/gptk4-wine-source/tools/install-sh -m 644  include/netfw.h /private/tmp/gptk4-runtime/include/wine/windows/netfw.h
/private/tmp/gptk4-wine-source/tools/install-sh -m 644  /private/tmp/gptk4-wine-source/include/netioapi.h /private/tmp/gptk4-runtime/include/wine/windows/netioapi.h
/private/tmp/gptk4-wine-source/tools/install-sh -m 644  /private/tmp/gptk4-wine-source/include/netiodef.h /private/tmp/gptk4-runtime/include/wine/windows/netiodef.h
/private/tmp/gptk4-wine-source/tools/install-sh -m 644  /private/tmp/gptk4-wine-source/include/netlistmgr.idl /private/tmp/gptk4-runtime/include/wine/windows/netlistmgr.idl
/private/tmp/gptk4-wine-source/tools/install-sh -m 644  include/netlistmgr.h /private/tmp/gptk4-runtime/include/wine/windows/netlistmgr.h
/private/tmp/gptk4-wine-source/tools/install-sh -m 644  /private/tmp/gptk4-wine-source/include/newdev.h /private/tmp/gptk4-runtime/include/wine/windows/newdev.h
/private/tmp/gptk4-wine-source/tools/install-sh -m 644  /private/tmp/gptk4-wine-source/include/nldef.h /private/tmp/gptk4-runtime/include/wine/windows/nldef.h
/private/tmp/gptk4-wine-source/tools/install-sh -m 644  /private/tmp/gptk4-wine-source/include/npapi.h /private/tmp/gptk4-runtime/include/wine/windows/npapi.h
/private/tmp/gptk4-wine-source/tools/install-sh -m 644  /private/tmp/gptk4-wine-source/include/nserror.h /private/tmp/gptk4-runtime/include/wine/windows/nserror.h
/private/tmp/gptk4-wine-source/tools/install-sh -m 644  /private/tmp/gptk4-wine-source/include/nspapi.h /private/tmp/gptk4-runtime/include/wine/windows/nspapi.h
/private/tmp/gptk4-wine-source/tools/install-sh -m 644  /private/tmp/gptk4-wine-source/include/ntddcdrm.h /private/tmp/gptk4-runtime/include/wine/windows/ntddcdrm.h
/private/tmp/gptk4-wine-source/tools/install-sh -m 644  /private/tmp/gptk4-wine-source/include/ntddkbd.h /private/tmp/gptk4-runtime/include/wine/windows/ntddkbd.h
/private/tmp/gptk4-wine-source/tools/install-sh -m 644  /private/tmp/gptk4-wine-source/include/ntddmou.h /private/tmp/gptk4-runtime/include/wine/windows/ntddmou.h
/private/tmp/gptk4-wine-source/tools/install-sh -m 644  /private/tmp/gptk4-wine-source/include/ntddndis.h /private/tmp/gptk4-runtime/include/wine/windows/ntddndis.h
/private/tmp/gptk4-wine-source/tools/install-sh -m 644  /private/tmp/gptk4-wine-source/include/ntddscsi.h /private/tmp/gptk4-runtime/include/wine/windows/ntddscsi.h
/private/tmp/gptk4-wine-source/tools/install-sh -m 644  /private/tmp/gptk4-wine-source/include/ntddstor.h /private/tmp/gptk4-runtime/include/wine/windows/ntddstor.h
/private/tmp/gptk4-wine-source/tools/install-sh -m 644  /private/tmp/gptk4-wine-source/include/ntddvdeo.h /private/tmp/gptk4-runtime/include/wine/windows/ntddvdeo.h
/private/tmp/gptk4-wine-source/tools/install-sh -m 644  /private/tmp/gptk4-wine-source/include/ntdef.h /private/tmp/gptk4-runtime/include/wine/windows/ntdef.h
/private/tmp/gptk4-wine-source/tools/install-sh -m 644  /private/tmp/gptk4-wine-source/include/ntdsapi.h /private/tmp/gptk4-runtime/include/wine/windows/ntdsapi.h
/private/tmp/gptk4-wine-source/tools/install-sh -m 644  /private/tmp/gptk4-wine-source/include/ntgdi.h /private/tmp/gptk4-runtime/include/wine/windows/ntgdi.h
/private/tmp/gptk4-wine-source/tools/install-sh -m 644  /private/tmp/gptk4-wine-source/include/ntioring_x.h /private/tmp/gptk4-runtime/include/wine/windows/ntioring_x.h
/private/tmp/gptk4-wine-source/tools/install-sh -m 644  /private/tmp/gptk4-wine-source/include/ntlsa.h /private/tmp/gptk4-runtime/include/wine/windows/ntlsa.h
/private/tmp/gptk4-wine-source/tools/install-sh -m 644  /private/tmp/gptk4-wine-source/include/ntquery.h /private/tmp/gptk4-runtime/include/wine/windows/ntquery.h
/private/tmp/gptk4-wine-source/tools/install-sh -m 644  /private/tmp/gptk4-wine-source/include/ntsecapi.h /private/tmp/gptk4-runtime/include/wine/windows/ntsecapi.h
/private/tmp/gptk4-wine-source/tools/install-sh -m 644  /private/tmp/gptk4-wine-source/include/ntsecpkg.h /private/tmp/gptk4-runtime/include/wine/windows/ntsecpkg.h
/private/tmp/gptk4-wine-source/tools/install-sh -m 644  /private/tmp/gptk4-wine-source/include/ntstatus.h /private/tmp/gptk4-runtime/include/wine/windows/ntstatus.h
/private/tmp/gptk4-wine-source/tools/install-sh -m 644  /private/tmp/gptk4-wine-source/include/ntuser.h /private/tmp/gptk4-runtime/include/wine/windows/ntuser.h
/private/tmp/gptk4-wine-source/tools/install-sh -m 644  /private/tmp/gptk4-wine-source/include/oaidl.idl /private/tmp/gptk4-runtime/include/wine/windows/oaidl.idl
/private/tmp/gptk4-wine-source/tools/install-sh -m 644  include/oaidl.h /private/tmp/gptk4-runtime/include/wine/windows/oaidl.h
/private/tmp/gptk4-wine-source/tools/install-sh -m 644  /private/tmp/gptk4-wine-source/include/objbase.h /private/tmp/gptk4-runtime/include/wine/windows/objbase.h
/private/tmp/gptk4-wine-source/tools/install-sh -m 644  /private/tmp/gptk4-wine-source/include/objectarray.idl /private/tmp/gptk4-runtime/include/wine/windows/objectarray.idl
/private/tmp/gptk4-wine-source/tools/install-sh -m 644  include/objectarray.h /private/tmp/gptk4-runtime/include/wine/windows/objectarray.h
/private/tmp/gptk4-wine-source/tools/install-sh -m 644  /private/tmp/gptk4-wine-source/include/objidl.idl /private/tmp/gptk4-runtime/include/wine/windows/objidl.idl
/private/tmp/gptk4-wine-source/tools/install-sh -m 644  include/objidl.h /private/tmp/gptk4-runtime/include/wine/windows/objidl.h
/private/tmp/gptk4-wine-source/tools/install-sh -m 644  /private/tmp/gptk4-wine-source/include/objidlbase.idl /private/tmp/gptk4-runtime/include/wine/windows/objidlbase.idl
/private/tmp/gptk4-wine-source/tools/install-sh -m 644  include/objidlbase.h /private/tmp/gptk4-runtime/include/wine/windows/objidlbase.h
/private/tmp/gptk4-wine-source/tools/install-sh -m 644  /private/tmp/gptk4-wine-source/include/objsafe.idl /private/tmp/gptk4-runtime/include/wine/windows/objsafe.idl
/private/tmp/gptk4-wine-source/tools/install-sh -m 644  include/objsafe.h /private/tmp/gptk4-runtime/include/wine/windows/objsafe.h
/private/tmp/gptk4-wine-source/tools/install-sh -m 644  /private/tmp/gptk4-wine-source/include/objsel.h /private/tmp/gptk4-runtime/include/wine/windows/objsel.h
/private/tmp/gptk4-wine-source/tools/install-sh -m 644  /private/tmp/gptk4-wine-source/include/ocidl.idl /private/tmp/gptk4-runtime/include/wine/windows/ocidl.idl
/private/tmp/gptk4-wine-source/tools/install-sh -m 644  include/ocidl.h /private/tmp/gptk4-runtime/include/wine/windows/ocidl.h
/private/tmp/gptk4-wine-source/tools/install-sh -m 644  /private/tmp/gptk4-wine-source/include/ocmm.idl /private/tmp/gptk4-runtime/include/wine/windows/ocmm.idl
/private/tmp/gptk4-wine-source/tools/install-sh -m 644  include/ocmm.h /private/tmp/gptk4-runtime/include/wine/windows/ocmm.h
/private/tmp/gptk4-wine-source/tools/install-sh -m 644  /private/tmp/gptk4-wine-source/include/odbcinst.h /private/tmp/gptk4-runtime/include/wine/windows/odbcinst.h
/private/tmp/gptk4-wine-source/tools/install-sh -m 644  /private/tmp/gptk4-wine-source/include/ole2.h /private/tmp/gptk4-runtime/include/wine/windows/ole2.h
/private/tmp/gptk4-wine-source/tools/install-sh -m 644  /private/tmp/gptk4-wine-source/include/ole2ver.h /private/tmp/gptk4-runtime/include/wine/windows/ole2ver.h
/private/tmp/gptk4-wine-source/tools/install-sh -m 644  /private/tmp/gptk4-wine-source/include/oleacc.idl /private/tmp/gptk4-runtime/include/wine/windows/oleacc.idl
/private/tmp/gptk4-wine-source/tools/install-sh -m 644  include/oleacc.h /private/tmp/gptk4-runtime/include/wine/windows/oleacc.h
/private/tmp/gptk4-wine-source/tools/install-sh -m 644  /private/tmp/gptk4-wine-source/include/oleauto.h /private/tmp/gptk4-runtime/include/wine/windows/oleauto.h
/private/tmp/gptk4-wine-source/tools/install-sh -m 644  /private/tmp/gptk4-wine-source/include/olectl.h /private/tmp/gptk4-runtime/include/wine/windows/olectl.h
/private/tmp/gptk4-wine-source/tools/install-sh -m 644  /private/tmp/gptk4-wine-source/include/oledb.idl /private/tmp/gptk4-runtime/include/wine/windows/oledb.idl
/private/tmp/gptk4-wine-source/tools/install-sh -m 644  include/oledb.h /private/tmp/gptk4-runtime/include/wine/windows/oledb.h
/private/tmp/gptk4-wine-source/tools/install-sh -m 644  /private/tmp/gptk4-wine-source/include/oledberr.h /private/tmp/gptk4-runtime/include/wine/windows/oledberr.h
/private/tmp/gptk4-wine-source/tools/install-sh -m 644  /private/tmp/gptk4-wine-source/include/oledlg.h /private/tmp/gptk4-runtime/include/wine/windows/oledlg.h
/private/tmp/gptk4-wine-source/tools/install-sh -m 644  /private/tmp/gptk4-wine-source/include/oleidl.idl /private/tmp/gptk4-runtime/include/wine/windows/oleidl.idl
/private/tmp/gptk4-wine-source/tools/install-sh -m 644  include/oleidl.h /private/tmp/gptk4-runtime/include/wine/windows/oleidl.h
/private/tmp/gptk4-wine-source/tools/install-sh -m 644  /private/tmp/gptk4-wine-source/include/opcbase.idl /private/tmp/gptk4-runtime/include/wine/windows/opcbase.idl
/private/tmp/gptk4-wine-source/tools/install-sh -m 644  /private/tmp/gptk4-wine-source/include/opcobjectmodel.idl /private/tmp/gptk4-runtime/include/wine/windows/opcobjectmodel.idl
/private/tmp/gptk4-wine-source/tools/install-sh -m 644  /private/tmp/gptk4-wine-source/include/opcparturi.idl /private/tmp/gptk4-runtime/include/wine/windows/opcparturi.idl
/private/tmp/gptk4-wine-source/tools/install-sh -m 644  /private/tmp/gptk4-wine-source/include/opnrst.idl /private/tmp/gptk4-runtime/include/wine/windows/opnrst.idl
/private/tmp/gptk4-wine-source/tools/install-sh -m 644  /private/tmp/gptk4-wine-source/include/optary.idl /private/tmp/gptk4-runtime/include/wine/windows/optary.idl
/private/tmp/gptk4-wine-source/tools/install-sh -m 644  include/optary.h /private/tmp/gptk4-runtime/include/wine/windows/optary.h
/private/tmp/gptk4-wine-source/tools/install-sh -m 644  /private/tmp/gptk4-wine-source/include/patchapi.h /private/tmp/gptk4-runtime/include/wine/windows/patchapi.h
/private/tmp/gptk4-wine-source/tools/install-sh -m 644  /private/tmp/gptk4-wine-source/include/pathcch.h /private/tmp/gptk4-runtime/include/wine/windows/pathcch.h
/private/tmp/gptk4-wine-source/tools/install-sh -m 644  /private/tmp/gptk4-wine-source/include/pdh.h /private/tmp/gptk4-runtime/include/wine/windows/pdh.h
/private/tmp/gptk4-wine-source/tools/install-sh -m 644  /private/tmp/gptk4-wine-source/include/pdhmsg.h /private/tmp/gptk4-runtime/include/wine/windows/pdhmsg.h
/private/tmp/gptk4-wine-source/tools/install-sh -m 644  /private/tmp/gptk4-wine-source/include/perflib.h /private/tmp/gptk4-runtime/include/wine/windows/perflib.h
/private/tmp/gptk4-wine-source/tools/install-sh -m 644  /private/tmp/gptk4-wine-source/include/perhist.idl /private/tmp/gptk4-runtime/include/wine/windows/perhist.idl
/private/tmp/gptk4-wine-source/tools/install-sh -m 644  include/perhist.h /private/tmp/gptk4-runtime/include/wine/windows/perhist.h
/private/tmp/gptk4-wine-source/tools/install-sh -m 644  /private/tmp/gptk4-wine-source/include/physicalmonitorenumerationapi.h /private/tmp/gptk4-runtime/include/wine/windows/physicalmonitorenumerationapi.h
/private/tmp/gptk4-wine-source/tools/install-sh -m 644  /private/tmp/gptk4-wine-source/include/pktdef.h /private/tmp/gptk4-runtime/include/wine/windows/pktdef.h
/private/tmp/gptk4-wine-source/tools/install-sh -m 644  /private/tmp/gptk4-wine-source/include/poppack.h /private/tmp/gptk4-runtime/include/wine/windows/poppack.h
/private/tmp/gptk4-wine-source/tools/install-sh -m 644  /private/tmp/gptk4-wine-source/include/powrprof.h /private/tmp/gptk4-runtime/include/wine/windows/powrprof.h
/private/tmp/gptk4-wine-source/tools/install-sh -m 644  /private/tmp/gptk4-wine-source/include/prntvpt.h /private/tmp/gptk4-runtime/include/wine/windows/prntvpt.h
/private/tmp/gptk4-wine-source/tools/install-sh -m 644  /private/tmp/gptk4-wine-source/include/processthreadsapi.h /private/tmp/gptk4-runtime/include/wine/windows/processthreadsapi.h
/private/tmp/gptk4-wine-source/tools/install-sh -m 644  /private/tmp/gptk4-wine-source/include/profinfo.h /private/tmp/gptk4-runtime/include/wine/windows/profinfo.h
/private/tmp/gptk4-wine-source/tools/install-sh -m 644  /private/tmp/gptk4-wine-source/include/proofofpossessioncookieinfo.idl /private/tmp/gptk4-runtime/include/wine/windows/proofofpossessioncookieinfo.idl
/private/tmp/gptk4-wine-source/tools/install-sh -m 644  include/proofofpossessioncookieinfo.h /private/tmp/gptk4-runtime/include/wine/windows/proofofpossessioncookieinfo.h
/private/tmp/gptk4-wine-source/tools/install-sh -m 644  /private/tmp/gptk4-wine-source/include/propidl.idl /private/tmp/gptk4-runtime/include/wine/windows/propidl.idl
/private/tmp/gptk4-wine-source/tools/install-sh -m 644  include/propidl.h /private/tmp/gptk4-runtime/include/wine/windows/propidl.h
/private/tmp/gptk4-wine-source/tools/install-sh -m 644  /private/tmp/gptk4-wine-source/include/propkey.h /private/tmp/gptk4-runtime/include/wine/windows/propkey.h
/private/tmp/gptk4-wine-source/tools/install-sh -m 644  /private/tmp/gptk4-wine-source/include/propkeydef.h /private/tmp/gptk4-runtime/include/wine/windows/propkeydef.h
/private/tmp/gptk4-wine-source/tools/install-sh -m 644  /private/tmp/gptk4-wine-source/include/propsys.idl /private/tmp/gptk4-runtime/include/wine/windows/propsys.idl
/private/tmp/gptk4-wine-source/tools/install-sh -m 644  include/propsys.h /private/tmp/gptk4-runtime/include/wine/windows/propsys.h
/private/tmp/gptk4-wine-source/tools/install-sh -m 644  /private/tmp/gptk4-wine-source/include/propvarutil.h /private/tmp/gptk4-runtime/include/wine/windows/propvarutil.h
/private/tmp/gptk4-wine-source/tools/install-sh -m 644  /private/tmp/gptk4-wine-source/include/prsht.h /private/tmp/gptk4-runtime/include/wine/windows/prsht.h
/private/tmp/gptk4-wine-source/tools/install-sh -m 644  /private/tmp/gptk4-wine-source/include/psapi.h /private/tmp/gptk4-runtime/include/wine/windows/psapi.h
/private/tmp/gptk4-wine-source/tools/install-sh -m 644  /private/tmp/gptk4-wine-source/include/pshpack1.h /private/tmp/gptk4-runtime/include/wine/windows/pshpack1.h
/private/tmp/gptk4-wine-source/tools/install-sh -m 644  /private/tmp/gptk4-wine-source/include/pshpack2.h /private/tmp/gptk4-runtime/include/wine/windows/pshpack2.h
/private/tmp/gptk4-wine-source/tools/install-sh -m 644  /private/tmp/gptk4-wine-source/include/pshpack4.h /private/tmp/gptk4-runtime/include/wine/windows/pshpack4.h
/private/tmp/gptk4-wine-source/tools/install-sh -m 644  /private/tmp/gptk4-wine-source/include/pshpack8.h /private/tmp/gptk4-runtime/include/wine/windows/pshpack8.h
/private/tmp/gptk4-wine-source/tools/install-sh -m 644  /private/tmp/gptk4-wine-source/include/pstore.idl /private/tmp/gptk4-runtime/include/wine/windows/pstore.idl
/private/tmp/gptk4-wine-source/tools/install-sh -m 644  include/pstore.h /private/tmp/gptk4-runtime/include/wine/windows/pstore.h
/private/tmp/gptk4-wine-source/tools/install-sh -m 644  /private/tmp/gptk4-wine-source/include/qedit.idl /private/tmp/gptk4-runtime/include/wine/windows/qedit.idl
/private/tmp/gptk4-wine-source/tools/install-sh -m 644  include/qedit.h /private/tmp/gptk4-runtime/include/wine/windows/qedit.h
/private/tmp/gptk4-wine-source/tools/install-sh -m 644  /private/tmp/gptk4-wine-source/include/qos2.h /private/tmp/gptk4-runtime/include/wine/windows/qos2.h
/private/tmp/gptk4-wine-source/tools/install-sh -m 644  /private/tmp/gptk4-wine-source/include/ras.h /private/tmp/gptk4-runtime/include/wine/windows/ras.h
/private/tmp/gptk4-wine-source/tools/install-sh -m 644  /private/tmp/gptk4-wine-source/include/rasdlg.h /private/tmp/gptk4-runtime/include/wine/windows/rasdlg.h
/private/tmp/gptk4-wine-source/tools/install-sh -m 644  /private/tmp/gptk4-wine-source/include/raserror.h /private/tmp/gptk4-runtime/include/wine/windows/raserror.h
/private/tmp/gptk4-wine-source/tools/install-sh -m 644  /private/tmp/gptk4-wine-source/include/realtimeapiset.h /private/tmp/gptk4-runtime/include/wine/windows/realtimeapiset.h
/private/tmp/gptk4-wine-source/tools/install-sh -m 644  /private/tmp/gptk4-wine-source/include/reason.h /private/tmp/gptk4-runtime/include/wine/windows/reason.h
/private/tmp/gptk4-wine-source/tools/install-sh -m 644  /private/tmp/gptk4-wine-source/include/regstr.h /private/tmp/gptk4-runtime/include/wine/windows/regstr.h
/private/tmp/gptk4-wine-source/tools/install-sh -m 644  /private/tmp/gptk4-wine-source/include/relogger.idl /private/tmp/gptk4-runtime/include/wine/windows/relogger.idl
/private/tmp/gptk4-wine-source/tools/install-sh -m 644  include/relogger.h /private/tmp/gptk4-runtime/include/wine/windows/relogger.h
/private/tmp/gptk4-wine-source/tools/install-sh -m 644  /private/tmp/gptk4-wine-source/include/restartmanager.h /private/tmp/gptk4-runtime/include/wine/windows/restartmanager.h
/private/tmp/gptk4-wine-source/tools/install-sh -m 644  /private/tmp/gptk4-wine-source/include/restrictederrorinfo.idl /private/tmp/gptk4-runtime/include/wine/windows/restrictederrorinfo.idl
/private/tmp/gptk4-wine-source/tools/install-sh -m 644  include/restrictederrorinfo.h /private/tmp/gptk4-runtime/include/wine/windows/restrictederrorinfo.h
/private/tmp/gptk4-wine-source/tools/install-sh -m 644  /private/tmp/gptk4-wine-source/include/richedit.h /private/tmp/gptk4-runtime/include/wine/windows/richedit.h
/private/tmp/gptk4-wine-source/tools/install-sh -m 644  /private/tmp/gptk4-wine-source/include/richole.idl /private/tmp/gptk4-runtime/include/wine/windows/richole.idl
/private/tmp/gptk4-wine-source/tools/install-sh -m 644  include/richole.h /private/tmp/gptk4-runtime/include/wine/windows/richole.h
/private/tmp/gptk4-wine-source/tools/install-sh -m 644  /private/tmp/gptk4-wine-source/include/rmxfguid.h /private/tmp/gptk4-runtime/include/wine/windows/rmxfguid.h
/private/tmp/gptk4-wine-source/tools/install-sh -m 644  /private/tmp/gptk4-wine-source/include/rmxftmpl.x /private/tmp/gptk4-runtime/include/wine/windows/rmxftmpl.x
/private/tmp/gptk4-wine-source/tools/install-sh -m 644  include/rmxftmpl.h /private/tmp/gptk4-runtime/include/wine/windows/rmxftmpl.h
/private/tmp/gptk4-wine-source/tools/install-sh -m 644  /private/tmp/gptk4-wine-source/include/roapi.h /private/tmp/gptk4-runtime/include/wine/windows/roapi.h
/private/tmp/gptk4-wine-source/tools/install-sh -m 644  /private/tmp/gptk4-wine-source/include/roerrorapi.h /private/tmp/gptk4-runtime/include/wine/windows/roerrorapi.h
/private/tmp/gptk4-wine-source/tools/install-sh -m 644  /private/tmp/gptk4-wine-source/include/rometadata.h /private/tmp/gptk4-runtime/include/wine/windows/rometadata.h
/private/tmp/gptk4-wine-source/tools/install-sh -m 644  /private/tmp/gptk4-wine-source/include/rometadataresolution.h /private/tmp/gptk4-runtime/include/wine/windows/rometadataresolution.h
/private/tmp/gptk4-wine-source/tools/install-sh -m 644  /private/tmp/gptk4-wine-source/include/roparameterizediid.idl /private/tmp/gptk4-runtime/include/wine/windows/roparameterizediid.idl
/private/tmp/gptk4-wine-source/tools/install-sh -m 644  include/roparameterizediid.h /private/tmp/gptk4-runtime/include/wine/windows/roparameterizediid.h
/private/tmp/gptk4-wine-source/tools/install-sh -m 644  /private/tmp/gptk4-wine-source/include/row.idl /private/tmp/gptk4-runtime/include/wine/windows/row.idl
/private/tmp/gptk4-wine-source/tools/install-sh -m 644  /private/tmp/gptk4-wine-source/include/rowchg.idl /private/tmp/gptk4-runtime/include/wine/windows/rowchg.idl
/private/tmp/gptk4-wine-source/tools/install-sh -m 644  /private/tmp/gptk4-wine-source/include/rowpos.idl /private/tmp/gptk4-runtime/include/wine/windows/rowpos.idl
/private/tmp/gptk4-wine-source/tools/install-sh -m 644  /private/tmp/gptk4-wine-source/include/rowpsc.idl /private/tmp/gptk4-runtime/include/wine/windows/rowpsc.idl
/private/tmp/gptk4-wine-source/tools/install-sh -m 644  /private/tmp/gptk4-wine-source/include/rpc.h /private/tmp/gptk4-runtime/include/wine/windows/rpc.h
/private/tmp/gptk4-wine-source/tools/install-sh -m 644  /private/tmp/gptk4-wine-source/include/rpcasync.h /private/tmp/gptk4-runtime/include/wine/windows/rpcasync.h
/private/tmp/gptk4-wine-source/tools/install-sh -m 644  /private/tmp/gptk4-wine-source/include/rpcdce.h /private/tmp/gptk4-runtime/include/wine/windows/rpcdce.h
/private/tmp/gptk4-wine-source/tools/install-sh -m 644  /private/tmp/gptk4-wine-source/include/rpcdcep.h /private/tmp/gptk4-runtime/include/wine/windows/rpcdcep.h
/private/tmp/gptk4-wine-source/tools/install-sh -m 644  /private/tmp/gptk4-wine-source/include/rpcndr.h /private/tmp/gptk4-runtime/include/wine/windows/rpcndr.h
/private/tmp/gptk4-wine-source/tools/install-sh -m 644  /private/tmp/gptk4-wine-source/include/rpcnterr.h /private/tmp/gptk4-runtime/include/wine/windows/rpcnterr.h
/private/tmp/gptk4-wine-source/tools/install-sh -m 644  /private/tmp/gptk4-wine-source/include/rpcproxy.h /private/tmp/gptk4-runtime/include/wine/windows/rpcproxy.h
/private/tmp/gptk4-wine-source/tools/install-sh -m 644  /private/tmp/gptk4-wine-source/include/rpcsal.h /private/tmp/gptk4-runtime/include/wine/windows/rpcsal.h
/private/tmp/gptk4-wine-source/tools/install-sh -m 644  /private/tmp/gptk4-wine-source/include/rstbas.idl /private/tmp/gptk4-runtime/include/wine/windows/rstbas.idl
/private/tmp/gptk4-wine-source/tools/install-sh -m 644  /private/tmp/gptk4-wine-source/include/rstchg.idl /private/tmp/gptk4-runtime/include/wine/windows/rstchg.idl
/private/tmp/gptk4-wine-source/tools/install-sh -m 644  /private/tmp/gptk4-wine-source/include/rstfnd.idl /private/tmp/gptk4-runtime/include/wine/windows/rstfnd.idl
/private/tmp/gptk4-wine-source/tools/install-sh -m 644  /private/tmp/gptk4-wine-source/include/rstidn.idl /private/tmp/gptk4-runtime/include/wine/windows/rstidn.idl
/private/tmp/gptk4-wine-source/tools/install-sh -m 644  /private/tmp/gptk4-wine-source/include/rstinf.idl /private/tmp/gptk4-runtime/include/wine/windows/rstinf.idl
/private/tmp/gptk4-wine-source/tools/install-sh -m 644  /private/tmp/gptk4-wine-source/include/rstloc.idl /private/tmp/gptk4-runtime/include/wine/windows/rstloc.idl
/private/tmp/gptk4-wine-source/tools/install-sh -m 644  /private/tmp/gptk4-wine-source/include/rstnot.idl /private/tmp/gptk4-runtime/include/wine/windows/rstnot.idl
/private/tmp/gptk4-wine-source/tools/install-sh -m 644  /private/tmp/gptk4-wine-source/include/rstscr.idl /private/tmp/gptk4-runtime/include/wine/windows/rstscr.idl
/private/tmp/gptk4-wine-source/tools/install-sh -m 644  /private/tmp/gptk4-wine-source/include/rstupd.idl /private/tmp/gptk4-runtime/include/wine/windows/rstupd.idl
/private/tmp/gptk4-wine-source/tools/install-sh -m 644  /private/tmp/gptk4-wine-source/include/rstxsc.idl /private/tmp/gptk4-runtime/include/wine/windows/rstxsc.idl
/private/tmp/gptk4-wine-source/tools/install-sh -m 644  /private/tmp/gptk4-wine-source/include/rtlsupportapi.h /private/tmp/gptk4-runtime/include/wine/windows/rtlsupportapi.h
/private/tmp/gptk4-wine-source/tools/install-sh -m 644  /private/tmp/gptk4-wine-source/include/rtutils.h /private/tmp/gptk4-runtime/include/wine/windows/rtutils.h
/private/tmp/gptk4-wine-source/tools/install-sh -m 644  /private/tmp/gptk4-wine-source/include/rtworkq.idl /private/tmp/gptk4-runtime/include/wine/windows/rtworkq.idl
/private/tmp/gptk4-wine-source/tools/install-sh -m 644  include/rtworkq.h /private/tmp/gptk4-runtime/include/wine/windows/rtworkq.h
/private/tmp/gptk4-wine-source/tools/install-sh -m 644  /private/tmp/gptk4-wine-source/include/sal.h /private/tmp/gptk4-runtime/include/wine/windows/sal.h
/private/tmp/gptk4-wine-source/tools/install-sh -m 644  /private/tmp/gptk4-wine-source/include/sapi.idl /private/tmp/gptk4-runtime/include/wine/windows/sapi.idl
/private/tmp/gptk4-wine-source/tools/install-sh -m 644  include/sapi.h /private/tmp/gptk4-runtime/include/wine/windows/sapi.h
/private/tmp/gptk4-wine-source/tools/install-sh -m 644  /private/tmp/gptk4-wine-source/include/sapiaut.idl /private/tmp/gptk4-runtime/include/wine/windows/sapiaut.idl
/private/tmp/gptk4-wine-source/tools/install-sh -m 644  /private/tmp/gptk4-wine-source/include/sapiddk.idl /private/tmp/gptk4-runtime/include/wine/windows/sapiddk.idl
/private/tmp/gptk4-wine-source/tools/install-sh -m 644  include/sapiddk.h /private/tmp/gptk4-runtime/include/wine/windows/sapiddk.h
/private/tmp/gptk4-wine-source/tools/install-sh -m 644  /private/tmp/gptk4-wine-source/include/scarderr.h /private/tmp/gptk4-runtime/include/wine/windows/scarderr.h
/private/tmp/gptk4-wine-source/tools/install-sh -m 644  /private/tmp/gptk4-wine-source/include/schannel.h /private/tmp/gptk4-runtime/include/wine/windows/schannel.h
/private/tmp/gptk4-wine-source/tools/install-sh -m 644  /private/tmp/gptk4-wine-source/include/schemadef.h /private/tmp/gptk4-runtime/include/wine/windows/schemadef.h
/private/tmp/gptk4-wine-source/tools/install-sh -m 644  /private/tmp/gptk4-wine-source/include/schnlsp.h /private/tmp/gptk4-runtime/include/wine/windows/schnlsp.h
/private/tmp/gptk4-wine-source/tools/install-sh -m 644  /private/tmp/gptk4-wine-source/include/sddl.h /private/tmp/gptk4-runtime/include/wine/windows/sddl.h
/private/tmp/gptk4-wine-source/tools/install-sh -m 644  /private/tmp/gptk4-wine-source/include/sdkddkver.h /private/tmp/gptk4-runtime/include/wine/windows/sdkddkver.h
/private/tmp/gptk4-wine-source/tools/install-sh -m 644  /private/tmp/gptk4-wine-source/include/secext.h /private/tmp/gptk4-runtime/include/wine/windows/secext.h
/private/tmp/gptk4-wine-source/tools/install-sh -m 644  /private/tmp/gptk4-wine-source/include/security.h /private/tmp/gptk4-runtime/include/wine/windows/security.h
/private/tmp/gptk4-wine-source/tools/install-sh -m 644  /private/tmp/gptk4-wine-source/include/sensapi.h /private/tmp/gptk4-runtime/include/wine/windows/sensapi.h
/private/tmp/gptk4-wine-source/tools/install-sh -m 644  /private/tmp/gptk4-wine-source/include/sensevts.idl /private/tmp/gptk4-runtime/include/wine/windows/sensevts.idl
/private/tmp/gptk4-wine-source/tools/install-sh -m 644  include/sensevts.h /private/tmp/gptk4-runtime/include/wine/windows/sensevts.h
/private/tmp/gptk4-wine-source/tools/install-sh -m 644  /private/tmp/gptk4-wine-source/include/servprov.idl /private/tmp/gptk4-runtime/include/wine/windows/servprov.idl
/private/tmp/gptk4-wine-source/tools/install-sh -m 644  include/servprov.h /private/tmp/gptk4-runtime/include/wine/windows/servprov.h
/private/tmp/gptk4-wine-source/tools/install-sh -m 644  /private/tmp/gptk4-wine-source/include/sesprp.idl /private/tmp/gptk4-runtime/include/wine/windows/sesprp.idl
/private/tmp/gptk4-wine-source/tools/install-sh -m 644  /private/tmp/gptk4-wine-source/include/setupapi.h /private/tmp/gptk4-runtime/include/wine/windows/setupapi.h
/private/tmp/gptk4-wine-source/tools/install-sh -m 644  /private/tmp/gptk4-wine-source/include/sfc.h /private/tmp/gptk4-runtime/include/wine/windows/sfc.h
/private/tmp/gptk4-wine-source/tools/install-sh -m 644  /private/tmp/gptk4-wine-source/include/shcore.h /private/tmp/gptk4-runtime/include/wine/windows/shcore.h
/private/tmp/gptk4-wine-source/tools/install-sh -m 644  /private/tmp/gptk4-wine-source/include/shdeprecated.idl /private/tmp/gptk4-runtime/include/wine/windows/shdeprecated.idl
/private/tmp/gptk4-wine-source/tools/install-sh -m 644  include/shdeprecated.h /private/tmp/gptk4-runtime/include/wine/windows/shdeprecated.h
/private/tmp/gptk4-wine-source/tools/install-sh -m 644  /private/tmp/gptk4-wine-source/include/shdispid.h /private/tmp/gptk4-runtime/include/wine/windows/shdispid.h
/private/tmp/gptk4-wine-source/tools/install-sh -m 644  /private/tmp/gptk4-wine-source/include/shellapi.h /private/tmp/gptk4-runtime/include/wine/windows/shellapi.h
/private/tmp/gptk4-wine-source/tools/install-sh -m 644  /private/tmp/gptk4-wine-source/include/shellscalingapi.h /private/tmp/gptk4-runtime/include/wine/windows/shellscalingapi.h
/private/tmp/gptk4-wine-source/tools/install-sh -m 644  /private/tmp/gptk4-wine-source/include/sherrors.h /private/tmp/gptk4-runtime/include/wine/windows/sherrors.h
/private/tmp/gptk4-wine-source/tools/install-sh -m 644  /private/tmp/gptk4-wine-source/include/shimgdata.idl /private/tmp/gptk4-runtime/include/wine/windows/shimgdata.idl
/private/tmp/gptk4-wine-source/tools/install-sh -m 644  include/shimgdata.h /private/tmp/gptk4-runtime/include/wine/windows/shimgdata.h
/private/tmp/gptk4-wine-source/tools/install-sh -m 644  /private/tmp/gptk4-wine-source/include/shldisp.idl /private/tmp/gptk4-runtime/include/wine/windows/shldisp.idl
/private/tmp/gptk4-wine-source/tools/install-sh -m 644  include/shldisp.h /private/tmp/gptk4-runtime/include/wine/windows/shldisp.h
/private/tmp/gptk4-wine-source/tools/install-sh -m 644  /private/tmp/gptk4-wine-source/include/shlguid.h /private/tmp/gptk4-runtime/include/wine/windows/shlguid.h
/private/tmp/gptk4-wine-source/tools/install-sh -m 644  /private/tmp/gptk4-wine-source/include/shlobj.h /private/tmp/gptk4-runtime/include/wine/windows/shlobj.h
/private/tmp/gptk4-wine-source/tools/install-sh -m 644  /private/tmp/gptk4-wine-source/include/shlwapi.h /private/tmp/gptk4-runtime/include/wine/windows/shlwapi.h
/private/tmp/gptk4-wine-source/tools/install-sh -m 644  /private/tmp/gptk4-wine-source/include/shobjidl.idl /private/tmp/gptk4-runtime/include/wine/windows/shobjidl.idl
/private/tmp/gptk4-wine-source/tools/install-sh -m 644  include/shobjidl.h /private/tmp/gptk4-runtime/include/wine/windows/shobjidl.h
/private/tmp/gptk4-wine-source/tools/install-sh -m 644  /private/tmp/gptk4-wine-source/include/shobjidl_core.idl /private/tmp/gptk4-runtime/include/wine/windows/shobjidl_core.idl
/private/tmp/gptk4-wine-source/tools/install-sh -m 644  include/shobjidl_core.h /private/tmp/gptk4-runtime/include/wine/windows/shobjidl_core.h
/private/tmp/gptk4-wine-source/tools/install-sh -m 644  /private/tmp/gptk4-wine-source/include/shtypes.idl /private/tmp/gptk4-runtime/include/wine/windows/shtypes.idl
/private/tmp/gptk4-wine-source/tools/install-sh -m 644  include/shtypes.h /private/tmp/gptk4-runtime/include/wine/windows/shtypes.h
/private/tmp/gptk4-wine-source/tools/install-sh -m 644  /private/tmp/gptk4-wine-source/include/sipbase.h /private/tmp/gptk4-runtime/include/wine/windows/sipbase.h
/private/tmp/gptk4-wine-source/tools/install-sh -m 644  /private/tmp/gptk4-wine-source/include/slerror.h /private/tmp/gptk4-runtime/include/wine/windows/slerror.h
/private/tmp/gptk4-wine-source/tools/install-sh -m 644  /private/tmp/gptk4-wine-source/include/slpublic.h /private/tmp/gptk4-runtime/include/wine/windows/slpublic.h
/private/tmp/gptk4-wine-source/tools/install-sh -m 644  /private/tmp/gptk4-wine-source/include/snmp.h /private/tmp/gptk4-runtime/include/wine/windows/snmp.h
/private/tmp/gptk4-wine-source/tools/install-sh -m 644  /private/tmp/gptk4-wine-source/include/socketapi.h /private/tmp/gptk4-runtime/include/wine/windows/socketapi.h
/private/tmp/gptk4-wine-source/tools/install-sh -m 644  /private/tmp/gptk4-wine-source/include/softpub.h /private/tmp/gptk4-runtime/include/wine/windows/softpub.h
/private/tmp/gptk4-wine-source/tools/install-sh -m 644  /private/tmp/gptk4-wine-source/include/spatialaudioclient.idl /private/tmp/gptk4-runtime/include/wine/windows/spatialaudioclient.idl
/private/tmp/gptk4-wine-source/tools/install-sh -m 644  include/spatialaudioclient.h /private/tmp/gptk4-runtime/include/wine/windows/spatialaudioclient.h
/private/tmp/gptk4-wine-source/tools/install-sh -m 644  /private/tmp/gptk4-wine-source/include/specstrings.h /private/tmp/gptk4-runtime/include/wine/windows/specstrings.h
/private/tmp/gptk4-wine-source/tools/install-sh -m 644  /private/tmp/gptk4-wine-source/include/specstrings_strict.h /private/tmp/gptk4-runtime/include/wine/windows/specstrings_strict.h
/private/tmp/gptk4-wine-source/tools/install-sh -m 644  /private/tmp/gptk4-wine-source/include/sperror.h /private/tmp/gptk4-runtime/include/wine/windows/sperror.h
/private/tmp/gptk4-wine-source/tools/install-sh -m 644  /private/tmp/gptk4-wine-source/include/sql.h /private/tmp/gptk4-runtime/include/wine/windows/sql.h
/private/tmp/gptk4-wine-source/tools/install-sh -m 644  /private/tmp/gptk4-wine-source/include/sqlext.h /private/tmp/gptk4-runtime/include/wine/windows/sqlext.h
/private/tmp/gptk4-wine-source/tools/install-sh -m 644  /private/tmp/gptk4-wine-source/include/sqltypes.h /private/tmp/gptk4-runtime/include/wine/windows/sqltypes.h
/private/tmp/gptk4-wine-source/tools/install-sh -m 644  /private/tmp/gptk4-wine-source/include/sqlucode.h /private/tmp/gptk4-runtime/include/wine/windows/sqlucode.h
/private/tmp/gptk4-wine-source/tools/install-sh -m 644  /private/tmp/gptk4-wine-source/include/srcrst.idl /private/tmp/gptk4-runtime/include/wine/windows/srcrst.idl
/private/tmp/gptk4-wine-source/tools/install-sh -m 644  /private/tmp/gptk4-wine-source/include/srrestoreptapi.h /private/tmp/gptk4-runtime/include/wine/windows/srrestoreptapi.h
/private/tmp/gptk4-wine-source/tools/install-sh -m 644  /private/tmp/gptk4-wine-source/include/sspi.h /private/tmp/gptk4-runtime/include/wine/windows/sspi.h
/private/tmp/gptk4-wine-source/tools/install-sh -m 644  /private/tmp/gptk4-wine-source/include/stgprop.h /private/tmp/gptk4-runtime/include/wine/windows/stgprop.h
/private/tmp/gptk4-wine-source/tools/install-sh -m 644  /private/tmp/gptk4-wine-source/include/sti.h /private/tmp/gptk4-runtime/include/wine/windows/sti.h
/private/tmp/gptk4-wine-source/tools/install-sh -m 644  /private/tmp/gptk4-wine-source/include/storage.h /private/tmp/gptk4-runtime/include/wine/windows/storage.h
/private/tmp/gptk4-wine-source/tools/install-sh -m 644  /private/tmp/gptk4-wine-source/include/strmif.idl /private/tmp/gptk4-runtime/include/wine/windows/strmif.idl
/private/tmp/gptk4-wine-source/tools/install-sh -m 644  include/strmif.h /private/tmp/gptk4-runtime/include/wine/windows/strmif.h
/private/tmp/gptk4-wine-source/tools/install-sh -m 644  /private/tmp/gptk4-wine-source/include/strongname.h /private/tmp/gptk4-runtime/include/wine/windows/strongname.h
/private/tmp/gptk4-wine-source/tools/install-sh -m 644  /private/tmp/gptk4-wine-source/include/strsafe.h /private/tmp/gptk4-runtime/include/wine/windows/strsafe.h
/private/tmp/gptk4-wine-source/tools/install-sh -m 644  /private/tmp/gptk4-wine-source/include/structuredquerycondition.idl /private/tmp/gptk4-runtime/include/wine/windows/structuredquerycondition.idl
/private/tmp/gptk4-wine-source/tools/install-sh -m 644  include/structuredquerycondition.h /private/tmp/gptk4-runtime/include/wine/windows/structuredquerycondition.h
/private/tmp/gptk4-wine-source/tools/install-sh -m 644  /private/tmp/gptk4-wine-source/include/svrapi.h /private/tmp/gptk4-runtime/include/wine/windows/svrapi.h
/private/tmp/gptk4-wine-source/tools/install-sh -m 644  /private/tmp/gptk4-wine-source/include/synchapi.h /private/tmp/gptk4-runtime/include/wine/windows/synchapi.h
/private/tmp/gptk4-wine-source/tools/install-sh -m 644  /private/tmp/gptk4-wine-source/include/systemmediatransportcontrolsinterop.idl /private/tmp/gptk4-runtime/include/wine/windows/systemmediatransportcontrolsinterop.idl
/private/tmp/gptk4-wine-source/tools/install-sh -m 644  include/systemmediatransportcontrolsinterop.h /private/tmp/gptk4-runtime/include/wine/windows/systemmediatransportcontrolsinterop.h
/private/tmp/gptk4-wine-source/tools/install-sh -m 644  /private/tmp/gptk4-wine-source/include/t2embapi.h /private/tmp/gptk4-runtime/include/wine/windows/t2embapi.h
/private/tmp/gptk4-wine-source/tools/install-sh -m 644  /private/tmp/gptk4-wine-source/include/tapi.h /private/tmp/gptk4-runtime/include/wine/windows/tapi.h
/private/tmp/gptk4-wine-source/tools/install-sh -m 644  /private/tmp/gptk4-wine-source/include/taskschd.idl /private/tmp/gptk4-runtime/include/wine/windows/taskschd.idl
/private/tmp/gptk4-wine-source/tools/install-sh -m 644  include/taskschd.h /private/tmp/gptk4-runtime/include/wine/windows/taskschd.h
/private/tmp/gptk4-wine-source/tools/install-sh -m 644  /private/tmp/gptk4-wine-source/include/tbs.h /private/tmp/gptk4-runtime/include/wine/windows/tbs.h
/private/tmp/gptk4-wine-source/tools/install-sh -m 644  /private/tmp/gptk4-wine-source/include/tchar.h /private/tmp/gptk4-runtime/include/wine/windows/tchar.h
/private/tmp/gptk4-wine-source/tools/install-sh -m 644  /private/tmp/gptk4-wine-source/include/tcpestats.h /private/tmp/gptk4-runtime/include/wine/windows/tcpestats.h
/private/tmp/gptk4-wine-source/tools/install-sh -m 644  /private/tmp/gptk4-wine-source/include/tcpmib.h /private/tmp/gptk4-runtime/include/wine/windows/tcpmib.h
/private/tmp/gptk4-wine-source/tools/install-sh -m 644  /private/tmp/gptk4-wine-source/include/textserv.h /private/tmp/gptk4-runtime/include/wine/windows/textserv.h
/private/tmp/gptk4-wine-source/tools/install-sh -m 644  /private/tmp/gptk4-wine-source/include/textstor.idl /private/tmp/gptk4-runtime/include/wine/windows/textstor.idl
/private/tmp/gptk4-wine-source/tools/install-sh -m 644  include/textstor.h /private/tmp/gptk4-runtime/include/wine/windows/textstor.h
/private/tmp/gptk4-wine-source/tools/install-sh -m 644  /private/tmp/gptk4-wine-source/include/threadpoolapiset.h /private/tmp/gptk4-runtime/include/wine/windows/threadpoolapiset.h
/private/tmp/gptk4-wine-source/tools/install-sh -m 644  /private/tmp/gptk4-wine-source/include/thumbcache.idl /private/tmp/gptk4-runtime/include/wine/windows/thumbcache.idl
/private/tmp/gptk4-wine-source/tools/install-sh -m 644  include/thumbcache.h /private/tmp/gptk4-runtime/include/wine/windows/thumbcache.h
/private/tmp/gptk4-wine-source/tools/install-sh -m 644  /private/tmp/gptk4-wine-source/include/timezoneapi.h /private/tmp/gptk4-runtime/include/wine/windows/timezoneapi.h
/private/tmp/gptk4-wine-source/tools/install-sh -m 644  /private/tmp/gptk4-wine-source/include/tlhelp32.h /private/tmp/gptk4-runtime/include/wine/windows/tlhelp32.h
/private/tmp/gptk4-wine-source/tools/install-sh -m 644  /private/tmp/gptk4-wine-source/include/tlogstg.idl /private/tmp/gptk4-runtime/include/wine/windows/tlogstg.idl
/private/tmp/gptk4-wine-source/tools/install-sh -m 644  include/tlogstg.h /private/tmp/gptk4-runtime/include/wine/windows/tlogstg.h
/private/tmp/gptk4-wine-source/tools/install-sh -m 644  /private/tmp/gptk4-wine-source/include/tmschema.h /private/tmp/gptk4-runtime/include/wine/windows/tmschema.h
/private/tmp/gptk4-wine-source/tools/install-sh -m 644  /private/tmp/gptk4-wine-source/include/tom.idl /private/tmp/gptk4-runtime/include/wine/windows/tom.idl
/private/tmp/gptk4-wine-source/tools/install-sh -m 644  include/tom.h /private/tmp/gptk4-runtime/include/wine/windows/tom.h
/private/tmp/gptk4-wine-source/tools/install-sh -m 644  /private/tmp/gptk4-wine-source/include/tpcshrd.h /private/tmp/gptk4-runtime/include/wine/windows/tpcshrd.h
/private/tmp/gptk4-wine-source/tools/install-sh -m 644  /private/tmp/gptk4-wine-source/include/traffic.h /private/tmp/gptk4-runtime/include/wine/windows/traffic.h
/private/tmp/gptk4-wine-source/tools/install-sh -m 644  /private/tmp/gptk4-wine-source/include/transact.idl /private/tmp/gptk4-runtime/include/wine/windows/transact.idl
/private/tmp/gptk4-wine-source/tools/install-sh -m 644  include/transact.h /private/tmp/gptk4-runtime/include/wine/windows/transact.h
/private/tmp/gptk4-wine-source/tools/install-sh -m 644  /private/tmp/gptk4-wine-source/include/trnjoi.idl /private/tmp/gptk4-runtime/include/wine/windows/trnjoi.idl
/private/tmp/gptk4-wine-source/tools/install-sh -m 644  /private/tmp/gptk4-wine-source/include/trnlcl.idl /private/tmp/gptk4-runtime/include/wine/windows/trnlcl.idl
/private/tmp/gptk4-wine-source/tools/install-sh -m 644  /private/tmp/gptk4-wine-source/include/trnobj.idl /private/tmp/gptk4-runtime/include/wine/windows/trnobj.idl
/private/tmp/gptk4-wine-source/tools/install-sh -m 644  /private/tmp/gptk4-wine-source/include/twain.h /private/tmp/gptk4-runtime/include/wine/windows/twain.h
/private/tmp/gptk4-wine-source/tools/install-sh -m 644  /private/tmp/gptk4-wine-source/include/txcoord.idl /private/tmp/gptk4-runtime/include/wine/windows/txcoord.idl
/private/tmp/gptk4-wine-source/tools/install-sh -m 644  include/txcoord.h /private/tmp/gptk4-runtime/include/wine/windows/txcoord.h
/private/tmp/gptk4-wine-source/tools/install-sh -m 644  /private/tmp/gptk4-wine-source/include/txdtc.idl /private/tmp/gptk4-runtime/include/wine/windows/txdtc.idl
/private/tmp/gptk4-wine-source/tools/install-sh -m 644  include/txdtc.h /private/tmp/gptk4-runtime/include/wine/windows/txdtc.h
/private/tmp/gptk4-wine-source/tools/install-sh -m 644  /private/tmp/gptk4-wine-source/include/udpmib.h /private/tmp/gptk4-runtime/include/wine/windows/udpmib.h
/private/tmp/gptk4-wine-source/tools/install-sh -m 644  /private/tmp/gptk4-wine-source/include/uianimation.idl /private/tmp/gptk4-runtime/include/wine/windows/uianimation.idl
/private/tmp/gptk4-wine-source/tools/install-sh -m 644  include/uianimation.h /private/tmp/gptk4-runtime/include/wine/windows/uianimation.h
/private/tmp/gptk4-wine-source/tools/install-sh -m 644  /private/tmp/gptk4-wine-source/include/uiautomation.h /private/tmp/gptk4-runtime/include/wine/windows/uiautomation.h
/private/tmp/gptk4-wine-source/tools/install-sh -m 644  /private/tmp/gptk4-wine-source/include/uiautomationclient.idl /private/tmp/gptk4-runtime/include/wine/windows/uiautomationclient.idl
/private/tmp/gptk4-wine-source/tools/install-sh -m 644  include/uiautomationclient.h /private/tmp/gptk4-runtime/include/wine/windows/uiautomationclient.h
/private/tmp/gptk4-wine-source/tools/install-sh -m 644  /private/tmp/gptk4-wine-source/include/uiautomationcore.idl /private/tmp/gptk4-runtime/include/wine/windows/uiautomationcore.idl
/private/tmp/gptk4-wine-source/tools/install-sh -m 644  include/uiautomationcore.h /private/tmp/gptk4-runtime/include/wine/windows/uiautomationcore.h
/private/tmp/gptk4-wine-source/tools/install-sh -m 644  /private/tmp/gptk4-wine-source/include/uiautomationcoreapi.h /private/tmp/gptk4-runtime/include/wine/windows/uiautomationcoreapi.h
/private/tmp/gptk4-wine-source/tools/install-sh -m 644  /private/tmp/gptk4-wine-source/include/uiribbon.idl /private/tmp/gptk4-runtime/include/wine/windows/uiribbon.idl
/private/tmp/gptk4-wine-source/tools/install-sh -m 644  include/uiribbon.h /private/tmp/gptk4-runtime/include/wine/windows/uiribbon.h
/private/tmp/gptk4-wine-source/tools/install-sh -m 644  /private/tmp/gptk4-wine-source/include/uiviewsettingsinterop.idl /private/tmp/gptk4-runtime/include/wine/windows/uiviewsettingsinterop.idl
/private/tmp/gptk4-wine-source/tools/install-sh -m 644  include/uiviewsettingsinterop.h /private/tmp/gptk4-runtime/include/wine/windows/uiviewsettingsinterop.h
/private/tmp/gptk4-wine-source/tools/install-sh -m 644  /private/tmp/gptk4-wine-source/include/unexposeenums2managed.h /private/tmp/gptk4-runtime/include/wine/windows/unexposeenums2managed.h
/private/tmp/gptk4-wine-source/tools/install-sh -m 644  /private/tmp/gptk4-wine-source/include/unknwn.idl /private/tmp/gptk4-runtime/include/wine/windows/unknwn.idl
/private/tmp/gptk4-wine-source/tools/install-sh -m 644  include/unknwn.h /private/tmp/gptk4-runtime/include/wine/windows/unknwn.h
/private/tmp/gptk4-wine-source/tools/install-sh -m 644  /private/tmp/gptk4-wine-source/include/urlhist.idl /private/tmp/gptk4-runtime/include/wine/windows/urlhist.idl
/private/tmp/gptk4-wine-source/tools/install-sh -m 644  include/urlhist.h /private/tmp/gptk4-runtime/include/wine/windows/urlhist.h
/private/tmp/gptk4-wine-source/tools/install-sh -m 644  /private/tmp/gptk4-wine-source/include/urlmon.idl /private/tmp/gptk4-runtime/include/wine/windows/urlmon.idl
/private/tmp/gptk4-wine-source/tools/install-sh -m 644  include/urlmon.h /private/tmp/gptk4-runtime/include/wine/windows/urlmon.h
/private/tmp/gptk4-wine-source/tools/install-sh -m 644  /private/tmp/gptk4-wine-source/include/userenv.h /private/tmp/gptk4-runtime/include/wine/windows/userenv.h
/private/tmp/gptk4-wine-source/tools/install-sh -m 644  /private/tmp/gptk4-wine-source/include/usp10.h /private/tmp/gptk4-runtime/include/wine/windows/usp10.h
/private/tmp/gptk4-wine-source/tools/install-sh -m 644  /private/tmp/gptk4-wine-source/include/uuids.h /private/tmp/gptk4-runtime/include/wine/windows/uuids.h
/private/tmp/gptk4-wine-source/tools/install-sh -m 644  /private/tmp/gptk4-wine-source/include/uxtheme.h /private/tmp/gptk4-runtime/include/wine/windows/uxtheme.h
/private/tmp/gptk4-wine-source/tools/install-sh -m 644  /private/tmp/gptk4-wine-source/include/vdmdbg.h /private/tmp/gptk4-runtime/include/wine/windows/vdmdbg.h
/private/tmp/gptk4-wine-source/tools/install-sh -m 644  /private/tmp/gptk4-wine-source/include/ver.h /private/tmp/gptk4-runtime/include/wine/windows/ver.h
/private/tmp/gptk4-wine-source/tools/install-sh -m 644  /private/tmp/gptk4-wine-source/include/verrsrc.h /private/tmp/gptk4-runtime/include/wine/windows/verrsrc.h
/private/tmp/gptk4-wine-source/tools/install-sh -m 644  /private/tmp/gptk4-wine-source/include/vfw.h /private/tmp/gptk4-runtime/include/wine/windows/vfw.h
/private/tmp/gptk4-wine-source/tools/install-sh -m 644  /private/tmp/gptk4-wine-source/include/vfwmsgs.h /private/tmp/gptk4-runtime/include/wine/windows/vfwmsgs.h
/private/tmp/gptk4-wine-source/tools/install-sh -m 644  /private/tmp/gptk4-wine-source/include/videoacc.idl /private/tmp/gptk4-runtime/include/wine/windows/videoacc.idl
/private/tmp/gptk4-wine-source/tools/install-sh -m 644  include/videoacc.h /private/tmp/gptk4-runtime/include/wine/windows/videoacc.h
/private/tmp/gptk4-wine-source/tools/install-sh -m 644  /private/tmp/gptk4-wine-source/include/virtdisk.h /private/tmp/gptk4-runtime/include/wine/windows/virtdisk.h
/private/tmp/gptk4-wine-source/tools/install-sh -m 644  /private/tmp/gptk4-wine-source/include/vmr9.idl /private/tmp/gptk4-runtime/include/wine/windows/vmr9.idl
/private/tmp/gptk4-wine-source/tools/install-sh -m 644  include/vmr9.h /private/tmp/gptk4-runtime/include/wine/windows/vmr9.h
/private/tmp/gptk4-wine-source/tools/install-sh -m 644  /private/tmp/gptk4-wine-source/include/vmrender.idl /private/tmp/gptk4-runtime/include/wine/windows/vmrender.idl
/private/tmp/gptk4-wine-source/tools/install-sh -m 644  /private/tmp/gptk4-wine-source/include/vsbackup.idl /private/tmp/gptk4-runtime/include/wine/windows/vsbackup.idl
/private/tmp/gptk4-wine-source/tools/install-sh -m 644  include/vsbackup.h /private/tmp/gptk4-runtime/include/wine/windows/vsbackup.h
/private/tmp/gptk4-wine-source/tools/install-sh -m 644  /private/tmp/gptk4-wine-source/include/vss.idl /private/tmp/gptk4-runtime/include/wine/windows/vss.idl
/private/tmp/gptk4-wine-source/tools/install-sh -m 644  include/vss.h /private/tmp/gptk4-runtime/include/wine/windows/vss.h
/private/tmp/gptk4-wine-source/tools/install-sh -m 644  /private/tmp/gptk4-wine-source/include/vsstyle.h /private/tmp/gptk4-runtime/include/wine/windows/vsstyle.h
/private/tmp/gptk4-wine-source/tools/install-sh -m 644  /private/tmp/gptk4-wine-source/include/vssym32.h /private/tmp/gptk4-runtime/include/wine/windows/vssym32.h
/private/tmp/gptk4-wine-source/tools/install-sh -m 644  /private/tmp/gptk4-wine-source/include/vswriter.idl /private/tmp/gptk4-runtime/include/wine/windows/vswriter.idl
/private/tmp/gptk4-wine-source/tools/install-sh -m 644  include/vswriter.h /private/tmp/gptk4-runtime/include/wine/windows/vswriter.h
/private/tmp/gptk4-wine-source/tools/install-sh -m 644  /private/tmp/gptk4-wine-source/include/wbemcli.idl /private/tmp/gptk4-runtime/include/wine/windows/wbemcli.idl
/private/tmp/gptk4-wine-source/tools/install-sh -m 644  include/wbemcli.h /private/tmp/gptk4-runtime/include/wine/windows/wbemcli.h
/private/tmp/gptk4-wine-source/tools/install-sh -m 644  /private/tmp/gptk4-wine-source/include/wbemdisp.idl /private/tmp/gptk4-runtime/include/wine/windows/wbemdisp.idl
/private/tmp/gptk4-wine-source/tools/install-sh -m 644  include/wbemdisp.h /private/tmp/gptk4-runtime/include/wine/windows/wbemdisp.h
/private/tmp/gptk4-wine-source/tools/install-sh -m 644  /private/tmp/gptk4-wine-source/include/wbemprov.idl /private/tmp/gptk4-runtime/include/wine/windows/wbemprov.idl
/private/tmp/gptk4-wine-source/tools/install-sh -m 644  include/wbemprov.h /private/tmp/gptk4-runtime/include/wine/windows/wbemprov.h
/private/tmp/gptk4-wine-source/tools/install-sh -m 644  /private/tmp/gptk4-wine-source/include/wct.h /private/tmp/gptk4-runtime/include/wine/windows/wct.h
/private/tmp/gptk4-wine-source/tools/install-sh -m 644  /private/tmp/gptk4-wine-source/include/wdbgexts.h /private/tmp/gptk4-runtime/include/wine/windows/wdbgexts.h
/private/tmp/gptk4-wine-source/tools/install-sh -m 644  /private/tmp/gptk4-wine-source/include/weakreference.idl /private/tmp/gptk4-runtime/include/wine/windows/weakreference.idl
/private/tmp/gptk4-wine-source/tools/install-sh -m 644  include/weakreference.h /private/tmp/gptk4-runtime/include/wine/windows/weakreference.h
/private/tmp/gptk4-wine-source/tools/install-sh -m 644  /private/tmp/gptk4-wine-source/include/webservices.h /private/tmp/gptk4-runtime/include/wine/windows/webservices.h
/private/tmp/gptk4-wine-source/tools/install-sh -m 644  /private/tmp/gptk4-wine-source/include/websocket.h /private/tmp/gptk4-runtime/include/wine/windows/websocket.h
/private/tmp/gptk4-wine-source/tools/install-sh -m 644  /private/tmp/gptk4-wine-source/include/werapi.h /private/tmp/gptk4-runtime/include/wine/windows/werapi.h
/private/tmp/gptk4-wine-source/tools/install-sh -m 644  /private/tmp/gptk4-wine-source/include/wfext.h /private/tmp/gptk4-runtime/include/wine/windows/wfext.h
/private/tmp/gptk4-wine-source/tools/install-sh -m 644  /private/tmp/gptk4-wine-source/include/wia.h /private/tmp/gptk4-runtime/include/wine/windows/wia.h
/private/tmp/gptk4-wine-source/tools/install-sh -m 644  /private/tmp/gptk4-wine-source/include/wia_lh.idl /private/tmp/gptk4-runtime/include/wine/windows/wia_lh.idl
/private/tmp/gptk4-wine-source/tools/install-sh -m 644  include/wia_lh.h /private/tmp/gptk4-runtime/include/wine/windows/wia_lh.h
/private/tmp/gptk4-wine-source/tools/install-sh -m 644  /private/tmp/gptk4-wine-source/include/wia_xp.idl /private/tmp/gptk4-runtime/include/wine/windows/wia_xp.idl
/private/tmp/gptk4-wine-source/tools/install-sh -m 644  include/wia_xp.h /private/tmp/gptk4-runtime/include/wine/windows/wia_xp.h
/private/tmp/gptk4-wine-source/tools/install-sh -m 644  /private/tmp/gptk4-wine-source/include/wiadef.h /private/tmp/gptk4-runtime/include/wine/windows/wiadef.h
/private/tmp/gptk4-wine-source/tools/install-sh -m 644  /private/tmp/gptk4-wine-source/include/wimgapi.h /private/tmp/gptk4-runtime/include/wine/windows/wimgapi.h
/private/tmp/gptk4-wine-source/tools/install-sh -m 644  /private/tmp/gptk4-wine-source/include/winapifamily.h /private/tmp/gptk4-runtime/include/wine/windows/winapifamily.h
/private/tmp/gptk4-wine-source/tools/install-sh -m 644  /private/tmp/gptk4-wine-source/include/winbase.h /private/tmp/gptk4-runtime/include/wine/windows/winbase.h
/private/tmp/gptk4-wine-source/tools/install-sh -m 644  /private/tmp/gptk4-wine-source/include/winber.h /private/tmp/gptk4-runtime/include/wine/windows/winber.h
/private/tmp/gptk4-wine-source/tools/install-sh -m 644  /private/tmp/gptk4-wine-source/include/wincodec.idl /private/tmp/gptk4-runtime/include/wine/windows/wincodec.idl
/private/tmp/gptk4-wine-source/tools/install-sh -m 644  include/wincodec.h /private/tmp/gptk4-runtime/include/wine/windows/wincodec.h
/private/tmp/gptk4-wine-source/tools/install-sh -m 644  /private/tmp/gptk4-wine-source/include/wincodecsdk.idl /private/tmp/gptk4-runtime/include/wine/windows/wincodecsdk.idl
/private/tmp/gptk4-wine-source/tools/install-sh -m 644  include/wincodecsdk.h /private/tmp/gptk4-runtime/include/wine/windows/wincodecsdk.h
/private/tmp/gptk4-wine-source/tools/install-sh -m 644  /private/tmp/gptk4-wine-source/include/wincon.h /private/tmp/gptk4-runtime/include/wine/windows/wincon.h
/private/tmp/gptk4-wine-source/tools/install-sh -m 644  /private/tmp/gptk4-wine-source/include/wincontypes.h /private/tmp/gptk4-runtime/include/wine/windows/wincontypes.h
/private/tmp/gptk4-wine-source/tools/install-sh -m 644  /private/tmp/gptk4-wine-source/include/wincred.h /private/tmp/gptk4-runtime/include/wine/windows/wincred.h
/private/tmp/gptk4-wine-source/tools/install-sh -m 644  /private/tmp/gptk4-wine-source/include/wincrypt.h /private/tmp/gptk4-runtime/include/wine/windows/wincrypt.h
/private/tmp/gptk4-wine-source/tools/install-sh -m 644  /private/tmp/gptk4-wine-source/include/windef.h /private/tmp/gptk4-runtime/include/wine/windows/windef.h
/private/tmp/gptk4-wine-source/tools/install-sh -m 644  /private/tmp/gptk4-wine-source/include/windns.h /private/tmp/gptk4-runtime/include/wine/windows/windns.h
/private/tmp/gptk4-wine-source/tools/install-sh -m 644  /private/tmp/gptk4-wine-source/include/windot11.h /private/tmp/gptk4-runtime/include/wine/windows/windot11.h
/private/tmp/gptk4-wine-source/tools/install-sh -m 644  /private/tmp/gptk4-wine-source/include/windows.applicationmodel.activation.idl /private/tmp/gptk4-runtime/include/wine/windows/windows.applicationmodel.activation.idl
/private/tmp/gptk4-wine-source/tools/install-sh -m 644  include/windows.applicationmodel.activation.h /private/tmp/gptk4-runtime/include/wine/windows/windows.applicationmodel.activation.h
/private/tmp/gptk4-wine-source/tools/install-sh -m 644  /private/tmp/gptk4-wine-source/include/windows.applicationmodel.background.idl /private/tmp/gptk4-runtime/include/wine/windows/windows.applicationmodel.background.idl
/private/tmp/gptk4-wine-source/tools/install-sh -m 644  include/windows.applicationmodel.background.h /private/tmp/gptk4-runtime/include/wine/windows/windows.applicationmodel.background.h
/private/tmp/gptk4-wine-source/tools/install-sh -m 644  /private/tmp/gptk4-wine-source/include/windows.applicationmodel.core.idl /private/tmp/gptk4-runtime/include/wine/windows/windows.applicationmodel.core.idl
/private/tmp/gptk4-wine-source/tools/install-sh -m 644  include/windows.applicationmodel.core.h /private/tmp/gptk4-runtime/include/wine/windows/windows.applicationmodel.core.h
/private/tmp/gptk4-wine-source/tools/install-sh -m 644  /private/tmp/gptk4-wine-source/include/windows.applicationmodel.datatransfer.dragdrop.core.idl /private/tmp/gptk4-runtime/include/wine/windows/windows.applicationmodel.datatransfer.dragdrop.core.idl
/private/tmp/gptk4-wine-source/tools/install-sh -m 644  include/windows.applicationmodel.datatransfer.dragdrop.core.h /private/tmp/gptk4-runtime/include/wine/windows/windows.applicationmodel.datatransfer.dragdrop.core.h
/private/tmp/gptk4-wine-source/tools/install-sh -m 644  /private/tmp/gptk4-wine-source/include/windows.applicationmodel.datatransfer.dragdrop.idl /private/tmp/gptk4-runtime/include/wine/windows/windows.applicationmodel.datatransfer.dragdrop.idl
/private/tmp/gptk4-wine-source/tools/install-sh -m 644  include/windows.applicationmodel.datatransfer.dragdrop.h /private/tmp/gptk4-runtime/include/wine/windows/windows.applicationmodel.datatransfer.dragdrop.h
/private/tmp/gptk4-wine-source/tools/install-sh -m 644  /private/tmp/gptk4-wine-source/include/windows.applicationmodel.datatransfer.idl /private/tmp/gptk4-runtime/include/wine/windows/windows.applicationmodel.datatransfer.idl
/private/tmp/gptk4-wine-source/tools/install-sh -m 644  include/windows.applicationmodel.datatransfer.h /private/tmp/gptk4-runtime/include/wine/windows/windows.applicationmodel.datatransfer.h
/private/tmp/gptk4-wine-source/tools/install-sh -m 644  /private/tmp/gptk4-wine-source/include/windows.applicationmodel.idl /private/tmp/gptk4-runtime/include/wine/windows/windows.applicationmodel.idl
/private/tmp/gptk4-wine-source/tools/install-sh -m 644  include/windows.applicationmodel.h /private/tmp/gptk4-runtime/include/wine/windows/windows.applicationmodel.h
/private/tmp/gptk4-wine-source/tools/install-sh -m 644  /private/tmp/gptk4-wine-source/include/windows.data.json.idl /private/tmp/gptk4-runtime/include/wine/windows/windows.data.json.idl
/private/tmp/gptk4-wine-source/tools/install-sh -m 644  include/windows.data.json.h /private/tmp/gptk4-runtime/include/wine/windows/windows.data.json.h
/private/tmp/gptk4-wine-source/tools/install-sh -m 644  /private/tmp/gptk4-wine-source/include/windows.data.xml.dom.idl /private/tmp/gptk4-runtime/include/wine/windows/windows.data.xml.dom.idl
/private/tmp/gptk4-wine-source/tools/install-sh -m 644  include/windows.data.xml.dom.h /private/tmp/gptk4-runtime/include/wine/windows/windows.data.xml.dom.h
/private/tmp/gptk4-wine-source/tools/install-sh -m 644  /private/tmp/gptk4-wine-source/include/windows.devices.bluetooth.idl /private/tmp/gptk4-runtime/include/wine/windows/windows.devices.bluetooth.idl
/private/tmp/gptk4-wine-source/tools/install-sh -m 644  include/windows.devices.bluetooth.h /private/tmp/gptk4-runtime/include/wine/windows/windows.devices.bluetooth.h
/private/tmp/gptk4-wine-source/tools/install-sh -m 644  /private/tmp/gptk4-wine-source/include/windows.devices.enumeration.idl /private/tmp/gptk4-runtime/include/wine/windows/windows.devices.enumeration.idl
/private/tmp/gptk4-wine-source/tools/install-sh -m 644  include/windows.devices.enumeration.h /private/tmp/gptk4-runtime/include/wine/windows/windows.devices.enumeration.h
/private/tmp/gptk4-wine-source/tools/install-sh -m 644  /private/tmp/gptk4-wine-source/include/windows.devices.geolocation.idl /private/tmp/gptk4-runtime/include/wine/windows/windows.devices.geolocation.idl
/private/tmp/gptk4-wine-source/tools/install-sh -m 644  include/windows.devices.geolocation.h /private/tmp/gptk4-runtime/include/wine/windows/windows.devices.geolocation.h
/private/tmp/gptk4-wine-source/tools/install-sh -m 644  /private/tmp/gptk4-wine-source/include/windows.devices.haptics.idl /private/tmp/gptk4-runtime/include/wine/windows/windows.devices.haptics.idl
/private/tmp/gptk4-wine-source/tools/install-sh -m 644  include/windows.devices.haptics.h /private/tmp/gptk4-runtime/include/wine/windows/windows.devices.haptics.h
/private/tmp/gptk4-wine-source/tools/install-sh -m 644  /private/tmp/gptk4-wine-source/include/windows.devices.input.idl /private/tmp/gptk4-runtime/include/wine/windows/windows.devices.input.idl
/private/tmp/gptk4-wine-source/tools/install-sh -m 644  include/windows.devices.input.h /private/tmp/gptk4-runtime/include/wine/windows/windows.devices.input.h
/private/tmp/gptk4-wine-source/tools/install-sh -m 644  /private/tmp/gptk4-wine-source/include/windows.devices.power.idl /private/tmp/gptk4-runtime/include/wine/windows/windows.devices.power.idl
/private/tmp/gptk4-wine-source/tools/install-sh -m 644  include/windows.devices.power.h /private/tmp/gptk4-runtime/include/wine/windows/windows.devices.power.h
/private/tmp/gptk4-wine-source/tools/install-sh -m 644  /private/tmp/gptk4-wine-source/include/windows.devices.radios.idl /private/tmp/gptk4-runtime/include/wine/windows/windows.devices.radios.idl
/private/tmp/gptk4-wine-source/tools/install-sh -m 644  include/windows.devices.radios.h /private/tmp/gptk4-runtime/include/wine/windows/windows.devices.radios.h
/private/tmp/gptk4-wine-source/tools/install-sh -m 644  /private/tmp/gptk4-wine-source/include/windows.devices.usb.idl /private/tmp/gptk4-runtime/include/wine/windows/windows.devices.usb.idl
/private/tmp/gptk4-wine-source/tools/install-sh -m 644  include/windows.devices.usb.h /private/tmp/gptk4-runtime/include/wine/windows/windows.devices.usb.h
/private/tmp/gptk4-wine-source/tools/install-sh -m 644  /private/tmp/gptk4-wine-source/include/windows.foundation.collections.idl /private/tmp/gptk4-runtime/include/wine/windows/windows.foundation.collections.idl
/private/tmp/gptk4-wine-source/tools/install-sh -m 644  include/windows.foundation.collections.h /private/tmp/gptk4-runtime/include/wine/windows/windows.foundation.collections.h
/private/tmp/gptk4-wine-source/tools/install-sh -m 644  /private/tmp/gptk4-wine-source/include/windows.foundation.idl /private/tmp/gptk4-runtime/include/wine/windows/windows.foundation.idl
/private/tmp/gptk4-wine-source/tools/install-sh -m 644  include/windows.foundation.h /private/tmp/gptk4-runtime/include/wine/windows/windows.foundation.h
/private/tmp/gptk4-wine-source/tools/install-sh -m 644  /private/tmp/gptk4-wine-source/include/windows.foundation.metadata.idl /private/tmp/gptk4-runtime/include/wine/windows/windows.foundation.metadata.idl
/private/tmp/gptk4-wine-source/tools/install-sh -m 644  include/windows.foundation.metadata.h /private/tmp/gptk4-runtime/include/wine/windows/windows.foundation.metadata.h
/private/tmp/gptk4-wine-source/tools/install-sh -m 644  /private/tmp/gptk4-wine-source/include/windows.foundation.numerics.idl /private/tmp/gptk4-runtime/include/wine/windows/windows.foundation.numerics.idl
/private/tmp/gptk4-wine-source/tools/install-sh -m 644  include/windows.foundation.numerics.h /private/tmp/gptk4-runtime/include/wine/windows/windows.foundation.numerics.h
/private/tmp/gptk4-wine-source/tools/install-sh -m 644  /private/tmp/gptk4-wine-source/include/windows.gaming.input.custom.idl /private/tmp/gptk4-runtime/include/wine/windows/windows.gaming.input.custom.idl
/private/tmp/gptk4-wine-source/tools/install-sh -m 644  include/windows.gaming.input.custom.h /private/tmp/gptk4-runtime/include/wine/windows/windows.gaming.input.custom.h
/private/tmp/gptk4-wine-source/tools/install-sh -m 644  /private/tmp/gptk4-wine-source/include/windows.gaming.input.forcefeedback.idl /private/tmp/gptk4-runtime/include/wine/windows/windows.gaming.input.forcefeedback.idl
/private/tmp/gptk4-wine-source/tools/install-sh -m 644  include/windows.gaming.input.forcefeedback.h /private/tmp/gptk4-runtime/include/wine/windows/windows.gaming.input.forcefeedback.h
/private/tmp/gptk4-wine-source/tools/install-sh -m 644  /private/tmp/gptk4-wine-source/include/windows.gaming.input.idl /private/tmp/gptk4-runtime/include/wine/windows/windows.gaming.input.idl
/private/tmp/gptk4-wine-source/tools/install-sh -m 644  include/windows.gaming.input.h /private/tmp/gptk4-runtime/include/wine/windows/windows.gaming.input.h
/private/tmp/gptk4-wine-source/tools/install-sh -m 644  /private/tmp/gptk4-wine-source/include/windows.gaming.ui.idl /private/tmp/gptk4-runtime/include/wine/windows/windows.gaming.ui.idl
/private/tmp/gptk4-wine-source/tools/install-sh -m 644  include/windows.gaming.ui.h /private/tmp/gptk4-runtime/include/wine/windows/windows.gaming.ui.h
/private/tmp/gptk4-wine-source/tools/install-sh -m 644  /private/tmp/gptk4-wine-source/include/windows.globalization.idl /private/tmp/gptk4-runtime/include/wine/windows/windows.globalization.idl
/private/tmp/gptk4-wine-source/tools/install-sh -m 644  include/windows.globalization.h /private/tmp/gptk4-runtime/include/wine/windows/windows.globalization.h
/private/tmp/gptk4-wine-source/tools/install-sh -m 644  /private/tmp/gptk4-wine-source/include/windows.graphics.capture.idl /private/tmp/gptk4-runtime/include/wine/windows/windows.graphics.capture.idl
/private/tmp/gptk4-wine-source/tools/install-sh -m 644  include/windows.graphics.capture.h /private/tmp/gptk4-runtime/include/wine/windows/windows.graphics.capture.h
/private/tmp/gptk4-wine-source/tools/install-sh -m 644  /private/tmp/gptk4-wine-source/include/windows.graphics.capture.interop.idl /private/tmp/gptk4-runtime/include/wine/windows/windows.graphics.capture.interop.idl
/private/tmp/gptk4-wine-source/tools/install-sh -m 644  include/windows.graphics.capture.interop.h /private/tmp/gptk4-runtime/include/wine/windows/windows.graphics.capture.interop.h
/private/tmp/gptk4-wine-source/tools/install-sh -m 644  /private/tmp/gptk4-wine-source/include/windows.graphics.directx.direct3d11.idl /private/tmp/gptk4-runtime/include/wine/windows/windows.graphics.directx.direct3d11.idl
/private/tmp/gptk4-wine-source/tools/install-sh -m 644  include/windows.graphics.directx.direct3d11.h /private/tmp/gptk4-runtime/include/wine/windows/windows.graphics.directx.direct3d11.h
/private/tmp/gptk4-wine-source/tools/install-sh -m 644  /private/tmp/gptk4-wine-source/include/windows.graphics.directx.idl /private/tmp/gptk4-runtime/include/wine/windows/windows.graphics.directx.idl
/private/tmp/gptk4-wine-source/tools/install-sh -m 644  include/windows.graphics.directx.h /private/tmp/gptk4-runtime/include/wine/windows/windows.graphics.directx.h
/private/tmp/gptk4-wine-source/tools/install-sh -m 644  /private/tmp/gptk4-wine-source/include/windows.graphics.effects.idl /private/tmp/gptk4-runtime/include/wine/windows/windows.graphics.effects.idl
/private/tmp/gptk4-wine-source/tools/install-sh -m 644  include/windows.graphics.effects.h /private/tmp/gptk4-runtime/include/wine/windows/windows.graphics.effects.h
/private/tmp/gptk4-wine-source/tools/install-sh -m 644  /private/tmp/gptk4-wine-source/include/windows.graphics.holographic.idl /private/tmp/gptk4-runtime/include/wine/windows/windows.graphics.holographic.idl
/private/tmp/gptk4-wine-source/tools/install-sh -m 644  include/windows.graphics.holographic.h /private/tmp/gptk4-runtime/include/wine/windows/windows.graphics.holographic.h
/private/tmp/gptk4-wine-source/tools/install-sh -m 644  /private/tmp/gptk4-wine-source/include/windows.graphics.idl /private/tmp/gptk4-runtime/include/wine/windows/windows.graphics.idl
/private/tmp/gptk4-wine-source/tools/install-sh -m 644  include/windows.graphics.h /private/tmp/gptk4-runtime/include/wine/windows/windows.graphics.h
/private/tmp/gptk4-wine-source/tools/install-sh -m 644  /private/tmp/gptk4-wine-source/include/windows.graphics.imaging.idl /private/tmp/gptk4-runtime/include/wine/windows/windows.graphics.imaging.idl
/private/tmp/gptk4-wine-source/tools/install-sh -m 644  include/windows.graphics.imaging.h /private/tmp/gptk4-runtime/include/wine/windows/windows.graphics.imaging.h
/private/tmp/gptk4-wine-source/tools/install-sh -m 644  /private/tmp/gptk4-wine-source/include/windows.h /private/tmp/gptk4-runtime/include/wine/windows/windows.h
/private/tmp/gptk4-wine-source/tools/install-sh -m 644  /private/tmp/gptk4-wine-source/include/windows.management.deployment.idl /private/tmp/gptk4-runtime/include/wine/windows/windows.management.deployment.idl
/private/tmp/gptk4-wine-source/tools/install-sh -m 644  include/windows.management.deployment.h /private/tmp/gptk4-runtime/include/wine/windows/windows.management.deployment.h
/private/tmp/gptk4-wine-source/tools/install-sh -m 644  /private/tmp/gptk4-wine-source/include/windows.media.capture.idl /private/tmp/gptk4-runtime/include/wine/windows/windows.media.capture.idl
/private/tmp/gptk4-wine-source/tools/install-sh -m 644  include/windows.media.capture.h /private/tmp/gptk4-runtime/include/wine/windows/windows.media.capture.h
/private/tmp/gptk4-wine-source/tools/install-sh -m 644  /private/tmp/gptk4-wine-source/include/windows.media.closedcaptioning.idl /private/tmp/gptk4-runtime/include/wine/windows/windows.media.closedcaptioning.idl
/private/tmp/gptk4-wine-source/tools/install-sh -m 644  include/windows.media.closedcaptioning.h /private/tmp/gptk4-runtime/include/wine/windows/windows.media.closedcaptioning.h
/private/tmp/gptk4-wine-source/tools/install-sh -m 644  /private/tmp/gptk4-wine-source/include/windows.media.devices.idl /private/tmp/gptk4-runtime/include/wine/windows/windows.media.devices.idl
/private/tmp/gptk4-wine-source/tools/install-sh -m 644  include/windows.media.devices.h /private/tmp/gptk4-runtime/include/wine/windows/windows.media.devices.h
/private/tmp/gptk4-wine-source/tools/install-sh -m 644  /private/tmp/gptk4-wine-source/include/windows.media.effects.idl /private/tmp/gptk4-runtime/include/wine/windows/windows.media.effects.idl
/private/tmp/gptk4-wine-source/tools/install-sh -m 644  include/windows.media.effects.h /private/tmp/gptk4-runtime/include/wine/windows/windows.media.effects.h
/private/tmp/gptk4-wine-source/tools/install-sh -m 644  /private/tmp/gptk4-wine-source/include/windows.media.faceanalysis.idl /private/tmp/gptk4-runtime/include/wine/windows/windows.media.faceanalysis.idl
/private/tmp/gptk4-wine-source/tools/install-sh -m 644  include/windows.media.faceanalysis.h /private/tmp/gptk4-runtime/include/wine/windows/windows.media.faceanalysis.h
/private/tmp/gptk4-wine-source/tools/install-sh -m 644  /private/tmp/gptk4-wine-source/include/windows.media.idl /private/tmp/gptk4-runtime/include/wine/windows/windows.media.idl
/private/tmp/gptk4-wine-source/tools/install-sh -m 644  include/windows.media.h /private/tmp/gptk4-runtime/include/wine/windows/windows.media.h
/private/tmp/gptk4-wine-source/tools/install-sh -m 644  /private/tmp/gptk4-wine-source/include/windows.media.render.idl /private/tmp/gptk4-runtime/include/wine/windows/windows.media.render.idl
/private/tmp/gptk4-wine-source/tools/install-sh -m 644  include/windows.media.render.h /private/tmp/gptk4-runtime/include/wine/windows/windows.media.render.h
/private/tmp/gptk4-wine-source/tools/install-sh -m 644  /private/tmp/gptk4-wine-source/include/windows.media.speechrecognition.idl /private/tmp/gptk4-runtime/include/wine/windows/windows.media.speechrecognition.idl
/private/tmp/gptk4-wine-source/tools/install-sh -m 644  include/windows.media.speechrecognition.h /private/tmp/gptk4-runtime/include/wine/windows/windows.media.speechrecognition.h
/private/tmp/gptk4-wine-source/tools/install-sh -m 644  /private/tmp/gptk4-wine-source/include/windows.media.speechsynthesis.idl /private/tmp/gptk4-runtime/include/wine/windows/windows.media.speechsynthesis.idl
/private/tmp/gptk4-wine-source/tools/install-sh -m 644  include/windows.media.speechsynthesis.h /private/tmp/gptk4-runtime/include/wine/windows/windows.media.speechsynthesis.h
/private/tmp/gptk4-wine-source/tools/install-sh -m 644  /private/tmp/gptk4-wine-source/include/windows.networking.connectivity.idl /private/tmp/gptk4-runtime/include/wine/windows/windows.networking.connectivity.idl
/private/tmp/gptk4-wine-source/tools/install-sh -m 644  include/windows.networking.connectivity.h /private/tmp/gptk4-runtime/include/wine/windows/windows.networking.connectivity.h
/private/tmp/gptk4-wine-source/tools/install-sh -m 644  /private/tmp/gptk4-wine-source/include/windows.networking.idl /private/tmp/gptk4-runtime/include/wine/windows/windows.networking.idl
/private/tmp/gptk4-wine-source/tools/install-sh -m 644  include/windows.networking.h /private/tmp/gptk4-runtime/include/wine/windows/windows.networking.h
/private/tmp/gptk4-wine-source/tools/install-sh -m 644  /private/tmp/gptk4-wine-source/include/windows.perception.spatial.idl /private/tmp/gptk4-runtime/include/wine/windows/windows.perception.spatial.idl
/private/tmp/gptk4-wine-source/tools/install-sh -m 644  include/windows.perception.spatial.h /private/tmp/gptk4-runtime/include/wine/windows/windows.perception.spatial.h
/private/tmp/gptk4-wine-source/tools/install-sh -m 644  /private/tmp/gptk4-wine-source/include/windows.perception.spatial.surfaces.idl /private/tmp/gptk4-runtime/include/wine/windows/windows.perception.spatial.surfaces.idl
/private/tmp/gptk4-wine-source/tools/install-sh -m 644  include/windows.perception.spatial.surfaces.h /private/tmp/gptk4-runtime/include/wine/windows/windows.perception.spatial.surfaces.h
/private/tmp/gptk4-wine-source/tools/install-sh -m 644  /private/tmp/gptk4-wine-source/include/windows.security.authentication.onlineid.idl /private/tmp/gptk4-runtime/include/wine/windows/windows.security.authentication.onlineid.idl
/private/tmp/gptk4-wine-source/tools/install-sh -m 644  include/windows.security.authentication.onlineid.h /private/tmp/gptk4-runtime/include/wine/windows/windows.security.authentication.onlineid.h
/private/tmp/gptk4-wine-source/tools/install-sh -m 644  /private/tmp/gptk4-wine-source/include/windows.security.authorization.appcapabilityaccess.idl /private/tmp/gptk4-runtime/include/wine/windows/windows.security.authorization.appcapabilityaccess.idl
/private/tmp/gptk4-wine-source/tools/install-sh -m 644  include/windows.security.authorization.appcapabilityaccess.h /private/tmp/gptk4-runtime/include/wine/windows/windows.security.authorization.appcapabilityaccess.h
/private/tmp/gptk4-wine-source/tools/install-sh -m 644  /private/tmp/gptk4-wine-source/include/windows.security.credentials.idl /private/tmp/gptk4-runtime/include/wine/windows/windows.security.credentials.idl
/private/tmp/gptk4-wine-source/tools/install-sh -m 644  include/windows.security.credentials.h /private/tmp/gptk4-runtime/include/wine/windows/windows.security.credentials.h
/private/tmp/gptk4-wine-source/tools/install-sh -m 644  /private/tmp/gptk4-wine-source/include/windows.security.credentials.ui.idl /private/tmp/gptk4-runtime/include/wine/windows/windows.security.credentials.ui.idl
/private/tmp/gptk4-wine-source/tools/install-sh -m 644  include/windows.security.credentials.ui.h /private/tmp/gptk4-runtime/include/wine/windows/windows.security.credentials.ui.h
/private/tmp/gptk4-wine-source/tools/install-sh -m 644  /private/tmp/gptk4-wine-source/include/windows.security.cryptography.idl /private/tmp/gptk4-runtime/include/wine/windows/windows.security.cryptography.idl
/private/tmp/gptk4-wine-source/tools/install-sh -m 644  include/windows.security.cryptography.h /private/tmp/gptk4-runtime/include/wine/windows/windows.security.cryptography.h
/private/tmp/gptk4-wine-source/tools/install-sh -m 644  /private/tmp/gptk4-wine-source/include/windows.security.enterprisedata.idl /private/tmp/gptk4-runtime/include/wine/windows/windows.security.enterprisedata.idl
/private/tmp/gptk4-wine-source/tools/install-sh -m 644  include/windows.security.enterprisedata.h /private/tmp/gptk4-runtime/include/wine/windows/windows.security.enterprisedata.h
/private/tmp/gptk4-wine-source/tools/install-sh -m 644  /private/tmp/gptk4-wine-source/include/windows.security.exchangeactivesyncprovisioning.idl /private/tmp/gptk4-runtime/include/wine/windows/windows.security.exchangeactivesyncprovisioning.idl
/private/tmp/gptk4-wine-source/tools/install-sh -m 644  include/windows.security.exchangeactivesyncprovisioning.h /private/tmp/gptk4-runtime/include/wine/windows/windows.security.exchangeactivesyncprovisioning.h
/private/tmp/gptk4-wine-source/tools/install-sh -m 644  /private/tmp/gptk4-wine-source/include/windows.security.isolation.idl /private/tmp/gptk4-runtime/include/wine/windows/windows.security.isolation.idl
/private/tmp/gptk4-wine-source/tools/install-sh -m 644  include/windows.security.isolation.h /private/tmp/gptk4-runtime/include/wine/windows/windows.security.isolation.h
/private/tmp/gptk4-wine-source/tools/install-sh -m 644  /private/tmp/gptk4-wine-source/include/windows.storage.fileproperties.idl /private/tmp/gptk4-runtime/include/wine/windows/windows.storage.fileproperties.idl
/private/tmp/gptk4-wine-source/tools/install-sh -m 644  include/windows.storage.fileproperties.h /private/tmp/gptk4-runtime/include/wine/windows/windows.storage.fileproperties.h
/private/tmp/gptk4-wine-source/tools/install-sh -m 644  /private/tmp/gptk4-wine-source/include/windows.storage.idl /private/tmp/gptk4-runtime/include/wine/windows/windows.storage.idl
/private/tmp/gptk4-wine-source/tools/install-sh -m 644  include/windows.storage.h /private/tmp/gptk4-runtime/include/wine/windows/windows.storage.h
/private/tmp/gptk4-wine-source/tools/install-sh -m 644  /private/tmp/gptk4-wine-source/include/windows.storage.search.idl /private/tmp/gptk4-runtime/include/wine/windows/windows.storage.search.idl
/private/tmp/gptk4-wine-source/tools/install-sh -m 644  include/windows.storage.search.h /private/tmp/gptk4-runtime/include/wine/windows/windows.storage.search.h
/private/tmp/gptk4-wine-source/tools/install-sh -m 644  /private/tmp/gptk4-wine-source/include/windows.storage.streams.idl /private/tmp/gptk4-runtime/include/wine/windows/windows.storage.streams.idl
/private/tmp/gptk4-wine-source/tools/install-sh -m 644  include/windows.storage.streams.h /private/tmp/gptk4-runtime/include/wine/windows/windows.storage.streams.h
/private/tmp/gptk4-wine-source/tools/install-sh -m 644  /private/tmp/gptk4-wine-source/include/windows.system.idl /private/tmp/gptk4-runtime/include/wine/windows/windows.system.idl
/private/tmp/gptk4-wine-source/tools/install-sh -m 644  include/windows.system.h /private/tmp/gptk4-runtime/include/wine/windows/windows.system.h
/private/tmp/gptk4-wine-source/tools/install-sh -m 644  /private/tmp/gptk4-wine-source/include/windows.system.power.idl /private/tmp/gptk4-runtime/include/wine/windows/windows.system.power.idl
/private/tmp/gptk4-wine-source/tools/install-sh -m 644  include/windows.system.power.h /private/tmp/gptk4-runtime/include/wine/windows/windows.system.power.h
/private/tmp/gptk4-wine-source/tools/install-sh -m 644  /private/tmp/gptk4-wine-source/include/windows.system.profile.idl /private/tmp/gptk4-runtime/include/wine/windows/windows.system.profile.idl
/private/tmp/gptk4-wine-source/tools/install-sh -m 644  include/windows.system.profile.h /private/tmp/gptk4-runtime/include/wine/windows/windows.system.profile.h
/private/tmp/gptk4-wine-source/tools/install-sh -m 644  /private/tmp/gptk4-wine-source/include/windows.system.profile.systemmanufacturers.idl /private/tmp/gptk4-runtime/include/wine/windows/windows.system.profile.systemmanufacturers.idl
/private/tmp/gptk4-wine-source/tools/install-sh -m 644  include/windows.system.profile.systemmanufacturers.h /private/tmp/gptk4-runtime/include/wine/windows/windows.system.profile.systemmanufacturers.h
/private/tmp/gptk4-wine-source/tools/install-sh -m 644  /private/tmp/gptk4-wine-source/include/windows.system.threading.idl /private/tmp/gptk4-runtime/include/wine/windows/windows.system.threading.idl
/private/tmp/gptk4-wine-source/tools/install-sh -m 644  include/windows.system.threading.h /private/tmp/gptk4-runtime/include/wine/windows/windows.system.threading.h
/private/tmp/gptk4-wine-source/tools/install-sh -m 644  /private/tmp/gptk4-wine-source/include/windows.system.userprofile.idl /private/tmp/gptk4-runtime/include/wine/windows/windows.system.userprofile.idl
/private/tmp/gptk4-wine-source/tools/install-sh -m 644  include/windows.system.userprofile.h /private/tmp/gptk4-runtime/include/wine/windows/windows.system.userprofile.h
/private/tmp/gptk4-wine-source/tools/install-sh -m 644  /private/tmp/gptk4-wine-source/include/windows.ui.composition.idl /private/tmp/gptk4-runtime/include/wine/windows/windows.ui.composition.idl
/private/tmp/gptk4-wine-source/tools/install-sh -m 644  include/windows.ui.composition.h /private/tmp/gptk4-runtime/include/wine/windows/windows.ui.composition.h
/private/tmp/gptk4-wine-source/tools/install-sh -m 644  /private/tmp/gptk4-wine-source/include/windows.ui.composition.interop.idl /private/tmp/gptk4-runtime/include/wine/windows/windows.ui.composition.interop.idl
/private/tmp/gptk4-wine-source/tools/install-sh -m 644  include/windows.ui.composition.interop.h /private/tmp/gptk4-runtime/include/wine/windows/windows.ui.composition.interop.h
/private/tmp/gptk4-wine-source/tools/install-sh -m 644  /private/tmp/gptk4-wine-source/include/windows.ui.core.idl /private/tmp/gptk4-runtime/include/wine/windows/windows.ui.core.idl
/private/tmp/gptk4-wine-source/tools/install-sh -m 644  include/windows.ui.core.h /private/tmp/gptk4-runtime/include/wine/windows/windows.ui.core.h
/private/tmp/gptk4-wine-source/tools/install-sh -m 644  /private/tmp/gptk4-wine-source/include/windows.ui.idl /private/tmp/gptk4-runtime/include/wine/windows/windows.ui.idl
/private/tmp/gptk4-wine-source/tools/install-sh -m 644  include/windows.ui.h /private/tmp/gptk4-runtime/include/wine/windows/windows.ui.h
/private/tmp/gptk4-wine-source/tools/install-sh -m 644  /private/tmp/gptk4-wine-source/include/windows.ui.input.idl /private/tmp/gptk4-runtime/include/wine/windows/windows.ui.input.idl
/private/tmp/gptk4-wine-source/tools/install-sh -m 644  include/windows.ui.input.h /private/tmp/gptk4-runtime/include/wine/windows/windows.ui.input.h
/private/tmp/gptk4-wine-source/tools/install-sh -m 644  /private/tmp/gptk4-wine-source/include/windows.ui.notifications.idl /private/tmp/gptk4-runtime/include/wine/windows/windows.ui.notifications.idl
/private/tmp/gptk4-wine-source/tools/install-sh -m 644  include/windows.ui.notifications.h /private/tmp/gptk4-runtime/include/wine/windows/windows.ui.notifications.h
/private/tmp/gptk4-wine-source/tools/install-sh -m 644  /private/tmp/gptk4-wine-source/include/windows.ui.viewmanagement.idl /private/tmp/gptk4-runtime/include/wine/windows/windows.ui.viewmanagement.idl
/private/tmp/gptk4-wine-source/tools/install-sh -m 644  include/windows.ui.viewmanagement.h /private/tmp/gptk4-runtime/include/wine/windows/windows.ui.viewmanagement.h
/private/tmp/gptk4-wine-source/tools/install-sh -m 644  /private/tmp/gptk4-wine-source/include/windows.ui.xaml.hosting.desktopwindowxamlsource.idl /private/tmp/gptk4-runtime/include/wine/windows/windows.ui.xaml.hosting.desktopwindowxamlsource.idl
/private/tmp/gptk4-wine-source/tools/install-sh -m 644  include/windows.ui.xaml.hosting.desktopwindowxamlsource.h /private/tmp/gptk4-runtime/include/wine/windows/windows.ui.xaml.hosting.desktopwindowxamlsource.h
/private/tmp/gptk4-wine-source/tools/install-sh -m 644  /private/tmp/gptk4-wine-source/include/windows.ui.xaml.idl /private/tmp/gptk4-runtime/include/wine/windows/windows.ui.xaml.idl
/private/tmp/gptk4-wine-source/tools/install-sh -m 644  include/windows.ui.xaml.h /private/tmp/gptk4-runtime/include/wine/windows/windows.ui.xaml.h
/private/tmp/gptk4-wine-source/tools/install-sh -m 644  /private/tmp/gptk4-wine-source/include/windows.ui.xaml.interop.idl /private/tmp/gptk4-runtime/include/wine/windows/windows.ui.xaml.interop.idl
/private/tmp/gptk4-wine-source/tools/install-sh -m 644  include/windows.ui.xaml.interop.h /private/tmp/gptk4-runtime/include/wine/windows/windows.ui.xaml.interop.h
/private/tmp/gptk4-wine-source/tools/install-sh -m 644  /private/tmp/gptk4-wine-source/include/windowscontracts.idl /private/tmp/gptk4-runtime/include/wine/windows/windowscontracts.idl
/private/tmp/gptk4-wine-source/tools/install-sh -m 644  include/windowscontracts.h /private/tmp/gptk4-runtime/include/wine/windows/windowscontracts.h
/private/tmp/gptk4-wine-source/tools/install-sh -m 644  /private/tmp/gptk4-wine-source/include/windowsx.h /private/tmp/gptk4-runtime/include/wine/windows/windowsx.h
/private/tmp/gptk4-wine-source/tools/install-sh -m 644  /private/tmp/gptk4-wine-source/include/wine/debug.h /private/tmp/gptk4-runtime/include/wine/debug.h
/private/tmp/gptk4-wine-source/tools/install-sh -m 644  /private/tmp/gptk4-wine-source/include/wine/exception.h /private/tmp/gptk4-runtime/include/wine/exception.h
/private/tmp/gptk4-wine-source/tools/install-sh -m 644  /private/tmp/gptk4-wine-source/include/wine/iaccessible2.idl /private/tmp/gptk4-runtime/include/wine/iaccessible2.idl
/private/tmp/gptk4-wine-source/tools/install-sh -m 644  include/wine/iaccessible2.h /private/tmp/gptk4-runtime/include/wine/iaccessible2.h
/private/tmp/gptk4-wine-source/tools/install-sh -m 644  /private/tmp/gptk4-wine-source/include/wine/itss.idl /private/tmp/gptk4-runtime/include/wine/itss.idl
/private/tmp/gptk4-wine-source/tools/install-sh -m 644  include/wine/itss.h /private/tmp/gptk4-runtime/include/wine/itss.h
/private/tmp/gptk4-wine-source/tools/install-sh -m 644  /private/tmp/gptk4-wine-source/include/wine/mfinternal.idl /private/tmp/gptk4-runtime/include/wine/mfinternal.idl
/private/tmp/gptk4-wine-source/tools/install-sh -m 644  include/wine/mfinternal.h /private/tmp/gptk4-runtime/include/wine/mfinternal.h
/private/tmp/gptk4-wine-source/tools/install-sh -m 644  /private/tmp/gptk4-wine-source/include/wine/svcctl.idl /private/tmp/gptk4-runtime/include/wine/svcctl.idl
/private/tmp/gptk4-wine-source/tools/install-sh -m 644  include/wine/svcctl.h /private/tmp/gptk4-runtime/include/wine/svcctl.h
/private/tmp/gptk4-wine-source/tools/install-sh -m 644  /private/tmp/gptk4-wine-source/include/winerror.h /private/tmp/gptk4-runtime/include/wine/windows/winerror.h
/private/tmp/gptk4-wine-source/tools/install-sh -m 644  /private/tmp/gptk4-wine-source/include/winevt.h /private/tmp/gptk4-runtime/include/wine/windows/winevt.h
/private/tmp/gptk4-wine-source/tools/install-sh -m 644  /private/tmp/gptk4-wine-source/include/wingdi.h /private/tmp/gptk4-runtime/include/wine/windows/wingdi.h
/private/tmp/gptk4-wine-source/tools/install-sh -m 644  /private/tmp/gptk4-wine-source/include/winhttp.h /private/tmp/gptk4-runtime/include/wine/windows/winhttp.h
/private/tmp/gptk4-wine-source/tools/install-sh -m 644  /private/tmp/gptk4-wine-source/include/wininet.h /private/tmp/gptk4-runtime/include/wine/windows/wininet.h
/private/tmp/gptk4-wine-source/tools/install-sh -m 644  /private/tmp/gptk4-wine-source/include/winineti.h /private/tmp/gptk4-runtime/include/wine/windows/winineti.h
/private/tmp/gptk4-wine-source/tools/install-sh -m 644  /private/tmp/gptk4-wine-source/include/winioctl.h /private/tmp/gptk4-runtime/include/wine/windows/winioctl.h
/private/tmp/gptk4-wine-source/tools/install-sh -m 644  /private/tmp/gptk4-wine-source/include/winldap.h /private/tmp/gptk4-runtime/include/wine/windows/winldap.h
/private/tmp/gptk4-wine-source/tools/install-sh -m 644  /private/tmp/gptk4-wine-source/include/winnetwk.h /private/tmp/gptk4-runtime/include/wine/windows/winnetwk.h
/private/tmp/gptk4-wine-source/tools/install-sh -m 644  /private/tmp/gptk4-wine-source/include/winnls.h /private/tmp/gptk4-runtime/include/wine/windows/winnls.h
/private/tmp/gptk4-wine-source/tools/install-sh -m 644  /private/tmp/gptk4-wine-source/include/winnls32.h /private/tmp/gptk4-runtime/include/wine/windows/winnls32.h
/private/tmp/gptk4-wine-source/tools/install-sh -m 644  /private/tmp/gptk4-wine-source/include/winnt.h /private/tmp/gptk4-runtime/include/wine/windows/winnt.h
/private/tmp/gptk4-wine-source/tools/install-sh -m 644  /private/tmp/gptk4-wine-source/include/winnt.rh /private/tmp/gptk4-runtime/include/wine/windows/winnt.rh
/private/tmp/gptk4-wine-source/tools/install-sh -m 644  /private/tmp/gptk4-wine-source/include/winperf.h /private/tmp/gptk4-runtime/include/wine/windows/winperf.h
/private/tmp/gptk4-wine-source/tools/install-sh -m 644  /private/tmp/gptk4-wine-source/include/winppi.h /private/tmp/gptk4-runtime/include/wine/windows/winppi.h
/private/tmp/gptk4-wine-source/tools/install-sh -m 644  /private/tmp/gptk4-wine-source/include/winreg.h /private/tmp/gptk4-runtime/include/wine/windows/winreg.h
/private/tmp/gptk4-wine-source/tools/install-sh -m 644  /private/tmp/gptk4-wine-source/include/winresrc.h /private/tmp/gptk4-runtime/include/wine/windows/winresrc.h
/private/tmp/gptk4-wine-source/tools/install-sh -m 644  /private/tmp/gptk4-wine-source/include/winsafer.h /private/tmp/gptk4-runtime/include/wine/windows/winsafer.h
/private/tmp/gptk4-wine-source/tools/install-sh -m 644  /private/tmp/gptk4-wine-source/include/winscard.h /private/tmp/gptk4-runtime/include/wine/windows/winscard.h
/private/tmp/gptk4-wine-source/tools/install-sh -m 644  /private/tmp/gptk4-wine-source/include/winsmcrd.h /private/tmp/gptk4-runtime/include/wine/windows/winsmcrd.h
/private/tmp/gptk4-wine-source/tools/install-sh -m 644  /private/tmp/gptk4-wine-source/include/winsnmp.h /private/tmp/gptk4-runtime/include/wine/windows/winsnmp.h
/private/tmp/gptk4-wine-source/tools/install-sh -m 644  /private/tmp/gptk4-wine-source/include/winsock.h /private/tmp/gptk4-runtime/include/wine/windows/winsock.h
/private/tmp/gptk4-wine-source/tools/install-sh -m 644  /private/tmp/gptk4-wine-source/include/winsock2.h /private/tmp/gptk4-runtime/include/wine/windows/winsock2.h
/private/tmp/gptk4-wine-source/tools/install-sh -m 644  /private/tmp/gptk4-wine-source/include/winspool.h /private/tmp/gptk4-runtime/include/wine/windows/winspool.h
/private/tmp/gptk4-wine-source/tools/install-sh -m 644  /private/tmp/gptk4-wine-source/include/winstring.h /private/tmp/gptk4-runtime/include/wine/windows/winstring.h
/private/tmp/gptk4-wine-source/tools/install-sh -m 644  /private/tmp/gptk4-wine-source/include/winsvc.h /private/tmp/gptk4-runtime/include/wine/windows/winsvc.h
/private/tmp/gptk4-wine-source/tools/install-sh -m 644  /private/tmp/gptk4-wine-source/include/winsxs.idl /private/tmp/gptk4-runtime/include/wine/windows/winsxs.idl
/private/tmp/gptk4-wine-source/tools/install-sh -m 644  include/winsxs.h /private/tmp/gptk4-runtime/include/wine/windows/winsxs.h
/private/tmp/gptk4-wine-source/tools/install-sh -m 644  /private/tmp/gptk4-wine-source/include/wintab.h /private/tmp/gptk4-runtime/include/wine/windows/wintab.h
/private/tmp/gptk4-wine-source/tools/install-sh -m 644  /private/tmp/gptk4-wine-source/include/wintabx.h /private/tmp/gptk4-runtime/include/wine/windows/wintabx.h
/private/tmp/gptk4-wine-source/tools/install-sh -m 644  /private/tmp/gptk4-wine-source/include/winternl.h /private/tmp/gptk4-runtime/include/wine/windows/winternl.h
/private/tmp/gptk4-wine-source/tools/install-sh -m 644  /private/tmp/gptk4-wine-source/include/wintrust.h /private/tmp/gptk4-runtime/include/wine/windows/wintrust.h
/private/tmp/gptk4-wine-source/tools/install-sh -m 644  /private/tmp/gptk4-wine-source/include/winusb.h /private/tmp/gptk4-runtime/include/wine/windows/winusb.h
/private/tmp/gptk4-wine-source/tools/install-sh -m 644  /private/tmp/gptk4-wine-source/include/winuser.h /private/tmp/gptk4-runtime/include/wine/windows/winuser.h
/private/tmp/gptk4-wine-source/tools/install-sh -m 644  /private/tmp/gptk4-wine-source/include/winuser.rh /private/tmp/gptk4-runtime/include/wine/windows/winuser.rh
/private/tmp/gptk4-wine-source/tools/install-sh -m 644  /private/tmp/gptk4-wine-source/include/winver.h /private/tmp/gptk4-runtime/include/wine/windows/winver.h
/private/tmp/gptk4-wine-source/tools/install-sh -m 644  /private/tmp/gptk4-wine-source/include/wlanapi.h /private/tmp/gptk4-runtime/include/wine/windows/wlanapi.h
/private/tmp/gptk4-wine-source/tools/install-sh -m 644  /private/tmp/gptk4-wine-source/include/wldp.h /private/tmp/gptk4-runtime/include/wine/windows/wldp.h
/private/tmp/gptk4-wine-source/tools/install-sh -m 644  /private/tmp/gptk4-wine-source/include/wmcodecdsp.idl /private/tmp/gptk4-runtime/include/wine/windows/wmcodecdsp.idl
/private/tmp/gptk4-wine-source/tools/install-sh -m 644  include/wmcodecdsp.h /private/tmp/gptk4-runtime/include/wine/windows/wmcodecdsp.h
/private/tmp/gptk4-wine-source/tools/install-sh -m 644  /private/tmp/gptk4-wine-source/include/wmdrmsdk.idl /private/tmp/gptk4-runtime/include/wine/windows/wmdrmsdk.idl
/private/tmp/gptk4-wine-source/tools/install-sh -m 644  include/wmdrmsdk.h /private/tmp/gptk4-runtime/include/wine/windows/wmdrmsdk.h
/private/tmp/gptk4-wine-source/tools/install-sh -m 644  /private/tmp/gptk4-wine-source/include/wmistr.h /private/tmp/gptk4-runtime/include/wine/windows/wmistr.h
/private/tmp/gptk4-wine-source/tools/install-sh -m 644  /private/tmp/gptk4-wine-source/include/wmium.h /private/tmp/gptk4-runtime/include/wine/windows/wmium.h
/private/tmp/gptk4-wine-source/tools/install-sh -m 644  /private/tmp/gptk4-wine-source/include/wmiutils.idl /private/tmp/gptk4-runtime/include/wine/windows/wmiutils.idl
/private/tmp/gptk4-wine-source/tools/install-sh -m 644  include/wmiutils.h /private/tmp/gptk4-runtime/include/wine/windows/wmiutils.h
/private/tmp/gptk4-wine-source/tools/install-sh -m 644  /private/tmp/gptk4-wine-source/include/wmp.idl /private/tmp/gptk4-runtime/include/wine/windows/wmp.idl
/private/tmp/gptk4-wine-source/tools/install-sh -m 644  include/wmp.h /private/tmp/gptk4-runtime/include/wine/windows/wmp.h
/private/tmp/gptk4-wine-source/tools/install-sh -m 644  /private/tmp/gptk4-wine-source/include/wmpids.h /private/tmp/gptk4-runtime/include/wine/windows/wmpids.h
/private/tmp/gptk4-wine-source/tools/install-sh -m 644  /private/tmp/gptk4-wine-source/include/wmprealestate.idl /private/tmp/gptk4-runtime/include/wine/windows/wmprealestate.idl
/private/tmp/gptk4-wine-source/tools/install-sh -m 644  include/wmprealestate.h /private/tmp/gptk4-runtime/include/wine/windows/wmprealestate.h
/private/tmp/gptk4-wine-source/tools/install-sh -m 644  /private/tmp/gptk4-wine-source/include/wmpservices.idl /private/tmp/gptk4-runtime/include/wine/windows/wmpservices.idl
/private/tmp/gptk4-wine-source/tools/install-sh -m 644  include/wmpservices.h /private/tmp/gptk4-runtime/include/wine/windows/wmpservices.h
/private/tmp/gptk4-wine-source/tools/install-sh -m 644  /private/tmp/gptk4-wine-source/include/wmsbuffer.idl /private/tmp/gptk4-runtime/include/wine/windows/wmsbuffer.idl
/private/tmp/gptk4-wine-source/tools/install-sh -m 644  include/wmsbuffer.h /private/tmp/gptk4-runtime/include/wine/windows/wmsbuffer.h
/private/tmp/gptk4-wine-source/tools/install-sh -m 644  /private/tmp/gptk4-wine-source/include/wmsdk.h /private/tmp/gptk4-runtime/include/wine/windows/wmsdk.h
/private/tmp/gptk4-wine-source/tools/install-sh -m 644  /private/tmp/gptk4-wine-source/include/wmsdkidl.idl /private/tmp/gptk4-runtime/include/wine/windows/wmsdkidl.idl
/private/tmp/gptk4-wine-source/tools/install-sh -m 644  include/wmsdkidl.h /private/tmp/gptk4-runtime/include/wine/windows/wmsdkidl.h
/private/tmp/gptk4-wine-source/tools/install-sh -m 644  /private/tmp/gptk4-wine-source/include/wmsecure.idl /private/tmp/gptk4-runtime/include/wine/windows/wmsecure.idl
/private/tmp/gptk4-wine-source/tools/install-sh -m 644  include/wmsecure.h /private/tmp/gptk4-runtime/include/wine/windows/wmsecure.h
/private/tmp/gptk4-wine-source/tools/install-sh -m 644  /private/tmp/gptk4-wine-source/include/wnaspi32.h /private/tmp/gptk4-runtime/include/wine/windows/wnaspi32.h
/private/tmp/gptk4-wine-source/tools/install-sh -m 644  /private/tmp/gptk4-wine-source/include/wofapi.h /private/tmp/gptk4-runtime/include/wine/windows/wofapi.h
/private/tmp/gptk4-wine-source/tools/install-sh -m 644  /private/tmp/gptk4-wine-source/include/wownt16.h /private/tmp/gptk4-runtime/include/wine/windows/wownt16.h
/private/tmp/gptk4-wine-source/tools/install-sh -m 644  /private/tmp/gptk4-wine-source/include/wownt32.h /private/tmp/gptk4-runtime/include/wine/windows/wownt32.h
/private/tmp/gptk4-wine-source/tools/install-sh -m 644  /private/tmp/gptk4-wine-source/include/wpcapi.idl /private/tmp/gptk4-runtime/include/wine/windows/wpcapi.idl
/private/tmp/gptk4-wine-source/tools/install-sh -m 644  include/wpcapi.h /private/tmp/gptk4-runtime/include/wine/windows/wpcapi.h
/private/tmp/gptk4-wine-source/tools/install-sh -m 644  /private/tmp/gptk4-wine-source/include/ws2def.h /private/tmp/gptk4-runtime/include/wine/windows/ws2def.h
/private/tmp/gptk4-wine-source/tools/install-sh -m 644  /private/tmp/gptk4-wine-source/include/ws2ipdef.h /private/tmp/gptk4-runtime/include/wine/windows/ws2ipdef.h
/private/tmp/gptk4-wine-source/tools/install-sh -m 644  /private/tmp/gptk4-wine-source/include/ws2spi.h /private/tmp/gptk4-runtime/include/wine/windows/ws2spi.h
/private/tmp/gptk4-wine-source/tools/install-sh -m 644  /private/tmp/gptk4-wine-source/include/ws2tcpip.h /private/tmp/gptk4-runtime/include/wine/windows/ws2tcpip.h
/private/tmp/gptk4-wine-source/tools/install-sh -m 644  /private/tmp/gptk4-wine-source/include/wsdapi.h /private/tmp/gptk4-runtime/include/wine/windows/wsdapi.h
/private/tmp/gptk4-wine-source/tools/install-sh -m 644  /private/tmp/gptk4-wine-source/include/wsdbase.idl /private/tmp/gptk4-runtime/include/wine/windows/wsdbase.idl
/private/tmp/gptk4-wine-source/tools/install-sh -m 644  include/wsdbase.h /private/tmp/gptk4-runtime/include/wine/windows/wsdbase.h
/private/tmp/gptk4-wine-source/tools/install-sh -m 644  /private/tmp/gptk4-wine-source/include/wsddisco.idl /private/tmp/gptk4-runtime/include/wine/windows/wsddisco.idl
/private/tmp/gptk4-wine-source/tools/install-sh -m 644  include/wsddisco.h /private/tmp/gptk4-runtime/include/wine/windows/wsddisco.h
/private/tmp/gptk4-wine-source/tools/install-sh -m 644  /private/tmp/gptk4-wine-source/include/wsdtypes.h /private/tmp/gptk4-runtime/include/wine/windows/wsdtypes.h
/private/tmp/gptk4-wine-source/tools/install-sh -m 644  /private/tmp/gptk4-wine-source/include/wsdutil.h /private/tmp/gptk4-runtime/include/wine/windows/wsdutil.h
/private/tmp/gptk4-wine-source/tools/install-sh -m 644  /private/tmp/gptk4-wine-source/include/wsdxml.idl /private/tmp/gptk4-runtime/include/wine/windows/wsdxml.idl
/private/tmp/gptk4-wine-source/tools/install-sh -m 644  include/wsdxml.h /private/tmp/gptk4-runtime/include/wine/windows/wsdxml.h
/private/tmp/gptk4-wine-source/tools/install-sh -m 644  /private/tmp/gptk4-wine-source/include/wsdxmldom.h /private/tmp/gptk4-runtime/include/wine/windows/wsdxmldom.h
/private/tmp/gptk4-wine-source/tools/install-sh -m 644  /private/tmp/gptk4-wine-source/include/wshisotp.h /private/tmp/gptk4-runtime/include/wine/windows/wshisotp.h
/private/tmp/gptk4-wine-source/tools/install-sh -m 644  /private/tmp/gptk4-wine-source/include/wsipx.h /private/tmp/gptk4-runtime/include/wine/windows/wsipx.h
/private/tmp/gptk4-wine-source/tools/install-sh -m 644  /private/tmp/gptk4-wine-source/include/wsnwlink.h /private/tmp/gptk4-runtime/include/wine/windows/wsnwlink.h
/private/tmp/gptk4-wine-source/tools/install-sh -m 644  /private/tmp/gptk4-wine-source/include/wspiapi.h /private/tmp/gptk4-runtime/include/wine/windows/wspiapi.h
/private/tmp/gptk4-wine-source/tools/install-sh -m 644  /private/tmp/gptk4-wine-source/include/wtsapi32.h /private/tmp/gptk4-runtime/include/wine/windows/wtsapi32.h
/private/tmp/gptk4-wine-source/tools/install-sh -m 644  /private/tmp/gptk4-wine-source/include/wtypes.idl /private/tmp/gptk4-runtime/include/wine/windows/wtypes.idl
/private/tmp/gptk4-wine-source/tools/install-sh -m 644  include/wtypes.h /private/tmp/gptk4-runtime/include/wine/windows/wtypes.h
/private/tmp/gptk4-wine-source/tools/install-sh -m 644  /private/tmp/gptk4-wine-source/include/wuapi.idl /private/tmp/gptk4-runtime/include/wine/windows/wuapi.idl
/private/tmp/gptk4-wine-source/tools/install-sh -m 644  include/wuapi.h /private/tmp/gptk4-runtime/include/wine/windows/wuapi.h
/private/tmp/gptk4-wine-source/tools/install-sh -m 644  /private/tmp/gptk4-wine-source/include/x3daudio.h /private/tmp/gptk4-runtime/include/wine/windows/x3daudio.h
/private/tmp/gptk4-wine-source/tools/install-sh -m 644  /private/tmp/gptk4-wine-source/include/xact.h /private/tmp/gptk4-runtime/include/wine/windows/xact.h
/private/tmp/gptk4-wine-source/tools/install-sh -m 644  /private/tmp/gptk4-wine-source/include/xact2wb.h /private/tmp/gptk4-runtime/include/wine/windows/xact2wb.h
/private/tmp/gptk4-wine-source/tools/install-sh -m 644  /private/tmp/gptk4-wine-source/include/xact3.h /private/tmp/gptk4-runtime/include/wine/windows/xact3.h
/private/tmp/gptk4-wine-source/tools/install-sh -m 644  /private/tmp/gptk4-wine-source/include/xact3wb.h /private/tmp/gptk4-runtime/include/wine/windows/xact3wb.h
/private/tmp/gptk4-wine-source/tools/install-sh -m 644  /private/tmp/gptk4-wine-source/include/xamlom.idl /private/tmp/gptk4-runtime/include/wine/windows/xamlom.idl
/private/tmp/gptk4-wine-source/tools/install-sh -m 644  include/xamlom.h /private/tmp/gptk4-runtime/include/wine/windows/xamlom.h
/private/tmp/gptk4-wine-source/tools/install-sh -m 644  /private/tmp/gptk4-wine-source/include/xapo.idl /private/tmp/gptk4-runtime/include/wine/windows/xapo.idl
/private/tmp/gptk4-wine-source/tools/install-sh -m 644  include/xapo.h /private/tmp/gptk4-runtime/include/wine/windows/xapo.h
/private/tmp/gptk4-wine-source/tools/install-sh -m 644  /private/tmp/gptk4-wine-source/include/xapofx.h /private/tmp/gptk4-runtime/include/wine/windows/xapofx.h
/private/tmp/gptk4-wine-source/tools/install-sh -m 644  /private/tmp/gptk4-wine-source/include/xaudio2.idl /private/tmp/gptk4-runtime/include/wine/windows/xaudio2.idl
/private/tmp/gptk4-wine-source/tools/install-sh -m 644  include/xaudio2.h /private/tmp/gptk4-runtime/include/wine/windows/xaudio2.h
/private/tmp/gptk4-wine-source/tools/install-sh -m 644  /private/tmp/gptk4-wine-source/include/xaudio2fx.idl /private/tmp/gptk4-runtime/include/wine/windows/xaudio2fx.idl
/private/tmp/gptk4-wine-source/tools/install-sh -m 644  include/xaudio2fx.h /private/tmp/gptk4-runtime/include/wine/windows/xaudio2fx.h
/private/tmp/gptk4-wine-source/tools/install-sh -m 644  /private/tmp/gptk4-wine-source/include/xcmc.h /private/tmp/gptk4-runtime/include/wine/windows/xcmc.h
/private/tmp/gptk4-wine-source/tools/install-sh -m 644  /private/tmp/gptk4-wine-source/include/xinput.h /private/tmp/gptk4-runtime/include/wine/windows/xinput.h
/private/tmp/gptk4-wine-source/tools/install-sh -m 644  /private/tmp/gptk4-wine-source/include/xmldom.h /private/tmp/gptk4-runtime/include/wine/windows/xmldom.h
/private/tmp/gptk4-wine-source/tools/install-sh -m 644  /private/tmp/gptk4-wine-source/include/xmldom.idl /private/tmp/gptk4-runtime/include/wine/windows/xmldom.idl
/private/tmp/gptk4-wine-source/tools/install-sh -m 644  /private/tmp/gptk4-wine-source/include/xmldomdid.h /private/tmp/gptk4-runtime/include/wine/windows/xmldomdid.h
/private/tmp/gptk4-wine-source/tools/install-sh -m 644  /private/tmp/gptk4-wine-source/include/xmldso.idl /private/tmp/gptk4-runtime/include/wine/windows/xmldso.idl
/private/tmp/gptk4-wine-source/tools/install-sh -m 644  /private/tmp/gptk4-wine-source/include/xmldsodid.h /private/tmp/gptk4-runtime/include/wine/windows/xmldsodid.h
/private/tmp/gptk4-wine-source/tools/install-sh -m 644  /private/tmp/gptk4-wine-source/include/xmllite.idl /private/tmp/gptk4-runtime/include/wine/windows/xmllite.idl
/private/tmp/gptk4-wine-source/tools/install-sh -m 644  include/xmllite.h /private/tmp/gptk4-runtime/include/wine/windows/xmllite.h
/private/tmp/gptk4-wine-source/tools/install-sh -m 644  /private/tmp/gptk4-wine-source/include/xpsobjectmodel.idl /private/tmp/gptk4-runtime/include/wine/windows/xpsobjectmodel.idl
/private/tmp/gptk4-wine-source/tools/install-sh -m 644  include/xpsobjectmodel.h /private/tmp/gptk4-runtime/include/wine/windows/xpsobjectmodel.h
/private/tmp/gptk4-wine-source/tools/install-sh -m 644  /private/tmp/gptk4-wine-source/include/xpsobjectmodel_1.idl /private/tmp/gptk4-runtime/include/wine/windows/xpsobjectmodel_1.idl
/private/tmp/gptk4-wine-source/tools/install-sh -m 644  include/xpsobjectmodel_1.h /private/tmp/gptk4-runtime/include/wine/windows/xpsobjectmodel_1.h
/private/tmp/gptk4-wine-source/tools/install-sh -m 644  /private/tmp/gptk4-wine-source/include/zmouse.h /private/tmp/gptk4-runtime/include/wine/windows/zmouse.h
clang -D__STDC__ -c -o libs/adsiid/x86_64-windows/adsiid.o /private/tmp/gptk4-wine-source/libs/adsiid/adsiid.c -Ilibs/adsiid \
  -I/private/tmp/gptk4-wine-source/libs/adsiid -Iinclude -I/private/tmp/gptk4-wine-source/include \
  -I/private/tmp/gptk4-wine-source/include/msvcrt -D_MSVCR_VER=0 -D__WINESRC__ -D__WINE_PE_BUILD \
  -Wall -target x86_64-windows -fuse-ld=lld --no-default-config -fno-strict-aliasing \
  -Wdeclaration-after-statement -Wempty-body -Wignored-qualifiers -Winit-self -Wno-pragma-pack \
  -Wno-microsoft-enum-forward-reference -Wstrict-prototypes -Wtype-limits -Wunused-but-set-parameter \
  -Wvla -Wwrite-strings -Wpointer-arith -Wabsolute-value -ffunction-sections -fms-hotpatch \
  -Wformat-overflow -Wnonnull -mcx16 -mcmodel=small -gdwarf-4 -g -O2
tools/winebuild/winebuild -w --staticlib -o libs/adsiid/x86_64-windows/libadsiid.a -b x86_64-windows \
  libs/adsiid/x86_64-windows/adsiid.o
/private/tmp/gptk4-wine-source/tools/install-sh -m 644  libs/adsiid/x86_64-windows/libadsiid.a /private/tmp/gptk4-runtime/lib/wine/x86_64-windows/libadsiid.a
/private/tmp/gptk4-wine-source/tools/install-sh -m 644  libs/dmoguids/x86_64-windows/libdmoguids.a /private/tmp/gptk4-runtime/lib/wine/x86_64-windows/libdmoguids.a
clang -D__STDC__ -c -o libs/dxerr8/x86_64-windows/dxerr8.o /private/tmp/gptk4-wine-source/libs/dxerr8/dxerr8.c -Ilibs/dxerr8 \
  -I/private/tmp/gptk4-wine-source/libs/dxerr8 -Iinclude -I/private/tmp/gptk4-wine-source/include \
  -I/private/tmp/gptk4-wine-source/include/msvcrt -D_MSVCR_VER=0 -D__WINESRC__ -D__WINE_PE_BUILD \
  -Wall -target x86_64-windows -fuse-ld=lld --no-default-config -fno-strict-aliasing \
  -Wdeclaration-after-statement -Wempty-body -Wignored-qualifiers -Winit-self -Wno-pragma-pack \
  -Wno-microsoft-enum-forward-reference -Wstrict-prototypes -Wtype-limits -Wunused-but-set-parameter \
  -Wvla -Wwrite-strings -Wpointer-arith -Wabsolute-value -ffunction-sections -fms-hotpatch \
  -Wformat-overflow -Wnonnull -mcx16 -mcmodel=small -gdwarf-4 -g -O2
tools/winebuild/winebuild -w --staticlib -o libs/dxerr8/x86_64-windows/libdxerr8.a -b x86_64-windows \
  libs/dxerr8/x86_64-windows/dxerr8.o
/private/tmp/gptk4-wine-source/tools/install-sh -m 644  libs/dxerr8/x86_64-windows/libdxerr8.a /private/tmp/gptk4-runtime/lib/wine/x86_64-windows/libdxerr8.a
clang -D__STDC__ -c -o libs/dxerr9/x86_64-windows/dxerr9.o /private/tmp/gptk4-wine-source/libs/dxerr9/dxerr9.c -Ilibs/dxerr9 \
  -I/private/tmp/gptk4-wine-source/libs/dxerr9 -Iinclude -I/private/tmp/gptk4-wine-source/include \
  -I/private/tmp/gptk4-wine-source/include/msvcrt -D_MSVCR_VER=0 -D__WINESRC__ -D__WINE_PE_BUILD \
  -Wall -target x86_64-windows -fuse-ld=lld --no-default-config -fno-strict-aliasing \
  -Wdeclaration-after-statement -Wempty-body -Wignored-qualifiers -Winit-self -Wno-pragma-pack \
  -Wno-microsoft-enum-forward-reference -Wstrict-prototypes -Wtype-limits -Wunused-but-set-parameter \
  -Wvla -Wwrite-strings -Wpointer-arith -Wabsolute-value -ffunction-sections -fms-hotpatch \
  -Wformat-overflow -Wnonnull -mcx16 -mcmodel=small -gdwarf-4 -g -O2
tools/winebuild/winebuild -w --staticlib -o libs/dxerr9/x86_64-windows/libdxerr9.a -b x86_64-windows \
  libs/dxerr9/x86_64-windows/dxerr9.o
/private/tmp/gptk4-wine-source/tools/install-sh -m 644  libs/dxerr9/x86_64-windows/libdxerr9.a /private/tmp/gptk4-runtime/lib/wine/x86_64-windows/libdxerr9.a
/private/tmp/gptk4-wine-source/tools/install-sh -m 644  libs/dxguid/x86_64-windows/libdxguid.a /private/tmp/gptk4-runtime/lib/wine/x86_64-windows/libdxguid.a
/private/tmp/gptk4-wine-source/tools/install-sh -m 644  libs/mfuuid/x86_64-windows/libmfuuid.a /private/tmp/gptk4-runtime/lib/wine/x86_64-windows/libmfuuid.a
/private/tmp/gptk4-wine-source/tools/install-sh -m 644  libs/strmbase/x86_64-windows/libstrmbase.a /private/tmp/gptk4-runtime/lib/wine/x86_64-windows/libstrmbase.a
/private/tmp/gptk4-wine-source/tools/install-sh -m 644  libs/strmiids/x86_64-windows/libstrmiids.a /private/tmp/gptk4-runtime/lib/wine/x86_64-windows/libstrmiids.a
/private/tmp/gptk4-wine-source/tools/install-sh -m 644  libs/uuid/x86_64-windows/libuuid.a /private/tmp/gptk4-runtime/lib/wine/x86_64-windows/libuuid.a
clang -D__STDC__ -c -o libs/wbemuuid/x86_64-windows/wbemuuid.o /private/tmp/gptk4-wine-source/libs/wbemuuid/wbemuuid.c -Ilibs/wbemuuid \
  -I/private/tmp/gptk4-wine-source/libs/wbemuuid -Iinclude -I/private/tmp/gptk4-wine-source/include \
  -I/private/tmp/gptk4-wine-source/include/msvcrt -D_MSVCR_VER=0 -D__WINESRC__ -D__WINE_PE_BUILD \
  -Wall -target x86_64-windows -fuse-ld=lld --no-default-config -fno-strict-aliasing \
  -Wdeclaration-after-statement -Wempty-body -Wignored-qualifiers -Winit-self -Wno-pragma-pack \
  -Wno-microsoft-enum-forward-reference -Wstrict-prototypes -Wtype-limits -Wunused-but-set-parameter \
  -Wvla -Wwrite-strings -Wpointer-arith -Wabsolute-value -ffunction-sections -fms-hotpatch \
  -Wformat-overflow -Wnonnull -mcx16 -mcmodel=small -gdwarf-4 -g -O2
tools/winebuild/winebuild -w --staticlib -o libs/wbemuuid/x86_64-windows/libwbemuuid.a -b x86_64-windows \
  libs/wbemuuid/x86_64-windows/wbemuuid.o
/private/tmp/gptk4-wine-source/tools/install-sh -m 644  libs/wbemuuid/x86_64-windows/libwbemuuid.a /private/tmp/gptk4-runtime/lib/wine/x86_64-windows/libwbemuuid.a
/private/tmp/gptk4-wine-source/tools/install-sh -m 644  libs/wmcodecdspuuid/x86_64-windows/libwmcodecdspuuid.a /private/tmp/gptk4-runtime/lib/wine/x86_64-windows/libwmcodecdspuuid.a
/private/tmp/gptk4-wine-source/tools/install-sh -m 644  tools/widl/widl.man /private/tmp/gptk4-runtime/share/man/man1/widl.1
STRIPPROG="strip" /private/tmp/gptk4-wine-source/tools/install-sh  tools/widl/widl /private/tmp/gptk4-runtime/bin/widl
/private/tmp/gptk4-wine-source/tools/install-sh -m 644  tools/winebuild/winebuild.man /private/tmp/gptk4-runtime/share/man/man1/winebuild.1
STRIPPROG="strip" /private/tmp/gptk4-wine-source/tools/install-sh  tools/winebuild/winebuild /private/tmp/gptk4-runtime/bin/winebuild
/private/tmp/gptk4-wine-source/tools/install-sh -m 644  tools/winedump/winedump.man /private/tmp/gptk4-runtime/share/man/man1/winedump.1
STRIPPROG="strip" /private/tmp/gptk4-wine-source/tools/install-sh  tools/winedump/winedump /private/tmp/gptk4-runtime/bin/winedump
/private/tmp/gptk4-wine-source/tools/install-sh  /private/tmp/gptk4-wine-source/tools/winedump/function_grep.pl /private/tmp/gptk4-runtime/bin/function_grep.pl
/private/tmp/gptk4-wine-source/tools/install-sh -m 644  tools/winegcc/winegcc.man /private/tmp/gptk4-runtime/share/man/man1/winegcc.1
/private/tmp/gptk4-wine-source/tools/install-sh -d /private/tmp/gptk4-runtime/share/man/man1 && rm -f /private/tmp/gptk4-runtime/share/man/man1/winecpp.1 && ln -s winegcc.1 /private/tmp/gptk4-runtime/share/man/man1/winecpp.1
/private/tmp/gptk4-wine-source/tools/install-sh -d /private/tmp/gptk4-runtime/share/man/man1 && rm -f /private/tmp/gptk4-runtime/share/man/man1/wineg++.1 && ln -s winegcc.1 /private/tmp/gptk4-runtime/share/man/man1/wineg++.1
STRIPPROG="strip" /private/tmp/gptk4-wine-source/tools/install-sh  tools/winegcc/winegcc /private/tmp/gptk4-runtime/bin/winegcc
/private/tmp/gptk4-wine-source/tools/install-sh -d /private/tmp/gptk4-runtime/bin && rm -f /private/tmp/gptk4-runtime/bin/winecpp && ln -s winegcc /private/tmp/gptk4-runtime/bin/winecpp
/private/tmp/gptk4-wine-source/tools/install-sh -d /private/tmp/gptk4-runtime/bin && rm -f /private/tmp/gptk4-runtime/bin/wineg++ && ln -s winegcc /private/tmp/gptk4-runtime/bin/wineg++
/private/tmp/gptk4-wine-source/tools/install-sh -m 644  tools/winemaker/winemaker.de.UTF-8.man /private/tmp/gptk4-runtime/share/man/de.UTF-8/man1/winemaker.1
/private/tmp/gptk4-wine-source/tools/install-sh -m 644  tools/winemaker/winemaker.fr.UTF-8.man /private/tmp/gptk4-runtime/share/man/fr.UTF-8/man1/winemaker.1
/private/tmp/gptk4-wine-source/tools/install-sh -m 644  tools/winemaker/winemaker.man /private/tmp/gptk4-runtime/share/man/man1/winemaker.1
/private/tmp/gptk4-wine-source/tools/install-sh  /private/tmp/gptk4-wine-source/tools/winemaker/winemaker /private/tmp/gptk4-runtime/bin/winemaker
/private/tmp/gptk4-wine-source/tools/install-sh -m 644  tools/wmc/wmc.man /private/tmp/gptk4-runtime/share/man/man1/wmc.1
STRIPPROG="strip" /private/tmp/gptk4-wine-source/tools/install-sh  tools/wmc/wmc /private/tmp/gptk4-runtime/bin/wmc
/private/tmp/gptk4-wine-source/tools/install-sh -m 644  tools/wrc/wrc.man /private/tmp/gptk4-runtime/share/man/man1/wrc.1
STRIPPROG="strip" /private/tmp/gptk4-wine-source/tools/install-sh  tools/wrc/wrc /private/tmp/gptk4-runtime/bin/wrc
