tools/install -m 644 --strip-program="tools/winebuild/winebuild --builtin --strip-cmd=llvm-strip" \
   -t /private/tmp/gptk4-runtime11/lib/wine/x86_64-windows \
  dlls/acledit/x86_64-windows/acledit.dll dlls/aclui/x86_64-windows/aclui.dll \
  dlls/activeds/x86_64-windows/activeds.dll dlls/actxprxy/x86_64-windows/actxprxy.dll \
  dlls/adsldp/x86_64-windows/adsldp.dll dlls/adsldpc/x86_64-windows/adsldpc.dll \
  dlls/advapi32/x86_64-windows/advapi32.dll dlls/advpack/x86_64-windows/advpack.dll \
  dlls/amsi/x86_64-windows/amsi.dll dlls/amstream/x86_64-windows/amstream.dll \
  dlls/apphelp/x86_64-windows/apphelp.dll dlls/appwiz.cpl/x86_64-windows/appwiz.cpl \
  dlls/appxdeploymentclient/x86_64-windows/appxdeploymentclient.dll dlls/atl/x86_64-windows/atl.dll \
  dlls/atl100/x86_64-windows/atl100.dll dlls/atl110/x86_64-windows/atl110.dll \
  dlls/atl80/x86_64-windows/atl80.dll dlls/atl90/x86_64-windows/atl90.dll \
  dlls/atlthunk/x86_64-windows/atlthunk.dll dlls/atmlib/x86_64-windows/atmlib.dll \
  dlls/authz/x86_64-windows/authz.dll dlls/avicap32/x86_64-windows/avicap32.dll \
  dlls/avifil32/x86_64-windows/avifil32.dll dlls/avrt/x86_64-windows/avrt.dll \
  dlls/bcp47langs/x86_64-windows/bcp47langs.dll dlls/bcrypt/x86_64-windows/bcrypt.dll \
  dlls/bcryptprimitives/x86_64-windows/bcryptprimitives.dll \
  dlls/bluetoothapis/x86_64-windows/bluetoothapis.dll dlls/browseui/x86_64-windows/browseui.dll \
  dlls/bthprops.cpl/x86_64-windows/bthprops.cpl dlls/cabinet/x86_64-windows/cabinet.dll \
  dlls/cards/x86_64-windows/cards.dll dlls/cdosys/x86_64-windows/cdosys.dll \
  dlls/cfgmgr32/x86_64-windows/cfgmgr32.dll dlls/clusapi/x86_64-windows/clusapi.dll \
  dlls/cng.sys/x86_64-windows/cng.sys dlls/colorcnv/x86_64-windows/colorcnv.dll \
  dlls/combase/x86_64-windows/combase.dll dlls/comcat/x86_64-windows/comcat.dll \
  dlls/comctl32/x86_64-windows/comctl32.dll dlls/comctl32_v6/x86_64-windows/comctl32_v6.dll \
  dlls/comdlg32/x86_64-windows/comdlg32.dll dlls/coml2/x86_64-windows/coml2.dll \
  dlls/compstui/x86_64-windows/compstui.dll dlls/comsvcs/x86_64-windows/comsvcs.dll \
  dlls/concrt140/x86_64-windows/concrt140.dll dlls/connect/x86_64-windows/connect.dll \
  dlls/coremessaging/x86_64-windows/coremessaging.dll dlls/credui/x86_64-windows/credui.dll \
  dlls/crtdll/x86_64-windows/crtdll.dll dlls/crypt32/x86_64-windows/crypt32.dll \
  dlls/cryptbase/x86_64-windows/cryptbase.dll dlls/cryptdlg/x86_64-windows/cryptdlg.dll \
  dlls/cryptdll/x86_64-windows/cryptdll.dll dlls/cryptext/x86_64-windows/cryptext.dll \
  dlls/cryptnet/x86_64-windows/cryptnet.dll dlls/cryptowinrt/x86_64-windows/cryptowinrt.dll \
  dlls/cryptsp/x86_64-windows/cryptsp.dll dlls/cryptui/x86_64-windows/cryptui.dll \
  dlls/cryptxml/x86_64-windows/cryptxml.dll dlls/ctapi32/x86_64-windows/ctapi32.dll \
  dlls/ctl3d32/x86_64-windows/ctl3d32.dll dlls/d2d1/x86_64-windows/d2d1.dll \
  dlls/d3d10/x86_64-windows/d3d10.dll dlls/d3d10_1/x86_64-windows/d3d10_1.dll \
  dlls/d3d10core/x86_64-windows/d3d10core.dll dlls/d3d11/x86_64-windows/d3d11.dll \
  dlls/d3d12/x86_64-windows/d3d12.dll dlls/d3d12core/x86_64-windows/d3d12core.dll \
  dlls/d3d8/x86_64-windows/d3d8.dll dlls/d3d8thk/x86_64-windows/d3d8thk.dll \
  dlls/d3d9/x86_64-windows/d3d9.dll dlls/d3dcompiler_33/x86_64-windows/d3dcompiler_33.dll \
  dlls/d3dcompiler_34/x86_64-windows/d3dcompiler_34.dll \
  dlls/d3dcompiler_35/x86_64-windows/d3dcompiler_35.dll \
  dlls/d3dcompiler_36/x86_64-windows/d3dcompiler_36.dll \
  dlls/d3dcompiler_37/x86_64-windows/d3dcompiler_37.dll \
  dlls/d3dcompiler_38/x86_64-windows/d3dcompiler_38.dll \
  dlls/d3dcompiler_39/x86_64-windows/d3dcompiler_39.dll \
  dlls/d3dcompiler_40/x86_64-windows/d3dcompiler_40.dll \
  dlls/d3dcompiler_41/x86_64-windows/d3dcompiler_41.dll \
  dlls/d3dcompiler_42/x86_64-windows/d3dcompiler_42.dll \
  dlls/d3dcompiler_43/x86_64-windows/d3dcompiler_43.dll \
  dlls/d3dcompiler_46/x86_64-windows/d3dcompiler_46.dll \
  dlls/d3dcompiler_47/x86_64-windows/d3dcompiler_47.dll dlls/d3dim/x86_64-windows/d3dim.dll \
  dlls/d3dim700/x86_64-windows/d3dim700.dll dlls/d3drm/x86_64-windows/d3drm.dll \
  dlls/d3dx10_33/x86_64-windows/d3dx10_33.dll dlls/d3dx10_34/x86_64-windows/d3dx10_34.dll \
  dlls/d3dx10_35/x86_64-windows/d3dx10_35.dll dlls/d3dx10_36/x86_64-windows/d3dx10_36.dll \
  dlls/d3dx10_37/x86_64-windows/d3dx10_37.dll dlls/d3dx10_38/x86_64-windows/d3dx10_38.dll \
  dlls/d3dx10_39/x86_64-windows/d3dx10_39.dll dlls/d3dx10_40/x86_64-windows/d3dx10_40.dll \
  dlls/d3dx10_41/x86_64-windows/d3dx10_41.dll dlls/d3dx10_42/x86_64-windows/d3dx10_42.dll \
  dlls/d3dx10_43/x86_64-windows/d3dx10_43.dll dlls/d3dx11_42/x86_64-windows/d3dx11_42.dll \
  dlls/d3dx11_43/x86_64-windows/d3dx11_43.dll dlls/d3dx9_24/x86_64-windows/d3dx9_24.dll \
  dlls/d3dx9_25/x86_64-windows/d3dx9_25.dll dlls/d3dx9_26/x86_64-windows/d3dx9_26.dll \
  dlls/d3dx9_27/x86_64-windows/d3dx9_27.dll dlls/d3dx9_28/x86_64-windows/d3dx9_28.dll \
  dlls/d3dx9_29/x86_64-windows/d3dx9_29.dll dlls/d3dx9_30/x86_64-windows/d3dx9_30.dll \
  dlls/d3dx9_31/x86_64-windows/d3dx9_31.dll dlls/d3dx9_32/x86_64-windows/d3dx9_32.dll \
  dlls/d3dx9_33/x86_64-windows/d3dx9_33.dll dlls/d3dx9_34/x86_64-windows/d3dx9_34.dll \
  dlls/d3dx9_35/x86_64-windows/d3dx9_35.dll dlls/d3dx9_36/x86_64-windows/d3dx9_36.dll \
  dlls/d3dx9_37/x86_64-windows/d3dx9_37.dll dlls/d3dx9_38/x86_64-windows/d3dx9_38.dll \
  dlls/d3dx9_39/x86_64-windows/d3dx9_39.dll dlls/d3dx9_40/x86_64-windows/d3dx9_40.dll \
  dlls/d3dx9_41/x86_64-windows/d3dx9_41.dll dlls/d3dx9_42/x86_64-windows/d3dx9_42.dll \
  dlls/d3dx9_43/x86_64-windows/d3dx9_43.dll dlls/d3dxof/x86_64-windows/d3dxof.dll \
  dlls/dataexchange/x86_64-windows/dataexchange.dll dlls/davclnt/x86_64-windows/davclnt.dll \
  dlls/dbgeng/x86_64-windows/dbgeng.dll dlls/dbghelp/x86_64-windows/dbghelp.dll \
  dlls/dciman32/x86_64-windows/dciman32.dll dlls/dcomp/x86_64-windows/dcomp.dll \
  dlls/ddraw/x86_64-windows/ddraw.dll dlls/ddrawex/x86_64-windows/ddrawex.dll \
  dlls/desk.cpl/x86_64-windows/desk.cpl dlls/devenum/x86_64-windows/devenum.dll \
  dlls/dhcpcsvc/x86_64-windows/dhcpcsvc.dll dlls/dhcpcsvc6/x86_64-windows/dhcpcsvc6.dll \
  dlls/dhtmled.ocx/x86_64-windows/dhtmled.ocx dlls/diasymreader/x86_64-windows/diasymreader.dll \
  dlls/difxapi/x86_64-windows/difxapi.dll dlls/dinput/x86_64-windows/dinput.dll \
  dlls/dinput8/x86_64-windows/dinput8.dll \
  dlls/directmanipulation/x86_64-windows/directmanipulation.dll \
  dlls/dispex/x86_64-windows/dispex.dll dlls/dmband/x86_64-windows/dmband.dll \
  dlls/dmcompos/x86_64-windows/dmcompos.dll dlls/dmime/x86_64-windows/dmime.dll \
  dlls/dmloader/x86_64-windows/dmloader.dll dlls/dmscript/x86_64-windows/dmscript.dll \
  dlls/dmstyle/x86_64-windows/dmstyle.dll dlls/dmsynth/x86_64-windows/dmsynth.dll \
  dlls/dmusic/x86_64-windows/dmusic.dll dlls/dmusic32/x86_64-windows/dmusic32.dll \
  dlls/dnsapi/x86_64-windows/dnsapi.dll dlls/dplay/x86_64-windows/dplay.dll \
  dlls/dplayx/x86_64-windows/dplayx.dll dlls/dpnaddr/x86_64-windows/dpnaddr.dll \
  dlls/dpnet/x86_64-windows/dpnet.dll dlls/dpnhpast/x86_64-windows/dpnhpast.dll \
  dlls/dpnhupnp/x86_64-windows/dpnhupnp.dll dlls/dpnlobby/x86_64-windows/dpnlobby.dll \
  dlls/dpvoice/x86_64-windows/dpvoice.dll dlls/dpwsockx/x86_64-windows/dpwsockx.dll \
  dlls/drmclien/x86_64-windows/drmclien.dll dlls/dsdmo/x86_64-windows/dsdmo.dll \
  dlls/dsound/x86_64-windows/dsound.dll dlls/dsquery/x86_64-windows/dsquery.dll \
  dlls/dssenh/x86_64-windows/dssenh.dll dlls/dsuiext/x86_64-windows/dsuiext.dll \
  dlls/dswave/x86_64-windows/dswave.dll dlls/dwmapi/x86_64-windows/dwmapi.dll \
  dlls/dwrite/x86_64-windows/dwrite.dll dlls/dx8vb/x86_64-windows/dx8vb.dll \
  dlls/dxcore/x86_64-windows/dxcore.dll dlls/dxdiagn/x86_64-windows/dxdiagn.dll \
  dlls/dxgi/x86_64-windows/dxgi.dll dlls/dxtrans/x86_64-windows/dxtrans.dll \
  dlls/dxva2/x86_64-windows/dxva2.dll dlls/esent/x86_64-windows/esent.dll \
  dlls/evr/x86_64-windows/evr.dll dlls/explorerframe/x86_64-windows/explorerframe.dll \
  dlls/faultrep/x86_64-windows/faultrep.dll dlls/feclient/x86_64-windows/feclient.dll \
  dlls/fltlib/x86_64-windows/fltlib.dll dlls/fltmgr.sys/x86_64-windows/fltmgr.sys \
  dlls/fntcache/x86_64-windows/fntcache.dll dlls/fontsub/x86_64-windows/fontsub.dll \
  dlls/fusion/x86_64-windows/fusion.dll dlls/fwpuclnt/x86_64-windows/fwpuclnt.dll \
  dlls/gameinput/x86_64-windows/gameinput.dll dlls/gameux/x86_64-windows/gameux.dll \
  dlls/gamingtcui/x86_64-windows/gamingtcui.dll dlls/gdi32/x86_64-windows/gdi32.dll \
  dlls/gdiplus/x86_64-windows/gdiplus.dll dlls/geolocation/x86_64-windows/geolocation.dll \
  dlls/glu32/x86_64-windows/glu32.dll dlls/gpkcsp/x86_64-windows/gpkcsp.dll \
  dlls/graphicscapture/x86_64-windows/graphicscapture.dll dlls/hal/x86_64-windows/hal.dll \
  dlls/hhctrl.ocx/x86_64-windows/hhctrl.ocx dlls/hid/x86_64-windows/hid.dll \
  dlls/hidclass.sys/x86_64-windows/hidclass.sys dlls/hidparse.sys/x86_64-windows/hidparse.sys \
  dlls/hlink/x86_64-windows/hlink.dll dlls/hnetcfg/x86_64-windows/hnetcfg.dll \
  dlls/hrtfapo/x86_64-windows/hrtfapo.dll dlls/http.sys/x86_64-windows/http.sys \
  dlls/httpapi/x86_64-windows/httpapi.dll \
  dlls/hvsimanagementapi/x86_64-windows/hvsimanagementapi.dll \
  dlls/ia2comproxy/x86_64-windows/ia2comproxy.dll dlls/iccvid/x86_64-windows/iccvid.dll \
  dlls/icmui/x86_64-windows/icmui.dll dlls/ieframe/x86_64-windows/ieframe.dll \
  dlls/ieproxy/x86_64-windows/ieproxy.dll dlls/iertutil/x86_64-windows/iertutil.dll \
  dlls/imaadp32.acm/x86_64-windows/imaadp32.acm dlls/imagehlp/x86_64-windows/imagehlp.dll \
  dlls/imm32/x86_64-windows/imm32.dll dlls/inetcomm/x86_64-windows/inetcomm.dll \
  dlls/inetcpl.cpl/x86_64-windows/inetcpl.cpl dlls/inetmib1/x86_64-windows/inetmib1.dll \
  dlls/infosoft/x86_64-windows/infosoft.dll dlls/initpki/x86_64-windows/initpki.dll \
  dlls/inkobj/x86_64-windows/inkobj.dll dlls/inseng/x86_64-windows/inseng.dll \
  dlls/iphlpapi/x86_64-windows/iphlpapi.dll dlls/iprop/x86_64-windows/iprop.dll \
  dlls/ir50_32/x86_64-windows/ir50_32.dll dlls/irprops.cpl/x86_64-windows/irprops.cpl \
  dlls/itircl/x86_64-windows/itircl.dll dlls/itss/x86_64-windows/itss.dll \
  dlls/joy.cpl/x86_64-windows/joy.cpl dlls/jscript/x86_64-windows/jscript.dll \
  dlls/jsproxy/x86_64-windows/jsproxy.dll dlls/kerberos/x86_64-windows/kerberos.dll \
  dlls/kernel32/x86_64-windows/kernel32.dll dlls/kernelbase/x86_64-windows/kernelbase.dll \
  dlls/ksecdd.sys/x86_64-windows/ksecdd.sys dlls/ksproxy.ax/x86_64-windows/ksproxy.ax \
  dlls/ksuser/x86_64-windows/ksuser.dll dlls/ktmw32/x86_64-windows/ktmw32.dll \
  dlls/l3codeca.acm/x86_64-windows/l3codeca.acm dlls/l3codecx.ax/x86_64-windows/l3codecx.ax \
  dlls/loadperf/x86_64-windows/loadperf.dll dlls/localspl/x86_64-windows/localspl.dll \
  dlls/localui/x86_64-windows/localui.dll dlls/magnification/x86_64-windows/magnification.dll \
  dlls/mapi32/x86_64-windows/mapi32.dll dlls/mapistub/x86_64-windows/mapistub.dll \
  dlls/mciavi32/x86_64-windows/mciavi32.dll dlls/mcicda/x86_64-windows/mcicda.dll \
  dlls/mciqtz32/x86_64-windows/mciqtz32.dll dlls/mciseq/x86_64-windows/mciseq.dll \
  dlls/mciwave/x86_64-windows/mciwave.dll dlls/mf/x86_64-windows/mf.dll \
  dlls/mf3216/x86_64-windows/mf3216.dll dlls/mfasfsrcsnk/x86_64-windows/mfasfsrcsnk.dll \
  dlls/mfh264enc/x86_64-windows/mfh264enc.dll dlls/mfmediaengine/x86_64-windows/mfmediaengine.dll \
  dlls/mfmp4srcsnk/x86_64-windows/mfmp4srcsnk.dll dlls/mfplat/x86_64-windows/mfplat.dll \
  dlls/mfplay/x86_64-windows/mfplay.dll dlls/mfreadwrite/x86_64-windows/mfreadwrite.dll \
  dlls/mfsrcsnk/x86_64-windows/mfsrcsnk.dll dlls/mgmtapi/x86_64-windows/mgmtapi.dll \
  dlls/midimap/x86_64-windows/midimap.dll dlls/mlang/x86_64-windows/mlang.dll \
  dlls/mmcndmgr/x86_64-windows/mmcndmgr.dll dlls/mmdevapi/x86_64-windows/mmdevapi.dll \
  dlls/mouhid.sys/x86_64-windows/mouhid.sys dlls/mountmgr.sys/x86_64-windows/mountmgr.sys \
  dlls/mp3dmod/x86_64-windows/mp3dmod.dll dlls/mpr/x86_64-windows/mpr.dll \
  dlls/mprapi/x86_64-windows/mprapi.dll dlls/msacm32.drv/x86_64-windows/msacm32.drv \
  dlls/msacm32/x86_64-windows/msacm32.dll dlls/msado15/x86_64-windows/msado15.dll \
  dlls/msadp32.acm/x86_64-windows/msadp32.acm dlls/msasn1/x86_64-windows/msasn1.dll \
  dlls/msauddecmft/x86_64-windows/msauddecmft.dll dlls/mscat32/x86_64-windows/mscat32.dll \
  dlls/mscms/x86_64-windows/mscms.dll dlls/mscoree/x86_64-windows/mscoree.dll \
  dlls/mscorwks/x86_64-windows/mscorwks.dll dlls/msctf/x86_64-windows/msctf.dll \
  dlls/msctfmonitor/x86_64-windows/msctfmonitor.dll dlls/msctfp/x86_64-windows/msctfp.dll \
  dlls/msdaps/x86_64-windows/msdaps.dll dlls/msdasql/x86_64-windows/msdasql.dll \
  dlls/msdelta/x86_64-windows/msdelta.dll dlls/msdmo/x86_64-windows/msdmo.dll \
  dlls/msdrm/x86_64-windows/msdrm.dll dlls/msftedit/x86_64-windows/msftedit.dll \
  dlls/msg711.acm/x86_64-windows/msg711.acm dlls/msgsm32.acm/x86_64-windows/msgsm32.acm \
  dlls/mshtml/x86_64-windows/mshtml.dll dlls/msi/x86_64-windows/msi.dll \
  dlls/msident/x86_64-windows/msident.dll dlls/msimg32/x86_64-windows/msimg32.dll \
  dlls/msimtf/x86_64-windows/msimtf.dll dlls/msisip/x86_64-windows/msisip.dll \
  dlls/msisys.ocx/x86_64-windows/msisys.ocx dlls/msls31/x86_64-windows/msls31.dll \
  dlls/msmpeg2vdec/x86_64-windows/msmpeg2vdec.dll dlls/msnet32/x86_64-windows/msnet32.dll \
  dlls/mspatcha/x86_64-windows/mspatcha.dll dlls/msports/x86_64-windows/msports.dll \
  dlls/msrle32/x86_64-windows/msrle32.dll dlls/msscript.ocx/x86_64-windows/msscript.ocx \
  dlls/mssign32/x86_64-windows/mssign32.dll dlls/mssip32/x86_64-windows/mssip32.dll \
  dlls/mstask/x86_64-windows/mstask.dll dlls/msttsengine/x86_64-windows/msttsengine.dll \
  dlls/msv1_0/x86_64-windows/msv1_0.dll dlls/msvcirt/x86_64-windows/msvcirt.dll \
  dlls/msvcm80/x86_64-windows/msvcm80.dll dlls/msvcm90/x86_64-windows/msvcm90.dll \
  dlls/msvcp100/x86_64-windows/msvcp100.dll dlls/msvcp110/x86_64-windows/msvcp110.dll \
  dlls/msvcp120/x86_64-windows/msvcp120.dll dlls/msvcp120_app/x86_64-windows/msvcp120_app.dll \
  dlls/msvcp140/x86_64-windows/msvcp140.dll dlls/msvcp140_1/x86_64-windows/msvcp140_1.dll \
  dlls/msvcp140_2/x86_64-windows/msvcp140_2.dll \
  dlls/msvcp140_atomic_wait/x86_64-windows/msvcp140_atomic_wait.dll \
  dlls/msvcp140_codecvt_ids/x86_64-windows/msvcp140_codecvt_ids.dll \
  dlls/msvcp60/x86_64-windows/msvcp60.dll dlls/msvcp70/x86_64-windows/msvcp70.dll \
  dlls/msvcp71/x86_64-windows/msvcp71.dll dlls/msvcp80/x86_64-windows/msvcp80.dll \
  dlls/msvcp90/x86_64-windows/msvcp90.dll dlls/msvcp_win/x86_64-windows/msvcp_win.dll \
  dlls/msvcr100/x86_64-windows/msvcr100.dll dlls/msvcr110/x86_64-windows/msvcr110.dll \
  dlls/msvcr120/x86_64-windows/msvcr120.dll dlls/msvcr120_app/x86_64-windows/msvcr120_app.dll \
  dlls/msvcr70/x86_64-windows/msvcr70.dll dlls/msvcr71/x86_64-windows/msvcr71.dll \
  dlls/msvcr80/x86_64-windows/msvcr80.dll dlls/msvcr90/x86_64-windows/msvcr90.dll \
  dlls/msvcrt/x86_64-windows/msvcrt.dll dlls/msvcrt20/x86_64-windows/msvcrt20.dll \
  dlls/msvcrt40/x86_64-windows/msvcrt40.dll dlls/msvcrtd/x86_64-windows/msvcrtd.dll \
  dlls/msvdsp/x86_64-windows/msvdsp.dll dlls/msvfw32/x86_64-windows/msvfw32.dll \
  dlls/msvidc32/x86_64-windows/msvidc32.dll dlls/msvproc/x86_64-windows/msvproc.dll \
  dlls/mswsock/x86_64-windows/mswsock.dll dlls/msxml/x86_64-windows/msxml.dll \
  dlls/msxml2/x86_64-windows/msxml2.dll dlls/msxml3/x86_64-windows/msxml3.dll \
  dlls/msxml4/x86_64-windows/msxml4.dll dlls/msxml6/x86_64-windows/msxml6.dll \
  dlls/mtxdm/x86_64-windows/mtxdm.dll dlls/ncrypt/x86_64-windows/ncrypt.dll \
  dlls/nddeapi/x86_64-windows/nddeapi.dll dlls/ndis.sys/x86_64-windows/ndis.sys \
  dlls/netapi32/x86_64-windows/netapi32.dll dlls/netcfgx/x86_64-windows/netcfgx.dll \
  dlls/netio.sys/x86_64-windows/netio.sys dlls/netprofm/x86_64-windows/netprofm.dll \
  dlls/netutils/x86_64-windows/netutils.dll dlls/newdev/x86_64-windows/newdev.dll \
  dlls/ninput/x86_64-windows/ninput.dll dlls/npmshtml/x86_64-windows/npmshtml.dll \
  dlls/npptools/x86_64-windows/npptools.dll dlls/nsi/x86_64-windows/nsi.dll \
  dlls/nsiproxy.sys/x86_64-windows/nsiproxy.sys dlls/ntdll/x86_64-windows/ntdll.dll \
  dlls/ntdsapi/x86_64-windows/ntdsapi.dll dlls/ntoskrnl.exe/x86_64-windows/ntoskrnl.exe \
  dlls/ntprint/x86_64-windows/ntprint.dll dlls/objsel/x86_64-windows/objsel.dll \
  dlls/odbc32/x86_64-windows/odbc32.dll dlls/odbcbcp/x86_64-windows/odbcbcp.dll \
  dlls/odbccp32/x86_64-windows/odbccp32.dll dlls/odbccu32/x86_64-windows/odbccu32.dll \
  dlls/ole32/x86_64-windows/ole32.dll dlls/oleacc/x86_64-windows/oleacc.dll \
  dlls/oleaut32/x86_64-windows/oleaut32.dll dlls/olecli32/x86_64-windows/olecli32.dll \
  dlls/oledb32/x86_64-windows/oledb32.dll dlls/oledlg/x86_64-windows/oledlg.dll \
  dlls/olepro32/x86_64-windows/olepro32.dll dlls/olesvr32/x86_64-windows/olesvr32.dll \
  dlls/olethk32/x86_64-windows/olethk32.dll dlls/opcservices/x86_64-windows/opcservices.dll \
  dlls/opencl/x86_64-windows/opencl.dll dlls/opengl32/x86_64-windows/opengl32.dll \
  dlls/packager/x86_64-windows/packager.dll dlls/pdh/x86_64-windows/pdh.dll \
  dlls/photometadatahandler/x86_64-windows/photometadatahandler.dll \
  dlls/pidgen/x86_64-windows/pidgen.dll dlls/powrprof/x86_64-windows/powrprof.dll \
  dlls/printui/x86_64-windows/printui.dll dlls/prntvpt/x86_64-windows/prntvpt.dll \
  dlls/profapi/x86_64-windows/profapi.dll dlls/propsys/x86_64-windows/propsys.dll \
  dlls/psapi/x86_64-windows/psapi.dll dlls/pstorec/x86_64-windows/pstorec.dll \
  dlls/pwrshplugin/x86_64-windows/pwrshplugin.dll dlls/qasf/x86_64-windows/qasf.dll \
  dlls/qcap/x86_64-windows/qcap.dll dlls/qdvd/x86_64-windows/qdvd.dll \
  dlls/qedit/x86_64-windows/qedit.dll dlls/qmgr/x86_64-windows/qmgr.dll \
  dlls/qmgrprxy/x86_64-windows/qmgrprxy.dll dlls/quartz/x86_64-windows/quartz.dll \
  dlls/query/x86_64-windows/query.dll dlls/qwave/x86_64-windows/qwave.dll \
  dlls/rasapi32/x86_64-windows/rasapi32.dll dlls/rasdlg/x86_64-windows/rasdlg.dll \
  dlls/regapi/x86_64-windows/regapi.dll dlls/resampledmo/x86_64-windows/resampledmo.dll \
  dlls/resutils/x86_64-windows/resutils.dll dlls/riched20/x86_64-windows/riched20.dll \
  dlls/riched32/x86_64-windows/riched32.dll dlls/rometadata/x86_64-windows/rometadata.dll \
  dlls/rpcrt4/x86_64-windows/rpcrt4.dll dlls/rsabase/x86_64-windows/rsabase.dll \
  dlls/rsaenh/x86_64-windows/rsaenh.dll dlls/rstrtmgr/x86_64-windows/rstrtmgr.dll \
  dlls/rtutils/x86_64-windows/rtutils.dll dlls/rtworkq/x86_64-windows/rtworkq.dll \
  dlls/samlib/x86_64-windows/samlib.dll dlls/sapi/x86_64-windows/sapi.dll \
  dlls/sas/x86_64-windows/sas.dll dlls/scarddlg/x86_64-windows/scarddlg.dll \
  dlls/scardsvr/x86_64-windows/scardsvr.dll dlls/sccbase/x86_64-windows/sccbase.dll \
  dlls/schannel/x86_64-windows/schannel.dll dlls/schedsvc/x86_64-windows/schedsvc.dll \
  dlls/scrobj/x86_64-windows/scrobj.dll dlls/scrrun/x86_64-windows/scrrun.dll \
  dlls/scsiport.sys/x86_64-windows/scsiport.sys dlls/sechost/x86_64-windows/sechost.dll \
  dlls/secur32/x86_64-windows/secur32.dll dlls/sensapi/x86_64-windows/sensapi.dll \
  dlls/serialui/x86_64-windows/serialui.dll dlls/setupapi/x86_64-windows/setupapi.dll \
  dlls/sfc_os/x86_64-windows/sfc_os.dll dlls/shcore/x86_64-windows/shcore.dll \
  dlls/shdocvw/x86_64-windows/shdocvw.dll dlls/shell32/x86_64-windows/shell32.dll \
  dlls/shfolder/x86_64-windows/shfolder.dll dlls/shlwapi/x86_64-windows/shlwapi.dll \
  dlls/slbcsp/x86_64-windows/slbcsp.dll dlls/slc/x86_64-windows/slc.dll \
  dlls/snmpapi/x86_64-windows/snmpapi.dll dlls/softpub/x86_64-windows/softpub.dll \
  dlls/spoolss/x86_64-windows/spoolss.dll dlls/sppc/x86_64-windows/sppc.dll \
  dlls/srclient/x86_64-windows/srclient.dll dlls/srvcli/x86_64-windows/srvcli.dll \
  dlls/srvsvc/x86_64-windows/srvsvc.dll dlls/sspicli/x86_64-windows/sspicli.dll \
  dlls/sti/x86_64-windows/sti.dll dlls/strmdll/x86_64-windows/strmdll.dll \
  dlls/svrapi/x86_64-windows/svrapi.dll dlls/sxs/x86_64-windows/sxs.dll \
  dlls/t2embed/x86_64-windows/t2embed.dll dlls/tapi32/x86_64-windows/tapi32.dll \
  dlls/taskschd/x86_64-windows/taskschd.dll dlls/tbs/x86_64-windows/tbs.dll \
  dlls/tdh/x86_64-windows/tdh.dll dlls/tdi.sys/x86_64-windows/tdi.sys \
  dlls/threadpoolwinrt/x86_64-windows/threadpoolwinrt.dll dlls/traffic/x86_64-windows/traffic.dll \
  dlls/twaindsm/x86_64-windows/twaindsm.dll dlls/twinapi.appcore/x86_64-windows/twinapi.appcore.dll \
  dlls/ucrtbase/x86_64-windows/ucrtbase.dll dlls/uianimation/x86_64-windows/uianimation.dll \
  dlls/uiautomationcore/x86_64-windows/uiautomationcore.dll \
  dlls/uiribbon/x86_64-windows/uiribbon.dll dlls/unicows/x86_64-windows/unicows.dll \
  dlls/updspapi/x86_64-windows/updspapi.dll dlls/url/x86_64-windows/url.dll \
  dlls/urlmon/x86_64-windows/urlmon.dll dlls/usbd.sys/x86_64-windows/usbd.sys \
  dlls/user32/x86_64-windows/user32.dll dlls/userenv/x86_64-windows/userenv.dll \
  dlls/utildll/x86_64-windows/utildll.dll dlls/uxtheme/x86_64-windows/uxtheme.dll \
  dlls/vbscript/x86_64-windows/vbscript.dll dlls/vccorlib140/x86_64-windows/vccorlib140.dll \
  dlls/vcomp/x86_64-windows/vcomp.dll dlls/vcomp100/x86_64-windows/vcomp100.dll \
  dlls/vcomp110/x86_64-windows/vcomp110.dll dlls/vcomp120/x86_64-windows/vcomp120.dll \
  dlls/vcomp140/x86_64-windows/vcomp140.dll dlls/vcomp90/x86_64-windows/vcomp90.dll \
  dlls/vcruntime140/x86_64-windows/vcruntime140.dll \
  dlls/vcruntime140_1/x86_64-windows/vcruntime140_1.dll dlls/vdmdbg/x86_64-windows/vdmdbg.dll \
  dlls/version/x86_64-windows/version.dll dlls/vga/x86_64-windows/vga.dll \
  dlls/vidreszr/x86_64-windows/vidreszr.dll dlls/virtdisk/x86_64-windows/virtdisk.dll \
  dlls/vssapi/x86_64-windows/vssapi.dll dlls/vulkan-1/x86_64-windows/vulkan-1.dll \
  dlls/wbemdisp/x86_64-windows/wbemdisp.dll dlls/wbemprox/x86_64-windows/wbemprox.dll \
  dlls/wdscore/x86_64-windows/wdscore.dll dlls/webservices/x86_64-windows/webservices.dll \
  dlls/websocket/x86_64-windows/websocket.dll dlls/wer/x86_64-windows/wer.dll \
  dlls/wevtapi/x86_64-windows/wevtapi.dll dlls/wevtsvc/x86_64-windows/wevtsvc.dll \
  dlls/wiaservc/x86_64-windows/wiaservc.dll dlls/wimgapi/x86_64-windows/wimgapi.dll \
  dlls/win32u/x86_64-windows/win32u.dll dlls/winbio/x86_64-windows/winbio.dll \
  dlls/winbrand/x86_64-windows/winbrand.dll \
  dlls/windows.applicationmodel/x86_64-windows/windows.applicationmodel.dll \
  dlls/windows.devices.bluetooth/x86_64-windows/windows.devices.bluetooth.dll \
  dlls/windows.devices.enumeration/x86_64-windows/windows.devices.enumeration.dll \
  dlls/windows.devices.usb/x86_64-windows/windows.devices.usb.dll \
  dlls/windows.gaming.input/x86_64-windows/windows.gaming.input.dll \
  dlls/windows.gaming.ui.gamebar/x86_64-windows/windows.gaming.ui.gamebar.dll \
  dlls/windows.globalization/x86_64-windows/windows.globalization.dll \
  dlls/windows.media.devices/x86_64-windows/windows.media.devices.dll \
  dlls/windows.media.mediacontrol/x86_64-windows/windows.media.mediacontrol.dll \
  dlls/windows.media.playback.backgroundmediaplayer/x86_64-windows/windows.media.playback.backgroundmediaplayer.dll \
  dlls/windows.media.playback.mediaplayer/x86_64-windows/windows.media.playback.mediaplayer.dll \
  dlls/windows.media.speech/x86_64-windows/windows.media.speech.dll \
  dlls/windows.media/x86_64-windows/windows.media.dll \
  dlls/windows.networking.connectivity/x86_64-windows/windows.networking.connectivity.dll \
  dlls/windows.networking.hostname/x86_64-windows/windows.networking.hostname.dll \
  dlls/windows.networking/x86_64-windows/windows.networking.dll \
  dlls/windows.perception.stub/x86_64-windows/windows.perception.stub.dll \
  dlls/windows.security.authentication.onlineid/x86_64-windows/windows.security.authentication.onlineid.dll \
  dlls/windows.security.credentials.ui.userconsentverifier/x86_64-windows/windows.security.credentials.ui.userconsentverifier.dll \
  dlls/windows.storage.applicationdata/x86_64-windows/windows.storage.applicationdata.dll \
  dlls/windows.storage/x86_64-windows/windows.storage.dll \
  dlls/windows.system.profile.systemid/x86_64-windows/windows.system.profile.systemid.dll \
  dlls/windows.system.profile.systemmanufacturers/x86_64-windows/windows.system.profile.systemmanufacturers.dll \
  dlls/windows.ui.core.textinput/x86_64-windows/windows.ui.core.textinput.dll \
  dlls/windows.ui.xaml/x86_64-windows/windows.ui.xaml.dll \
  dlls/windows.ui/x86_64-windows/windows.ui.dll dlls/windows.web/x86_64-windows/windows.web.dll \
  dlls/windowscodecs/x86_64-windows/windowscodecs.dll \
  dlls/windowscodecsext/x86_64-windows/windowscodecsext.dll \
  dlls/winebth.sys/x86_64-windows/winebth.sys dlls/winebus.sys/x86_64-windows/winebus.sys \
  dlls/winecoreaudio.drv/x86_64-windows/winecoreaudio.drv dlls/wined3d/x86_64-windows/wined3d.dll \
  dlls/winedmo/x86_64-windows/winedmo.dll dlls/winehid.sys/x86_64-windows/winehid.sys \
  dlls/winemac.drv/x86_64-windows/winemac.drv dlls/winemapi/x86_64-windows/winemapi.dll \
  dlls/wineps.drv/x86_64-windows/wineps.drv dlls/winevulkan/x86_64-windows/winevulkan.dll \
  dlls/winexinput.sys/x86_64-windows/winexinput.sys dlls/wing32/x86_64-windows/wing32.dll \
  dlls/winhttp/x86_64-windows/winhttp.dll dlls/wininet/x86_64-windows/wininet.dll \
  dlls/winmm/x86_64-windows/winmm.dll dlls/winnls32/x86_64-windows/winnls32.dll \
  dlls/winprint/x86_64-windows/winprint.dll dlls/winscard/x86_64-windows/winscard.dll \
  dlls/winspool.drv/x86_64-windows/winspool.drv dlls/winsta/x86_64-windows/winsta.dll \
  dlls/wintab32/x86_64-windows/wintab32.dll dlls/wintrust/x86_64-windows/wintrust.dll \
  dlls/wintypes/x86_64-windows/wintypes.dll dlls/winusb/x86_64-windows/winusb.dll \
  dlls/wlanapi/x86_64-windows/wlanapi.dll dlls/wlanui/x86_64-windows/wlanui.dll \
  dlls/wldap32/x86_64-windows/wldap32.dll dlls/wldp/x86_64-windows/wldp.dll \
  dlls/wmadmod/x86_64-windows/wmadmod.dll dlls/wmasf/x86_64-windows/wmasf.dll \
  dlls/wmilib.sys/x86_64-windows/wmilib.sys dlls/wmiutils/x86_64-windows/wmiutils.dll \
  dlls/wmp/x86_64-windows/wmp.dll dlls/wmphoto/x86_64-windows/wmphoto.dll \
  dlls/wmvcore/x86_64-windows/wmvcore.dll dlls/wmvdecod/x86_64-windows/wmvdecod.dll \
  dlls/wnaspi32/x86_64-windows/wnaspi32.dll dlls/wofutil/x86_64-windows/wofutil.dll \
  dlls/wow64/x86_64-windows/wow64.dll dlls/wow64cpu/x86_64-windows/wow64cpu.dll \
  dlls/wow64win/x86_64-windows/wow64win.dll dlls/wpc/x86_64-windows/wpc.dll \
  dlls/wpcap/x86_64-windows/wpcap.dll dlls/ws2_32/x86_64-windows/ws2_32.dll \
  dlls/wsdapi/x86_64-windows/wsdapi.dll dlls/wshom.ocx/x86_64-windows/wshom.ocx \
  dlls/wsnmp32/x86_64-windows/wsnmp32.dll dlls/wsock32/x86_64-windows/wsock32.dll \
  dlls/wtsapi32/x86_64-windows/wtsapi32.dll dlls/wuapi/x86_64-windows/wuapi.dll \
  dlls/wuaueng/x86_64-windows/wuaueng.dll dlls/x3daudio1_0/x86_64-windows/x3daudio1_0.dll \
  dlls/x3daudio1_1/x86_64-windows/x3daudio1_1.dll dlls/x3daudio1_2/x86_64-windows/x3daudio1_2.dll \
  dlls/x3daudio1_3/x86_64-windows/x3daudio1_3.dll dlls/x3daudio1_4/x86_64-windows/x3daudio1_4.dll \
  dlls/x3daudio1_5/x86_64-windows/x3daudio1_5.dll dlls/x3daudio1_6/x86_64-windows/x3daudio1_6.dll \
  dlls/x3daudio1_7/x86_64-windows/x3daudio1_7.dll \
  dlls/xactengine2_0/x86_64-windows/xactengine2_0.dll \
  dlls/xactengine2_4/x86_64-windows/xactengine2_4.dll \
  dlls/xactengine2_7/x86_64-windows/xactengine2_7.dll \
  dlls/xactengine2_9/x86_64-windows/xactengine2_9.dll \
  dlls/xactengine3_0/x86_64-windows/xactengine3_0.dll \
  dlls/xactengine3_1/x86_64-windows/xactengine3_1.dll \
  dlls/xactengine3_2/x86_64-windows/xactengine3_2.dll \
  dlls/xactengine3_3/x86_64-windows/xactengine3_3.dll \
  dlls/xactengine3_4/x86_64-windows/xactengine3_4.dll \
  dlls/xactengine3_5/x86_64-windows/xactengine3_5.dll \
  dlls/xactengine3_6/x86_64-windows/xactengine3_6.dll \
  dlls/xactengine3_7/x86_64-windows/xactengine3_7.dll dlls/xapofx1_1/x86_64-windows/xapofx1_1.dll \
  dlls/xapofx1_2/x86_64-windows/xapofx1_2.dll dlls/xapofx1_3/x86_64-windows/xapofx1_3.dll \
  dlls/xapofx1_4/x86_64-windows/xapofx1_4.dll dlls/xapofx1_5/x86_64-windows/xapofx1_5.dll \
  dlls/xaudio2_0/x86_64-windows/xaudio2_0.dll dlls/xaudio2_1/x86_64-windows/xaudio2_1.dll \
  dlls/xaudio2_2/x86_64-windows/xaudio2_2.dll dlls/xaudio2_3/x86_64-windows/xaudio2_3.dll \
  dlls/xaudio2_4/x86_64-windows/xaudio2_4.dll dlls/xaudio2_5/x86_64-windows/xaudio2_5.dll \
  dlls/xaudio2_6/x86_64-windows/xaudio2_6.dll dlls/xaudio2_7/x86_64-windows/xaudio2_7.dll \
  dlls/xaudio2_8/x86_64-windows/xaudio2_8.dll dlls/xaudio2_9/x86_64-windows/xaudio2_9.dll \
  dlls/xinput1_1/x86_64-windows/xinput1_1.dll dlls/xinput1_2/x86_64-windows/xinput1_2.dll \
  dlls/xinput1_3/x86_64-windows/xinput1_3.dll dlls/xinput1_4/x86_64-windows/xinput1_4.dll \
  dlls/xinput9_1_0/x86_64-windows/xinput9_1_0.dll dlls/xinputuap/x86_64-windows/xinputuap.dll \
  dlls/xmllite/x86_64-windows/xmllite.dll dlls/xolehlp/x86_64-windows/xolehlp.dll \
  dlls/xpsprint/x86_64-windows/xpsprint.dll dlls/xpssvcs/x86_64-windows/xpssvcs.dll \
  programs/arp/x86_64-windows/arp.exe programs/aspnet_regiis/x86_64-windows/aspnet_regiis.exe \
  programs/attrib/x86_64-windows/attrib.exe programs/cabarc/x86_64-windows/cabarc.exe \
  programs/cacls/x86_64-windows/cacls.exe programs/certutil/x86_64-windows/certutil.exe \
  programs/chcp.com/x86_64-windows/chcp.com programs/clock/x86_64-windows/clock.exe \
  programs/cmd/x86_64-windows/cmd.exe programs/conhost/x86_64-windows/conhost.exe \
  programs/control/x86_64-windows/control.exe programs/cscript/x86_64-windows/cscript.exe \
  programs/dism/x86_64-windows/dism.exe programs/dllhost/x86_64-windows/dllhost.exe \
  programs/dplaysvr/x86_64-windows/dplaysvr.exe programs/dpnsvr/x86_64-windows/dpnsvr.exe \
  programs/dpvsetup/x86_64-windows/dpvsetup.exe programs/dxdiag/x86_64-windows/dxdiag.exe \
  programs/eject/x86_64-windows/eject.exe programs/expand/x86_64-windows/expand.exe \
  programs/explorer/x86_64-windows/explorer.exe programs/extrac32/x86_64-windows/extrac32.exe \
  programs/fc/x86_64-windows/fc.exe programs/find/x86_64-windows/find.exe \
  programs/findstr/x86_64-windows/findstr.exe programs/fsutil/x86_64-windows/fsutil.exe \
  programs/hh/x86_64-windows/hh.exe programs/hostname/x86_64-windows/hostname.exe \
  programs/icacls/x86_64-windows/icacls.exe programs/icinfo/x86_64-windows/icinfo.exe \
  programs/iexplore/x86_64-windows/iexplore.exe programs/ipconfig/x86_64-windows/ipconfig.exe \
  programs/klist/x86_64-windows/klist.exe programs/lodctr/x86_64-windows/lodctr.exe \
  programs/makecab/x86_64-windows/makecab.exe programs/mofcomp/x86_64-windows/mofcomp.exe \
  programs/mshta/x86_64-windows/mshta.exe programs/msidb/x86_64-windows/msidb.exe \
  programs/msiexec/x86_64-windows/msiexec.exe programs/msinfo32/x86_64-windows/msinfo32.exe \
  programs/net/x86_64-windows/net.exe programs/netsh/x86_64-windows/netsh.exe \
  programs/netstat/x86_64-windows/netstat.exe programs/ngen/x86_64-windows/ngen.exe \
  programs/notepad/x86_64-windows/notepad.exe programs/oleview/x86_64-windows/oleview.exe \
  programs/ping/x86_64-windows/ping.exe programs/plugplay/x86_64-windows/plugplay.exe \
  programs/pnputil/x86_64-windows/pnputil.exe programs/powershell/x86_64-windows/powershell.exe \
  programs/presentationfontcache/x86_64-windows/presentationfontcache.exe \
  programs/progman/x86_64-windows/progman.exe programs/reg/x86_64-windows/reg.exe \
  programs/regasm/x86_64-windows/regasm.exe programs/regedit/x86_64-windows/regedit.exe \
  programs/regini/x86_64-windows/regini.exe programs/regsvcs/x86_64-windows/regsvcs.exe \
  programs/regsvr32/x86_64-windows/regsvr32.exe programs/robocopy/x86_64-windows/robocopy.exe \
  programs/rpcss/x86_64-windows/rpcss.exe programs/runas/x86_64-windows/runas.exe
tools/install -m 644 --strip-program="tools/winebuild/winebuild --builtin --strip-cmd=llvm-strip" \
   -t /private/tmp/gptk4-runtime11/lib/wine/x86_64-windows \
  programs/rundll32/x86_64-windows/rundll32.exe programs/sc/x86_64-windows/sc.exe \
  programs/schtasks/x86_64-windows/schtasks.exe programs/sdbinst/x86_64-windows/sdbinst.exe \
  programs/secedit/x86_64-windows/secedit.exe \
  programs/servicemodelreg/x86_64-windows/servicemodelreg.exe \
  programs/services/x86_64-windows/services.exe programs/setx/x86_64-windows/setx.exe \
  programs/shutdown/x86_64-windows/shutdown.exe programs/sort/x86_64-windows/sort.exe \
  programs/spoolsv/x86_64-windows/spoolsv.exe programs/start/x86_64-windows/start.exe \
  programs/subst/x86_64-windows/subst.exe programs/svchost/x86_64-windows/svchost.exe \
  programs/systeminfo/x86_64-windows/systeminfo.exe programs/taskkill/x86_64-windows/taskkill.exe \
  programs/tasklist/x86_64-windows/tasklist.exe programs/taskmgr/x86_64-windows/taskmgr.exe \
  programs/termsv/x86_64-windows/termsv.exe programs/timeout/x86_64-windows/timeout.exe \
  programs/uninstaller/x86_64-windows/uninstaller.exe programs/unlodctr/x86_64-windows/unlodctr.exe \
  programs/view/x86_64-windows/view.exe programs/wevtutil/x86_64-windows/wevtutil.exe \
  programs/where/x86_64-windows/where.exe programs/whoami/x86_64-windows/whoami.exe \
  programs/wineboot/x86_64-windows/wineboot.exe programs/winebrowser/x86_64-windows/winebrowser.exe \
  programs/winecfg/x86_64-windows/winecfg.exe programs/wineconsole/x86_64-windows/wineconsole.exe \
  programs/winedbg/x86_64-windows/winedbg.exe programs/winedevice/x86_64-windows/winedevice.exe \
  programs/winefile/x86_64-windows/winefile.exe \
  programs/winemenubuilder/x86_64-windows/winemenubuilder.exe \
  programs/winemine/x86_64-windows/winemine.exe \
  programs/winemsibuilder/x86_64-windows/winemsibuilder.exe \
  programs/winepath/x86_64-windows/winepath.exe programs/winhlp32/x86_64-windows/winhlp32.exe \
  programs/winmgmt/x86_64-windows/winmgmt.exe programs/winver/x86_64-windows/winver.exe \
  programs/wmic/x86_64-windows/wmic.exe programs/wmplayer/x86_64-windows/wmplayer.exe \
  programs/wordpad/x86_64-windows/wordpad.exe programs/write/x86_64-windows/write.exe \
  programs/wscript/x86_64-windows/wscript.exe programs/wuauserv/x86_64-windows/wuauserv.exe \
  programs/wusa/x86_64-windows/wusa.exe programs/xcopy/x86_64-windows/xcopy.exe
tools/install -m 644  -t /private/tmp/gptk4-runtime11/lib/wine/x86_64-windows \
  dlls/activeds.tlb/x86_64-windows/activeds.tlb dlls/apisetschema/x86_64-windows/apisetschema.dll \
  dlls/icmp/x86_64-windows/icmp.dll dlls/light.msstyles/x86_64-windows/light.msstyles \
  dlls/lz32/x86_64-windows/lz32.dll dlls/mferror/x86_64-windows/mferror.dll \
  dlls/mshtml.tlb/x86_64-windows/mshtml.tlb dlls/msimsg/x86_64-windows/msimsg.dll \
  dlls/normaliz/x86_64-windows/normaliz.dll dlls/security/x86_64-windows/security.dll \
  dlls/sfc/x86_64-windows/sfc.dll dlls/shdoclc/x86_64-windows/shdoclc.dll \
  dlls/stdole2.tlb/x86_64-windows/stdole2.tlb dlls/stdole32.tlb/x86_64-windows/stdole32.tlb \
  dlls/tzres/x86_64-windows/tzres.dll dlls/usp10/x86_64-windows/usp10.dll \
  dlls/wmi/x86_64-windows/wmi.dll
tools/install -m 644  -t /private/tmp/gptk4-runtime11/share/wine/winmd \
  include/windows.applicationmodel.winmd include/windows.globalization.winmd \
  include/windows.graphics.winmd include/windows.media.winmd include/windows.networking.winmd \
  include/windows.perception.winmd include/windows.storage.winmd include/windows.system.winmd \
  include/windows.ui.winmd include/windows.ui.xaml.winmd
tools/install -m 644  -t /private/tmp/gptk4-runtime11/share/wine loader/wine.inf
tools/install --strip-program="strip"  \
  -t /private/tmp/gptk4-runtime11/lib/wine/x86_64-unix loader/wine
tools/install -m 644  -t /private/tmp/gptk4-runtime11/share/wine/nls \
  /private/tmp/gptk4-wine11-source/nls/c_037.nls /private/tmp/gptk4-wine11-source/nls/c_10000.nls \
  /private/tmp/gptk4-wine11-source/nls/c_10001.nls /private/tmp/gptk4-wine11-source/nls/c_10002.nls \
  /private/tmp/gptk4-wine11-source/nls/c_10003.nls /private/tmp/gptk4-wine11-source/nls/c_10004.nls \
  /private/tmp/gptk4-wine11-source/nls/c_10005.nls /private/tmp/gptk4-wine11-source/nls/c_10006.nls \
  /private/tmp/gptk4-wine11-source/nls/c_10007.nls /private/tmp/gptk4-wine11-source/nls/c_10008.nls \
  /private/tmp/gptk4-wine11-source/nls/c_10010.nls /private/tmp/gptk4-wine11-source/nls/c_10017.nls \
  /private/tmp/gptk4-wine11-source/nls/c_10021.nls /private/tmp/gptk4-wine11-source/nls/c_10029.nls \
  /private/tmp/gptk4-wine11-source/nls/c_10079.nls /private/tmp/gptk4-wine11-source/nls/c_10081.nls \
  /private/tmp/gptk4-wine11-source/nls/c_10082.nls /private/tmp/gptk4-wine11-source/nls/c_1026.nls \
  /private/tmp/gptk4-wine11-source/nls/c_1250.nls /private/tmp/gptk4-wine11-source/nls/c_1251.nls \
  /private/tmp/gptk4-wine11-source/nls/c_1252.nls /private/tmp/gptk4-wine11-source/nls/c_1253.nls \
  /private/tmp/gptk4-wine11-source/nls/c_1254.nls /private/tmp/gptk4-wine11-source/nls/c_1255.nls \
  /private/tmp/gptk4-wine11-source/nls/c_1256.nls /private/tmp/gptk4-wine11-source/nls/c_1257.nls \
  /private/tmp/gptk4-wine11-source/nls/c_1258.nls /private/tmp/gptk4-wine11-source/nls/c_1361.nls \
  /private/tmp/gptk4-wine11-source/nls/c_20127.nls /private/tmp/gptk4-wine11-source/nls/c_20866.nls \
  /private/tmp/gptk4-wine11-source/nls/c_20932.nls /private/tmp/gptk4-wine11-source/nls/c_20949.nls \
  /private/tmp/gptk4-wine11-source/nls/c_21866.nls /private/tmp/gptk4-wine11-source/nls/c_28591.nls \
  /private/tmp/gptk4-wine11-source/nls/c_28592.nls /private/tmp/gptk4-wine11-source/nls/c_28593.nls \
  /private/tmp/gptk4-wine11-source/nls/c_28594.nls /private/tmp/gptk4-wine11-source/nls/c_28595.nls \
  /private/tmp/gptk4-wine11-source/nls/c_28596.nls /private/tmp/gptk4-wine11-source/nls/c_28597.nls \
  /private/tmp/gptk4-wine11-source/nls/c_28598.nls /private/tmp/gptk4-wine11-source/nls/c_28599.nls \
  /private/tmp/gptk4-wine11-source/nls/c_28603.nls /private/tmp/gptk4-wine11-source/nls/c_28605.nls \
  /private/tmp/gptk4-wine11-source/nls/c_437.nls /private/tmp/gptk4-wine11-source/nls/c_500.nls \
  /private/tmp/gptk4-wine11-source/nls/c_708.nls /private/tmp/gptk4-wine11-source/nls/c_720.nls \
  /private/tmp/gptk4-wine11-source/nls/c_737.nls /private/tmp/gptk4-wine11-source/nls/c_775.nls \
  /private/tmp/gptk4-wine11-source/nls/c_850.nls /private/tmp/gptk4-wine11-source/nls/c_852.nls \
  /private/tmp/gptk4-wine11-source/nls/c_855.nls /private/tmp/gptk4-wine11-source/nls/c_857.nls \
  /private/tmp/gptk4-wine11-source/nls/c_860.nls /private/tmp/gptk4-wine11-source/nls/c_861.nls \
  /private/tmp/gptk4-wine11-source/nls/c_862.nls /private/tmp/gptk4-wine11-source/nls/c_863.nls \
  /private/tmp/gptk4-wine11-source/nls/c_864.nls /private/tmp/gptk4-wine11-source/nls/c_865.nls \
  /private/tmp/gptk4-wine11-source/nls/c_866.nls /private/tmp/gptk4-wine11-source/nls/c_869.nls \
  /private/tmp/gptk4-wine11-source/nls/c_874.nls /private/tmp/gptk4-wine11-source/nls/c_875.nls \
  /private/tmp/gptk4-wine11-source/nls/c_932.nls /private/tmp/gptk4-wine11-source/nls/c_936.nls \
  /private/tmp/gptk4-wine11-source/nls/c_949.nls /private/tmp/gptk4-wine11-source/nls/c_950.nls \
  /private/tmp/gptk4-wine11-source/nls/l_intl.nls /private/tmp/gptk4-wine11-source/nls/locale.nls \
  /private/tmp/gptk4-wine11-source/nls/normidna.nls /private/tmp/gptk4-wine11-source/nls/normnfc.nls \
  /private/tmp/gptk4-wine11-source/nls/normnfd.nls /private/tmp/gptk4-wine11-source/nls/normnfkc.nls \
  /private/tmp/gptk4-wine11-source/nls/normnfkd.nls \
  /private/tmp/gptk4-wine11-source/nls/sortdefault.nls
tools/install -L wine /private/tmp/gptk4-runtime11/bin/msidb
tools/install -m 644  programs/msiexec/msiexec.man \
  /private/tmp/gptk4-runtime11/share/man/man1/msiexec.1
tools/install -L wine /private/tmp/gptk4-runtime11/bin/msiexec
tools/install -m 644  programs/notepad/notepad.man \
  /private/tmp/gptk4-runtime11/share/man/man1/notepad.1
tools/install -L wine /private/tmp/gptk4-runtime11/bin/notepad
tools/install -m 644  programs/regedit/regedit.man \
  /private/tmp/gptk4-runtime11/share/man/man1/regedit.1
tools/install -L wine /private/tmp/gptk4-runtime11/bin/regedit
tools/install -m 644  programs/regsvr32/regsvr32.man \
  /private/tmp/gptk4-runtime11/share/man/man1/regsvr32.1
tools/install -L wine /private/tmp/gptk4-runtime11/bin/regsvr32
tools/install -m 644  programs/wineboot/wineboot.man \
  /private/tmp/gptk4-runtime11/share/man/man1/wineboot.1
tools/install -L wine /private/tmp/gptk4-runtime11/bin/wineboot
tools/install -m 644  programs/winecfg/winecfg.man \
  /private/tmp/gptk4-runtime11/share/man/man1/winecfg.1
tools/install -L wine /private/tmp/gptk4-runtime11/bin/winecfg
tools/install -m 644  programs/wineconsole/wineconsole.man \
  /private/tmp/gptk4-runtime11/share/man/man1/wineconsole.1
tools/install -L wine /private/tmp/gptk4-runtime11/bin/wineconsole
tools/install -m 644  programs/winedbg/winedbg.man \
  /private/tmp/gptk4-runtime11/share/man/man1/winedbg.1
tools/install -L wine /private/tmp/gptk4-runtime11/bin/winedbg
tools/install -m 644  programs/winefile/winefile.man \
  /private/tmp/gptk4-runtime11/share/man/man1/winefile.1
tools/install -L wine /private/tmp/gptk4-runtime11/bin/winefile
tools/install -m 644  programs/winemine/winemine.man \
  /private/tmp/gptk4-runtime11/share/man/man1/winemine.1
tools/install -L wine /private/tmp/gptk4-runtime11/bin/winemine
tools/install -m 644  programs/winepath/winepath.man \
  /private/tmp/gptk4-runtime11/share/man/man1/winepath.1
tools/install -L wine /private/tmp/gptk4-runtime11/bin/winepath
tools/install -m 644  server/wineserver.de.UTF-8.man \
  /private/tmp/gptk4-runtime11/share/man/de.UTF-8/man1/wineserver.1
tools/install -m 644  server/wineserver.fr.UTF-8.man \
  /private/tmp/gptk4-runtime11/share/man/fr.UTF-8/man1/wineserver.1
tools/install -m 644  server/wineserver.man \
  /private/tmp/gptk4-runtime11/share/man/man1/wineserver.1
tools/install --strip-program="strip"  -t /private/tmp/gptk4-runtime11/bin \
  server/wineserver tools/wine/wine
tools/install -m 644  tools/wine/wine.de.UTF-8.man \
  /private/tmp/gptk4-runtime11/share/man/de.UTF-8/man1/wine.1
tools/install -m 644  tools/wine/wine.fr.UTF-8.man \
  /private/tmp/gptk4-runtime11/share/man/fr.UTF-8/man1/wine.1
tools/install -m 644  tools/wine/wine.man /private/tmp/gptk4-runtime11/share/man/man1/wine.1
tools/install -m 644  tools/wine/wine.pl.UTF-8.man \
  /private/tmp/gptk4-runtime11/share/man/pl.UTF-8/man1/wine.1
tools/winebuild/winebuild -w --implib -o dlls/aclui/x86_64-windows/libaclui.a -b x86_64-windows --export \
  /private/tmp/gptk4-wine11-source/dlls/aclui/aclui.spec
tools/winebuild/winebuild -w --implib -o dlls/atl/x86_64-windows/libatl.a -b x86_64-windows --export \
  /private/tmp/gptk4-wine11-source/dlls/atl/atl.spec
tools/winebuild/winebuild -w --implib -o dlls/atl100/x86_64-windows/libatl100.a -b x86_64-windows --export \
  /private/tmp/gptk4-wine11-source/dlls/atl100/atl100.spec
tools/winebuild/winebuild -w --implib -o dlls/atl110/x86_64-windows/libatl110.a -b x86_64-windows --export \
  /private/tmp/gptk4-wine11-source/dlls/atl110/atl110.spec
tools/winebuild/winebuild -w --implib -o dlls/atl80/x86_64-windows/libatl80.a -b x86_64-windows --export \
  /private/tmp/gptk4-wine11-source/dlls/atl80/atl80.spec
tools/winebuild/winebuild -w --implib -o dlls/atlthunk/x86_64-windows/libatlthunk.a -b x86_64-windows --export \
  /private/tmp/gptk4-wine11-source/dlls/atlthunk/atlthunk.spec
tools/winebuild/winebuild -w --implib -o dlls/avifil32/x86_64-windows/libavifil32.a -b x86_64-windows --export \
  /private/tmp/gptk4-wine11-source/dlls/avifil32/avifil32.spec
tools/winebuild/winebuild -w --implib -o dlls/avrt/x86_64-windows/libavrt.a -b x86_64-windows --export \
  /private/tmp/gptk4-wine11-source/dlls/avrt/avrt.spec
tools/winebuild/winebuild -w --implib -o dlls/bcp47langs/x86_64-windows/libbcp47langs.a -b x86_64-windows --export \
  /private/tmp/gptk4-wine11-source/dlls/bcp47langs/bcp47langs.spec
tools/winebuild/winebuild -w --implib -o dlls/cards/x86_64-windows/libcards.a -b x86_64-windows --export \
  /private/tmp/gptk4-wine11-source/dlls/cards/cards.spec
tools/winebuild/winebuild -w --implib -o dlls/clusapi/x86_64-windows/libclusapi.a -b x86_64-windows --export \
  /private/tmp/gptk4-wine11-source/dlls/clusapi/clusapi.spec
tools/winebuild/winebuild -w --implib -o dlls/comsvcs/x86_64-windows/libcomsvcs.a -b x86_64-windows --export \
  /private/tmp/gptk4-wine11-source/dlls/comsvcs/comsvcs.spec
tools/winebuild/winebuild -w --implib -o dlls/coremessaging/x86_64-windows/libcoremessaging.a -b x86_64-windows --export \
  /private/tmp/gptk4-wine11-source/dlls/coremessaging/coremessaging.spec
tools/winebuild/winebuild -w --implib -o dlls/credui/x86_64-windows/libcredui.a -b x86_64-windows --export \
  /private/tmp/gptk4-wine11-source/dlls/credui/credui.spec
tools/winebuild/winebuild -w --implib -o dlls/cryptdll/x86_64-windows/libcryptdll.a -b x86_64-windows --export \
  /private/tmp/gptk4-wine11-source/dlls/cryptdll/cryptdll.spec
tools/winebuild/winebuild -w --implib -o dlls/cryptxml/x86_64-windows/libcryptxml.a -b x86_64-windows --export \
  /private/tmp/gptk4-wine11-source/dlls/cryptxml/cryptxml.spec
tools/winebuild/winebuild -w --implib -o dlls/d2d1/x86_64-windows/libd2d1.a -b x86_64-windows --export \
  /private/tmp/gptk4-wine11-source/dlls/d2d1/d2d1.spec
tools/winebuild/winebuild -w --implib -o dlls/d3d10/x86_64-windows/libd3d10.a -b x86_64-windows --export \
  /private/tmp/gptk4-wine11-source/dlls/d3d10/d3d10.spec
tools/winebuild/winebuild -w --implib -o dlls/d3d12/x86_64-windows/libd3d12.a -b x86_64-windows --export \
  /private/tmp/gptk4-wine11-source/dlls/d3d12/d3d12.spec
tools/winebuild/winebuild -w --implib -o dlls/d3d8/x86_64-windows/libd3d8.a -b x86_64-windows --export \
  /private/tmp/gptk4-wine11-source/dlls/d3d8/d3d8.spec
tools/winebuild/winebuild -w --implib -o dlls/d3dcompiler_46/x86_64-windows/libd3dcompiler_46.a -b x86_64-windows --export \
  /private/tmp/gptk4-wine11-source/dlls/d3dcompiler_46/d3dcompiler_46.spec
tools/winebuild/winebuild -w --implib -o dlls/d3drm/x86_64-windows/libd3drm.a -b x86_64-windows --export \
  /private/tmp/gptk4-wine11-source/dlls/d3drm/d3drm.spec
tools/winebuild/winebuild -w --implib -o dlls/d3dx10_33/x86_64-windows/libd3dx10_33.a -b x86_64-windows --export \
  /private/tmp/gptk4-wine11-source/dlls/d3dx10_33/d3dx10_33.spec
tools/winebuild/winebuild -w --implib -o dlls/d3dx10_34/x86_64-windows/libd3dx10_34.a -b x86_64-windows --export \
  /private/tmp/gptk4-wine11-source/dlls/d3dx10_34/d3dx10_34.spec
tools/winebuild/winebuild -w --implib -o dlls/d3dx10_35/x86_64-windows/libd3dx10_35.a -b x86_64-windows --export \
  /private/tmp/gptk4-wine11-source/dlls/d3dx10_35/d3dx10_35.spec
tools/winebuild/winebuild -w --implib -o dlls/d3dx10_36/x86_64-windows/libd3dx10_36.a -b x86_64-windows --export \
  /private/tmp/gptk4-wine11-source/dlls/d3dx10_36/d3dx10_36.spec
tools/winebuild/winebuild -w --implib -o dlls/d3dx10_37/x86_64-windows/libd3dx10_37.a -b x86_64-windows --export \
  /private/tmp/gptk4-wine11-source/dlls/d3dx10_37/d3dx10_37.spec
tools/winebuild/winebuild -w --implib -o dlls/d3dx10_38/x86_64-windows/libd3dx10_38.a -b x86_64-windows --export \
  /private/tmp/gptk4-wine11-source/dlls/d3dx10_38/d3dx10_38.spec
tools/winebuild/winebuild -w --implib -o dlls/d3dx10_39/x86_64-windows/libd3dx10_39.a -b x86_64-windows --export \
  /private/tmp/gptk4-wine11-source/dlls/d3dx10_39/d3dx10_39.spec
tools/winebuild/winebuild -w --implib -o dlls/d3dx10_40/x86_64-windows/libd3dx10_40.a -b x86_64-windows --export \
  /private/tmp/gptk4-wine11-source/dlls/d3dx10_40/d3dx10_40.spec
tools/winebuild/winebuild -w --implib -o dlls/d3dx10_41/x86_64-windows/libd3dx10_41.a -b x86_64-windows --export \
  /private/tmp/gptk4-wine11-source/dlls/d3dx10_41/d3dx10_41.spec
tools/winebuild/winebuild -w --implib -o dlls/d3dx10_42/x86_64-windows/libd3dx10_42.a -b x86_64-windows --export \
  /private/tmp/gptk4-wine11-source/dlls/d3dx10_42/d3dx10_42.spec
tools/winebuild/winebuild -w --implib -o dlls/d3dx10_43/x86_64-windows/libd3dx10.a -b x86_64-windows --export \
  /private/tmp/gptk4-wine11-source/dlls/d3dx10_43/d3dx10_43.spec
tools/winebuild/winebuild -w --implib -o dlls/d3dx11_42/x86_64-windows/libd3dx11_42.a -b x86_64-windows --export \
  /private/tmp/gptk4-wine11-source/dlls/d3dx11_42/d3dx11_42.spec
tools/winebuild/winebuild -w --implib -o dlls/d3dx9_35/x86_64-windows/libd3dx9_35.a -b x86_64-windows --export \
  /private/tmp/gptk4-wine11-source/dlls/d3dx9_35/d3dx9_35.spec
tools/winebuild/winebuild -w --implib -o dlls/d3dx9_36/x86_64-windows/libd3dx9.a -b x86_64-windows --export \
  /private/tmp/gptk4-wine11-source/dlls/d3dx9_36/d3dx9_36.spec
tools/winebuild/winebuild -w --implib -o dlls/d3dx9_42/x86_64-windows/libd3dx9_42.a -b x86_64-windows --export \
  /private/tmp/gptk4-wine11-source/dlls/d3dx9_42/d3dx9_42.spec
tools/winebuild/winebuild -w --implib -o dlls/d3dx9_43/x86_64-windows/libd3dx9_43.a -b x86_64-windows --export \
  /private/tmp/gptk4-wine11-source/dlls/d3dx9_43/d3dx9_43.spec
tools/winebuild/winebuild -w --implib -o dlls/dbgeng/x86_64-windows/libdbgeng.a -b x86_64-windows --export \
  /private/tmp/gptk4-wine11-source/dlls/dbgeng/dbgeng.spec
tools/winebuild/winebuild -w --implib -o dlls/dciman32/x86_64-windows/libdciman32.a -b x86_64-windows --export \
  /private/tmp/gptk4-wine11-source/dlls/dciman32/dciman32.spec
tools/winebuild/winebuild -w --implib -o dlls/dwmapi/x86_64-windows/libdwmapi.a -b x86_64-windows --export \
  /private/tmp/gptk4-wine11-source/dlls/dwmapi/dwmapi.spec
tools/winebuild/winebuild -w --implib -o dlls/faultrep/x86_64-windows/libfaultrep.a -b x86_64-windows --export \
  /private/tmp/gptk4-wine11-source/dlls/faultrep/faultrep.spec
tools/winebuild/winebuild -w --implib -o dlls/fltmgr.sys/x86_64-windows/libfltmgr.a -b x86_64-windows --export \
  /private/tmp/gptk4-wine11-source/dlls/fltmgr.sys/fltmgr.sys.spec
tools/winebuild/winebuild -w --implib -o dlls/hhctrl.ocx/x86_64-windows/libhtmlhelp.a -b x86_64-windows --export \
  /private/tmp/gptk4-wine11-source/dlls/hhctrl.ocx/hhctrl.ocx.spec
tools/winebuild/winebuild -w --implib -o dlls/hlink/x86_64-windows/libhlink.a -b x86_64-windows --export \
  /private/tmp/gptk4-wine11-source/dlls/hlink/hlink.spec
tools/winebuild/winebuild -w --implib -o dlls/httpapi/x86_64-windows/libhttpapi.a -b x86_64-windows --export \
  /private/tmp/gptk4-wine11-source/dlls/httpapi/httpapi.spec
tools/winebuild/winebuild -w --implib -o dlls/icmui/x86_64-windows/libicmui.a -b x86_64-windows --export \
  /private/tmp/gptk4-wine11-source/dlls/icmui/icmui.spec
tools/winebuild/winebuild -w --implib -o dlls/lz32/x86_64-windows/liblz32.a -b x86_64-windows --export \
  /private/tmp/gptk4-wine11-source/dlls/lz32/lz32.spec
tools/winebuild/winebuild -w --implib -o dlls/mfplay/x86_64-windows/libmfplay.a -b x86_64-windows --export \
  /private/tmp/gptk4-wine11-source/dlls/mfplay/mfplay.spec
tools/winebuild/winebuild -w --implib -o dlls/mfsrcsnk/x86_64-windows/libmfsrcsnk.a -b x86_64-windows --export \
  /private/tmp/gptk4-wine11-source/dlls/mfsrcsnk/mfsrcsnk.spec
tools/winebuild/winebuild -w --implib -o dlls/mprapi/x86_64-windows/libmprapi.a -b x86_64-windows --export \
  /private/tmp/gptk4-wine11-source/dlls/mprapi/mprapi.spec
tools/winebuild/winebuild -w --implib -o dlls/msasn1/x86_64-windows/libmsasn1.a -b x86_64-windows --export \
  /private/tmp/gptk4-wine11-source/dlls/msasn1/msasn1.spec
tools/winebuild/winebuild -w --implib -o dlls/mscms/x86_64-windows/libmscms.a -b x86_64-windows --export \
  /private/tmp/gptk4-wine11-source/dlls/mscms/mscms.spec
clang -D__STDC__ -c -o dlls/msvcrtd/x86_64-windows/iob.o /private/tmp/gptk4-wine11-source/dlls/msvcrt/iob.c -Idlls/msvcrtd \
  -I/private/tmp/gptk4-wine11-source/dlls/msvcrtd -I/private/tmp/gptk4-wine11-source/dlls/msvcrt \
  -Iinclude -I/private/tmp/gptk4-wine11-source/include \
  -I/private/tmp/gptk4-wine11-source/include/msvcrt -D_MSVCR_VER=0 -D__WINESRC__ -D_CRTIMP= \
  -D_DEBUG= -D__WINE_PE_BUILD -Wall -target x86_64-windows -fuse-ld=lld --no-default-config \
  -fno-strict-aliasing -Wdeclaration-after-statement -Wempty-body -Wignored-qualifiers -Winit-self \
  -Wno-microsoft-enum-forward-reference -Wstrict-prototypes -Wtype-limits -Wunused-but-set-parameter \
  -Wvla -Wwrite-strings -Wpointer-arith -Wabsolute-value -ffunction-sections -fasync-exceptions \
  -ffp-exception-behavior=maytrap -fms-hotpatch -Wformat-overflow -Wnonnull -mcx16 -mcmodel=small \
  -gdwarf-4 -fno-builtin -g -O2
clang -D__STDC__ -c -o dlls/msvcrtd/x86_64-windows/onexit.o /private/tmp/gptk4-wine11-source/dlls/msvcrt/onexit.c -Idlls/msvcrtd \
  -I/private/tmp/gptk4-wine11-source/dlls/msvcrtd -I/private/tmp/gptk4-wine11-source/dlls/msvcrt \
  -Iinclude -I/private/tmp/gptk4-wine11-source/include \
  -I/private/tmp/gptk4-wine11-source/include/msvcrt -D_MSVCR_VER=0 -D__WINESRC__ -D_CRTIMP= \
  -D_DEBUG= -D__WINE_PE_BUILD -Wall -target x86_64-windows -fuse-ld=lld --no-default-config \
  -fno-strict-aliasing -Wdeclaration-after-statement -Wempty-body -Wignored-qualifiers -Winit-self \
  -Wno-microsoft-enum-forward-reference -Wstrict-prototypes -Wtype-limits -Wunused-but-set-parameter \
  -Wvla -Wwrite-strings -Wpointer-arith -Wabsolute-value -ffunction-sections -fasync-exceptions \
  -ffp-exception-behavior=maytrap -fms-hotpatch -Wformat-overflow -Wnonnull -mcx16 -mcmodel=small \
  -gdwarf-4 -fno-builtin -g -O2
tools/winebuild/winebuild -w --implib -o dlls/msvcrtd/x86_64-windows/libmsvcrtd.a -b x86_64-windows --export \
  /private/tmp/gptk4-wine11-source/dlls/msvcrtd/msvcrtd.spec dlls/msvcrtd/x86_64-windows/iob.o \
  dlls/msvcrtd/x86_64-windows/onexit.o
tools/winebuild/winebuild -w --implib -o dlls/ncrypt/x86_64-windows/libncrypt.a -b x86_64-windows --export \
  /private/tmp/gptk4-wine11-source/dlls/ncrypt/ncrypt.spec
tools/winebuild/winebuild -w --implib -o dlls/nddeapi/x86_64-windows/libnddeapi.a -b x86_64-windows --export \
  /private/tmp/gptk4-wine11-source/dlls/nddeapi/nddeapi.spec
tools/winebuild/winebuild -w --implib -o dlls/netio.sys/x86_64-windows/libnetio.a -b x86_64-windows --export \
  /private/tmp/gptk4-wine11-source/dlls/netio.sys/netio.sys.spec
tools/winebuild/winebuild -w --implib -o dlls/ninput/x86_64-windows/libninput.a -b x86_64-windows --export \
  /private/tmp/gptk4-wine11-source/dlls/ninput/ninput.spec
tools/winebuild/winebuild -w --implib -o dlls/normaliz/x86_64-windows/libnormaliz.a -b x86_64-windows --export \
  /private/tmp/gptk4-wine11-source/dlls/normaliz/normaliz.spec
tools/winebuild/winebuild -w --implib -o dlls/ntdsapi/x86_64-windows/libntdsapi.a -b x86_64-windows --export \
  /private/tmp/gptk4-wine11-source/dlls/ntdsapi/ntdsapi.spec
tools/winebuild/winebuild -w --implib -o dlls/olecli32/x86_64-windows/libolecli32.a -b x86_64-windows --export \
  /private/tmp/gptk4-wine11-source/dlls/olecli32/olecli32.spec
tools/winebuild/winebuild -w --implib -o dlls/olepro32/x86_64-windows/libolepro32.a -b x86_64-windows --export \
  /private/tmp/gptk4-wine11-source/dlls/olepro32/olepro32.spec
tools/winebuild/winebuild -w --implib -o dlls/olesvr32/x86_64-windows/libolesvr32.a -b x86_64-windows --export \
  /private/tmp/gptk4-wine11-source/dlls/olesvr32/olesvr32.spec
tools/winebuild/winebuild -w --implib -o dlls/pdh/x86_64-windows/libpdh.a -b x86_64-windows --export \
  /private/tmp/gptk4-wine11-source/dlls/pdh/pdh.spec
tools/winebuild/winebuild -w --implib -o dlls/powrprof/x86_64-windows/libpowrprof.a -b x86_64-windows --export \
  /private/tmp/gptk4-wine11-source/dlls/powrprof/powrprof.spec
tools/winebuild/winebuild -w --implib -o dlls/prntvpt/x86_64-windows/libprntvpt.a -b x86_64-windows --export \
  /private/tmp/gptk4-wine11-source/dlls/prntvpt/prntvpt.spec
tools/winebuild/winebuild -w --implib -o dlls/psapi/x86_64-windows/libpsapi.a -b x86_64-windows --export \
  /private/tmp/gptk4-wine11-source/dlls/psapi/psapi.spec
tools/winebuild/winebuild -w --implib -o dlls/quartz/x86_64-windows/libquartz.a -b x86_64-windows --export \
  /private/tmp/gptk4-wine11-source/dlls/quartz/quartz.spec
tools/winebuild/winebuild -w --implib -o dlls/qwave/x86_64-windows/libqwave.a -b x86_64-windows --export \
  /private/tmp/gptk4-wine11-source/dlls/qwave/qwave.spec
tools/winebuild/winebuild -w --implib -o dlls/rasdlg/x86_64-windows/librasdlg.a -b x86_64-windows --export \
  /private/tmp/gptk4-wine11-source/dlls/rasdlg/rasdlg.spec
tools/winebuild/winebuild -w --implib -o dlls/resutils/x86_64-windows/libresutils.a -b x86_64-windows --export \
  /private/tmp/gptk4-wine11-source/dlls/resutils/resutils.spec
tools/winebuild/winebuild -w --implib -o dlls/rometadata/x86_64-windows/librometadata.a -b x86_64-windows --export \
  /private/tmp/gptk4-wine11-source/dlls/rometadata/rometadata.spec
tools/winebuild/winebuild -w --implib -o dlls/rtutils/x86_64-windows/librtutils.a -b x86_64-windows --export \
  /private/tmp/gptk4-wine11-source/dlls/rtutils/rtutils.spec
tools/winebuild/winebuild -w --implib -o dlls/sfc/x86_64-windows/libsfc.a -b x86_64-windows --export \
  /private/tmp/gptk4-wine11-source/dlls/sfc/sfc.spec
tools/winebuild/winebuild -w --implib -o dlls/sfc_os/x86_64-windows/libsfc_os.a -b x86_64-windows --export \
  /private/tmp/gptk4-wine11-source/dlls/sfc_os/sfc_os.spec
tools/winebuild/winebuild -w --implib -o dlls/shfolder/x86_64-windows/libshfolder.a -b x86_64-windows --export \
  /private/tmp/gptk4-wine11-source/dlls/shfolder/shfolder.spec
tools/winebuild/winebuild -w --implib -o dlls/slc/x86_64-windows/libslc.a -b x86_64-windows --export \
  /private/tmp/gptk4-wine11-source/dlls/slc/slc.spec
tools/winebuild/winebuild -w --implib -o dlls/sti/x86_64-windows/libsti.a -b x86_64-windows --export \
  /private/tmp/gptk4-wine11-source/dlls/sti/sti.spec
tools/winebuild/winebuild -w --implib -o dlls/t2embed/x86_64-windows/libt2embed.a -b x86_64-windows --export \
  /private/tmp/gptk4-wine11-source/dlls/t2embed/t2embed.spec
tools/winebuild/winebuild -w --implib -o dlls/tapi32/x86_64-windows/libtapi32.a -b x86_64-windows --export \
  /private/tmp/gptk4-wine11-source/dlls/tapi32/tapi32.spec
tools/winebuild/winebuild -w --implib -o dlls/tdh/x86_64-windows/libtdh.a -b x86_64-windows --export \
  /private/tmp/gptk4-wine11-source/dlls/tdh/tdh.spec
tools/winebuild/winebuild -w --implib -o dlls/twaindsm/x86_64-windows/libtwaindsm.a -b x86_64-windows --export \
  /private/tmp/gptk4-wine11-source/dlls/twaindsm/twaindsm.spec
tools/winebuild/winebuild -w --implib -o dlls/uiautomationcore/x86_64-windows/libuiautomationcore.a -b x86_64-windows --export \
  /private/tmp/gptk4-wine11-source/dlls/uiautomationcore/uiautomationcore.spec
tools/winebuild/winebuild -w --implib -o dlls/unicows/x86_64-windows/libunicows.a -b x86_64-windows --export \
  /private/tmp/gptk4-wine11-source/dlls/unicows/unicows.spec
tools/winebuild/winebuild -w --implib -o dlls/url/x86_64-windows/liburl.a -b x86_64-windows --export \
  /private/tmp/gptk4-wine11-source/dlls/url/url.spec
tools/winebuild/winebuild -w --implib -o dlls/usbd.sys/x86_64-windows/libusbd.a -b x86_64-windows --export \
  /private/tmp/gptk4-wine11-source/dlls/usbd.sys/usbd.sys.spec
tools/winebuild/winebuild -w --implib -o dlls/usp10/x86_64-windows/libusp10.a -b x86_64-windows --export \
  /private/tmp/gptk4-wine11-source/dlls/usp10/usp10.spec
tools/winebuild/winebuild -w --implib -o dlls/vdmdbg/x86_64-windows/libvdmdbg.a -b x86_64-windows --export \
  /private/tmp/gptk4-wine11-source/dlls/vdmdbg/vdmdbg.spec
tools/winebuild/winebuild -w --implib -o dlls/vulkan-1/x86_64-windows/libvulkan-1.a -b x86_64-windows --export \
  /private/tmp/gptk4-wine11-source/dlls/vulkan-1/vulkan-1.spec
tools/winebuild/winebuild -w --implib -o dlls/wer/x86_64-windows/libwer.a -b x86_64-windows --export \
  /private/tmp/gptk4-wine11-source/dlls/wer/wer.spec
tools/winebuild/winebuild -w --implib -o dlls/wevtapi/x86_64-windows/libwevtapi.a -b x86_64-windows --export \
  /private/tmp/gptk4-wine11-source/dlls/wevtapi/wevtapi.spec
tools/winebuild/winebuild -w --implib -o dlls/windowscodecsext/x86_64-windows/libwindowscodecsext.a -b x86_64-windows --export \
  /private/tmp/gptk4-wine11-source/dlls/windowscodecsext/windowscodecsext.spec
tools/winebuild/winebuild -w --implib -o dlls/winevulkan/x86_64-windows/libwinevulkan.a -b x86_64-windows --export \
  /private/tmp/gptk4-wine11-source/dlls/winevulkan/winevulkan.spec
tools/winebuild/winebuild -w --implib -o dlls/wing32/x86_64-windows/libwing32.a -b x86_64-windows --export \
  /private/tmp/gptk4-wine11-source/dlls/wing32/wing32.spec
tools/winebuild/winebuild -w --implib -o dlls/winnls32/x86_64-windows/libwinnls32.a -b x86_64-windows --export \
  /private/tmp/gptk4-wine11-source/dlls/winnls32/winnls32.spec
tools/winebuild/winebuild -w --implib -o dlls/winscard/x86_64-windows/libwinscard.a -b x86_64-windows --export \
  /private/tmp/gptk4-wine11-source/dlls/winscard/winscard.spec
tools/winebuild/winebuild -w --implib -o dlls/wintab32/x86_64-windows/libwintab32.a -b x86_64-windows --export \
  /private/tmp/gptk4-wine11-source/dlls/wintab32/wintab32.spec
tools/winebuild/winebuild -w --implib -o dlls/wintypes/x86_64-windows/libwintypes.a -b x86_64-windows --export \
  /private/tmp/gptk4-wine11-source/dlls/wintypes/wintypes.spec
tools/winebuild/winebuild -w --implib -o dlls/wlanapi/x86_64-windows/libwlanapi.a -b x86_64-windows --export \
  /private/tmp/gptk4-wine11-source/dlls/wlanapi/wlanapi.spec
tools/winebuild/winebuild -w --implib -o dlls/wnaspi32/x86_64-windows/libwnaspi32.a -b x86_64-windows --export \
  /private/tmp/gptk4-wine11-source/dlls/wnaspi32/wnaspi32.spec
tools/winebuild/winebuild -w --implib -o dlls/wsdapi/x86_64-windows/libwsdapi.a -b x86_64-windows --export \
  /private/tmp/gptk4-wine11-source/dlls/wsdapi/wsdapi.spec
tools/winebuild/winebuild -w --implib -o dlls/wsnmp32/x86_64-windows/libwsnmp32.a -b x86_64-windows --export \
  /private/tmp/gptk4-wine11-source/dlls/wsnmp32/wsnmp32.spec
tools/winebuild/winebuild -w --implib -o dlls/wsock32/x86_64-windows/libwsock32.a -b x86_64-windows --export \
  /private/tmp/gptk4-wine11-source/dlls/wsock32/wsock32.spec
tools/winebuild/winebuild -w --implib -o dlls/wtsapi32/x86_64-windows/libwtsapi32.a -b x86_64-windows --export \
  /private/tmp/gptk4-wine11-source/dlls/wtsapi32/wtsapi32.spec
tools/winebuild/winebuild -w --implib -o dlls/xaudio2_8/x86_64-windows/libxaudio2_8.a -b x86_64-windows --export \
  /private/tmp/gptk4-wine11-source/dlls/xaudio2_8/xaudio2_8.spec
clang -D__STDC__ -c -o libs/adsiid/x86_64-windows/adsiid.o /private/tmp/gptk4-wine11-source/libs/adsiid/adsiid.c -Ilibs/adsiid \
  -I/private/tmp/gptk4-wine11-source/libs/adsiid -Iinclude \
  -I/private/tmp/gptk4-wine11-source/include -I/private/tmp/gptk4-wine11-source/include/msvcrt \
  -D_MSVCR_VER=0 -D__WINESRC__ -D__WINE_PE_BUILD -Wall -target x86_64-windows -fuse-ld=lld \
  --no-default-config -fno-strict-aliasing -Wdeclaration-after-statement -Wempty-body \
  -Wignored-qualifiers -Winit-self -Wno-microsoft-enum-forward-reference -Wstrict-prototypes \
  -Wtype-limits -Wunused-but-set-parameter -Wvla -Wwrite-strings -Wpointer-arith -Wabsolute-value \
  -ffunction-sections -fasync-exceptions -ffp-exception-behavior=maytrap -fms-hotpatch \
  -Wformat-overflow -Wnonnull -mcx16 -mcmodel=small -gdwarf-4 -g -O2
tools/winebuild/winebuild -w --staticlib -o libs/adsiid/x86_64-windows/libadsiid.a -b x86_64-windows \
  libs/adsiid/x86_64-windows/adsiid.o
clang -D__STDC__ -c -o libs/dxerr8/x86_64-windows/dxerr8.o /private/tmp/gptk4-wine11-source/libs/dxerr8/dxerr8.c -Ilibs/dxerr8 \
  -I/private/tmp/gptk4-wine11-source/libs/dxerr8 -Iinclude \
  -I/private/tmp/gptk4-wine11-source/include -I/private/tmp/gptk4-wine11-source/include/msvcrt \
  -D_MSVCR_VER=0 -D__WINESRC__ -D__WINE_PE_BUILD -Wall -target x86_64-windows -fuse-ld=lld \
  --no-default-config -fno-strict-aliasing -Wdeclaration-after-statement -Wempty-body \
  -Wignored-qualifiers -Winit-self -Wno-microsoft-enum-forward-reference -Wstrict-prototypes \
  -Wtype-limits -Wunused-but-set-parameter -Wvla -Wwrite-strings -Wpointer-arith -Wabsolute-value \
  -ffunction-sections -fasync-exceptions -ffp-exception-behavior=maytrap -fms-hotpatch \
  -Wformat-overflow -Wnonnull -mcx16 -mcmodel=small -gdwarf-4 -g -O2
tools/winebuild/winebuild -w --staticlib -o libs/dxerr8/x86_64-windows/libdxerr8.a -b x86_64-windows \
  libs/dxerr8/x86_64-windows/dxerr8.o
clang -D__STDC__ -c -o libs/dxerr9/x86_64-windows/dxerr9.o /private/tmp/gptk4-wine11-source/libs/dxerr9/dxerr9.c -Ilibs/dxerr9 \
  -I/private/tmp/gptk4-wine11-source/libs/dxerr9 -Iinclude \
  -I/private/tmp/gptk4-wine11-source/include -I/private/tmp/gptk4-wine11-source/include/msvcrt \
  -D_MSVCR_VER=0 -D__WINESRC__ -D__WINE_PE_BUILD -Wall -target x86_64-windows -fuse-ld=lld \
  --no-default-config -fno-strict-aliasing -Wdeclaration-after-statement -Wempty-body \
  -Wignored-qualifiers -Winit-self -Wno-microsoft-enum-forward-reference -Wstrict-prototypes \
  -Wtype-limits -Wunused-but-set-parameter -Wvla -Wwrite-strings -Wpointer-arith -Wabsolute-value \
  -ffunction-sections -fasync-exceptions -ffp-exception-behavior=maytrap -fms-hotpatch \
  -Wformat-overflow -Wnonnull -mcx16 -mcmodel=small -gdwarf-4 -g -O2
tools/winebuild/winebuild -w --staticlib -o libs/dxerr9/x86_64-windows/libdxerr9.a -b x86_64-windows \
  libs/dxerr9/x86_64-windows/dxerr9.o
clang -D__STDC__ -c -o libs/wbemuuid/x86_64-windows/wbemuuid.o /private/tmp/gptk4-wine11-source/libs/wbemuuid/wbemuuid.c -Ilibs/wbemuuid \
  -I/private/tmp/gptk4-wine11-source/libs/wbemuuid -Iinclude \
  -I/private/tmp/gptk4-wine11-source/include -I/private/tmp/gptk4-wine11-source/include/msvcrt \
  -D_MSVCR_VER=0 -D__WINESRC__ -D__WINE_PE_BUILD -Wall -target x86_64-windows -fuse-ld=lld \
  --no-default-config -fno-strict-aliasing -Wdeclaration-after-statement -Wempty-body \
  -Wignored-qualifiers -Winit-self -Wno-microsoft-enum-forward-reference -Wstrict-prototypes \
  -Wtype-limits -Wunused-but-set-parameter -Wvla -Wwrite-strings -Wpointer-arith -Wabsolute-value \
  -ffunction-sections -fasync-exceptions -ffp-exception-behavior=maytrap -fms-hotpatch \
  -Wformat-overflow -Wnonnull -mcx16 -mcmodel=small -gdwarf-4 -g -O2
tools/winebuild/winebuild -w --staticlib -o libs/wbemuuid/x86_64-windows/libwbemuuid.a -b x86_64-windows \
  libs/wbemuuid/x86_64-windows/wbemuuid.o
tools/install -m 644  -t /private/tmp/gptk4-runtime11/lib/wine/x86_64-windows \
  dlls/aclui/x86_64-windows/libaclui.a dlls/activeds/x86_64-windows/libactiveds.a \
  dlls/advapi32/x86_64-windows/libadvapi32.a dlls/advpack/x86_64-windows/libadvpack.a \
  dlls/atl/x86_64-windows/libatl.a dlls/atl100/x86_64-windows/libatl100.a \
  dlls/atl110/x86_64-windows/libatl110.a dlls/atl80/x86_64-windows/libatl80.a \
  dlls/atlthunk/x86_64-windows/libatlthunk.a dlls/avicap32/x86_64-windows/libavicap32.a \
  dlls/avifil32/x86_64-windows/libavifil32.a dlls/avrt/x86_64-windows/libavrt.a \
  dlls/bcp47langs/x86_64-windows/libbcp47langs.a dlls/bcrypt/x86_64-windows/libbcrypt.a \
  dlls/bluetoothapis/x86_64-windows/libbluetoothapis.a dlls/cabinet/x86_64-windows/libcabinet.a \
  dlls/cards/x86_64-windows/libcards.a dlls/cfgmgr32/x86_64-windows/libcfgmgr32.a \
  dlls/clusapi/x86_64-windows/libclusapi.a dlls/combase/x86_64-windows/libcombase.a \
  dlls/comctl32/x86_64-windows/libcomctl32.a dlls/comdlg32/x86_64-windows/libcomdlg32.a \
  dlls/coml2/x86_64-windows/libcoml2.a dlls/compstui/x86_64-windows/libcompstui.a \
  dlls/comsvcs/x86_64-windows/libcomsvcs.a dlls/coremessaging/x86_64-windows/libcoremessaging.a \
  dlls/credui/x86_64-windows/libcredui.a dlls/crypt32/x86_64-windows/libcrypt32.a \
  dlls/cryptdll/x86_64-windows/libcryptdll.a dlls/cryptnet/x86_64-windows/libcryptnet.a \
  dlls/cryptsp/x86_64-windows/libcryptsp.a dlls/cryptui/x86_64-windows/libcryptui.a \
  dlls/cryptxml/x86_64-windows/libcryptxml.a dlls/d2d1/x86_64-windows/libd2d1.a \
  dlls/d3d10/x86_64-windows/libd3d10.a dlls/d3d10_1/x86_64-windows/libd3d10_1.a \
  dlls/d3d10core/x86_64-windows/libd3d10core.a dlls/d3d11/x86_64-windows/libd3d11.a \
  dlls/d3d12/x86_64-windows/libd3d12.a dlls/d3d8/x86_64-windows/libd3d8.a \
  dlls/d3d9/x86_64-windows/libd3d9.a dlls/d3dcompiler_39/x86_64-windows/libd3dcompiler_39.a \
  dlls/d3dcompiler_42/x86_64-windows/libd3dcompiler_42.a \
  dlls/d3dcompiler_43/x86_64-windows/libd3dcompiler_43.a \
  dlls/d3dcompiler_46/x86_64-windows/libd3dcompiler_46.a \
  dlls/d3dcompiler_47/x86_64-windows/libd3dcompiler.a dlls/d3drm/x86_64-windows/libd3drm.a \
  dlls/d3dx10_33/x86_64-windows/libd3dx10_33.a dlls/d3dx10_34/x86_64-windows/libd3dx10_34.a \
  dlls/d3dx10_35/x86_64-windows/libd3dx10_35.a dlls/d3dx10_36/x86_64-windows/libd3dx10_36.a \
  dlls/d3dx10_37/x86_64-windows/libd3dx10_37.a dlls/d3dx10_38/x86_64-windows/libd3dx10_38.a \
  dlls/d3dx10_39/x86_64-windows/libd3dx10_39.a dlls/d3dx10_40/x86_64-windows/libd3dx10_40.a \
  dlls/d3dx10_41/x86_64-windows/libd3dx10_41.a dlls/d3dx10_42/x86_64-windows/libd3dx10_42.a \
  dlls/d3dx10_43/x86_64-windows/libd3dx10.a dlls/d3dx11_42/x86_64-windows/libd3dx11_42.a \
  dlls/d3dx11_43/x86_64-windows/libd3dx11.a dlls/d3dx9_35/x86_64-windows/libd3dx9_35.a \
  dlls/d3dx9_36/x86_64-windows/libd3dx9.a dlls/d3dx9_42/x86_64-windows/libd3dx9_42.a \
  dlls/d3dx9_43/x86_64-windows/libd3dx9_43.a dlls/d3dxof/x86_64-windows/libd3dxof.a \
  dlls/dbgeng/x86_64-windows/libdbgeng.a dlls/dbghelp/x86_64-windows/libdbghelp.a \
  dlls/dciman32/x86_64-windows/libdciman32.a dlls/ddraw/x86_64-windows/libddraw.a \
  dlls/dhcpcsvc/x86_64-windows/libdhcpcsvc.a dlls/dinput/x86_64-windows/libdinput.a \
  dlls/dinput8/x86_64-windows/libdinput8.a dlls/dnsapi/x86_64-windows/libdnsapi.a \
  dlls/dplayx/x86_64-windows/libdplayx.a dlls/dpnet/x86_64-windows/libdpnet.a \
  dlls/dsound/x86_64-windows/libdsound.a dlls/dwmapi/x86_64-windows/libdwmapi.a \
  dlls/dwrite/x86_64-windows/libdwrite.a dlls/dxgi/x86_64-windows/libdxgi.a \
  dlls/dxva2/x86_64-windows/libdxva2.a dlls/evr/x86_64-windows/libevr.a \
  dlls/faultrep/x86_64-windows/libfaultrep.a dlls/fltmgr.sys/x86_64-windows/libfltmgr.a \
  dlls/gdi32/x86_64-windows/libgdi32.a dlls/gdiplus/x86_64-windows/libgdiplus.a \
  dlls/glu32/x86_64-windows/libglu32.a dlls/hal/x86_64-windows/libhal.a \
  dlls/hhctrl.ocx/x86_64-windows/libhtmlhelp.a dlls/hid/x86_64-windows/libhid.a \
  dlls/hidclass.sys/x86_64-windows/libhidclass.a dlls/hidparse.sys/x86_64-windows/libhidparse.a \
  dlls/hlink/x86_64-windows/libhlink.a dlls/httpapi/x86_64-windows/libhttpapi.a \
  dlls/icmui/x86_64-windows/libicmui.a dlls/ieframe/x86_64-windows/libieframe.a \
  dlls/imagehlp/x86_64-windows/libimagehlp.a dlls/imm32/x86_64-windows/libimm32.a \
  dlls/inetcomm/x86_64-windows/libinetcomm.a dlls/iphlpapi/x86_64-windows/libiphlpapi.a \
  dlls/jsproxy/x86_64-windows/libjsproxy.a dlls/kernel32/x86_64-windows/libkernel32.a \
  dlls/kernelbase/x86_64-windows/libkernelbase.a dlls/loadperf/x86_64-windows/libloadperf.a \
  dlls/lz32/x86_64-windows/liblz32.a dlls/mapi32/x86_64-windows/libmapi32.a \
  dlls/mf/x86_64-windows/libmf.a dlls/mfplat/x86_64-windows/libmfplat.a \
  dlls/mfplay/x86_64-windows/libmfplay.a dlls/mfreadwrite/x86_64-windows/libmfreadwrite.a \
  dlls/mfsrcsnk/x86_64-windows/libmfsrcsnk.a dlls/mlang/x86_64-windows/libmlang.a \
  dlls/mpr/x86_64-windows/libmpr.a dlls/mprapi/x86_64-windows/libmprapi.a \
  dlls/msacm32/x86_64-windows/libmsacm32.a dlls/msasn1/x86_64-windows/libmsasn1.a \
  dlls/mscms/x86_64-windows/libmscms.a dlls/msdmo/x86_64-windows/libmsdmo.a \
  dlls/mshtml/x86_64-windows/libmshtml.a dlls/msi/x86_64-windows/libmsi.a \
  dlls/msimg32/x86_64-windows/libmsimg32.a dlls/mspatcha/x86_64-windows/libmspatcha.a \
  dlls/msvcp140/x86_64-windows/libmsvcp140.a dlls/msvcr100/x86_64-windows/libmsvcr100.a \
  dlls/msvcr110/x86_64-windows/libmsvcr110.a dlls/msvcr120/x86_64-windows/libmsvcr120.a \
  dlls/msvcr70/x86_64-windows/libmsvcr70.a dlls/msvcr71/x86_64-windows/libmsvcr71.a \
  dlls/msvcr80/x86_64-windows/libmsvcr80.a dlls/msvcr90/x86_64-windows/libmsvcr90.a \
  dlls/msvcrt/x86_64-windows/libmsvcrt.a dlls/msvcrtd/x86_64-windows/libmsvcrtd.a \
  dlls/msvfw32/x86_64-windows/libmsvfw32.a dlls/mswsock/x86_64-windows/libmswsock.a \
  dlls/ncrypt/x86_64-windows/libncrypt.a dlls/nddeapi/x86_64-windows/libnddeapi.a \
  dlls/netapi32/x86_64-windows/libnetapi32.a dlls/netio.sys/x86_64-windows/libnetio.a \
  dlls/netutils/x86_64-windows/libnetutils.a dlls/newdev/x86_64-windows/libnewdev.a \
  dlls/ninput/x86_64-windows/libninput.a dlls/normaliz/x86_64-windows/libnormaliz.a \
  dlls/nsi/x86_64-windows/libnsi.a dlls/ntdll/x86_64-windows/libntdll.a \
  dlls/ntdsapi/x86_64-windows/libntdsapi.a dlls/ntoskrnl.exe/x86_64-windows/libntoskrnl.a \
  dlls/odbc32/x86_64-windows/libodbc32.a dlls/odbccp32/x86_64-windows/libodbccp32.a \
  dlls/ole32/x86_64-windows/libole32.a dlls/oleacc/x86_64-windows/liboleacc.a \
  dlls/oleaut32/x86_64-windows/liboleaut32.a dlls/olecli32/x86_64-windows/libolecli32.a \
  dlls/oledlg/x86_64-windows/liboledlg.a dlls/olepro32/x86_64-windows/libolepro32.a \
  dlls/olesvr32/x86_64-windows/libolesvr32.a dlls/opengl32/x86_64-windows/libopengl32.a \
  dlls/pdh/x86_64-windows/libpdh.a dlls/powrprof/x86_64-windows/libpowrprof.a \
  dlls/prntvpt/x86_64-windows/libprntvpt.a dlls/propsys/x86_64-windows/libpropsys.a \
  dlls/psapi/x86_64-windows/libpsapi.a dlls/quartz/x86_64-windows/libquartz.a \
  dlls/qwave/x86_64-windows/libqwave.a dlls/rasapi32/x86_64-windows/librasapi32.a \
  dlls/rasdlg/x86_64-windows/librasdlg.a dlls/resutils/x86_64-windows/libresutils.a \
  dlls/riched20/x86_64-windows/libriched20.a dlls/rometadata/x86_64-windows/librometadata.a \
  dlls/rpcrt4/x86_64-windows/librpcrt4.a dlls/rsaenh/x86_64-windows/librsaenh.a \
  dlls/rtutils/x86_64-windows/librtutils.a dlls/rtworkq/x86_64-windows/librtworkq.a \
  dlls/scrrun/x86_64-windows/libscrrun.a dlls/sechost/x86_64-windows/libsechost.a \
  dlls/secur32/x86_64-windows/libsecur32.a dlls/sensapi/x86_64-windows/libsensapi.a \
  dlls/setupapi/x86_64-windows/libsetupapi.a dlls/sfc/x86_64-windows/libsfc.a \
  dlls/sfc_os/x86_64-windows/libsfc_os.a dlls/shcore/x86_64-windows/libshcore.a \
  dlls/shdocvw/x86_64-windows/libshdocvw.a dlls/shell32/x86_64-windows/libshell32.a \
  dlls/shfolder/x86_64-windows/libshfolder.a dlls/shlwapi/x86_64-windows/libshlwapi.a \
  dlls/slc/x86_64-windows/libslc.a dlls/snmpapi/x86_64-windows/libsnmpapi.a \
  dlls/spoolss/x86_64-windows/libspoolss.a dlls/sti/x86_64-windows/libsti.a \
  dlls/sxs/x86_64-windows/libsxs.a dlls/t2embed/x86_64-windows/libt2embed.a \
  dlls/tapi32/x86_64-windows/libtapi32.a dlls/tdh/x86_64-windows/libtdh.a \
  dlls/twaindsm/x86_64-windows/libtwaindsm.a dlls/ucrtbase/x86_64-windows/libucrtbase.a \
  dlls/uiautomationcore/x86_64-windows/libuiautomationcore.a \
  dlls/unicows/x86_64-windows/libunicows.a dlls/url/x86_64-windows/liburl.a \
  dlls/urlmon/x86_64-windows/liburlmon.a dlls/usbd.sys/x86_64-windows/libusbd.a \
  dlls/user32/x86_64-windows/libuser32.a dlls/userenv/x86_64-windows/libuserenv.a \
  dlls/usp10/x86_64-windows/libusp10.a dlls/uxtheme/x86_64-windows/libuxtheme.a \
  dlls/vcruntime140/x86_64-windows/libvcruntime140.a dlls/vdmdbg/x86_64-windows/libvdmdbg.a \
  dlls/version/x86_64-windows/libversion.a dlls/vulkan-1/x86_64-windows/libvulkan-1.a \
  dlls/webservices/x86_64-windows/libwebservices.a dlls/wer/x86_64-windows/libwer.a \
  dlls/wevtapi/x86_64-windows/libwevtapi.a dlls/win32u/x86_64-windows/libwin32u.a \
  dlls/windowscodecs/x86_64-windows/libwindowscodecs.a \
  dlls/windowscodecsext/x86_64-windows/libwindowscodecsext.a \
  dlls/winecrt0/x86_64-windows/libwinecrt0.a dlls/wined3d/x86_64-windows/libwined3d.a \
  dlls/winedmo/x86_64-windows/libwinedmo.a dlls/winevulkan/x86_64-windows/libwinevulkan.a \
  dlls/wing32/x86_64-windows/libwing32.a dlls/winhttp/x86_64-windows/libwinhttp.a \
  dlls/wininet/x86_64-windows/libwininet.a dlls/winmm/x86_64-windows/libwinmm.a \
  dlls/winnls32/x86_64-windows/libwinnls32.a dlls/winscard/x86_64-windows/libwinscard.a \
  dlls/winspool.drv/x86_64-windows/libwinspool.a dlls/wintab32/x86_64-windows/libwintab32.a \
  dlls/wintrust/x86_64-windows/libwintrust.a dlls/wintypes/x86_64-windows/libwintypes.a \
  dlls/wlanapi/x86_64-windows/libwlanapi.a dlls/wldap32/x86_64-windows/libwldap32.a \
  dlls/wmvcore/x86_64-windows/libwmvcore.a dlls/wnaspi32/x86_64-windows/libwnaspi32.a \
  dlls/wow64/x86_64-windows/libwow64.a dlls/ws2_32/x86_64-windows/libws2_32.a \
  dlls/wsdapi/x86_64-windows/libwsdapi.a dlls/wsnmp32/x86_64-windows/libwsnmp32.a \
  dlls/wsock32/x86_64-windows/libwsock32.a dlls/wtsapi32/x86_64-windows/libwtsapi32.a \
  dlls/xaudio2_8/x86_64-windows/libxaudio2_8.a dlls/xinput1_3/x86_64-windows/libxinput.a \
  dlls/xmllite/x86_64-windows/libxmllite.a libs/adsiid/x86_64-windows/libadsiid.a \
  libs/compiler-rt/x86_64-windows/libcompiler-rt.a libs/dmoguids/x86_64-windows/libdmoguids.a \
  libs/dxerr8/x86_64-windows/libdxerr8.a libs/dxerr9/x86_64-windows/libdxerr9.a \
  libs/dxguid/x86_64-windows/libdxguid.a libs/mfuuid/x86_64-windows/libmfuuid.a \
  libs/strmbase/x86_64-windows/libstrmbase.a libs/strmiids/x86_64-windows/libstrmiids.a \
  libs/uuid/x86_64-windows/libuuid.a libs/wbemuuid/x86_64-windows/libwbemuuid.a \
  libs/wmcodecdspuuid/x86_64-windows/libwmcodecdspuuid.a
tools/install -m 644  -t /private/tmp/gptk4-runtime11/include/wine/windows \
  /private/tmp/gptk4-wine11-source/include/accctrl.h \
  /private/tmp/gptk4-wine11-source/include/access.idl \
  /private/tmp/gptk4-wine11-source/include/aclapi.h /private/tmp/gptk4-wine11-source/include/aclui.h \
  /private/tmp/gptk4-wine11-source/include/activation.idl include/activation.h \
  /private/tmp/gptk4-wine11-source/include/activaut.idl include/activaut.h \
  /private/tmp/gptk4-wine11-source/include/activdbg.idl include/activdbg.h \
  /private/tmp/gptk4-wine11-source/include/activeds.h \
  /private/tmp/gptk4-wine11-source/include/activscp.idl include/activscp.h \
  /private/tmp/gptk4-wine11-source/include/adserr.h \
  /private/tmp/gptk4-wine11-source/include/adshlp.h \
  /private/tmp/gptk4-wine11-source/include/advpub.h \
  /private/tmp/gptk4-wine11-source/include/af_irda.h \
  /private/tmp/gptk4-wine11-source/include/afunix.h \
  /private/tmp/gptk4-wine11-source/include/amaudio.h \
  /private/tmp/gptk4-wine11-source/include/amsi.idl include/amsi.h \
  /private/tmp/gptk4-wine11-source/include/amstream.idl include/amstream.h \
  /private/tmp/gptk4-wine11-source/include/amva.h \
  /private/tmp/gptk4-wine11-source/include/amvideo.idl include/amvideo.h \
  /private/tmp/gptk4-wine11-source/include/appcompatapi.h \
  /private/tmp/gptk4-wine11-source/include/appmgmt.h \
  /private/tmp/gptk4-wine11-source/include/appmodel.h \
  /private/tmp/gptk4-wine11-source/include/appnotify.h \
  /private/tmp/gptk4-wine11-source/include/asferr.h \
  /private/tmp/gptk4-wine11-source/include/asptlb.idl include/asptlb.h \
  /private/tmp/gptk4-wine11-source/include/asyncinfo.idl include/asyncinfo.h \
  /private/tmp/gptk4-wine11-source/include/asynot.idl \
  /private/tmp/gptk4-wine11-source/include/asysta.idl \
  /private/tmp/gptk4-wine11-source/include/atlbase.h \
  /private/tmp/gptk4-wine11-source/include/atlcom.h \
  /private/tmp/gptk4-wine11-source/include/atldef.h \
  /private/tmp/gptk4-wine11-source/include/atliface.idl include/atliface.h \
  /private/tmp/gptk4-wine11-source/include/atlthunk.h \
  /private/tmp/gptk4-wine11-source/include/atlwin.h \
  /private/tmp/gptk4-wine11-source/include/audevcod.h \
  /private/tmp/gptk4-wine11-source/include/audioclient.idl include/audioclient.h \
  /private/tmp/gptk4-wine11-source/include/audiopolicy.idl include/audiopolicy.h \
  /private/tmp/gptk4-wine11-source/include/audiosessiontypes.h \
  /private/tmp/gptk4-wine11-source/include/austream.idl include/austream.h \
  /private/tmp/gptk4-wine11-source/include/authz.h \
  /private/tmp/gptk4-wine11-source/include/aviriff.h /private/tmp/gptk4-wine11-source/include/avrt.h \
  /private/tmp/gptk4-wine11-source/include/axcore.idl \
  /private/tmp/gptk4-wine11-source/include/axextend.idl \
  /private/tmp/gptk4-wine11-source/include/axextendenums.h \
  /private/tmp/gptk4-wine11-source/include/basetsd.h \
  /private/tmp/gptk4-wine11-source/include/basetyps.h \
  /private/tmp/gptk4-wine11-source/include/bcrypt.h \
  /private/tmp/gptk4-wine11-source/include/bdaiface.idl include/bdaiface.h \
  /private/tmp/gptk4-wine11-source/include/bdaiface_enums.h \
  /private/tmp/gptk4-wine11-source/include/bdatypes.h \
  /private/tmp/gptk4-wine11-source/include/binres.idl \
  /private/tmp/gptk4-wine11-source/include/bits.idl include/bits.h \
  /private/tmp/gptk4-wine11-source/include/bits1_5.idl include/bits1_5.h \
  /private/tmp/gptk4-wine11-source/include/bits2_0.idl include/bits2_0.h \
  /private/tmp/gptk4-wine11-source/include/bits2_5.idl include/bits2_5.h \
  /private/tmp/gptk4-wine11-source/include/bits3_0.idl include/bits3_0.h \
  /private/tmp/gptk4-wine11-source/include/bits5_0.idl include/bits5_0.h \
  /private/tmp/gptk4-wine11-source/include/bitsmsg.h \
  /private/tmp/gptk4-wine11-source/include/bluetoothapis.h \
  /private/tmp/gptk4-wine11-source/include/bluetoothleapis.h \
  /private/tmp/gptk4-wine11-source/include/bthdef.h \
  /private/tmp/gptk4-wine11-source/include/bthioctl.h \
  /private/tmp/gptk4-wine11-source/include/bthledef.h \
  /private/tmp/gptk4-wine11-source/include/bthsdpdef.h \
  /private/tmp/gptk4-wine11-source/include/cderr.h \
  /private/tmp/gptk4-wine11-source/include/cdosys.idl include/cdosys.h \
  /private/tmp/gptk4-wine11-source/include/cfg.h /private/tmp/gptk4-wine11-source/include/cfgmgr32.h \
  /private/tmp/gptk4-wine11-source/include/cguid.h \
  /private/tmp/gptk4-wine11-source/include/chprst.idl \
  /private/tmp/gptk4-wine11-source/include/cierror.h \
  /private/tmp/gptk4-wine11-source/include/clusapi.h \
  /private/tmp/gptk4-wine11-source/include/cmdbas.idl \
  /private/tmp/gptk4-wine11-source/include/cmdpre.idl \
  /private/tmp/gptk4-wine11-source/include/cmdprp.idl \
  /private/tmp/gptk4-wine11-source/include/cmdstrm.idl \
  /private/tmp/gptk4-wine11-source/include/cmdtxt.idl \
  /private/tmp/gptk4-wine11-source/include/cmdwpr.idl \
  /private/tmp/gptk4-wine11-source/include/cmnquery.idl include/cmnquery.h \
  /private/tmp/gptk4-wine11-source/include/codecapi.h \
  /private/tmp/gptk4-wine11-source/include/colinf.idl \
  /private/tmp/gptk4-wine11-source/include/colordlg.h \
  /private/tmp/gptk4-wine11-source/include/colrst.idl \
  /private/tmp/gptk4-wine11-source/include/combaseapi.h \
  /private/tmp/gptk4-wine11-source/include/comcat.idl include/comcat.h \
  /private/tmp/gptk4-wine11-source/include/commctrl.h \
  /private/tmp/gptk4-wine11-source/include/commctrl.rh \
  /private/tmp/gptk4-wine11-source/include/commdlg.h \
  /private/tmp/gptk4-wine11-source/include/commoncontrols.idl include/commoncontrols.h \
  /private/tmp/gptk4-wine11-source/include/compobj.h \
  /private/tmp/gptk4-wine11-source/include/comsvcs.idl include/comsvcs.h \
  /private/tmp/gptk4-wine11-source/include/concurrencysal.h \
  /private/tmp/gptk4-wine11-source/include/consoleapi.h \
  /private/tmp/gptk4-wine11-source/include/control.idl include/control.h \
  /private/tmp/gptk4-wine11-source/include/cor.idl include/cor.h \
  /private/tmp/gptk4-wine11-source/include/cordebug.idl include/cordebug.h \
  /private/tmp/gptk4-wine11-source/include/corerror.h \
  /private/tmp/gptk4-wine11-source/include/corhdr.h \
  /private/tmp/gptk4-wine11-source/include/corsym.idl include/corsym.h \
  /private/tmp/gptk4-wine11-source/include/cpl.h /private/tmp/gptk4-wine11-source/include/crtrow.idl \
  /private/tmp/gptk4-wine11-source/include/cryptdlg.h \
  /private/tmp/gptk4-wine11-source/include/cryptuiapi.h \
  /private/tmp/gptk4-wine11-source/include/cryptxml.h \
  /private/tmp/gptk4-wine11-source/include/ctfutb.idl include/ctfutb.h \
  /private/tmp/gptk4-wine11-source/include/ctxtcall.idl include/ctxtcall.h \
  /private/tmp/gptk4-wine11-source/include/custcntl.h \
  /private/tmp/gptk4-wine11-source/include/cvconst.h \
  /private/tmp/gptk4-wine11-source/include/cvttyp.idl \
  /private/tmp/gptk4-wine11-source/include/d2d1.idl include/d2d1.h \
  /private/tmp/gptk4-wine11-source/include/d2d1_1.idl include/d2d1_1.h \
  /private/tmp/gptk4-wine11-source/include/d2d1_2.idl include/d2d1_2.h \
  /private/tmp/gptk4-wine11-source/include/d2d1_3.idl include/d2d1_3.h \
  /private/tmp/gptk4-wine11-source/include/d2d1effectauthor.idl include/d2d1effectauthor.h \
  /private/tmp/gptk4-wine11-source/include/d2d1effects.idl include/d2d1effects.h \
  /private/tmp/gptk4-wine11-source/include/d2d1effects_1.idl include/d2d1effects_1.h \
  /private/tmp/gptk4-wine11-source/include/d2d1effects_2.idl include/d2d1effects_2.h \
  /private/tmp/gptk4-wine11-source/include/d2dbasetypes.h \
  /private/tmp/gptk4-wine11-source/include/d2derr.h /private/tmp/gptk4-wine11-source/include/d3d.h \
  /private/tmp/gptk4-wine11-source/include/d3d10.idl include/d3d10.h \
  /private/tmp/gptk4-wine11-source/include/d3d10_1.idl include/d3d10_1.h \
  /private/tmp/gptk4-wine11-source/include/d3d10_1shader.h \
  /private/tmp/gptk4-wine11-source/include/d3d10effect.idl include/d3d10effect.h \
  /private/tmp/gptk4-wine11-source/include/d3d10misc.h \
  /private/tmp/gptk4-wine11-source/include/d3d10sdklayers.idl include/d3d10sdklayers.h \
  /private/tmp/gptk4-wine11-source/include/d3d10shader.idl include/d3d10shader.h \
  /private/tmp/gptk4-wine11-source/include/d3d11.idl include/d3d11.h \
  /private/tmp/gptk4-wine11-source/include/d3d11_1.idl include/d3d11_1.h \
  /private/tmp/gptk4-wine11-source/include/d3d11_2.idl include/d3d11_2.h \
  /private/tmp/gptk4-wine11-source/include/d3d11_3.idl include/d3d11_3.h \
  /private/tmp/gptk4-wine11-source/include/d3d11_4.idl include/d3d11_4.h \
  /private/tmp/gptk4-wine11-source/include/d3d11on12.idl include/d3d11on12.h \
  /private/tmp/gptk4-wine11-source/include/d3d11sdklayers.idl include/d3d11sdklayers.h \
  /private/tmp/gptk4-wine11-source/include/d3d11shader.h \
  /private/tmp/gptk4-wine11-source/include/d3d12.idl include/d3d12.h \
  /private/tmp/gptk4-wine11-source/include/d3d12sdklayers.idl include/d3d12sdklayers.h \
  /private/tmp/gptk4-wine11-source/include/d3d12shader.idl include/d3d12shader.h \
  /private/tmp/gptk4-wine11-source/include/d3d12video.idl include/d3d12video.h \
  /private/tmp/gptk4-wine11-source/include/d3d8.h \
  /private/tmp/gptk4-wine11-source/include/d3d8caps.h \
  /private/tmp/gptk4-wine11-source/include/d3d8types.h \
  /private/tmp/gptk4-wine11-source/include/d3d9.h \
  /private/tmp/gptk4-wine11-source/include/d3d9caps.h \
  /private/tmp/gptk4-wine11-source/include/d3d9on12.idl include/d3d9on12.h \
  /private/tmp/gptk4-wine11-source/include/d3d9types.h \
  /private/tmp/gptk4-wine11-source/include/d3dcaps.h \
  /private/tmp/gptk4-wine11-source/include/d3dcommon.idl include/d3dcommon.h \
  /private/tmp/gptk4-wine11-source/include/d3dcompiler.h \
  /private/tmp/gptk4-wine11-source/include/d3dhal.h \
  /private/tmp/gptk4-wine11-source/include/d3dkmdt.h \
  /private/tmp/gptk4-wine11-source/include/d3drm.h \
  /private/tmp/gptk4-wine11-source/include/d3drmdef.h \
  /private/tmp/gptk4-wine11-source/include/d3drmobj.h \
  /private/tmp/gptk4-wine11-source/include/d3drmwin.h \
  /private/tmp/gptk4-wine11-source/include/d3dtypes.h \
  /private/tmp/gptk4-wine11-source/include/d3dukmdt.h \
  /private/tmp/gptk4-wine11-source/include/d3dvec.inl \
  /private/tmp/gptk4-wine11-source/include/d3dx10.h \
  /private/tmp/gptk4-wine11-source/include/d3dx10async.h \
  /private/tmp/gptk4-wine11-source/include/d3dx10core.h \
  /private/tmp/gptk4-wine11-source/include/d3dx10math.h \
  /private/tmp/gptk4-wine11-source/include/d3dx10mesh.h \
  /private/tmp/gptk4-wine11-source/include/d3dx10tex.h \
  /private/tmp/gptk4-wine11-source/include/d3dx11.h \
  /private/tmp/gptk4-wine11-source/include/d3dx11async.h \
  /private/tmp/gptk4-wine11-source/include/d3dx11core.idl include/d3dx11core.h \
  /private/tmp/gptk4-wine11-source/include/d3dx11tex.h \
  /private/tmp/gptk4-wine11-source/include/d3dx9.h \
  /private/tmp/gptk4-wine11-source/include/d3dx9anim.h \
  /private/tmp/gptk4-wine11-source/include/d3dx9core.h \
  /private/tmp/gptk4-wine11-source/include/d3dx9effect.h \
  /private/tmp/gptk4-wine11-source/include/d3dx9math.h \
  /private/tmp/gptk4-wine11-source/include/d3dx9math.inl \
  /private/tmp/gptk4-wine11-source/include/d3dx9mesh.h \
  /private/tmp/gptk4-wine11-source/include/d3dx9shader.h \
  /private/tmp/gptk4-wine11-source/include/d3dx9shape.h \
  /private/tmp/gptk4-wine11-source/include/d3dx9tex.h \
  /private/tmp/gptk4-wine11-source/include/d3dx9xof.h \
  /private/tmp/gptk4-wine11-source/include/davclnt.h \
  /private/tmp/gptk4-wine11-source/include/dbccmd.idl \
  /private/tmp/gptk4-wine11-source/include/dbcses.idl \
  /private/tmp/gptk4-wine11-source/include/dbdsad.idl \
  /private/tmp/gptk4-wine11-source/include/dbgeng.h \
  /private/tmp/gptk4-wine11-source/include/dbghelp.h \
  /private/tmp/gptk4-wine11-source/include/dbinit.idl \
  /private/tmp/gptk4-wine11-source/include/dbprop.idl \
  /private/tmp/gptk4-wine11-source/include/dbs.idl \
  /private/tmp/gptk4-wine11-source/include/dbsrst.idl /private/tmp/gptk4-wine11-source/include/dbt.h \
  /private/tmp/gptk4-wine11-source/include/dciddi.h \
  /private/tmp/gptk4-wine11-source/include/dciman.h \
  /private/tmp/gptk4-wine11-source/include/dcommon.idl include/dcommon.h \
  /private/tmp/gptk4-wine11-source/include/dcomp.idl include/dcomp.h \
  /private/tmp/gptk4-wine11-source/include/dcompanimation.idl include/dcompanimation.h \
  /private/tmp/gptk4-wine11-source/include/dcomptypes.idl include/dcomptypes.h \
  /private/tmp/gptk4-wine11-source/include/dde.h /private/tmp/gptk4-wine11-source/include/dde.rh \
  /private/tmp/gptk4-wine11-source/include/ddeml.h /private/tmp/gptk4-wine11-source/include/ddraw.h \
  /private/tmp/gptk4-wine11-source/include/ddrawgdi.h \
  /private/tmp/gptk4-wine11-source/include/ddrawi.h \
  /private/tmp/gptk4-wine11-source/include/ddstream.idl include/ddstream.h \
  /private/tmp/gptk4-wine11-source/include/delayloadhandler.h \
  /private/tmp/gptk4-wine11-source/include/devenum.idl \
  /private/tmp/gptk4-wine11-source/include/devfiltertypes.h \
  /private/tmp/gptk4-wine11-source/include/devguid.h \
  /private/tmp/gptk4-wine11-source/include/devicetopology.idl include/devicetopology.h \
  /private/tmp/gptk4-wine11-source/include/devpkey.h \
  /private/tmp/gptk4-wine11-source/include/devpropdef.h \
  /private/tmp/gptk4-wine11-source/include/devquery.h \
  /private/tmp/gptk4-wine11-source/include/devquerydef.h \
  /private/tmp/gptk4-wine11-source/include/dhcpcsdk.h \
  /private/tmp/gptk4-wine11-source/include/dhtmldid.h \
  /private/tmp/gptk4-wine11-source/include/dhtmled.idl include/dhtmled.h \
  /private/tmp/gptk4-wine11-source/include/difxapi.h \
  /private/tmp/gptk4-wine11-source/include/digitalv.h \
  /private/tmp/gptk4-wine11-source/include/dimm.idl include/dimm.h \
  /private/tmp/gptk4-wine11-source/include/dinput.h \
  /private/tmp/gptk4-wine11-source/include/dinputd.h \
  /private/tmp/gptk4-wine11-source/include/directmanipulation.idl include/directmanipulation.h \
  /private/tmp/gptk4-wine11-source/include/dispatcherqueue.idl include/dispatcherqueue.h \
  /private/tmp/gptk4-wine11-source/include/dispdib.h \
  /private/tmp/gptk4-wine11-source/include/dispex.idl include/dispex.h \
  /private/tmp/gptk4-wine11-source/include/dlgs.h /private/tmp/gptk4-wine11-source/include/dls1.h \
  /private/tmp/gptk4-wine11-source/include/dls2.h /private/tmp/gptk4-wine11-source/include/dmdls.h \
  /private/tmp/gptk4-wine11-source/include/dmerror.h \
  /private/tmp/gptk4-wine11-source/include/dmksctrl.h /private/tmp/gptk4-wine11-source/include/dmo.h \
  /private/tmp/gptk4-wine11-source/include/dmodshow.idl include/dmodshow.h \
  /private/tmp/gptk4-wine11-source/include/dmoreg.h /private/tmp/gptk4-wine11-source/include/dmort.h \
  /private/tmp/gptk4-wine11-source/include/dmplugin.h \
  /private/tmp/gptk4-wine11-source/include/dmusbuff.h \
  /private/tmp/gptk4-wine11-source/include/dmusicc.h \
  /private/tmp/gptk4-wine11-source/include/dmusicf.h \
  /private/tmp/gptk4-wine11-source/include/dmusici.h \
  /private/tmp/gptk4-wine11-source/include/dmusics.h \
  /private/tmp/gptk4-wine11-source/include/docobj.idl include/docobj.h \
  /private/tmp/gptk4-wine11-source/include/docobjectservice.idl include/docobjectservice.h \
  /private/tmp/gptk4-wine11-source/include/documenttarget.idl include/documenttarget.h \
  /private/tmp/gptk4-wine11-source/include/downloadmgr.idl include/downloadmgr.h \
  /private/tmp/gptk4-wine11-source/include/dpaddr.h \
  /private/tmp/gptk4-wine11-source/include/dpfilter.h \
  /private/tmp/gptk4-wine11-source/include/dplay.h /private/tmp/gptk4-wine11-source/include/dplay8.h \
  /private/tmp/gptk4-wine11-source/include/dplobby.h \
  /private/tmp/gptk4-wine11-source/include/dplobby8.h \
  /private/tmp/gptk4-wine11-source/include/dpnathlp.h \
  /private/tmp/gptk4-wine11-source/include/dragdropinterop.idl include/dragdropinterop.h \
  /private/tmp/gptk4-wine11-source/include/driverspecs.h \
  /private/tmp/gptk4-wine11-source/include/drmexternals.idl include/drmexternals.h \
  /private/tmp/gptk4-wine11-source/include/dsclient.h \
  /private/tmp/gptk4-wine11-source/include/dsconf.h \
  /private/tmp/gptk4-wine11-source/include/dsgetdc.h \
  /private/tmp/gptk4-wine11-source/include/dshow.h /private/tmp/gptk4-wine11-source/include/dsound.h \
  /private/tmp/gptk4-wine11-source/include/dsrole.h \
  /private/tmp/gptk4-wine11-source/include/dvdif.idl include/dvdif.h \
  /private/tmp/gptk4-wine11-source/include/dvdmedia.h \
  /private/tmp/gptk4-wine11-source/include/dvoice.h \
  /private/tmp/gptk4-wine11-source/include/dwmapi.h \
  /private/tmp/gptk4-wine11-source/include/dwrite.idl include/dwrite.h \
  /private/tmp/gptk4-wine11-source/include/dwrite_1.idl include/dwrite_1.h \
  /private/tmp/gptk4-wine11-source/include/dwrite_2.idl include/dwrite_2.h \
  /private/tmp/gptk4-wine11-source/include/dwrite_3.idl include/dwrite_3.h \
  /private/tmp/gptk4-wine11-source/include/dxcore.h \
  /private/tmp/gptk4-wine11-source/include/dxcore_interface.h \
  /private/tmp/gptk4-wine11-source/include/dxdiag.h \
  /private/tmp/gptk4-wine11-source/include/dxerr8.h \
  /private/tmp/gptk4-wine11-source/include/dxerr9.h \
  /private/tmp/gptk4-wine11-source/include/dxfile.h \
  /private/tmp/gptk4-wine11-source/include/dxgi.idl include/dxgi.h \
  /private/tmp/gptk4-wine11-source/include/dxgi1_2.idl include/dxgi1_2.h \
  /private/tmp/gptk4-wine11-source/include/dxgi1_3.idl include/dxgi1_3.h \
  /private/tmp/gptk4-wine11-source/include/dxgi1_4.idl include/dxgi1_4.h \
  /private/tmp/gptk4-wine11-source/include/dxgi1_5.idl include/dxgi1_5.h \
  /private/tmp/gptk4-wine11-source/include/dxgi1_6.idl include/dxgi1_6.h \
  /private/tmp/gptk4-wine11-source/include/dxgicommon.idl include/dxgicommon.h \
  /private/tmp/gptk4-wine11-source/include/dxgidebug.idl include/dxgidebug.h \
  /private/tmp/gptk4-wine11-source/include/dxgiformat.idl include/dxgiformat.h \
  /private/tmp/gptk4-wine11-source/include/dxgitype.idl include/dxgitype.h \
  /private/tmp/gptk4-wine11-source/include/dxva.h \
  /private/tmp/gptk4-wine11-source/include/dxva2api.idl include/dxva2api.h \
  /private/tmp/gptk4-wine11-source/include/dxvahd.idl include/dxvahd.h \
  /private/tmp/gptk4-wine11-source/include/dyngraph.idl \
  /private/tmp/gptk4-wine11-source/include/endpointvolume.idl include/endpointvolume.h \
  /private/tmp/gptk4-wine11-source/include/errhandlingapi.h \
  /private/tmp/gptk4-wine11-source/include/errlup.idl \
  /private/tmp/gptk4-wine11-source/include/errorrep.h \
  /private/tmp/gptk4-wine11-source/include/errors.h \
  /private/tmp/gptk4-wine11-source/include/errrec.idl \
  /private/tmp/gptk4-wine11-source/include/evcode.h \
  /private/tmp/gptk4-wine11-source/include/eventtoken.idl include/eventtoken.h \
  /private/tmp/gptk4-wine11-source/include/evntprov.h \
  /private/tmp/gptk4-wine11-source/include/evntrace.h \
  /private/tmp/gptk4-wine11-source/include/evr.idl include/evr.h \
  /private/tmp/gptk4-wine11-source/include/evr9.idl include/evr9.h \
  /private/tmp/gptk4-wine11-source/include/excpt.h \
  /private/tmp/gptk4-wine11-source/include/exdisp.idl include/exdisp.h \
  /private/tmp/gptk4-wine11-source/include/exdispid.h \
  /private/tmp/gptk4-wine11-source/include/exposeenums2managed.h \
  /private/tmp/gptk4-wine11-source/include/fci.h /private/tmp/gptk4-wine11-source/include/fdi.h \
  /private/tmp/gptk4-wine11-source/include/featurestagingapi.h \
  /private/tmp/gptk4-wine11-source/include/fibersapi.h \
  /private/tmp/gptk4-wine11-source/include/fileapi.h \
  /private/tmp/gptk4-wine11-source/include/filter.idl include/filter.h \
  /private/tmp/gptk4-wine11-source/include/fltdefs.h \
  /private/tmp/gptk4-wine11-source/include/fontsub.h \
  /private/tmp/gptk4-wine11-source/include/fusion.idl include/fusion.h \
  /private/tmp/gptk4-wine11-source/include/gameinput.idl include/gameinput.h \
  /private/tmp/gptk4-wine11-source/include/gameux.idl include/gameux.h \
  /private/tmp/gptk4-wine11-source/include/gamingtcui.h \
  /private/tmp/gptk4-wine11-source/include/gdiplus.h \
  /private/tmp/gptk4-wine11-source/include/gdiplusbase.h \
  /private/tmp/gptk4-wine11-source/include/gdipluscolor.h \
  /private/tmp/gptk4-wine11-source/include/gdipluscolormatrix.h \
  /private/tmp/gptk4-wine11-source/include/gdipluseffects.h \
  /private/tmp/gptk4-wine11-source/include/gdiplusenums.h \
  /private/tmp/gptk4-wine11-source/include/gdiplusflat.h \
  /private/tmp/gptk4-wine11-source/include/gdiplusgpstubs.h \
  /private/tmp/gptk4-wine11-source/include/gdiplusimaging.h \
  /private/tmp/gptk4-wine11-source/include/gdiplusinit.h \
  /private/tmp/gptk4-wine11-source/include/gdiplusmem.h \
  /private/tmp/gptk4-wine11-source/include/gdiplusmetaheader.h \
  /private/tmp/gptk4-wine11-source/include/gdipluspixelformats.h \
  /private/tmp/gptk4-wine11-source/include/gdiplustypes.h \
  /private/tmp/gptk4-wine11-source/include/getdts.idl \
  /private/tmp/gptk4-wine11-source/include/guiddef.h \
  /private/tmp/gptk4-wine11-source/include/hidusage.h \
  /private/tmp/gptk4-wine11-source/include/highlevelmonitorconfigurationapi.h \
  /private/tmp/gptk4-wine11-source/include/hlguids.h \
  /private/tmp/gptk4-wine11-source/include/hlink.idl include/hlink.h \
  /private/tmp/gptk4-wine11-source/include/holographicspaceinterop.idl \
  include/holographicspaceinterop.h /private/tmp/gptk4-wine11-source/include/hrtfapoapi.idl \
  include/hrtfapoapi.h /private/tmp/gptk4-wine11-source/include/hstring.idl include/hstring.h \
  /private/tmp/gptk4-wine11-source/include/htiface.idl include/htiface.h \
  /private/tmp/gptk4-wine11-source/include/htiframe.idl include/htiframe.h \
  /private/tmp/gptk4-wine11-source/include/htmlhelp.h \
  /private/tmp/gptk4-wine11-source/include/http.h \
  /private/tmp/gptk4-wine11-source/include/httprequest.idl include/httprequest.h \
  /private/tmp/gptk4-wine11-source/include/httprequestid.h \
  /private/tmp/gptk4-wine11-source/include/i_cryptasn1tls.h \
  /private/tmp/gptk4-wine11-source/include/iads.idl include/iads.h \
  /private/tmp/gptk4-wine11-source/include/icftypes.idl include/icftypes.h \
  /private/tmp/gptk4-wine11-source/include/icm.h /private/tmp/gptk4-wine11-source/include/icmpapi.h \
  /private/tmp/gptk4-wine11-source/include/icodecapi.idl include/icodecapi.h \
  /private/tmp/gptk4-wine11-source/include/icu.h /private/tmp/gptk4-wine11-source/include/idispids.h \
  /private/tmp/gptk4-wine11-source/include/ieautomation.idl include/ieautomation.h \
  /private/tmp/gptk4-wine11-source/include/iextag.idl include/iextag.h \
  /private/tmp/gptk4-wine11-source/include/ifdef.h /private/tmp/gptk4-wine11-source/include/ifmib.h \
  /private/tmp/gptk4-wine11-source/include/iimgctx.idl include/iimgctx.h \
  /private/tmp/gptk4-wine11-source/include/imagehlp.h /private/tmp/gptk4-wine11-source/include/ime.h \
  /private/tmp/gptk4-wine11-source/include/imm.h /private/tmp/gptk4-wine11-source/include/immdev.h \
  /private/tmp/gptk4-wine11-source/include/imnact.idl include/imnact.h \
  /private/tmp/gptk4-wine11-source/include/imnxport.idl include/imnxport.h \
  /private/tmp/gptk4-wine11-source/include/in6addr.h \
  /private/tmp/gptk4-wine11-source/include/inaddr.h \
  /private/tmp/gptk4-wine11-source/include/indexsrv.idl include/indexsrv.h \
  /private/tmp/gptk4-wine11-source/include/initguid.h \
  /private/tmp/gptk4-wine11-source/include/inputpaneinterop.idl include/inputpaneinterop.h \
  /private/tmp/gptk4-wine11-source/include/inputscope.idl include/inputscope.h \
  /private/tmp/gptk4-wine11-source/include/inseng.idl include/inseng.h \
  /private/tmp/gptk4-wine11-source/include/inspectable.idl include/inspectable.h \
  /private/tmp/gptk4-wine11-source/include/interactioncontext.h \
  /private/tmp/gptk4-wine11-source/include/intshcut.h \
  /private/tmp/gptk4-wine11-source/include/ioringapi.h \
  /private/tmp/gptk4-wine11-source/include/ip2string.h \
  /private/tmp/gptk4-wine11-source/include/ipexport.h \
  /private/tmp/gptk4-wine11-source/include/iphlpapi.h \
  /private/tmp/gptk4-wine11-source/include/ipifcons.h \
  /private/tmp/gptk4-wine11-source/include/ipmib.h \
  /private/tmp/gptk4-wine11-source/include/iprtrmib.h \
  /private/tmp/gptk4-wine11-source/include/iptypes.h \
  /private/tmp/gptk4-wine11-source/include/isguids.h \
  /private/tmp/gptk4-wine11-source/include/ivectorchangedeventargs.idl \
  include/ivectorchangedeventargs.h /private/tmp/gptk4-wine11-source/include/kbd.h \
  /private/tmp/gptk4-wine11-source/include/knownfolders.h \
  /private/tmp/gptk4-wine11-source/include/ks.h /private/tmp/gptk4-wine11-source/include/ksguid.h \
  /private/tmp/gptk4-wine11-source/include/ksmedia.h \
  /private/tmp/gptk4-wine11-source/include/ksuuids.h \
  /private/tmp/gptk4-wine11-source/include/libloaderapi.h \
  /private/tmp/gptk4-wine11-source/include/lm.h /private/tmp/gptk4-wine11-source/include/lmaccess.h \
  /private/tmp/gptk4-wine11-source/include/lmapibuf.h \
  /private/tmp/gptk4-wine11-source/include/lmat.h \
  /private/tmp/gptk4-wine11-source/include/lmbrowsr.h \
  /private/tmp/gptk4-wine11-source/include/lmcons.h /private/tmp/gptk4-wine11-source/include/lmerr.h \
  /private/tmp/gptk4-wine11-source/include/lmjoin.h /private/tmp/gptk4-wine11-source/include/lmmsg.h \
  /private/tmp/gptk4-wine11-source/include/lmremutl.h \
  /private/tmp/gptk4-wine11-source/include/lmserver.h \
  /private/tmp/gptk4-wine11-source/include/lmshare.h \
  /private/tmp/gptk4-wine11-source/include/lmstats.h \
  /private/tmp/gptk4-wine11-source/include/lmuse.h \
  /private/tmp/gptk4-wine11-source/include/lmuseflg.h \
  /private/tmp/gptk4-wine11-source/include/lmwksta.h \
  /private/tmp/gptk4-wine11-source/include/loadperf.h \
  /private/tmp/gptk4-wine11-source/include/lowlevelmonitorconfigurationapi.h \
  /private/tmp/gptk4-wine11-source/include/lzexpand.h \
  /private/tmp/gptk4-wine11-source/include/mapi.h \
  /private/tmp/gptk4-wine11-source/include/mapicode.h \
  /private/tmp/gptk4-wine11-source/include/mapidefs.h \
  /private/tmp/gptk4-wine11-source/include/mapiform.h \
  /private/tmp/gptk4-wine11-source/include/mapiguid.h \
  /private/tmp/gptk4-wine11-source/include/mapitags.h \
  /private/tmp/gptk4-wine11-source/include/mapiutil.h \
  /private/tmp/gptk4-wine11-source/include/mapival.h \
  /private/tmp/gptk4-wine11-source/include/mapix.h /private/tmp/gptk4-wine11-source/include/mciavi.h \
  /private/tmp/gptk4-wine11-source/include/mcx.h /private/tmp/gptk4-wine11-source/include/mediaerr.h \
  /private/tmp/gptk4-wine11-source/include/mediaobj.idl include/mediaobj.h \
  /private/tmp/gptk4-wine11-source/include/medparam.idl include/medparam.h \
  /private/tmp/gptk4-wine11-source/include/memoryapi.h \
  /private/tmp/gptk4-wine11-source/include/metahost.idl include/metahost.h \
  /private/tmp/gptk4-wine11-source/include/mfapi.h \
  /private/tmp/gptk4-wine11-source/include/mfd3d12.idl include/mfd3d12.h \
  /private/tmp/gptk4-wine11-source/include/mferror.h \
  /private/tmp/gptk4-wine11-source/include/mfidl.idl include/mfidl.h \
  /private/tmp/gptk4-wine11-source/include/mfmediaengine.idl include/mfmediaengine.h \
  /private/tmp/gptk4-wine11-source/include/mfobjects.idl include/mfobjects.h \
  /private/tmp/gptk4-wine11-source/include/mfplay.idl include/mfplay.h \
  /private/tmp/gptk4-wine11-source/include/mfreadwrite.idl include/mfreadwrite.h \
  /private/tmp/gptk4-wine11-source/include/mftransform.idl include/mftransform.h \
  /private/tmp/gptk4-wine11-source/include/mgmtapi.h \
  /private/tmp/gptk4-wine11-source/include/midles.h \
  /private/tmp/gptk4-wine11-source/include/mimeinfo.idl include/mimeinfo.h \
  /private/tmp/gptk4-wine11-source/include/mimeole.idl include/mimeole.h \
  /private/tmp/gptk4-wine11-source/include/minidumpapiset.h \
  /private/tmp/gptk4-wine11-source/include/minmax.h \
  /private/tmp/gptk4-wine11-source/include/minschannel.h \
  /private/tmp/gptk4-wine11-source/include/minwinbase.h \
  /private/tmp/gptk4-wine11-source/include/minwindef.h \
  /private/tmp/gptk4-wine11-source/include/mlang.idl include/mlang.h \
  /private/tmp/gptk4-wine11-source/include/mmc.idl include/mmc.h \
  /private/tmp/gptk4-wine11-source/include/mmddk.h \
  /private/tmp/gptk4-wine11-source/include/mmdeviceapi.idl include/mmdeviceapi.h \
  /private/tmp/gptk4-wine11-source/include/mmreg.h \
  /private/tmp/gptk4-wine11-source/include/mmstream.idl include/mmstream.h \
  /private/tmp/gptk4-wine11-source/include/mmsystem.h \
  /private/tmp/gptk4-wine11-source/include/mpeg2bits.h \
  /private/tmp/gptk4-wine11-source/include/mpeg2data.idl include/mpeg2data.h \
  /private/tmp/gptk4-wine11-source/include/mpeg2structs.idl include/mpeg2structs.h \
  /private/tmp/gptk4-wine11-source/include/mpegtype.idl include/mpegtype.h \
  /private/tmp/gptk4-wine11-source/include/mprapi.h \
  /private/tmp/gptk4-wine11-source/include/mprerror.h \
  /private/tmp/gptk4-wine11-source/include/msacm.h \
  /private/tmp/gptk4-wine11-source/include/msacmdlg.h \
  /private/tmp/gptk4-wine11-source/include/msacmdrv.h \
  /private/tmp/gptk4-wine11-source/include/msado15_backcompat.idl include/msado15_backcompat.h \
  /private/tmp/gptk4-wine11-source/include/msasn1.h /private/tmp/gptk4-wine11-source/include/mscat.h \
  /private/tmp/gptk4-wine11-source/include/mscoree.idl include/mscoree.h \
  /private/tmp/gptk4-wine11-source/include/msctf.idl include/msctf.h \
  /private/tmp/gptk4-wine11-source/include/msdadc.idl include/msdadc.h \
  /private/tmp/gptk4-wine11-source/include/msdaguid.h \
  /private/tmp/gptk4-wine11-source/include/msdasc.idl include/msdasc.h \
  /private/tmp/gptk4-wine11-source/include/msdasql.h \
  /private/tmp/gptk4-wine11-source/include/msdelta.h \
  /private/tmp/gptk4-wine11-source/include/mshtmcid.h \
  /private/tmp/gptk4-wine11-source/include/mshtmdid.h \
  /private/tmp/gptk4-wine11-source/include/mshtmhst.idl include/mshtmhst.h \
  /private/tmp/gptk4-wine11-source/include/mshtml.idl include/mshtml.h \
  /private/tmp/gptk4-wine11-source/include/msi.h /private/tmp/gptk4-wine11-source/include/msidefs.h \
  /private/tmp/gptk4-wine11-source/include/msident.idl include/msident.h \
  /private/tmp/gptk4-wine11-source/include/msinkaut.idl include/msinkaut.h \
  /private/tmp/gptk4-wine11-source/include/msiquery.h \
  /private/tmp/gptk4-wine11-source/include/msopc.idl include/msopc.h \
  /private/tmp/gptk4-wine11-source/include/mssip.h \
  /private/tmp/gptk4-wine11-source/include/msstkppg.h \
  /private/tmp/gptk4-wine11-source/include/mstask.idl include/mstask.h \
  /private/tmp/gptk4-wine11-source/include/mstcpip.h \
  /private/tmp/gptk4-wine11-source/include/mswsock.h \
  /private/tmp/gptk4-wine11-source/include/msxml.idl include/msxml.h \
  /private/tmp/gptk4-wine11-source/include/msxml2.idl include/msxml2.h \
  /private/tmp/gptk4-wine11-source/include/msxml2did.h \
  /private/tmp/gptk4-wine11-source/include/msxml6.idl include/msxml6.h \
  /private/tmp/gptk4-wine11-source/include/msxml6did.h \
  /private/tmp/gptk4-wine11-source/include/msxmldid.h \
  /private/tmp/gptk4-wine11-source/include/mtxdm.h \
  /private/tmp/gptk4-wine11-source/include/mulres.idl \
  /private/tmp/gptk4-wine11-source/include/multimon.h \
  /private/tmp/gptk4-wine11-source/include/namespaceapi.h \
  /private/tmp/gptk4-wine11-source/include/natupnp.idl include/natupnp.h \
  /private/tmp/gptk4-wine11-source/include/nb30.h /private/tmp/gptk4-wine11-source/include/ncrypt.h \
  /private/tmp/gptk4-wine11-source/include/ndrtypes.h \
  /private/tmp/gptk4-wine11-source/include/netcfgx.idl include/netcfgx.h \
  /private/tmp/gptk4-wine11-source/include/netcon.idl include/netcon.h \
  /private/tmp/gptk4-wine11-source/include/netevent.h \
  /private/tmp/gptk4-wine11-source/include/netfw.idl include/netfw.h \
  /private/tmp/gptk4-wine11-source/include/netioapi.h \
  /private/tmp/gptk4-wine11-source/include/netiodef.h \
  /private/tmp/gptk4-wine11-source/include/netlistmgr.idl include/netlistmgr.h \
  /private/tmp/gptk4-wine11-source/include/newdev.h /private/tmp/gptk4-wine11-source/include/nldef.h \
  /private/tmp/gptk4-wine11-source/include/npapi.h \
  /private/tmp/gptk4-wine11-source/include/nserror.h
tools/install -m 644  -t /private/tmp/gptk4-runtime11/include/wine/windows \
  /private/tmp/gptk4-wine11-source/include/nspapi.h \
  /private/tmp/gptk4-wine11-source/include/ntddcdrm.h \
  /private/tmp/gptk4-wine11-source/include/ntddkbd.h \
  /private/tmp/gptk4-wine11-source/include/ntddmou.h \
  /private/tmp/gptk4-wine11-source/include/ntddndis.h \
  /private/tmp/gptk4-wine11-source/include/ntddscsi.h \
  /private/tmp/gptk4-wine11-source/include/ntddstor.h \
  /private/tmp/gptk4-wine11-source/include/ntddvdeo.h \
  /private/tmp/gptk4-wine11-source/include/ntdef.h \
  /private/tmp/gptk4-wine11-source/include/ntdsapi.h \
  /private/tmp/gptk4-wine11-source/include/ntgdi.h \
  /private/tmp/gptk4-wine11-source/include/ntioring_x.h \
  /private/tmp/gptk4-wine11-source/include/ntlsa.h \
  /private/tmp/gptk4-wine11-source/include/ntquery.h \
  /private/tmp/gptk4-wine11-source/include/ntsecapi.h \
  /private/tmp/gptk4-wine11-source/include/ntsecpkg.h \
  /private/tmp/gptk4-wine11-source/include/ntstatus.h \
  /private/tmp/gptk4-wine11-source/include/ntuser.h \
  /private/tmp/gptk4-wine11-source/include/oaidl.idl include/oaidl.h \
  /private/tmp/gptk4-wine11-source/include/objbase.h \
  /private/tmp/gptk4-wine11-source/include/objectarray.idl include/objectarray.h \
  /private/tmp/gptk4-wine11-source/include/objidl.idl include/objidl.h \
  /private/tmp/gptk4-wine11-source/include/objidlbase.idl include/objidlbase.h \
  /private/tmp/gptk4-wine11-source/include/objsafe.idl include/objsafe.h \
  /private/tmp/gptk4-wine11-source/include/objsel.h \
  /private/tmp/gptk4-wine11-source/include/ocidl.idl include/ocidl.h \
  /private/tmp/gptk4-wine11-source/include/ocmm.idl include/ocmm.h \
  /private/tmp/gptk4-wine11-source/include/odbcinst.h \
  /private/tmp/gptk4-wine11-source/include/ole2.h /private/tmp/gptk4-wine11-source/include/ole2ver.h \
  /private/tmp/gptk4-wine11-source/include/oleacc.idl include/oleacc.h \
  /private/tmp/gptk4-wine11-source/include/oleauto.h \
  /private/tmp/gptk4-wine11-source/include/olectl.h \
  /private/tmp/gptk4-wine11-source/include/oledb.idl include/oledb.h \
  /private/tmp/gptk4-wine11-source/include/oledberr.h \
  /private/tmp/gptk4-wine11-source/include/oledlg.h \
  /private/tmp/gptk4-wine11-source/include/oleidl.idl include/oleidl.h \
  /private/tmp/gptk4-wine11-source/include/opcbase.idl \
  /private/tmp/gptk4-wine11-source/include/opcobjectmodel.idl \
  /private/tmp/gptk4-wine11-source/include/opcparturi.idl \
  /private/tmp/gptk4-wine11-source/include/opnrst.idl \
  /private/tmp/gptk4-wine11-source/include/optary.idl include/optary.h \
  /private/tmp/gptk4-wine11-source/include/patchapi.h \
  /private/tmp/gptk4-wine11-source/include/pathcch.h /private/tmp/gptk4-wine11-source/include/pdh.h \
  /private/tmp/gptk4-wine11-source/include/pdhmsg.h \
  /private/tmp/gptk4-wine11-source/include/perflib.h \
  /private/tmp/gptk4-wine11-source/include/perhist.idl include/perhist.h \
  /private/tmp/gptk4-wine11-source/include/physicalmonitorenumerationapi.h \
  /private/tmp/gptk4-wine11-source/include/pktdef.h \
  /private/tmp/gptk4-wine11-source/include/poppack.h \
  /private/tmp/gptk4-wine11-source/include/powersetting.h \
  /private/tmp/gptk4-wine11-source/include/powrprof.h \
  /private/tmp/gptk4-wine11-source/include/prntvpt.h \
  /private/tmp/gptk4-wine11-source/include/processthreadsapi.h \
  /private/tmp/gptk4-wine11-source/include/profinfo.h \
  /private/tmp/gptk4-wine11-source/include/proofofpossessioncookieinfo.idl \
  include/proofofpossessioncookieinfo.h /private/tmp/gptk4-wine11-source/include/propidl.idl \
  include/propidl.h /private/tmp/gptk4-wine11-source/include/propkey.h \
  /private/tmp/gptk4-wine11-source/include/propkeydef.h \
  /private/tmp/gptk4-wine11-source/include/propsys.idl include/propsys.h \
  /private/tmp/gptk4-wine11-source/include/propvarutil.h \
  /private/tmp/gptk4-wine11-source/include/prsht.h /private/tmp/gptk4-wine11-source/include/psapi.h \
  /private/tmp/gptk4-wine11-source/include/pshpack1.h \
  /private/tmp/gptk4-wine11-source/include/pshpack2.h \
  /private/tmp/gptk4-wine11-source/include/pshpack4.h \
  /private/tmp/gptk4-wine11-source/include/pshpack8.h \
  /private/tmp/gptk4-wine11-source/include/pstore.idl include/pstore.h \
  /private/tmp/gptk4-wine11-source/include/qedit.idl include/qedit.h \
  /private/tmp/gptk4-wine11-source/include/qos2.h /private/tmp/gptk4-wine11-source/include/ras.h \
  /private/tmp/gptk4-wine11-source/include/rasdlg.h \
  /private/tmp/gptk4-wine11-source/include/raserror.h \
  /private/tmp/gptk4-wine11-source/include/realtimeapiset.h \
  /private/tmp/gptk4-wine11-source/include/reason.h \
  /private/tmp/gptk4-wine11-source/include/regstr.h \
  /private/tmp/gptk4-wine11-source/include/relogger.idl include/relogger.h \
  /private/tmp/gptk4-wine11-source/include/restartmanager.h \
  /private/tmp/gptk4-wine11-source/include/restrictederrorinfo.idl include/restrictederrorinfo.h \
  /private/tmp/gptk4-wine11-source/include/richedit.h \
  /private/tmp/gptk4-wine11-source/include/richole.idl include/richole.h \
  /private/tmp/gptk4-wine11-source/include/rmxfguid.h \
  /private/tmp/gptk4-wine11-source/include/rmxftmpl.x include/rmxftmpl.h \
  /private/tmp/gptk4-wine11-source/include/roapi.h \
  /private/tmp/gptk4-wine11-source/include/robuffer.idl include/robuffer.h \
  /private/tmp/gptk4-wine11-source/include/roerrorapi.h \
  /private/tmp/gptk4-wine11-source/include/rometadata.h \
  /private/tmp/gptk4-wine11-source/include/rometadataapi.idl include/rometadataapi.h \
  /private/tmp/gptk4-wine11-source/include/rometadataresolution.h \
  /private/tmp/gptk4-wine11-source/include/roparameterizediid.idl include/roparameterizediid.h \
  /private/tmp/gptk4-wine11-source/include/row.idl \
  /private/tmp/gptk4-wine11-source/include/rowchg.idl \
  /private/tmp/gptk4-wine11-source/include/rowpos.idl \
  /private/tmp/gptk4-wine11-source/include/rowpsc.idl /private/tmp/gptk4-wine11-source/include/rpc.h \
  /private/tmp/gptk4-wine11-source/include/rpcasync.h \
  /private/tmp/gptk4-wine11-source/include/rpcdce.h \
  /private/tmp/gptk4-wine11-source/include/rpcdcep.h \
  /private/tmp/gptk4-wine11-source/include/rpcndr.h \
  /private/tmp/gptk4-wine11-source/include/rpcnterr.h \
  /private/tmp/gptk4-wine11-source/include/rpcproxy.h \
  /private/tmp/gptk4-wine11-source/include/rpcsal.h \
  /private/tmp/gptk4-wine11-source/include/rstbas.idl \
  /private/tmp/gptk4-wine11-source/include/rstchg.idl \
  /private/tmp/gptk4-wine11-source/include/rstcridx.idl \
  /private/tmp/gptk4-wine11-source/include/rstfnd.idl \
  /private/tmp/gptk4-wine11-source/include/rstidn.idl \
  /private/tmp/gptk4-wine11-source/include/rstind.idl \
  /private/tmp/gptk4-wine11-source/include/rstinf.idl \
  /private/tmp/gptk4-wine11-source/include/rstloc.idl \
  /private/tmp/gptk4-wine11-source/include/rstnot.idl \
  /private/tmp/gptk4-wine11-source/include/rstscr.idl \
  /private/tmp/gptk4-wine11-source/include/rstupd.idl \
  /private/tmp/gptk4-wine11-source/include/rstvw.idl \
  /private/tmp/gptk4-wine11-source/include/rstxsc.idl \
  /private/tmp/gptk4-wine11-source/include/rtlsupportapi.h \
  /private/tmp/gptk4-wine11-source/include/rtutils.h \
  /private/tmp/gptk4-wine11-source/include/rtworkq.idl include/rtworkq.h \
  /private/tmp/gptk4-wine11-source/include/sal.h /private/tmp/gptk4-wine11-source/include/sapi.idl \
  include/sapi.h /private/tmp/gptk4-wine11-source/include/sapiaut.idl \
  /private/tmp/gptk4-wine11-source/include/sapiddk.idl include/sapiddk.h \
  /private/tmp/gptk4-wine11-source/include/scarderr.h \
  /private/tmp/gptk4-wine11-source/include/schannel.h \
  /private/tmp/gptk4-wine11-source/include/schemadef.h \
  /private/tmp/gptk4-wine11-source/include/schnlsp.h /private/tmp/gptk4-wine11-source/include/sddl.h \
  /private/tmp/gptk4-wine11-source/include/sdkddkver.h \
  /private/tmp/gptk4-wine11-source/include/secext.h \
  /private/tmp/gptk4-wine11-source/include/security.h \
  /private/tmp/gptk4-wine11-source/include/sensapi.h \
  /private/tmp/gptk4-wine11-source/include/sensevts.idl include/sensevts.h \
  /private/tmp/gptk4-wine11-source/include/servprov.idl include/servprov.h \
  /private/tmp/gptk4-wine11-source/include/sesprp.idl \
  /private/tmp/gptk4-wine11-source/include/setupapi.h /private/tmp/gptk4-wine11-source/include/sfc.h \
  /private/tmp/gptk4-wine11-source/include/shcore.h \
  /private/tmp/gptk4-wine11-source/include/shdeprecated.idl include/shdeprecated.h \
  /private/tmp/gptk4-wine11-source/include/shdispid.h \
  /private/tmp/gptk4-wine11-source/include/shellapi.h \
  /private/tmp/gptk4-wine11-source/include/shellscalingapi.h \
  /private/tmp/gptk4-wine11-source/include/sherrors.h \
  /private/tmp/gptk4-wine11-source/include/shimgdata.idl include/shimgdata.h \
  /private/tmp/gptk4-wine11-source/include/shldisp.idl include/shldisp.h \
  /private/tmp/gptk4-wine11-source/include/shlguid.h \
  /private/tmp/gptk4-wine11-source/include/shlobj.h \
  /private/tmp/gptk4-wine11-source/include/shlwapi.h \
  /private/tmp/gptk4-wine11-source/include/shobjidl.idl include/shobjidl.h \
  /private/tmp/gptk4-wine11-source/include/shobjidl_core.idl include/shobjidl_core.h \
  /private/tmp/gptk4-wine11-source/include/shtypes.idl include/shtypes.h \
  /private/tmp/gptk4-wine11-source/include/sipbase.h \
  /private/tmp/gptk4-wine11-source/include/slerror.h \
  /private/tmp/gptk4-wine11-source/include/slpublic.h \
  /private/tmp/gptk4-wine11-source/include/snmp.h \
  /private/tmp/gptk4-wine11-source/include/socketapi.h \
  /private/tmp/gptk4-wine11-source/include/softpub.h \
  /private/tmp/gptk4-wine11-source/include/spatialaudioclient.idl include/spatialaudioclient.h \
  /private/tmp/gptk4-wine11-source/include/specstrings.h \
  /private/tmp/gptk4-wine11-source/include/specstrings_strict.h \
  /private/tmp/gptk4-wine11-source/include/sperror.h /private/tmp/gptk4-wine11-source/include/sql.h \
  /private/tmp/gptk4-wine11-source/include/sqlext.h \
  /private/tmp/gptk4-wine11-source/include/sqltypes.h \
  /private/tmp/gptk4-wine11-source/include/sqlucode.h \
  /private/tmp/gptk4-wine11-source/include/srcrst.idl \
  /private/tmp/gptk4-wine11-source/include/srrestoreptapi.h \
  /private/tmp/gptk4-wine11-source/include/sspi.h /private/tmp/gptk4-wine11-source/include/stgprop.h \
  /private/tmp/gptk4-wine11-source/include/sti.h /private/tmp/gptk4-wine11-source/include/storage.h \
  /private/tmp/gptk4-wine11-source/include/strmif.idl include/strmif.h \
  /private/tmp/gptk4-wine11-source/include/strongname.h \
  /private/tmp/gptk4-wine11-source/include/strsafe.h \
  /private/tmp/gptk4-wine11-source/include/structuredquerycondition.idl \
  include/structuredquerycondition.h /private/tmp/gptk4-wine11-source/include/svrapi.h \
  /private/tmp/gptk4-wine11-source/include/synchapi.h \
  /private/tmp/gptk4-wine11-source/include/sysinfoapi.h \
  /private/tmp/gptk4-wine11-source/include/systemmediatransportcontrolsinterop.idl \
  include/systemmediatransportcontrolsinterop.h /private/tmp/gptk4-wine11-source/include/t2embapi.h \
  /private/tmp/gptk4-wine11-source/include/tapi.h \
  /private/tmp/gptk4-wine11-source/include/taskschd.idl include/taskschd.h \
  /private/tmp/gptk4-wine11-source/include/tbs.h /private/tmp/gptk4-wine11-source/include/tchar.h \
  /private/tmp/gptk4-wine11-source/include/tcpestats.h \
  /private/tmp/gptk4-wine11-source/include/tcpmib.h /private/tmp/gptk4-wine11-source/include/tdh.h \
  /private/tmp/gptk4-wine11-source/include/textserv.h \
  /private/tmp/gptk4-wine11-source/include/textstor.idl include/textstor.h \
  /private/tmp/gptk4-wine11-source/include/threadpoolapiset.h \
  /private/tmp/gptk4-wine11-source/include/thumbcache.idl include/thumbcache.h \
  /private/tmp/gptk4-wine11-source/include/timezoneapi.h \
  /private/tmp/gptk4-wine11-source/include/tlhelp32.h \
  /private/tmp/gptk4-wine11-source/include/tlogstg.idl include/tlogstg.h \
  /private/tmp/gptk4-wine11-source/include/tmschema.h \
  /private/tmp/gptk4-wine11-source/include/tom.idl include/tom.h \
  /private/tmp/gptk4-wine11-source/include/tpcshrd.h \
  /private/tmp/gptk4-wine11-source/include/traffic.h \
  /private/tmp/gptk4-wine11-source/include/transact.idl include/transact.h \
  /private/tmp/gptk4-wine11-source/include/trnjoi.idl \
  /private/tmp/gptk4-wine11-source/include/trnlcl.idl \
  /private/tmp/gptk4-wine11-source/include/trnobj.idl \
  /private/tmp/gptk4-wine11-source/include/twain.h \
  /private/tmp/gptk4-wine11-source/include/txcoord.idl include/txcoord.h \
  /private/tmp/gptk4-wine11-source/include/txdtc.idl include/txdtc.h \
  /private/tmp/gptk4-wine11-source/include/udpmib.h \
  /private/tmp/gptk4-wine11-source/include/uianimation.idl include/uianimation.h \
  /private/tmp/gptk4-wine11-source/include/uiautomation.h \
  /private/tmp/gptk4-wine11-source/include/uiautomationclient.idl include/uiautomationclient.h \
  /private/tmp/gptk4-wine11-source/include/uiautomationcore.idl include/uiautomationcore.h \
  /private/tmp/gptk4-wine11-source/include/uiautomationcoreapi.h \
  /private/tmp/gptk4-wine11-source/include/uiribbon.idl include/uiribbon.h \
  /private/tmp/gptk4-wine11-source/include/uiviewsettingsinterop.idl include/uiviewsettingsinterop.h \
  /private/tmp/gptk4-wine11-source/include/unexposeenums2managed.h \
  /private/tmp/gptk4-wine11-source/include/unknwn.idl include/unknwn.h \
  /private/tmp/gptk4-wine11-source/include/urlhist.idl include/urlhist.h \
  /private/tmp/gptk4-wine11-source/include/urlmon.idl include/urlmon.h \
  /private/tmp/gptk4-wine11-source/include/userenv.h \
  /private/tmp/gptk4-wine11-source/include/usp10.h /private/tmp/gptk4-wine11-source/include/uuids.h \
  /private/tmp/gptk4-wine11-source/include/uxtheme.h \
  /private/tmp/gptk4-wine11-source/include/vdmdbg.h /private/tmp/gptk4-wine11-source/include/ver.h \
  /private/tmp/gptk4-wine11-source/include/verrsrc.h /private/tmp/gptk4-wine11-source/include/vfw.h \
  /private/tmp/gptk4-wine11-source/include/vfwmsgs.h \
  /private/tmp/gptk4-wine11-source/include/videoacc.idl include/videoacc.h \
  /private/tmp/gptk4-wine11-source/include/virtdisk.h \
  /private/tmp/gptk4-wine11-source/include/vmr9.idl include/vmr9.h \
  /private/tmp/gptk4-wine11-source/include/vmrender.idl \
  /private/tmp/gptk4-wine11-source/include/vsbackup.idl include/vsbackup.h \
  /private/tmp/gptk4-wine11-source/include/vss.idl include/vss.h \
  /private/tmp/gptk4-wine11-source/include/vsstyle.h \
  /private/tmp/gptk4-wine11-source/include/vssym32.h \
  /private/tmp/gptk4-wine11-source/include/vswriter.idl include/vswriter.h \
  /private/tmp/gptk4-wine11-source/include/vwchp.idl \
  /private/tmp/gptk4-wine11-source/include/vwflt.idl \
  /private/tmp/gptk4-wine11-source/include/wbemcli.idl include/wbemcli.h \
  /private/tmp/gptk4-wine11-source/include/wbemdisp.idl include/wbemdisp.h \
  /private/tmp/gptk4-wine11-source/include/wbemprov.idl include/wbemprov.h \
  /private/tmp/gptk4-wine11-source/include/wct.h /private/tmp/gptk4-wine11-source/include/wdbgexts.h \
  /private/tmp/gptk4-wine11-source/include/weakreference.idl include/weakreference.h \
  /private/tmp/gptk4-wine11-source/include/webservices.h \
  /private/tmp/gptk4-wine11-source/include/websocket.h \
  /private/tmp/gptk4-wine11-source/include/werapi.h /private/tmp/gptk4-wine11-source/include/wfext.h \
  /private/tmp/gptk4-wine11-source/include/wia.h /private/tmp/gptk4-wine11-source/include/wia_lh.idl \
  include/wia_lh.h /private/tmp/gptk4-wine11-source/include/wia_xp.idl include/wia_xp.h \
  /private/tmp/gptk4-wine11-source/include/wiadef.h \
  /private/tmp/gptk4-wine11-source/include/wimgapi.h \
  /private/tmp/gptk4-wine11-source/include/winapifamily.h \
  /private/tmp/gptk4-wine11-source/include/winbase.h \
  /private/tmp/gptk4-wine11-source/include/winber.h \
  /private/tmp/gptk4-wine11-source/include/wincodec.idl include/wincodec.h \
  /private/tmp/gptk4-wine11-source/include/wincodecsdk.idl include/wincodecsdk.h \
  /private/tmp/gptk4-wine11-source/include/wincon.h \
  /private/tmp/gptk4-wine11-source/include/wincontypes.h \
  /private/tmp/gptk4-wine11-source/include/wincred.h \
  /private/tmp/gptk4-wine11-source/include/wincrypt.h \
  /private/tmp/gptk4-wine11-source/include/windef.h \
  /private/tmp/gptk4-wine11-source/include/windns.h \
  /private/tmp/gptk4-wine11-source/include/windot11.h \
  /private/tmp/gptk4-wine11-source/include/windows.applicationmodel.activation.idl \
  include/windows.applicationmodel.activation.h \
  /private/tmp/gptk4-wine11-source/include/windows.applicationmodel.background.idl \
  include/windows.applicationmodel.background.h \
  /private/tmp/gptk4-wine11-source/include/windows.applicationmodel.core.idl \
  include/windows.applicationmodel.core.h \
  /private/tmp/gptk4-wine11-source/include/windows.applicationmodel.datatransfer.dragdrop.core.idl \
  include/windows.applicationmodel.datatransfer.dragdrop.core.h \
  /private/tmp/gptk4-wine11-source/include/windows.applicationmodel.datatransfer.dragdrop.idl \
  include/windows.applicationmodel.datatransfer.dragdrop.h \
  /private/tmp/gptk4-wine11-source/include/windows.applicationmodel.datatransfer.idl \
  include/windows.applicationmodel.datatransfer.h \
  /private/tmp/gptk4-wine11-source/include/windows.applicationmodel.idl \
  include/windows.applicationmodel.h /private/tmp/gptk4-wine11-source/include/windows.data.json.idl \
  include/windows.data.json.h /private/tmp/gptk4-wine11-source/include/windows.data.xml.dom.idl \
  include/windows.data.xml.dom.h \
  /private/tmp/gptk4-wine11-source/include/windows.devices.bluetooth.advertisement.idl \
  include/windows.devices.bluetooth.advertisement.h \
  /private/tmp/gptk4-wine11-source/include/windows.devices.bluetooth.genericattributeprofile.idl \
  include/windows.devices.bluetooth.genericattributeprofile.h \
  /private/tmp/gptk4-wine11-source/include/windows.devices.bluetooth.idl \
  include/windows.devices.bluetooth.h \
  /private/tmp/gptk4-wine11-source/include/windows.devices.bluetooth.rfcomm.idl \
  include/windows.devices.bluetooth.rfcomm.h \
  /private/tmp/gptk4-wine11-source/include/windows.devices.enumeration.idl \
  include/windows.devices.enumeration.h \
  /private/tmp/gptk4-wine11-source/include/windows.devices.geolocation.idl \
  include/windows.devices.geolocation.h \
  /private/tmp/gptk4-wine11-source/include/windows.devices.haptics.idl \
  include/windows.devices.haptics.h \
  /private/tmp/gptk4-wine11-source/include/windows.devices.input.idl include/windows.devices.input.h \
  /private/tmp/gptk4-wine11-source/include/windows.devices.power.idl include/windows.devices.power.h \
  /private/tmp/gptk4-wine11-source/include/windows.devices.radios.idl \
  include/windows.devices.radios.h /private/tmp/gptk4-wine11-source/include/windows.devices.usb.idl \
  include/windows.devices.usb.h \
  /private/tmp/gptk4-wine11-source/include/windows.foundation.collections.idl \
  include/windows.foundation.collections.h \
  /private/tmp/gptk4-wine11-source/include/windows.foundation.idl include/windows.foundation.h \
  /private/tmp/gptk4-wine11-source/include/windows.foundation.metadata.idl \
  include/windows.foundation.metadata.h \
  /private/tmp/gptk4-wine11-source/include/windows.foundation.numerics.idl \
  include/windows.foundation.numerics.h \
  /private/tmp/gptk4-wine11-source/include/windows.gaming.input.custom.idl \
  include/windows.gaming.input.custom.h \
  /private/tmp/gptk4-wine11-source/include/windows.gaming.input.forcefeedback.idl \
  include/windows.gaming.input.forcefeedback.h \
  /private/tmp/gptk4-wine11-source/include/windows.gaming.input.idl include/windows.gaming.input.h \
  /private/tmp/gptk4-wine11-source/include/windows.gaming.ui.idl include/windows.gaming.ui.h \
  /private/tmp/gptk4-wine11-source/include/windows.globalization.idl include/windows.globalization.h \
  /private/tmp/gptk4-wine11-source/include/windows.graphics.capture.idl \
  include/windows.graphics.capture.h \
  /private/tmp/gptk4-wine11-source/include/windows.graphics.capture.interop.idl \
  include/windows.graphics.capture.interop.h \
  /private/tmp/gptk4-wine11-source/include/windows.graphics.directx.direct3d11.idl \
  include/windows.graphics.directx.direct3d11.h \
  /private/tmp/gptk4-wine11-source/include/windows.graphics.directx.idl \
  include/windows.graphics.directx.h \
  /private/tmp/gptk4-wine11-source/include/windows.graphics.effects.idl \
  include/windows.graphics.effects.h \
  /private/tmp/gptk4-wine11-source/include/windows.graphics.holographic.idl \
  include/windows.graphics.holographic.h \
  /private/tmp/gptk4-wine11-source/include/windows.graphics.idl include/windows.graphics.h \
  /private/tmp/gptk4-wine11-source/include/windows.graphics.imaging.idl \
  include/windows.graphics.imaging.h /private/tmp/gptk4-wine11-source/include/windows.h \
  /private/tmp/gptk4-wine11-source/include/windows.management.deployment.idl \
  include/windows.management.deployment.h \
  /private/tmp/gptk4-wine11-source/include/windows.media.capture.idl include/windows.media.capture.h \
  /private/tmp/gptk4-wine11-source/include/windows.media.closedcaptioning.idl \
  include/windows.media.closedcaptioning.h \
  /private/tmp/gptk4-wine11-source/include/windows.media.core.idl include/windows.media.core.h \
  /private/tmp/gptk4-wine11-source/include/windows.media.devices.idl include/windows.media.devices.h \
  /private/tmp/gptk4-wine11-source/include/windows.media.effects.idl include/windows.media.effects.h \
  /private/tmp/gptk4-wine11-source/include/windows.media.faceanalysis.idl \
  include/windows.media.faceanalysis.h /private/tmp/gptk4-wine11-source/include/windows.media.idl \
  include/windows.media.h /private/tmp/gptk4-wine11-source/include/windows.media.mediaproperties.idl \
  include/windows.media.mediaproperties.h \
  /private/tmp/gptk4-wine11-source/include/windows.media.playback.idl \
  include/windows.media.playback.h /private/tmp/gptk4-wine11-source/include/windows.media.render.idl \
  include/windows.media.render.h \
  /private/tmp/gptk4-wine11-source/include/windows.media.speechrecognition.idl \
  include/windows.media.speechrecognition.h \
  /private/tmp/gptk4-wine11-source/include/windows.media.speechsynthesis.idl \
  include/windows.media.speechsynthesis.h \
  /private/tmp/gptk4-wine11-source/include/windows.media.transcoding.idl \
  include/windows.media.transcoding.h \
  /private/tmp/gptk4-wine11-source/include/windows.networking.connectivity.idl \
  include/windows.networking.connectivity.h \
  /private/tmp/gptk4-wine11-source/include/windows.networking.idl include/windows.networking.h \
  /private/tmp/gptk4-wine11-source/include/windows.networking.sockets.idl \
  include/windows.networking.sockets.h \
  /private/tmp/gptk4-wine11-source/include/windows.perception.idl include/windows.perception.h \
  /private/tmp/gptk4-wine11-source/include/windows.perception.spatial.idl \
  include/windows.perception.spatial.h \
  /private/tmp/gptk4-wine11-source/include/windows.perception.spatial.surfaces.idl \
  include/windows.perception.spatial.surfaces.h \
  /private/tmp/gptk4-wine11-source/include/windows.security.authentication.onlineid.idl \
  include/windows.security.authentication.onlineid.h \
  /private/tmp/gptk4-wine11-source/include/windows.security.authorization.appcapabilityaccess.idl \
  include/windows.security.authorization.appcapabilityaccess.h \
  /private/tmp/gptk4-wine11-source/include/windows.security.credentials.idl \
  include/windows.security.credentials.h \
  /private/tmp/gptk4-wine11-source/include/windows.security.credentials.ui.idl \
  include/windows.security.credentials.ui.h \
  /private/tmp/gptk4-wine11-source/include/windows.security.cryptography.core.idl \
  include/windows.security.cryptography.core.h \
  /private/tmp/gptk4-wine11-source/include/windows.security.cryptography.idl \
  include/windows.security.cryptography.h \
  /private/tmp/gptk4-wine11-source/include/windows.security.enterprisedata.idl \
  include/windows.security.enterprisedata.h \
  /private/tmp/gptk4-wine11-source/include/windows.security.exchangeactivesyncprovisioning.idl \
  include/windows.security.exchangeactivesyncprovisioning.h \
  /private/tmp/gptk4-wine11-source/include/windows.security.isolation.idl \
  include/windows.security.isolation.h \
  /private/tmp/gptk4-wine11-source/include/windows.storage.fileproperties.idl \
  include/windows.storage.fileproperties.h \
  /private/tmp/gptk4-wine11-source/include/windows.storage.idl include/windows.storage.h \
  /private/tmp/gptk4-wine11-source/include/windows.storage.search.idl \
  include/windows.storage.search.h \
  /private/tmp/gptk4-wine11-source/include/windows.storage.streams.idl \
  include/windows.storage.streams.h /private/tmp/gptk4-wine11-source/include/windows.system.idl \
  include/windows.system.h /private/tmp/gptk4-wine11-source/include/windows.system.power.idl \
  include/windows.system.power.h /private/tmp/gptk4-wine11-source/include/windows.system.profile.idl \
  include/windows.system.profile.h \
  /private/tmp/gptk4-wine11-source/include/windows.system.profile.systemmanufacturers.idl \
  include/windows.system.profile.systemmanufacturers.h \
  /private/tmp/gptk4-wine11-source/include/windows.system.threading.idl \
  include/windows.system.threading.h \
  /private/tmp/gptk4-wine11-source/include/windows.system.userprofile.idl \
  include/windows.system.userprofile.h \
  /private/tmp/gptk4-wine11-source/include/windows.ui.composition.idl \
  include/windows.ui.composition.h \
  /private/tmp/gptk4-wine11-source/include/windows.ui.composition.interop.idl \
  include/windows.ui.composition.interop.h \
  /private/tmp/gptk4-wine11-source/include/windows.ui.core.idl include/windows.ui.core.h \
  /private/tmp/gptk4-wine11-source/include/windows.ui.idl include/windows.ui.h \
  /private/tmp/gptk4-wine11-source/include/windows.ui.input.idl include/windows.ui.input.h \
  /private/tmp/gptk4-wine11-source/include/windows.ui.notifications.idl \
  include/windows.ui.notifications.h \
  /private/tmp/gptk4-wine11-source/include/windows.ui.viewmanagement.core.idl \
  include/windows.ui.viewmanagement.core.h \
  /private/tmp/gptk4-wine11-source/include/windows.ui.viewmanagement.idl \
  include/windows.ui.viewmanagement.h \
  /private/tmp/gptk4-wine11-source/include/windows.ui.windowmanagement.idl \
  include/windows.ui.windowmanagement.h \
  /private/tmp/gptk4-wine11-source/include/windows.ui.xaml.hosting.desktopwindowxamlsource.idl \
  include/windows.ui.xaml.hosting.desktopwindowxamlsource.h \
  /private/tmp/gptk4-wine11-source/include/windows.ui.xaml.idl include/windows.ui.xaml.h \
  /private/tmp/gptk4-wine11-source/include/windows.ui.xaml.interop.idl \
  include/windows.ui.xaml.interop.h /private/tmp/gptk4-wine11-source/include/windowscontracts.idl \
  include/windowscontracts.h /private/tmp/gptk4-wine11-source/include/windowsx.h \
  /private/tmp/gptk4-wine11-source/include/winerror.h \
  /private/tmp/gptk4-wine11-source/include/winevt.h \
  /private/tmp/gptk4-wine11-source/include/wingdi.h \
  /private/tmp/gptk4-wine11-source/include/winhttp.h \
  /private/tmp/gptk4-wine11-source/include/wininet.h \
  /private/tmp/gptk4-wine11-source/include/winineti.h \
  /private/tmp/gptk4-wine11-source/include/winioctl.h \
  /private/tmp/gptk4-wine11-source/include/winldap.h \
  /private/tmp/gptk4-wine11-source/include/winnetwk.h \
  /private/tmp/gptk4-wine11-source/include/winnls.h \
  /private/tmp/gptk4-wine11-source/include/winnls32.h \
  /private/tmp/gptk4-wine11-source/include/winnt.h /private/tmp/gptk4-wine11-source/include/winnt.rh \
  /private/tmp/gptk4-wine11-source/include/winperf.h \
  /private/tmp/gptk4-wine11-source/include/winppi.h \
  /private/tmp/gptk4-wine11-source/include/winreg.h \
  /private/tmp/gptk4-wine11-source/include/winresrc.h \
  /private/tmp/gptk4-wine11-source/include/winsafer.h \
  /private/tmp/gptk4-wine11-source/include/winscard.h \
  /private/tmp/gptk4-wine11-source/include/winsmcrd.h \
  /private/tmp/gptk4-wine11-source/include/winsnmp.h \
  /private/tmp/gptk4-wine11-source/include/winsock.h \
  /private/tmp/gptk4-wine11-source/include/winsock2.h \
  /private/tmp/gptk4-wine11-source/include/winspool.h \
  /private/tmp/gptk4-wine11-source/include/winstring.h \
  /private/tmp/gptk4-wine11-source/include/winsvc.h \
  /private/tmp/gptk4-wine11-source/include/winsxs.idl include/winsxs.h \
  /private/tmp/gptk4-wine11-source/include/wintab.h \
  /private/tmp/gptk4-wine11-source/include/wintabx.h \
  /private/tmp/gptk4-wine11-source/include/winternl.h \
  /private/tmp/gptk4-wine11-source/include/wintrust.h \
  /private/tmp/gptk4-wine11-source/include/winusb.h \
  /private/tmp/gptk4-wine11-source/include/winuser.h \
  /private/tmp/gptk4-wine11-source/include/winuser.rh \
  /private/tmp/gptk4-wine11-source/include/winver.h \
  /private/tmp/gptk4-wine11-source/include/wlanapi.h /private/tmp/gptk4-wine11-source/include/wldp.h \
  /private/tmp/gptk4-wine11-source/include/wmcodecdsp.idl include/wmcodecdsp.h \
  /private/tmp/gptk4-wine11-source/include/wmdrmsdk.idl include/wmdrmsdk.h \
  /private/tmp/gptk4-wine11-source/include/wmistr.h /private/tmp/gptk4-wine11-source/include/wmium.h \
  /private/tmp/gptk4-wine11-source/include/wmiutils.idl include/wmiutils.h \
  /private/tmp/gptk4-wine11-source/include/wmp.idl include/wmp.h \
  /private/tmp/gptk4-wine11-source/include/wmpids.h \
  /private/tmp/gptk4-wine11-source/include/wmprealestate.idl include/wmprealestate.h \
  /private/tmp/gptk4-wine11-source/include/wmpservices.idl include/wmpservices.h \
  /private/tmp/gptk4-wine11-source/include/wmsbuffer.idl include/wmsbuffer.h \
  /private/tmp/gptk4-wine11-source/include/wmsdk.h \
  /private/tmp/gptk4-wine11-source/include/wmsdkidl.idl include/wmsdkidl.h \
  /private/tmp/gptk4-wine11-source/include/wmsecure.idl include/wmsecure.h \
  /private/tmp/gptk4-wine11-source/include/wnaspi32.h \
  /private/tmp/gptk4-wine11-source/include/wofapi.h \
  /private/tmp/gptk4-wine11-source/include/wownt16.h \
  /private/tmp/gptk4-wine11-source/include/wownt32.h \
  /private/tmp/gptk4-wine11-source/include/wpcapi.idl include/wpcapi.h \
  /private/tmp/gptk4-wine11-source/include/ws2bth.h \
  /private/tmp/gptk4-wine11-source/include/ws2def.h \
  /private/tmp/gptk4-wine11-source/include/ws2ipdef.h \
  /private/tmp/gptk4-wine11-source/include/ws2spi.h \
  /private/tmp/gptk4-wine11-source/include/ws2tcpip.h \
  /private/tmp/gptk4-wine11-source/include/wsdapi.h \
  /private/tmp/gptk4-wine11-source/include/wsdbase.idl include/wsdbase.h \
  /private/tmp/gptk4-wine11-source/include/wsddisco.idl include/wsddisco.h \
  /private/tmp/gptk4-wine11-source/include/wsdtypes.h \
  /private/tmp/gptk4-wine11-source/include/wsdutil.h \
  /private/tmp/gptk4-wine11-source/include/wsdxml.idl include/wsdxml.h \
  /private/tmp/gptk4-wine11-source/include/wsdxmldom.h \
  /private/tmp/gptk4-wine11-source/include/wshisotp.h \
  /private/tmp/gptk4-wine11-source/include/wsipx.h \
  /private/tmp/gptk4-wine11-source/include/wsnwlink.h \
  /private/tmp/gptk4-wine11-source/include/wspiapi.h \
  /private/tmp/gptk4-wine11-source/include/wtsapi32.h \
  /private/tmp/gptk4-wine11-source/include/wtypes.idl include/wtypes.h \
  /private/tmp/gptk4-wine11-source/include/wuapi.idl include/wuapi.h \
  /private/tmp/gptk4-wine11-source/include/x3daudio.h \
  /private/tmp/gptk4-wine11-source/include/xact.h /private/tmp/gptk4-wine11-source/include/xact2wb.h \
  /private/tmp/gptk4-wine11-source/include/xact3.h \
  /private/tmp/gptk4-wine11-source/include/xact3wb.h \
  /private/tmp/gptk4-wine11-source/include/xamlom.idl include/xamlom.h \
  /private/tmp/gptk4-wine11-source/include/xapo.idl include/xapo.h \
  /private/tmp/gptk4-wine11-source/include/xapofx.h \
  /private/tmp/gptk4-wine11-source/include/xaudio2.idl include/xaudio2.h \
  /private/tmp/gptk4-wine11-source/include/xaudio2fx.idl include/xaudio2fx.h \
  /private/tmp/gptk4-wine11-source/include/xcmc.h /private/tmp/gptk4-wine11-source/include/xinput.h \
  /private/tmp/gptk4-wine11-source/include/xmldom.h
tools/install -m 644  -t /private/tmp/gptk4-runtime11/include/wine/windows \
  /private/tmp/gptk4-wine11-source/include/xmldom.idl \
  /private/tmp/gptk4-wine11-source/include/xmldomdid.h \
  /private/tmp/gptk4-wine11-source/include/xmldso.idl \
  /private/tmp/gptk4-wine11-source/include/xmldsodid.h \
  /private/tmp/gptk4-wine11-source/include/xmllite.idl include/xmllite.h \
  /private/tmp/gptk4-wine11-source/include/xpsobjectmodel.idl include/xpsobjectmodel.h \
  /private/tmp/gptk4-wine11-source/include/xpsobjectmodel_1.idl include/xpsobjectmodel_1.h \
  /private/tmp/gptk4-wine11-source/include/zmouse.h
tools/install -m 644  -t /private/tmp/gptk4-runtime11/include/wine/windows/ddk \
  /private/tmp/gptk4-wine11-source/include/ddk/bthguid.h \
  /private/tmp/gptk4-wine11-source/include/ddk/compstui.h \
  /private/tmp/gptk4-wine11-source/include/ddk/csq.h \
  /private/tmp/gptk4-wine11-source/include/ddk/d3dkmthk.h \
  /private/tmp/gptk4-wine11-source/include/ddk/fltkernel.h \
  /private/tmp/gptk4-wine11-source/include/ddk/hidclass.h \
  /private/tmp/gptk4-wine11-source/include/ddk/hidpddi.h \
  /private/tmp/gptk4-wine11-source/include/ddk/hidpi.h \
  /private/tmp/gptk4-wine11-source/include/ddk/hidport.h \
  /private/tmp/gptk4-wine11-source/include/ddk/hidsdi.h \
  /private/tmp/gptk4-wine11-source/include/ddk/hidtypes.h \
  /private/tmp/gptk4-wine11-source/include/ddk/mountmgr.h \
  /private/tmp/gptk4-wine11-source/include/ddk/ndis.h \
  /private/tmp/gptk4-wine11-source/include/ddk/ntddcdvd.h \
  /private/tmp/gptk4-wine11-source/include/ddk/ntddk.h \
  /private/tmp/gptk4-wine11-source/include/ddk/ntddser.h \
  /private/tmp/gptk4-wine11-source/include/ddk/ntddtape.h \
  /private/tmp/gptk4-wine11-source/include/ddk/ntifs.h \
  /private/tmp/gptk4-wine11-source/include/ddk/usb.h \
  /private/tmp/gptk4-wine11-source/include/ddk/usb100.h \
  /private/tmp/gptk4-wine11-source/include/ddk/usb200.h \
  /private/tmp/gptk4-wine11-source/include/ddk/usbdlib.h \
  /private/tmp/gptk4-wine11-source/include/ddk/usbioctl.h \
  /private/tmp/gptk4-wine11-source/include/ddk/usbiodef.h \
  /private/tmp/gptk4-wine11-source/include/ddk/wdm.h \
  /private/tmp/gptk4-wine11-source/include/ddk/winddi.h \
  /private/tmp/gptk4-wine11-source/include/ddk/winddiui.h \
  /private/tmp/gptk4-wine11-source/include/ddk/winsplp.h \
  /private/tmp/gptk4-wine11-source/include/ddk/wsk.h
tools/install -m 644  -t /private/tmp/gptk4-runtime11/include/wine/msvcrt \
  /private/tmp/gptk4-wine11-source/include/msvcrt/assert.h \
  /private/tmp/gptk4-wine11-source/include/msvcrt/complex.h \
  /private/tmp/gptk4-wine11-source/include/msvcrt/conio.h \
  /private/tmp/gptk4-wine11-source/include/msvcrt/corecrt.h \
  /private/tmp/gptk4-wine11-source/include/msvcrt/corecrt_io.h \
  /private/tmp/gptk4-wine11-source/include/msvcrt/corecrt_malloc.h \
  /private/tmp/gptk4-wine11-source/include/msvcrt/corecrt_startup.h \
  /private/tmp/gptk4-wine11-source/include/msvcrt/corecrt_stdio_config.h \
  /private/tmp/gptk4-wine11-source/include/msvcrt/corecrt_wctype.h \
  /private/tmp/gptk4-wine11-source/include/msvcrt/corecrt_wdirect.h \
  /private/tmp/gptk4-wine11-source/include/msvcrt/corecrt_wio.h \
  /private/tmp/gptk4-wine11-source/include/msvcrt/corecrt_wprocess.h \
  /private/tmp/gptk4-wine11-source/include/msvcrt/corecrt_wstdio.h \
  /private/tmp/gptk4-wine11-source/include/msvcrt/corecrt_wstdlib.h \
  /private/tmp/gptk4-wine11-source/include/msvcrt/corecrt_wstring.h \
  /private/tmp/gptk4-wine11-source/include/msvcrt/corecrt_wtime.h \
  /private/tmp/gptk4-wine11-source/include/msvcrt/crtdbg.h \
  /private/tmp/gptk4-wine11-source/include/msvcrt/crtdefs.h \
  /private/tmp/gptk4-wine11-source/include/msvcrt/ctype.h \
  /private/tmp/gptk4-wine11-source/include/msvcrt/direct.h \
  /private/tmp/gptk4-wine11-source/include/msvcrt/dirent.h \
  /private/tmp/gptk4-wine11-source/include/msvcrt/dos.h \
  /private/tmp/gptk4-wine11-source/include/msvcrt/eh.h \
  /private/tmp/gptk4-wine11-source/include/msvcrt/errno.h \
  /private/tmp/gptk4-wine11-source/include/msvcrt/fcntl.h \
  /private/tmp/gptk4-wine11-source/include/msvcrt/fenv.h \
  /private/tmp/gptk4-wine11-source/include/msvcrt/float.h \
  /private/tmp/gptk4-wine11-source/include/msvcrt/fpieee.h \
  /private/tmp/gptk4-wine11-source/include/msvcrt/intrin.h \
  /private/tmp/gptk4-wine11-source/include/msvcrt/inttypes.h \
  /private/tmp/gptk4-wine11-source/include/msvcrt/io.h \
  /private/tmp/gptk4-wine11-source/include/msvcrt/limits.h \
  /private/tmp/gptk4-wine11-source/include/msvcrt/locale.h \
  /private/tmp/gptk4-wine11-source/include/msvcrt/malloc.h \
  /private/tmp/gptk4-wine11-source/include/msvcrt/math.h \
  /private/tmp/gptk4-wine11-source/include/msvcrt/mbctype.h \
  /private/tmp/gptk4-wine11-source/include/msvcrt/mbstring.h \
  /private/tmp/gptk4-wine11-source/include/msvcrt/memory.h \
  /private/tmp/gptk4-wine11-source/include/msvcrt/process.h \
  /private/tmp/gptk4-wine11-source/include/msvcrt/search.h \
  /private/tmp/gptk4-wine11-source/include/msvcrt/setjmp.h \
  /private/tmp/gptk4-wine11-source/include/msvcrt/share.h \
  /private/tmp/gptk4-wine11-source/include/msvcrt/signal.h \
  /private/tmp/gptk4-wine11-source/include/msvcrt/stdarg.h \
  /private/tmp/gptk4-wine11-source/include/msvcrt/stdbool.h \
  /private/tmp/gptk4-wine11-source/include/msvcrt/stddef.h \
  /private/tmp/gptk4-wine11-source/include/msvcrt/stdint.h \
  /private/tmp/gptk4-wine11-source/include/msvcrt/stdio.h \
  /private/tmp/gptk4-wine11-source/include/msvcrt/stdlib.h \
  /private/tmp/gptk4-wine11-source/include/msvcrt/string.h \
  /private/tmp/gptk4-wine11-source/include/msvcrt/time.h \
  /private/tmp/gptk4-wine11-source/include/msvcrt/uchar.h \
  /private/tmp/gptk4-wine11-source/include/msvcrt/unistd.h \
  /private/tmp/gptk4-wine11-source/include/msvcrt/vadefs.h \
  /private/tmp/gptk4-wine11-source/include/msvcrt/wchar.h \
  /private/tmp/gptk4-wine11-source/include/msvcrt/wctype.h
tools/install -m 644  -t /private/tmp/gptk4-runtime11/include/wine/msvcrt/sys \
  /private/tmp/gptk4-wine11-source/include/msvcrt/sys/locking.h \
  /private/tmp/gptk4-wine11-source/include/msvcrt/sys/stat.h \
  /private/tmp/gptk4-wine11-source/include/msvcrt/sys/timeb.h \
  /private/tmp/gptk4-wine11-source/include/msvcrt/sys/types.h \
  /private/tmp/gptk4-wine11-source/include/msvcrt/sys/unistd.h \
  /private/tmp/gptk4-wine11-source/include/msvcrt/sys/utime.h
tools/install -m 644  -t /private/tmp/gptk4-runtime11/include/wine \
  /private/tmp/gptk4-wine11-source/include/wine/debug.h \
  /private/tmp/gptk4-wine11-source/include/wine/exception.h \
  /private/tmp/gptk4-wine11-source/include/wine/iaccessible2.idl include/wine/iaccessible2.h \
  /private/tmp/gptk4-wine11-source/include/wine/itss.idl include/wine/itss.h \
  /private/tmp/gptk4-wine11-source/include/wine/mfinternal.idl include/wine/mfinternal.h \
  /private/tmp/gptk4-wine11-source/include/wine/svcctl.idl include/wine/svcctl.h \
  /private/tmp/gptk4-wine11-source/include/wine/unixlib.h
tools/install -m 644  tools/widl/widl.man /private/tmp/gptk4-runtime11/share/man/man1/widl.1
tools/install --strip-program="strip"  -t /private/tmp/gptk4-runtime11/bin \
  tools/widl/widl tools/winebuild/winebuild tools/winedump/winedump tools/winegcc/winegcc \
  tools/wmc/wmc tools/wrc/wrc
tools/install -m 644  tools/winebuild/winebuild.man \
  /private/tmp/gptk4-runtime11/share/man/man1/winebuild.1
tools/install -m 644  tools/winedump/winedump.man \
  /private/tmp/gptk4-runtime11/share/man/man1/winedump.1
tools/install  -t /private/tmp/gptk4-runtime11/bin \
  /private/tmp/gptk4-wine11-source/tools/winedump/function_grep.pl \
  /private/tmp/gptk4-wine11-source/tools/winemaker/winemaker
tools/install -m 644  tools/winegcc/winegcc.man \
  /private/tmp/gptk4-runtime11/share/man/man1/winegcc.1
tools/install -L winegcc.1 /private/tmp/gptk4-runtime11/share/man/man1/winecpp.1
tools/install -L winegcc.1 /private/tmp/gptk4-runtime11/share/man/man1/wineg++.1
tools/install -L winegcc /private/tmp/gptk4-runtime11/bin/winecpp
tools/install -L winegcc /private/tmp/gptk4-runtime11/bin/wineg++
tools/install -m 644  tools/winemaker/winemaker.de.UTF-8.man \
  /private/tmp/gptk4-runtime11/share/man/de.UTF-8/man1/winemaker.1
tools/install -m 644  tools/winemaker/winemaker.fr.UTF-8.man \
  /private/tmp/gptk4-runtime11/share/man/fr.UTF-8/man1/winemaker.1
tools/install -m 644  tools/winemaker/winemaker.man \
  /private/tmp/gptk4-runtime11/share/man/man1/winemaker.1
tools/install -m 644  tools/wmc/wmc.man /private/tmp/gptk4-runtime11/share/man/man1/wmc.1
tools/install -m 644  tools/wrc/wrc.man /private/tmp/gptk4-runtime11/share/man/man1/wrc.1
tools/install --strip-program="strip"  \
  -t /private/tmp/gptk4-runtime11/lib/wine/x86_64-unix dlls/avicap32/avicap32.so dlls/bcrypt/bcrypt.so \
  dlls/crypt32/crypt32.so dlls/ctapi32/ctapi32.so dlls/dnsapi/dnsapi.so dlls/dwrite/dwrite.so \
  dlls/kerberos/kerberos.so dlls/localspl/localspl.so dlls/mountmgr.sys/mountmgr.so \
  dlls/msv1_0/msv1_0.so dlls/netapi32/netapi32.so dlls/nsiproxy.sys/nsiproxy.so dlls/ntdll/ntdll.so \
  dlls/odbc32/odbc32.so dlls/opencl/opencl.so dlls/opengl32/opengl32.so dlls/qcap/qcap.so \
  dlls/secur32/secur32.so dlls/win32u/win32u.so dlls/winebth.sys/winebth.so \
  dlls/winebus.sys/winebus.so dlls/winecoreaudio.drv/winecoreaudio.so dlls/winedmo/winedmo.so \
  dlls/winemac.drv/winemac.so dlls/wineps.drv/wineps.so dlls/winevulkan/winevulkan.so \
  dlls/winscard/winscard.so dlls/winspool.drv/winspool.so dlls/wpcap/wpcap.so dlls/ws2_32/ws2_32.so
