config.status: executing Makefile commands
tools/winegcc/winegcc -o dlls/acledit/x86_64-windows/acledit.dll --wine-objdir . -b x86_64-windows -Wl,--wine-builtin -shared \
  /private/tmp/gptk4-wine11-source/dlls/acledit/acledit.spec -Wb,--prefer-native \
  dlls/acledit/x86_64-windows/main.o dlls/winecrt0/x86_64-windows/libwinecrt0.a \
  libs/compiler-rt/x86_64-windows/libcompiler-rt.a dlls/ucrtbase/x86_64-windows/libucrtbase.a \
  dlls/kernel32/x86_64-windows/libkernel32.a dlls/ntdll/x86_64-windows/libntdll.a --no-default-config -fms-hotpatch -Wl,-debug:dwarf
tools/winegcc/winegcc -o dlls/aclui/x86_64-windows/aclui.dll --wine-objdir . -b x86_64-windows -Wl,--wine-builtin -shared \
  /private/tmp/gptk4-wine11-source/dlls/aclui/aclui.spec -Wb,--prefer-native \
  dlls/aclui/x86_64-windows/aclui_main.o dlls/aclui/aclui.res \
  dlls/comctl32/x86_64-windows/libcomctl32.a dlls/user32/x86_64-windows/libuser32.a \
  dlls/advapi32/x86_64-windows/libadvapi32.a dlls/gdi32/x86_64-windows/libgdi32.a \
  dlls/winecrt0/x86_64-windows/libwinecrt0.a libs/compiler-rt/x86_64-windows/libcompiler-rt.a \
  dlls/ucrtbase/x86_64-windows/libucrtbase.a dlls/kernel32/x86_64-windows/libkernel32.a \
  dlls/ntdll/x86_64-windows/libntdll.a --no-default-config -fms-hotpatch -Wl,-debug:dwarf
tools/widl/widl -o dlls/activeds.tlb/x86_64-windows/activeds_tlb_t.res -b x86_64-windows --nostdinc -Ldlls/\* -Idlls/activeds.tlb \
  -I/private/tmp/gptk4-wine11-source/dlls/activeds.tlb -Iinclude \
  -I/private/tmp/gptk4-wine11-source/include -I/private/tmp/gptk4-wine11-source/include/msvcrt \
  -D_UCRT -D__WINESRC__ /private/tmp/gptk4-wine11-source/dlls/activeds.tlb/activeds_tlb.idl
tools/winegcc/winegcc -o dlls/activeds/x86_64-windows/activeds.dll --wine-objdir . -b x86_64-windows -Wl,--wine-builtin -shared \
  /private/tmp/gptk4-wine11-source/dlls/activeds/activeds.spec -Wb,--prefer-native \
  dlls/activeds/x86_64-windows/activeds_main.o dlls/activeds/x86_64-windows/dnwithbinary.o \
  dlls/activeds/x86_64-windows/pathname.o dlls/activeds/x86_64-windows/activeds_r.res \
  dlls/advapi32/x86_64-windows/libadvapi32.a dlls/ole32/x86_64-windows/libole32.a \
  dlls/oleaut32/x86_64-windows/liboleaut32.a libs/uuid/x86_64-windows/libuuid.a \
  dlls/winecrt0/x86_64-windows/libwinecrt0.a libs/compiler-rt/x86_64-windows/libcompiler-rt.a \
  dlls/ucrtbase/x86_64-windows/libucrtbase.a dlls/kernel32/x86_64-windows/libkernel32.a \
  dlls/ntdll/x86_64-windows/libntdll.a --no-default-config -fms-hotpatch -Wl,-debug:dwarf
tools/winegcc/winegcc -o dlls/actxprxy/x86_64-windows/actxprxy.dll --wine-objdir . -b x86_64-windows -Wl,--wine-builtin -shared \
  /private/tmp/gptk4-wine11-source/dlls/actxprxy/actxprxy.spec \
  dlls/actxprxy/x86_64-windows/usrmarshal.o dlls/actxprxy/x86_64-windows/actxprxy_activscp_p.o \
  dlls/actxprxy/x86_64-windows/dlldata.o dlls/actxprxy/x86_64-windows/actxprxy_comcat_p.o \
  dlls/actxprxy/x86_64-windows/actxprxy_docobj_p.o dlls/actxprxy/x86_64-windows/actxprxy_hlink_p.o \
  dlls/actxprxy/x86_64-windows/actxprxy_htiface_p.o \
  dlls/actxprxy/x86_64-windows/actxprxy_htiframe_p.o \
  dlls/actxprxy/x86_64-windows/actxprxy_objsafe_p.o dlls/actxprxy/x86_64-windows/actxprxy_ocmm_p.o \
  dlls/actxprxy/x86_64-windows/actxprxy_servprov_p.o \
  dlls/actxprxy/x86_64-windows/actxprxy_shldisp_p.o \
  dlls/actxprxy/x86_64-windows/actxprxy_shobjidl_p.o \
  dlls/actxprxy/x86_64-windows/actxprxy_urlhist_p.o \
  dlls/actxprxy/x86_64-windows/actxprxy_activscp_r.res \
  dlls/actxprxy/x86_64-windows/actxprxy_comcat_r.res \
  dlls/actxprxy/x86_64-windows/actxprxy_docobj_r.res \
  dlls/actxprxy/x86_64-windows/actxprxy_hlink_r.res \
  dlls/actxprxy/x86_64-windows/actxprxy_htiface_r.res \
  dlls/actxprxy/x86_64-windows/actxprxy_htiframe_r.res \
  dlls/actxprxy/x86_64-windows/actxprxy_objsafe_r.res \
  dlls/actxprxy/x86_64-windows/actxprxy_ocmm_r.res \
  dlls/actxprxy/x86_64-windows/actxprxy_servprov_r.res \
  dlls/actxprxy/x86_64-windows/actxprxy_shldisp_r.res \
  dlls/actxprxy/x86_64-windows/actxprxy_shobjidl_r.res \
  dlls/actxprxy/x86_64-windows/actxprxy_urlhist_r.res libs/uuid/x86_64-windows/libuuid.a \
  dlls/oleaut32/x86_64-windows/liboleaut32.a dlls/ole32/x86_64-windows/libole32.a \
  dlls/rpcrt4/x86_64-windows/librpcrt4.a dlls/winecrt0/x86_64-windows/libwinecrt0.a \
  libs/compiler-rt/x86_64-windows/libcompiler-rt.a dlls/ucrtbase/x86_64-windows/libucrtbase.a \
  dlls/kernel32/x86_64-windows/libkernel32.a dlls/ntdll/x86_64-windows/libntdll.a --no-default-config -fms-hotpatch -Wl,-debug:dwarf
tools/winegcc/winegcc -o dlls/adsldp/x86_64-windows/adsldp.dll --wine-objdir . -b x86_64-windows -Wl,--wine-builtin -shared \
  /private/tmp/gptk4-wine11-source/dlls/adsldp/adsldp.spec -Wb,--prefer-native \
  dlls/adsldp/x86_64-windows/adsldp.o dlls/adsldp/x86_64-windows/ldap.o \
  dlls/adsldp/x86_64-windows/schema.o dlls/adsldp/rsrc.res dlls/adsldp/x86_64-windows/adsldp_r.res \
  dlls/ole32/x86_64-windows/libole32.a dlls/oleaut32/x86_64-windows/liboleaut32.a \
  dlls/secur32/x86_64-windows/libsecur32.a dlls/activeds/x86_64-windows/libactiveds.a \
  libs/uuid/x86_64-windows/libuuid.a dlls/wldap32/x86_64-windows/libwldap32.a \
  dlls/winecrt0/x86_64-windows/libwinecrt0.a libs/compiler-rt/x86_64-windows/libcompiler-rt.a \
  dlls/ucrtbase/x86_64-windows/libucrtbase.a dlls/kernel32/x86_64-windows/libkernel32.a \
  dlls/ntdll/x86_64-windows/libntdll.a -Wl,-delayload,wldap32.dll --no-default-config -fms-hotpatch -Wl,-debug:dwarf
tools/winegcc/winegcc -o dlls/amstream/x86_64-windows/amstream.dll --wine-objdir . -b x86_64-windows -Wl,--wine-builtin -shared \
  /private/tmp/gptk4-wine11-source/dlls/amstream/amstream.spec \
  dlls/amstream/x86_64-windows/audiodata.o dlls/amstream/x86_64-windows/audiostream.o \
  dlls/amstream/x86_64-windows/ddrawstream.o dlls/amstream/x86_64-windows/filter.o \
  dlls/amstream/x86_64-windows/main.o dlls/amstream/x86_64-windows/multimedia.o \
  dlls/amstream/version.res dlls/amstream/x86_64-windows/amstream_classes_r.res \
  libs/strmiids/x86_64-windows/libstrmiids.a libs/strmbase/x86_64-windows/libstrmbase.a \
  libs/uuid/x86_64-windows/libuuid.a dlls/ole32/x86_64-windows/libole32.a \
  dlls/advapi32/x86_64-windows/libadvapi32.a dlls/ddraw/x86_64-windows/libddraw.a \
  dlls/winecrt0/x86_64-windows/libwinecrt0.a libs/compiler-rt/x86_64-windows/libcompiler-rt.a \
  dlls/msvcrt/x86_64-windows/libmsvcrt.a dlls/kernel32/x86_64-windows/libkernel32.a \
  dlls/ntdll/x86_64-windows/libntdll.a --no-default-config -fms-hotpatch -Wl,-debug:dwarf
tools/winegcc/winegcc -o dlls/appwiz.cpl/x86_64-windows/appwiz.cpl --wine-objdir . -b x86_64-windows -Wl,--wine-builtin -shared \
  /private/tmp/gptk4-wine11-source/dlls/appwiz.cpl/appwiz.cpl.spec \
  dlls/appwiz.cpl/x86_64-windows/addons.o dlls/appwiz.cpl/x86_64-windows/appwiz.o \
  dlls/appwiz.cpl/appwiz.res libs/uuid/x86_64-windows/libuuid.a \
  dlls/urlmon/x86_64-windows/liburlmon.a dlls/advpack/x86_64-windows/libadvpack.a \
  dlls/comctl32/x86_64-windows/libcomctl32.a dlls/advapi32/x86_64-windows/libadvapi32.a \
  dlls/shell32/x86_64-windows/libshell32.a dlls/ole32/x86_64-windows/libole32.a \
  dlls/user32/x86_64-windows/libuser32.a dlls/comdlg32/x86_64-windows/libcomdlg32.a \
  dlls/bcrypt/x86_64-windows/libbcrypt.a dlls/kernelbase/x86_64-windows/libkernelbase.a \
  dlls/msi/x86_64-windows/libmsi.a dlls/winecrt0/x86_64-windows/libwinecrt0.a \
  libs/compiler-rt/x86_64-windows/libcompiler-rt.a dlls/ucrtbase/x86_64-windows/libucrtbase.a \
  dlls/kernel32/x86_64-windows/libkernel32.a dlls/ntdll/x86_64-windows/libntdll.a \
  -Wl,-delayload,msi.dll --no-default-config -fms-hotpatch -Wl,-debug:dwarf
tools/winegcc/winegcc -o dlls/appxdeploymentclient/x86_64-windows/appxdeploymentclient.dll --wine-objdir . -b x86_64-windows -Wl,--wine-builtin -shared \
  /private/tmp/gptk4-wine11-source/dlls/appxdeploymentclient/appxdeploymentclient.spec \
  dlls/appxdeploymentclient/x86_64-windows/main.o dlls/appxdeploymentclient/x86_64-windows/package.o \
  dlls/appxdeploymentclient/x86_64-windows/classes_r.res dlls/combase/x86_64-windows/libcombase.a \
  dlls/winecrt0/x86_64-windows/libwinecrt0.a libs/compiler-rt/x86_64-windows/libcompiler-rt.a \
  dlls/ucrtbase/x86_64-windows/libucrtbase.a dlls/kernel32/x86_64-windows/libkernel32.a \
  dlls/ntdll/x86_64-windows/libntdll.a --no-default-config -fms-hotpatch -Wl,-debug:dwarf
tools/winegcc/winegcc -o dlls/atl/x86_64-windows/atl.dll --wine-objdir . -b x86_64-windows -Wl,--wine-builtin -shared \
  /private/tmp/gptk4-wine11-source/dlls/atl/atl.spec dlls/atl/x86_64-windows/atl.o \
  dlls/atl/x86_64-windows/atl30.o dlls/atl/x86_64-windows/atl_ax.o \
  dlls/atl/x86_64-windows/registrar.o dlls/atl/x86_64-windows/atl_classes_r.res \
  dlls/atl/x86_64-windows/atl_lib_t.res libs/uuid/x86_64-windows/libuuid.a \
  dlls/oleaut32/x86_64-windows/liboleaut32.a dlls/ole32/x86_64-windows/libole32.a \
  dlls/user32/x86_64-windows/libuser32.a dlls/gdi32/x86_64-windows/libgdi32.a \
  dlls/advapi32/x86_64-windows/libadvapi32.a dlls/shlwapi/x86_64-windows/libshlwapi.a \
  dlls/winecrt0/x86_64-windows/libwinecrt0.a libs/compiler-rt/x86_64-windows/libcompiler-rt.a \
  dlls/ucrtbase/x86_64-windows/libucrtbase.a dlls/kernel32/x86_64-windows/libkernel32.a \
  dlls/ntdll/x86_64-windows/libntdll.a --no-default-config -fms-hotpatch -Wl,-debug:dwarf
tools/winegcc/winegcc -o dlls/atl100/x86_64-windows/atl100.dll --wine-objdir . -b x86_64-windows -Wl,--wine-builtin -shared \
  /private/tmp/gptk4-wine11-source/dlls/atl100/atl100.spec dlls/atl100/x86_64-windows/atl.o \
  dlls/atl100/x86_64-windows/atl_ax.o dlls/atl100/x86_64-windows/registrar.o \
  dlls/atl100/x86_64-windows/atl_lib_t.res libs/uuid/x86_64-windows/libuuid.a \
  dlls/ole32/x86_64-windows/libole32.a dlls/oleaut32/x86_64-windows/liboleaut32.a \
  dlls/user32/x86_64-windows/libuser32.a dlls/gdi32/x86_64-windows/libgdi32.a \
  dlls/advapi32/x86_64-windows/libadvapi32.a dlls/shlwapi/x86_64-windows/libshlwapi.a \
  dlls/winecrt0/x86_64-windows/libwinecrt0.a libs/compiler-rt/x86_64-windows/libcompiler-rt.a \
  dlls/ucrtbase/x86_64-windows/libucrtbase.a dlls/kernel32/x86_64-windows/libkernel32.a \
  dlls/ntdll/x86_64-windows/libntdll.a --no-default-config -fms-hotpatch -Wl,-debug:dwarf
tools/winegcc/winegcc -o dlls/atl110/x86_64-windows/atl110.dll --wine-objdir . -b x86_64-windows -Wl,--wine-builtin -shared \
  /private/tmp/gptk4-wine11-source/dlls/atl110/atl110.spec dlls/atl110/x86_64-windows/atl.o \
  dlls/atl110/x86_64-windows/atl_ax.o dlls/atl110/x86_64-windows/registrar.o \
  dlls/atl110/x86_64-windows/atl_lib_t.res dlls/oleaut32/x86_64-windows/liboleaut32.a \
  dlls/ole32/x86_64-windows/libole32.a dlls/user32/x86_64-windows/libuser32.a \
  dlls/gdi32/x86_64-windows/libgdi32.a dlls/advapi32/x86_64-windows/libadvapi32.a \
  libs/uuid/x86_64-windows/libuuid.a dlls/shlwapi/x86_64-windows/libshlwapi.a \
  dlls/winecrt0/x86_64-windows/libwinecrt0.a libs/compiler-rt/x86_64-windows/libcompiler-rt.a \
  dlls/ucrtbase/x86_64-windows/libucrtbase.a dlls/kernel32/x86_64-windows/libkernel32.a \
  dlls/ntdll/x86_64-windows/libntdll.a --no-default-config -fms-hotpatch -Wl,-debug:dwarf
tools/winegcc/winegcc -o dlls/atl80/x86_64-windows/atl80.dll --wine-objdir . -b x86_64-windows -Wl,--wine-builtin -shared \
  /private/tmp/gptk4-wine11-source/dlls/atl80/atl80.spec dlls/atl80/x86_64-windows/atl.o \
  dlls/atl80/x86_64-windows/atl80.o dlls/atl80/x86_64-windows/atl_ax.o \
  dlls/atl80/x86_64-windows/registrar.o dlls/atl80/atl80.res dlls/atl80/x86_64-windows/atl_lib_t.res \
  dlls/oleaut32/x86_64-windows/liboleaut32.a dlls/user32/x86_64-windows/libuser32.a \
  dlls/ole32/x86_64-windows/libole32.a dlls/gdi32/x86_64-windows/libgdi32.a \
  dlls/advapi32/x86_64-windows/libadvapi32.a libs/uuid/x86_64-windows/libuuid.a \
  dlls/shlwapi/x86_64-windows/libshlwapi.a dlls/winecrt0/x86_64-windows/libwinecrt0.a \
  libs/compiler-rt/x86_64-windows/libcompiler-rt.a dlls/ucrtbase/x86_64-windows/libucrtbase.a \
  dlls/kernel32/x86_64-windows/libkernel32.a dlls/ntdll/x86_64-windows/libntdll.a --no-default-config -fms-hotpatch -Wl,-debug:dwarf
tools/widl/widl -o dlls/atl90/x86_64-windows/atl_lib_t.res -b x86_64-windows --nostdinc -Ldlls/\* -Idlls/atl90 \
  -I/private/tmp/gptk4-wine11-source/dlls/atl90 -I/private/tmp/gptk4-wine11-source/dlls/atl \
  -Iinclude -I/private/tmp/gptk4-wine11-source/include \
  -I/private/tmp/gptk4-wine11-source/include/msvcrt -D_UCRT -D__WINESRC__ -D_ATL_VER=_ATL_VER_90 \
  /private/tmp/gptk4-wine11-source/dlls/atl/atl_lib.idl
tools/winegcc/winegcc -o dlls/atlthunk/x86_64-windows/atlthunk.dll --wine-objdir . -b x86_64-windows -Wl,--wine-builtin -shared \
  /private/tmp/gptk4-wine11-source/dlls/atlthunk/atlthunk.spec \
  dlls/atlthunk/x86_64-windows/atlthunk.o dlls/winecrt0/x86_64-windows/libwinecrt0.a \
  libs/compiler-rt/x86_64-windows/libcompiler-rt.a dlls/ucrtbase/x86_64-windows/libucrtbase.a \
  dlls/kernel32/x86_64-windows/libkernel32.a dlls/ntdll/x86_64-windows/libntdll.a --no-default-config -fms-hotpatch -Wl,-debug:dwarf
tools/winegcc/winegcc -o dlls/atmlib/x86_64-windows/atmlib.dll --wine-objdir . -b x86_64-windows -Wl,--wine-builtin -shared \
  /private/tmp/gptk4-wine11-source/dlls/atmlib/atmlib.spec -Wb,--prefer-native \
  dlls/atmlib/x86_64-windows/main.o dlls/winecrt0/x86_64-windows/libwinecrt0.a \
  libs/compiler-rt/x86_64-windows/libcompiler-rt.a dlls/ucrtbase/x86_64-windows/libucrtbase.a \
  dlls/kernel32/x86_64-windows/libkernel32.a dlls/ntdll/x86_64-windows/libntdll.a --no-default-config -fms-hotpatch -Wl,-debug:dwarf
tools/winegcc/winegcc -o dlls/authz/x86_64-windows/authz.dll --wine-objdir . -b x86_64-windows -Wl,--wine-builtin -shared \
  /private/tmp/gptk4-wine11-source/dlls/authz/authz.spec -Wb,--prefer-native \
  dlls/authz/x86_64-windows/authz.o dlls/winecrt0/x86_64-windows/libwinecrt0.a \
  libs/compiler-rt/x86_64-windows/libcompiler-rt.a dlls/ucrtbase/x86_64-windows/libucrtbase.a \
  dlls/kernel32/x86_64-windows/libkernel32.a dlls/ntdll/x86_64-windows/libntdll.a --no-default-config -fms-hotpatch -Wl,-debug:dwarf
tools/winegcc/winegcc -o dlls/avicap32/x86_64-windows/avicap32.dll --wine-objdir . -b x86_64-windows -Wl,--wine-builtin -shared \
  /private/tmp/gptk4-wine11-source/dlls/avicap32/avicap32.spec \
  dlls/avicap32/x86_64-windows/avicap32_main.o dlls/user32/x86_64-windows/libuser32.a \
  dlls/winecrt0/x86_64-windows/libwinecrt0.a libs/compiler-rt/x86_64-windows/libcompiler-rt.a \
  dlls/ucrtbase/x86_64-windows/libucrtbase.a dlls/kernel32/x86_64-windows/libkernel32.a \
  dlls/ntdll/x86_64-windows/libntdll.a --no-default-config -fms-hotpatch -Wl,-debug:dwarf
tools/winegcc/winegcc -o dlls/avifil32/x86_64-windows/avifil32.dll --wine-objdir . -b x86_64-windows -Wl,--wine-builtin -shared \
  /private/tmp/gptk4-wine11-source/dlls/avifil32/avifil32.spec \
  dlls/avifil32/x86_64-windows/acmstream.o dlls/avifil32/x86_64-windows/api.o \
  dlls/avifil32/x86_64-windows/avifile.o dlls/avifil32/x86_64-windows/editstream.o \
  dlls/avifil32/x86_64-windows/extrachunk.o dlls/avifil32/x86_64-windows/factory.o \
  dlls/avifil32/x86_64-windows/getframe.o dlls/avifil32/x86_64-windows/icmstream.o \
  dlls/avifil32/x86_64-windows/tmpfile.o dlls/avifil32/x86_64-windows/wavfile.o \
  dlls/avifil32/x86_64-windows/avifil32_p.o dlls/avifil32/x86_64-windows/dlldata.o \
  dlls/avifil32/avifil32.res dlls/avifil32/x86_64-windows/avifil32_r.res \
  libs/uuid/x86_64-windows/libuuid.a dlls/msacm32/x86_64-windows/libmsacm32.a \
  dlls/msvfw32/x86_64-windows/libmsvfw32.a dlls/winmm/x86_64-windows/libwinmm.a \
  dlls/ole32/x86_64-windows/libole32.a dlls/user32/x86_64-windows/libuser32.a \
  dlls/advapi32/x86_64-windows/libadvapi32.a dlls/rpcrt4/x86_64-windows/librpcrt4.a \
  dlls/winecrt0/x86_64-windows/libwinecrt0.a libs/compiler-rt/x86_64-windows/libcompiler-rt.a \
  dlls/ucrtbase/x86_64-windows/libucrtbase.a dlls/kernel32/x86_64-windows/libkernel32.a \
  dlls/ntdll/x86_64-windows/libntdll.a --no-default-config -fms-hotpatch -Wl,-debug:dwarf
tools/winegcc/winegcc -o dlls/avrt/x86_64-windows/avrt.dll --wine-objdir . -b x86_64-windows -Wl,--wine-builtin -shared \
  /private/tmp/gptk4-wine11-source/dlls/avrt/avrt.spec -Wb,--prefer-native \
  dlls/avrt/x86_64-windows/main.o dlls/user32/x86_64-windows/libuser32.a \
  dlls/winecrt0/x86_64-windows/libwinecrt0.a libs/compiler-rt/x86_64-windows/libcompiler-rt.a \
  dlls/ucrtbase/x86_64-windows/libucrtbase.a dlls/kernel32/x86_64-windows/libkernel32.a \
  dlls/ntdll/x86_64-windows/libntdll.a --no-default-config -fms-hotpatch -Wl,-debug:dwarf
tools/winegcc/winegcc -o dlls/bcp47langs/x86_64-windows/bcp47langs.dll --wine-objdir . -b x86_64-windows -Wl,--wine-builtin -shared \
  /private/tmp/gptk4-wine11-source/dlls/bcp47langs/bcp47langs.spec \
  dlls/bcp47langs/x86_64-windows/main.o dlls/winecrt0/x86_64-windows/libwinecrt0.a \
  libs/compiler-rt/x86_64-windows/libcompiler-rt.a dlls/ucrtbase/x86_64-windows/libucrtbase.a \
  dlls/kernel32/x86_64-windows/libkernel32.a dlls/ntdll/x86_64-windows/libntdll.a --no-default-config -fms-hotpatch -Wl,-debug:dwarf
tools/winegcc/winegcc -o dlls/bcrypt/x86_64-windows/bcrypt.dll --wine-objdir . -b x86_64-windows -Wl,--wine-builtin -shared \
  /private/tmp/gptk4-wine11-source/dlls/bcrypt/bcrypt.spec dlls/bcrypt/x86_64-windows/bcrypt_main.o \
  dlls/bcrypt/version.res libs/tomcrypt/x86_64-windows/libtomcrypt.a \
  dlls/advapi32/x86_64-windows/libadvapi32.a dlls/winecrt0/x86_64-windows/libwinecrt0.a \
  libs/compiler-rt/x86_64-windows/libcompiler-rt.a dlls/ucrtbase/x86_64-windows/libucrtbase.a \
  dlls/kernel32/x86_64-windows/libkernel32.a dlls/ntdll/x86_64-windows/libntdll.a --no-default-config -fms-hotpatch -Wl,-debug:dwarf
tools/winegcc/winegcc -o dlls/bcryptprimitives/x86_64-windows/bcryptprimitives.dll --wine-objdir . -b x86_64-windows -Wl,--wine-builtin -shared \
  /private/tmp/gptk4-wine11-source/dlls/bcryptprimitives/bcryptprimitives.spec \
  dlls/bcryptprimitives/x86_64-windows/main.o dlls/advapi32/x86_64-windows/libadvapi32.a \
  dlls/winecrt0/x86_64-windows/libwinecrt0.a libs/compiler-rt/x86_64-windows/libcompiler-rt.a \
  dlls/ucrtbase/x86_64-windows/libucrtbase.a dlls/kernel32/x86_64-windows/libkernel32.a \
  dlls/ntdll/x86_64-windows/libntdll.a --no-default-config -fms-hotpatch -Wl,-debug:dwarf
tools/winegcc/winegcc -o dlls/bluetoothapis/x86_64-windows/bluetoothapis.dll --wine-objdir . -b x86_64-windows -Wl,--wine-builtin -shared \
  /private/tmp/gptk4-wine11-source/dlls/bluetoothapis/bluetoothapis.spec -Wb,--prefer-native \
  dlls/bluetoothapis/x86_64-windows/gatt.o dlls/bluetoothapis/x86_64-windows/main.o \
  dlls/bluetoothapis/x86_64-windows/sdp.o dlls/bluetoothapis/bluetoothapis.res \
  dlls/setupapi/x86_64-windows/libsetupapi.a dlls/cfgmgr32/x86_64-windows/libcfgmgr32.a \
  dlls/user32/x86_64-windows/libuser32.a dlls/winecrt0/x86_64-windows/libwinecrt0.a \
  libs/compiler-rt/x86_64-windows/libcompiler-rt.a dlls/ucrtbase/x86_64-windows/libucrtbase.a \
  dlls/kernel32/x86_64-windows/libkernel32.a dlls/ntdll/x86_64-windows/libntdll.a --no-default-config -fms-hotpatch -Wl,-debug:dwarf
tools/winegcc/winegcc -o dlls/browseui/x86_64-windows/browseui.dll --wine-objdir . -b x86_64-windows -Wl,--wine-builtin -shared \
  /private/tmp/gptk4-wine11-source/dlls/browseui/browseui.spec -Wb,--prefer-native \
  dlls/browseui/x86_64-windows/aclmulti.o dlls/browseui/x86_64-windows/aclsource.o \
  dlls/browseui/x86_64-windows/browseui_main.o dlls/browseui/x86_64-windows/compcatcachedaemon.o \
  dlls/browseui/x86_64-windows/progressdlg.o dlls/browseui/browseui.res \
  dlls/browseui/x86_64-windows/browseui_classes_r.res libs/uuid/x86_64-windows/libuuid.a \
  dlls/ole32/x86_64-windows/libole32.a dlls/comctl32/x86_64-windows/libcomctl32.a \
  dlls/user32/x86_64-windows/libuser32.a dlls/advapi32/x86_64-windows/libadvapi32.a \
  dlls/winecrt0/x86_64-windows/libwinecrt0.a libs/compiler-rt/x86_64-windows/libcompiler-rt.a \
  dlls/ucrtbase/x86_64-windows/libucrtbase.a dlls/kernel32/x86_64-windows/libkernel32.a \
  dlls/ntdll/x86_64-windows/libntdll.a --no-default-config -fms-hotpatch -Wl,-debug:dwarf
tools/winegcc/winegcc -o dlls/bthprops.cpl/x86_64-windows/bthprops.cpl --wine-objdir . -b x86_64-windows -Wl,--wine-builtin -shared \
  /private/tmp/gptk4-wine11-source/dlls/bthprops.cpl/bthprops.cpl.spec \
  dlls/bluetoothapis/x86_64-windows/libbluetoothapis.a dlls/winecrt0/x86_64-windows/libwinecrt0.a \
  libs/compiler-rt/x86_64-windows/libcompiler-rt.a dlls/ucrtbase/x86_64-windows/libucrtbase.a \
  dlls/kernel32/x86_64-windows/libkernel32.a dlls/ntdll/x86_64-windows/libntdll.a --no-default-config -fms-hotpatch -Wl,-debug:dwarf
tools/winegcc/winegcc -o dlls/cabinet/x86_64-windows/cabinet.dll --wine-objdir . -b x86_64-windows -Wl,--wine-builtin -shared \
  /private/tmp/gptk4-wine11-source/dlls/cabinet/cabinet.spec \
  dlls/cabinet/x86_64-windows/cabinet_main.o dlls/cabinet/x86_64-windows/fci.o \
  dlls/cabinet/x86_64-windows/fdi.o dlls/cabinet/cabinet.res libs/zlib/x86_64-windows/libz.a \
  dlls/winecrt0/x86_64-windows/libwinecrt0.a libs/compiler-rt/x86_64-windows/libcompiler-rt.a \
  dlls/ucrtbase/x86_64-windows/libucrtbase.a dlls/kernel32/x86_64-windows/libkernel32.a \
  dlls/ntdll/x86_64-windows/libntdll.a --no-default-config -fms-hotpatch -Wl,-debug:dwarf
tools/winegcc/winegcc -o dlls/cards/x86_64-windows/cards.dll --wine-objdir . -b x86_64-windows -Wl,--wine-builtin -shared \
  /private/tmp/gptk4-wine11-source/dlls/cards/cards.spec dlls/cards/x86_64-windows/cards.o \
  dlls/cards/cards.res dlls/cards/version.res dlls/user32/x86_64-windows/libuser32.a \
  dlls/gdi32/x86_64-windows/libgdi32.a dlls/winecrt0/x86_64-windows/libwinecrt0.a \
  libs/compiler-rt/x86_64-windows/libcompiler-rt.a dlls/ucrtbase/x86_64-windows/libucrtbase.a \
  dlls/kernel32/x86_64-windows/libkernel32.a dlls/ntdll/x86_64-windows/libntdll.a --no-default-config -fms-hotpatch -Wl,-debug:dwarf
tools/winegcc/winegcc -o dlls/cdosys/x86_64-windows/cdosys.dll --wine-objdir . -b x86_64-windows -Wl,--wine-builtin -shared \
  /private/tmp/gptk4-wine11-source/dlls/cdosys/cdosys.spec dlls/cdosys/x86_64-windows/main.o \
  libs/uuid/x86_64-windows/libuuid.a dlls/ole32/x86_64-windows/libole32.a \
  dlls/winecrt0/x86_64-windows/libwinecrt0.a libs/compiler-rt/x86_64-windows/libcompiler-rt.a \
  dlls/ucrtbase/x86_64-windows/libucrtbase.a dlls/kernel32/x86_64-windows/libkernel32.a \
  dlls/ntdll/x86_64-windows/libntdll.a --no-default-config -fms-hotpatch -Wl,-debug:dwarf
tools/winegcc/winegcc -o dlls/cfgmgr32/x86_64-windows/cfgmgr32.dll --wine-objdir . -b x86_64-windows -Wl,--wine-builtin -shared \
  /private/tmp/gptk4-wine11-source/dlls/cfgmgr32/cfgmgr32.spec dlls/cfgmgr32/x86_64-windows/main.o \
  dlls/advapi32/x86_64-windows/libadvapi32.a dlls/rpcrt4/x86_64-windows/librpcrt4.a \
  dlls/sechost/x86_64-windows/libsechost.a dlls/setupapi/x86_64-windows/libsetupapi.a \
  dlls/winecrt0/x86_64-windows/libwinecrt0.a libs/compiler-rt/x86_64-windows/libcompiler-rt.a \
  dlls/ucrtbase/x86_64-windows/libucrtbase.a dlls/kernel32/x86_64-windows/libkernel32.a \
  dlls/ntdll/x86_64-windows/libntdll.a --no-default-config -fms-hotpatch -Wl,-debug:dwarf
tools/winegcc/winegcc -o dlls/clusapi/x86_64-windows/clusapi.dll --wine-objdir . -b x86_64-windows -Wl,--wine-builtin -shared \
  /private/tmp/gptk4-wine11-source/dlls/clusapi/clusapi.spec -Wb,--prefer-native \
  dlls/clusapi/x86_64-windows/clusapi.o dlls/winecrt0/x86_64-windows/libwinecrt0.a \
  libs/compiler-rt/x86_64-windows/libcompiler-rt.a dlls/ucrtbase/x86_64-windows/libucrtbase.a \
  dlls/kernel32/x86_64-windows/libkernel32.a dlls/ntdll/x86_64-windows/libntdll.a --no-default-config -fms-hotpatch -Wl,-debug:dwarf
tools/winegcc/winegcc -o dlls/cng.sys/x86_64-windows/cng.sys --wine-objdir . -b x86_64-windows -Wl,--wine-builtin -shared \
  /private/tmp/gptk4-wine11-source/dlls/cng.sys/cng.sys.spec -Wl,--subsystem,native \
  dlls/cng.sys/x86_64-windows/main.o dlls/winecrt0/x86_64-windows/libwinecrt0.a \
  libs/compiler-rt/x86_64-windows/libcompiler-rt.a dlls/ucrtbase/x86_64-windows/libucrtbase.a \
  dlls/kernel32/x86_64-windows/libkernel32.a dlls/ntdll/x86_64-windows/libntdll.a --no-default-config -fms-hotpatch -Wl,-debug:dwarf
tools/winebuild/winebuild -w --staticlib -o libs/mfuuid/x86_64-windows/libmfuuid.a -b x86_64-windows \
  libs/mfuuid/x86_64-windows/mfplay.o libs/mfuuid/x86_64-windows/mfuuid.o
tools/winebuild/winebuild -w --staticlib -o libs/dmoguids/x86_64-windows/libdmoguids.a -b x86_64-windows \
  libs/dmoguids/x86_64-windows/dmoguids.o
tools/winegcc/winegcc -o dlls/combase/x86_64-windows/combase.dll --wine-objdir . -b x86_64-windows -Wl,--wine-builtin -shared \
  /private/tmp/gptk4-wine11-source/dlls/combase/combase.spec dlls/combase/x86_64-windows/apartment.o \
  dlls/combase/x86_64-windows/combase.o dlls/combase/x86_64-windows/errorinfo.o \
  dlls/combase/x86_64-windows/hglobalstream.o dlls/combase/x86_64-windows/malloc.o \
  dlls/combase/x86_64-windows/marshal.o dlls/combase/x86_64-windows/roapi.o \
  dlls/combase/x86_64-windows/rpc.o dlls/combase/x86_64-windows/string.o \
  dlls/combase/x86_64-windows/stubmanager.o dlls/combase/x86_64-windows/usrmarshal.o \
  dlls/combase/x86_64-windows/irpcss_c.o dlls/advapi32/x86_64-windows/libadvapi32.a \
  dlls/ole32/x86_64-windows/libole32.a dlls/user32/x86_64-windows/libuser32.a \
  dlls/gdi32/x86_64-windows/libgdi32.a libs/uuid/x86_64-windows/libuuid.a \
  dlls/rpcrt4/x86_64-windows/librpcrt4.a dlls/oleaut32/x86_64-windows/liboleaut32.a \
  dlls/winecrt0/x86_64-windows/libwinecrt0.a libs/compiler-rt/x86_64-windows/libcompiler-rt.a \
  dlls/ucrtbase/x86_64-windows/libucrtbase.a dlls/kernel32/x86_64-windows/libkernel32.a \
  dlls/ntdll/x86_64-windows/libntdll.a -Wl,-delayload,oleaut32.dll --no-default-config -fms-hotpatch -Wl,-debug:dwarf
tools/winegcc/winegcc -o dlls/comcat/x86_64-windows/comcat.dll --wine-objdir . -b x86_64-windows -Wl,--wine-builtin -shared \
  /private/tmp/gptk4-wine11-source/dlls/comcat/comcat.spec dlls/comcat/version.res \
  dlls/ole32/x86_64-windows/libole32.a dlls/winecrt0/x86_64-windows/libwinecrt0.a \
  libs/compiler-rt/x86_64-windows/libcompiler-rt.a dlls/ucrtbase/x86_64-windows/libucrtbase.a \
  dlls/kernel32/x86_64-windows/libkernel32.a dlls/ntdll/x86_64-windows/libntdll.a --no-default-config -fms-hotpatch -Wl,-debug:dwarf
tools/winegcc/winegcc -o dlls/comctl32/x86_64-windows/comctl32.dll --wine-objdir . -b x86_64-windows -Wl,--wine-builtin -shared \
  /private/tmp/gptk4-wine11-source/dlls/comctl32/comctl32.spec \
  dlls/comctl32/x86_64-windows/animate.o dlls/comctl32/x86_64-windows/comboex.o \
  dlls/comctl32/x86_64-windows/commctrl.o dlls/comctl32/x86_64-windows/datetime.o \
  dlls/comctl32/x86_64-windows/dpa.o dlls/comctl32/x86_64-windows/draglist.o \
  dlls/comctl32/x86_64-windows/dsa.o dlls/comctl32/x86_64-windows/flatsb.o \
  dlls/comctl32/x86_64-windows/header.o dlls/comctl32/x86_64-windows/hotkey.o \
  dlls/comctl32/x86_64-windows/imagelist.o dlls/comctl32/x86_64-windows/ipaddress.o \
  dlls/comctl32/x86_64-windows/listview.o dlls/comctl32/x86_64-windows/monthcal.o \
  dlls/comctl32/x86_64-windows/nativefont.o dlls/comctl32/x86_64-windows/pager.o \
  dlls/comctl32/x86_64-windows/progress.o dlls/comctl32/x86_64-windows/propsheet.o \
  dlls/comctl32/x86_64-windows/rebar.o dlls/comctl32/x86_64-windows/smoothscroll.o \
  dlls/comctl32/x86_64-windows/status.o dlls/comctl32/x86_64-windows/string.o \
  dlls/comctl32/x86_64-windows/tab.o dlls/comctl32/x86_64-windows/toolbar.o \
  dlls/comctl32/x86_64-windows/tooltips.o dlls/comctl32/x86_64-windows/trackbar.o \
  dlls/comctl32/x86_64-windows/treeview.o dlls/comctl32/x86_64-windows/updown.o \
  dlls/comctl32/comctl32.res dlls/comctl32/version.res libs/uuid/x86_64-windows/libuuid.a \
  dlls/user32/x86_64-windows/libuser32.a dlls/gdi32/x86_64-windows/libgdi32.a \
  dlls/advapi32/x86_64-windows/libadvapi32.a dlls/imm32/x86_64-windows/libimm32.a \
  dlls/kernelbase/x86_64-windows/libkernelbase.a dlls/oleaut32/x86_64-windows/liboleaut32.a \
  dlls/oleacc/x86_64-windows/liboleacc.a dlls/winmm/x86_64-windows/libwinmm.a \
  dlls/winecrt0/x86_64-windows/libwinecrt0.a libs/compiler-rt/x86_64-windows/libcompiler-rt.a \
  dlls/ucrtbase/x86_64-windows/libucrtbase.a dlls/kernel32/x86_64-windows/libkernel32.a \
  dlls/ntdll/x86_64-windows/libntdll.a -Wl,-delayload,oleacc.dll -Wl,-delayload,winmm.dll \
  --no-default-config -fms-hotpatch -Wl,-debug:dwarf
tools/winegcc/winegcc -o dlls/comctl32_v6/x86_64-windows/comctl32_v6.dll --wine-objdir . -b x86_64-windows -Wl,--wine-builtin -shared \
  /private/tmp/gptk4-wine11-source/dlls/comctl32_v6/comctl32_v6.spec \
  dlls/comctl32_v6/x86_64-windows/animate.o dlls/comctl32_v6/x86_64-windows/button.o \
  dlls/comctl32_v6/x86_64-windows/combo.o dlls/comctl32_v6/x86_64-windows/comboex.o \
  dlls/comctl32_v6/x86_64-windows/commctrl.o dlls/comctl32_v6/x86_64-windows/datetime.o \
  dlls/comctl32_v6/x86_64-windows/dpa.o dlls/comctl32_v6/x86_64-windows/draglist.o \
  dlls/comctl32_v6/x86_64-windows/dsa.o dlls/comctl32_v6/x86_64-windows/edit.o \
  dlls/comctl32_v6/x86_64-windows/flatsb.o dlls/comctl32_v6/x86_64-windows/header.o \
  dlls/comctl32_v6/x86_64-windows/hotkey.o dlls/comctl32_v6/x86_64-windows/imagelist.o \
  dlls/comctl32_v6/x86_64-windows/ipaddress.o dlls/comctl32_v6/x86_64-windows/listbox.o \
  dlls/comctl32_v6/x86_64-windows/listview.o dlls/comctl32_v6/x86_64-windows/monthcal.o \
  dlls/comctl32_v6/x86_64-windows/nativefont.o dlls/comctl32_v6/x86_64-windows/pager.o \
  dlls/comctl32_v6/x86_64-windows/progress.o dlls/comctl32_v6/x86_64-windows/propsheet.o \
  dlls/comctl32_v6/x86_64-windows/rebar.o dlls/comctl32_v6/x86_64-windows/smoothscroll.o \
  dlls/comctl32_v6/x86_64-windows/static.o dlls/comctl32_v6/x86_64-windows/status.o \
  dlls/comctl32_v6/x86_64-windows/string.o dlls/comctl32_v6/x86_64-windows/syslink.o \
  dlls/comctl32_v6/x86_64-windows/tab.o dlls/comctl32_v6/x86_64-windows/taskdialog.o \
  dlls/comctl32_v6/x86_64-windows/toolbar.o dlls/comctl32_v6/x86_64-windows/tooltips.o \
  dlls/comctl32_v6/x86_64-windows/trackbar.o dlls/comctl32_v6/x86_64-windows/treeview.o \
  dlls/comctl32_v6/x86_64-windows/updown.o dlls/comctl32_v6/comctl32.res \
  dlls/comctl32_v6/version.res libs/uuid/x86_64-windows/libuuid.a \
  dlls/user32/x86_64-windows/libuser32.a dlls/gdi32/x86_64-windows/libgdi32.a \
  dlls/advapi32/x86_64-windows/libadvapi32.a dlls/imm32/x86_64-windows/libimm32.a \
  dlls/kernelbase/x86_64-windows/libkernelbase.a dlls/oleaut32/x86_64-windows/liboleaut32.a \
  dlls/oleacc/x86_64-windows/liboleacc.a dlls/winmm/x86_64-windows/libwinmm.a \
  dlls/uxtheme/x86_64-windows/libuxtheme.a dlls/winecrt0/x86_64-windows/libwinecrt0.a \
  libs/compiler-rt/x86_64-windows/libcompiler-rt.a dlls/ucrtbase/x86_64-windows/libucrtbase.a \
  dlls/kernel32/x86_64-windows/libkernel32.a dlls/ntdll/x86_64-windows/libntdll.a \
  -Wl,-delayload,oleacc.dll -Wl,-delayload,winmm.dll -Wl,-delayload,uxtheme.dll --no-default-config -fms-hotpatch -Wl,-debug:dwarf
tools/winegcc/winegcc -o dlls/comdlg32/x86_64-windows/comdlg32.dll --wine-objdir . -b x86_64-windows -Wl,--wine-builtin -shared \
  /private/tmp/gptk4-wine11-source/dlls/comdlg32/comdlg32.spec dlls/comdlg32/x86_64-windows/cdlg32.o \
  dlls/comdlg32/x86_64-windows/colordlg.o dlls/comdlg32/x86_64-windows/filedlg.o \
  dlls/comdlg32/x86_64-windows/filedlg31.o dlls/comdlg32/x86_64-windows/filedlgbrowser.o \
  dlls/comdlg32/x86_64-windows/finddlg.o dlls/comdlg32/x86_64-windows/fontdlg.o \
  dlls/comdlg32/x86_64-windows/itemdlg.o dlls/comdlg32/x86_64-windows/printdlg.o \
  dlls/comdlg32/comdlg32.res dlls/comdlg32/x86_64-windows/comdlg32_classes_r.res \
  libs/uuid/x86_64-windows/libuuid.a dlls/shell32/x86_64-windows/libshell32.a \
  dlls/shlwapi/x86_64-windows/libshlwapi.a dlls/comctl32/x86_64-windows/libcomctl32.a \
  dlls/user32/x86_64-windows/libuser32.a dlls/gdi32/x86_64-windows/libgdi32.a \
  dlls/advapi32/x86_64-windows/libadvapi32.a dlls/ole32/x86_64-windows/libole32.a \
  dlls/winspool.drv/x86_64-windows/libwinspool.a dlls/winecrt0/x86_64-windows/libwinecrt0.a \
  libs/compiler-rt/x86_64-windows/libcompiler-rt.a dlls/ucrtbase/x86_64-windows/libucrtbase.a \
  dlls/kernel32/x86_64-windows/libkernel32.a dlls/ntdll/x86_64-windows/libntdll.a \
  -Wl,-delayload,ole32.dll -Wl,-delayload,winspool.drv --no-default-config -fms-hotpatch -Wl,-debug:dwarf
tools/winegcc/winegcc -o dlls/coml2/x86_64-windows/coml2.dll --wine-objdir . -b x86_64-windows -Wl,--wine-builtin -shared \
  /private/tmp/gptk4-wine11-source/dlls/coml2/coml2.spec dlls/coml2/x86_64-windows/memlockbytes.o \
  dlls/coml2/x86_64-windows/stg_prop.o dlls/coml2/x86_64-windows/storage32.o \
  libs/uuid/x86_64-windows/libuuid.a dlls/winecrt0/x86_64-windows/libwinecrt0.a \
  libs/compiler-rt/x86_64-windows/libcompiler-rt.a dlls/ucrtbase/x86_64-windows/libucrtbase.a \
  dlls/kernel32/x86_64-windows/libkernel32.a dlls/ntdll/x86_64-windows/libntdll.a --no-default-config -fms-hotpatch -Wl,-debug:dwarf
tools/winegcc/winegcc -o dlls/compstui/x86_64-windows/compstui.dll --wine-objdir . -b x86_64-windows -Wl,--wine-builtin -shared \
  /private/tmp/gptk4-wine11-source/dlls/compstui/compstui.spec -Wb,--prefer-native \
  dlls/compstui/x86_64-windows/compstui_main.o dlls/compstui/compstui.res \
  dlls/comctl32/x86_64-windows/libcomctl32.a dlls/user32/x86_64-windows/libuser32.a \
  dlls/winecrt0/x86_64-windows/libwinecrt0.a libs/compiler-rt/x86_64-windows/libcompiler-rt.a \
  dlls/ucrtbase/x86_64-windows/libucrtbase.a dlls/kernel32/x86_64-windows/libkernel32.a \
  dlls/ntdll/x86_64-windows/libntdll.a --no-default-config -fms-hotpatch -Wl,-debug:dwarf
tools/widl/widl -o dlls/comsvcs/x86_64-windows/comsvcs_tlb_t.res -b x86_64-windows --nostdinc -Ldlls/\* -Idlls/comsvcs \
  -I/private/tmp/gptk4-wine11-source/dlls/comsvcs -Iinclude \
  -I/private/tmp/gptk4-wine11-source/include -I/private/tmp/gptk4-wine11-source/include/msvcrt \
  -D_UCRT -D__WINESRC__ /private/tmp/gptk4-wine11-source/dlls/comsvcs/comsvcs_tlb.idl
tools/winegcc/winegcc -o dlls/concrt140/x86_64-windows/concrt140.dll --wine-objdir . -b x86_64-windows -Wl,--wine-builtin -shared \
  /private/tmp/gptk4-wine11-source/dlls/concrt140/concrt140.spec \
  dlls/concrt140/x86_64-windows/concrt140.o dlls/concrt140/x86_64-windows/concurrency.o \
  dlls/concrt140/x86_64-windows/details.o dlls/concrt140/x86_64-windows/exception_ptr.o \
  dlls/winecrt0/x86_64-windows/libwinecrt0.a libs/compiler-rt/x86_64-windows/libcompiler-rt.a \
  dlls/ucrtbase/x86_64-windows/libucrtbase.a dlls/kernel32/x86_64-windows/libkernel32.a \
  dlls/ntdll/x86_64-windows/libntdll.a --no-default-config -fms-hotpatch -Wl,-debug:dwarf
tools/winegcc/winegcc -o dlls/connect/x86_64-windows/connect.dll --wine-objdir . -b x86_64-windows -Wl,--wine-builtin -shared \
  /private/tmp/gptk4-wine11-source/dlls/connect/connect.spec -Wb,--prefer-native \
  dlls/connect/x86_64-windows/main.o dlls/winecrt0/x86_64-windows/libwinecrt0.a \
  libs/compiler-rt/x86_64-windows/libcompiler-rt.a dlls/ucrtbase/x86_64-windows/libucrtbase.a \
  dlls/kernel32/x86_64-windows/libkernel32.a dlls/ntdll/x86_64-windows/libntdll.a --no-default-config -fms-hotpatch -Wl,-debug:dwarf
tools/winegcc/winegcc -o dlls/coremessaging/x86_64-windows/coremessaging.dll --wine-objdir . -b x86_64-windows -Wl,--wine-builtin -shared \
  /private/tmp/gptk4-wine11-source/dlls/coremessaging/coremessaging.spec \
  dlls/coremessaging/x86_64-windows/async.o dlls/coremessaging/x86_64-windows/main.o \
  dlls/coremessaging/x86_64-windows/classes_r.res dlls/combase/x86_64-windows/libcombase.a \
  dlls/winecrt0/x86_64-windows/libwinecrt0.a libs/compiler-rt/x86_64-windows/libcompiler-rt.a \
  dlls/ucrtbase/x86_64-windows/libucrtbase.a dlls/kernel32/x86_64-windows/libkernel32.a \
  dlls/ntdll/x86_64-windows/libntdll.a --no-default-config -fms-hotpatch -Wl,-debug:dwarf
tools/winegcc/winegcc -o dlls/credui/x86_64-windows/credui.dll --wine-objdir . -b x86_64-windows -Wl,--wine-builtin -shared \
  /private/tmp/gptk4-wine11-source/dlls/credui/credui.spec -Wb,--prefer-native \
  dlls/credui/x86_64-windows/credui_main.o dlls/credui/credui.res \
  dlls/comctl32/x86_64-windows/libcomctl32.a dlls/user32/x86_64-windows/libuser32.a \
  dlls/advapi32/x86_64-windows/libadvapi32.a dlls/winecrt0/x86_64-windows/libwinecrt0.a \
  libs/compiler-rt/x86_64-windows/libcompiler-rt.a dlls/ucrtbase/x86_64-windows/libucrtbase.a \
  dlls/kernel32/x86_64-windows/libkernel32.a dlls/ntdll/x86_64-windows/libntdll.a --no-default-config -fms-hotpatch -Wl,-debug:dwarf
tools/winegcc/winegcc -o dlls/crtdll/x86_64-windows/crtdll.dll --wine-objdir . -b x86_64-windows -Wl,--wine-builtin -shared \
  /private/tmp/gptk4-wine11-source/dlls/crtdll/crtdll.spec dlls/crtdll/x86_64-windows/console.o \
  dlls/crtdll/x86_64-windows/cpp.o dlls/crtdll/x86_64-windows/ctype.o \
  dlls/crtdll/x86_64-windows/data.o dlls/crtdll/x86_64-windows/dir.o \
  dlls/crtdll/x86_64-windows/environ.o dlls/crtdll/x86_64-windows/errno.o \
  dlls/crtdll/x86_64-windows/except.o dlls/crtdll/x86_64-windows/except_arm.o \
  dlls/crtdll/x86_64-windows/except_arm64.o dlls/crtdll/x86_64-windows/except_arm64ec.o \
  dlls/crtdll/x86_64-windows/except_i386.o dlls/crtdll/x86_64-windows/except_x86_64.o \
  dlls/crtdll/x86_64-windows/exception_ptr.o dlls/crtdll/x86_64-windows/exit.o \
  dlls/crtdll/x86_64-windows/file.o dlls/crtdll/x86_64-windows/heap.o \
  dlls/crtdll/x86_64-windows/locale.o dlls/crtdll/x86_64-windows/lock.o \
  dlls/crtdll/x86_64-windows/main.o dlls/crtdll/x86_64-windows/math.o \
  dlls/crtdll/x86_64-windows/mbcs.o dlls/crtdll/x86_64-windows/misc.o \
  dlls/crtdll/x86_64-windows/process.o dlls/crtdll/x86_64-windows/scanf.o \
  dlls/crtdll/x86_64-windows/string.o dlls/crtdll/x86_64-windows/thread.o \
  dlls/crtdll/x86_64-windows/time.o dlls/crtdll/x86_64-windows/undname.o \
  dlls/crtdll/x86_64-windows/wcs.o libs/musl/x86_64-windows/libmusl.a \
  dlls/ntdll/x86_64-windows/libntdll.a dlls/advapi32/x86_64-windows/libadvapi32.a \
  dlls/user32/x86_64-windows/libuser32.a dlls/winecrt0/x86_64-windows/libwinecrt0.a \
  libs/compiler-rt/x86_64-windows/libcompiler-rt.a dlls/kernel32/x86_64-windows/libkernel32.a \
  dlls/ntdll/x86_64-windows/libntdll.a -Wl,-delayload,advapi32.dll -Wl,-delayload,user32.dll \
  --no-default-config -fms-hotpatch -Wl,-debug:dwarf
tools/winegcc/winegcc -o dlls/crypt32/x86_64-windows/crypt32.dll --wine-objdir . -b x86_64-windows -Wl,--wine-builtin -shared \
  /private/tmp/gptk4-wine11-source/dlls/crypt32/crypt32.spec dlls/crypt32/x86_64-windows/base64.o \
  dlls/crypt32/x86_64-windows/cert.o dlls/crypt32/x86_64-windows/chain.o \
  dlls/crypt32/x86_64-windows/collectionstore.o dlls/crypt32/x86_64-windows/context.o \
  dlls/crypt32/x86_64-windows/crl.o dlls/crypt32/x86_64-windows/ctl.o \
  dlls/crypt32/x86_64-windows/decode.o dlls/crypt32/x86_64-windows/encode.o \
  dlls/crypt32/x86_64-windows/filestore.o dlls/crypt32/x86_64-windows/main.o \
  dlls/crypt32/x86_64-windows/message.o dlls/crypt32/x86_64-windows/msg.o \
  dlls/crypt32/x86_64-windows/object.o dlls/crypt32/x86_64-windows/oid.o \
  dlls/crypt32/x86_64-windows/pfx.o dlls/crypt32/x86_64-windows/proplist.o \
  dlls/crypt32/x86_64-windows/protectdata.o dlls/crypt32/x86_64-windows/provstore.o \
  dlls/crypt32/x86_64-windows/regstore.o dlls/crypt32/x86_64-windows/rootstore.o \
  dlls/crypt32/x86_64-windows/serialize.o dlls/crypt32/x86_64-windows/sip.o \
  dlls/crypt32/x86_64-windows/store.o dlls/crypt32/x86_64-windows/str.o dlls/crypt32/crypt32.res \
  dlls/user32/x86_64-windows/libuser32.a dlls/advapi32/x86_64-windows/libadvapi32.a \
  dlls/bcrypt/x86_64-windows/libbcrypt.a dlls/cryptnet/x86_64-windows/libcryptnet.a \
  dlls/winecrt0/x86_64-windows/libwinecrt0.a libs/compiler-rt/x86_64-windows/libcompiler-rt.a \
  dlls/ucrtbase/x86_64-windows/libucrtbase.a dlls/kernel32/x86_64-windows/libkernel32.a \
  dlls/ntdll/x86_64-windows/libntdll.a -Wl,-delayload,cryptnet.dll --no-default-config -fms-hotpatch -Wl,-debug:dwarf
tools/winegcc/winegcc -o dlls/cryptbase/x86_64-windows/cryptbase.dll --wine-objdir . -b x86_64-windows -Wl,--wine-builtin -shared \
  /private/tmp/gptk4-wine11-source/dlls/cryptbase/cryptbase.spec \
  dlls/cryptbase/x86_64-windows/cryptbase_main.o dlls/cryptbase/x86_64-windows/des.o \
  dlls/winecrt0/x86_64-windows/libwinecrt0.a libs/compiler-rt/x86_64-windows/libcompiler-rt.a \
  dlls/ucrtbase/x86_64-windows/libucrtbase.a dlls/kernel32/x86_64-windows/libkernel32.a \
  dlls/ntdll/x86_64-windows/libntdll.a --no-default-config -fms-hotpatch -Wl,-debug:dwarf
tools/winegcc/winegcc -o dlls/cryptdlg/x86_64-windows/cryptdlg.dll --wine-objdir . -b x86_64-windows -Wl,--wine-builtin -shared \
  /private/tmp/gptk4-wine11-source/dlls/cryptdlg/cryptdlg.spec -Wb,--prefer-native \
  dlls/cryptdlg/x86_64-windows/main.o dlls/cryptdlg/cryptdlg.res \
  dlls/cryptui/x86_64-windows/libcryptui.a dlls/crypt32/x86_64-windows/libcrypt32.a \
  dlls/wintrust/x86_64-windows/libwintrust.a dlls/user32/x86_64-windows/libuser32.a \
  dlls/advapi32/x86_64-windows/libadvapi32.a dlls/winecrt0/x86_64-windows/libwinecrt0.a \
  libs/compiler-rt/x86_64-windows/libcompiler-rt.a dlls/ucrtbase/x86_64-windows/libucrtbase.a \
  dlls/kernel32/x86_64-windows/libkernel32.a dlls/ntdll/x86_64-windows/libntdll.a --no-default-config -fms-hotpatch -Wl,-debug:dwarf
tools/winegcc/winegcc -o dlls/cryptdll/x86_64-windows/cryptdll.dll --wine-objdir . -b x86_64-windows -Wl,--wine-builtin -shared \
  /private/tmp/gptk4-wine11-source/dlls/cryptdll/cryptdll.spec -Wb,--prefer-native \
  dlls/advapi32/x86_64-windows/libadvapi32.a dlls/winecrt0/x86_64-windows/libwinecrt0.a \
  libs/compiler-rt/x86_64-windows/libcompiler-rt.a dlls/ucrtbase/x86_64-windows/libucrtbase.a \
  dlls/kernel32/x86_64-windows/libkernel32.a dlls/ntdll/x86_64-windows/libntdll.a --no-default-config -fms-hotpatch -Wl,-debug:dwarf
tools/winegcc/winegcc -o dlls/cryptext/x86_64-windows/cryptext.dll --wine-objdir . -b x86_64-windows -Wl,--wine-builtin -shared \
  /private/tmp/gptk4-wine11-source/dlls/cryptext/cryptext.spec -Wb,--prefer-native \
  dlls/cryptext/x86_64-windows/cryptext_main.o dlls/crypt32/x86_64-windows/libcrypt32.a \
  dlls/cryptui/x86_64-windows/libcryptui.a dlls/user32/x86_64-windows/libuser32.a \
  dlls/winecrt0/x86_64-windows/libwinecrt0.a libs/compiler-rt/x86_64-windows/libcompiler-rt.a \
  dlls/ucrtbase/x86_64-windows/libucrtbase.a dlls/kernel32/x86_64-windows/libkernel32.a \
  dlls/ntdll/x86_64-windows/libntdll.a --no-default-config -fms-hotpatch -Wl,-debug:dwarf
tools/winegcc/winegcc -o dlls/cryptnet/x86_64-windows/cryptnet.dll --wine-objdir . -b x86_64-windows -Wl,--wine-builtin -shared \
  /private/tmp/gptk4-wine11-source/dlls/cryptnet/cryptnet.spec \
  dlls/cryptnet/x86_64-windows/cryptnet_main.o dlls/crypt32/x86_64-windows/libcrypt32.a \
  dlls/shell32/x86_64-windows/libshell32.a dlls/ole32/x86_64-windows/libole32.a \
  dlls/advapi32/x86_64-windows/libadvapi32.a dlls/wininet/x86_64-windows/libwininet.a \
  dlls/winecrt0/x86_64-windows/libwinecrt0.a libs/compiler-rt/x86_64-windows/libcompiler-rt.a \
  dlls/ucrtbase/x86_64-windows/libucrtbase.a dlls/kernel32/x86_64-windows/libkernel32.a \
  dlls/ntdll/x86_64-windows/libntdll.a -Wl,-delayload,wininet.dll --no-default-config -fms-hotpatch -Wl,-debug:dwarf
tools/winegcc/winegcc -o dlls/cryptowinrt/x86_64-windows/cryptowinrt.dll --wine-objdir . -b x86_64-windows -Wl,--wine-builtin -shared \
  /private/tmp/gptk4-wine11-source/dlls/cryptowinrt/cryptowinrt.spec \
  dlls/cryptowinrt/x86_64-windows/async.o dlls/cryptowinrt/x86_64-windows/credentials.o \
  dlls/cryptowinrt/x86_64-windows/main.o dlls/cryptowinrt/x86_64-windows/classes_r.res \
  dlls/combase/x86_64-windows/libcombase.a dlls/bcrypt/x86_64-windows/libbcrypt.a \
  libs/uuid/x86_64-windows/libuuid.a dlls/crypt32/x86_64-windows/libcrypt32.a \
  dlls/winecrt0/x86_64-windows/libwinecrt0.a libs/compiler-rt/x86_64-windows/libcompiler-rt.a \
  dlls/ucrtbase/x86_64-windows/libucrtbase.a dlls/kernel32/x86_64-windows/libkernel32.a \
  dlls/ntdll/x86_64-windows/libntdll.a -Wl,-delayload,crypt32.dll --no-default-config -fms-hotpatch -Wl,-debug:dwarf
tools/winegcc/winegcc -o dlls/cryptsp/x86_64-windows/cryptsp.dll --wine-objdir . -b x86_64-windows -Wl,--wine-builtin -shared \
  /private/tmp/gptk4-wine11-source/dlls/cryptsp/cryptsp.spec dlls/cryptsp/x86_64-windows/arc4.o \
  dlls/cryptsp/x86_64-windows/crypt.o dlls/cryptsp/x86_64-windows/lmhash.o \
  dlls/advapi32/x86_64-windows/libadvapi32.a dlls/winecrt0/x86_64-windows/libwinecrt0.a \
  libs/compiler-rt/x86_64-windows/libcompiler-rt.a dlls/ucrtbase/x86_64-windows/libucrtbase.a \
  dlls/kernel32/x86_64-windows/libkernel32.a dlls/ntdll/x86_64-windows/libntdll.a --no-default-config -fms-hotpatch -Wl,-debug:dwarf
tools/winegcc/winegcc -o dlls/cryptui/x86_64-windows/cryptui.dll --wine-objdir . -b x86_64-windows -Wl,--wine-builtin -shared \
  /private/tmp/gptk4-wine11-source/dlls/cryptui/cryptui.spec -Wb,--prefer-native \
  dlls/cryptui/x86_64-windows/main.o dlls/cryptui/cryptui.res libs/uuid/x86_64-windows/libuuid.a \
  dlls/crypt32/x86_64-windows/libcrypt32.a dlls/ole32/x86_64-windows/libole32.a \
  dlls/comctl32/x86_64-windows/libcomctl32.a dlls/comdlg32/x86_64-windows/libcomdlg32.a \
  dlls/user32/x86_64-windows/libuser32.a dlls/gdi32/x86_64-windows/libgdi32.a \
  dlls/advapi32/x86_64-windows/libadvapi32.a dlls/wintrust/x86_64-windows/libwintrust.a \
  dlls/urlmon/x86_64-windows/liburlmon.a dlls/winecrt0/x86_64-windows/libwinecrt0.a \
  libs/compiler-rt/x86_64-windows/libcompiler-rt.a dlls/ucrtbase/x86_64-windows/libucrtbase.a \
  dlls/kernel32/x86_64-windows/libkernel32.a dlls/ntdll/x86_64-windows/libntdll.a \
  -Wl,-delayload,wintrust.dll -Wl,-delayload,urlmon.dll --no-default-config -fms-hotpatch -Wl,-debug:dwarf
tools/winegcc/winegcc -o dlls/cryptxml/x86_64-windows/cryptxml.dll --wine-objdir . -b x86_64-windows -Wl,--wine-builtin -shared \
  /private/tmp/gptk4-wine11-source/dlls/cryptxml/cryptxml.spec \
  dlls/cryptxml/x86_64-windows/cryptxml.o dlls/winecrt0/x86_64-windows/libwinecrt0.a \
  libs/compiler-rt/x86_64-windows/libcompiler-rt.a dlls/ucrtbase/x86_64-windows/libucrtbase.a \
  dlls/kernel32/x86_64-windows/libkernel32.a dlls/ntdll/x86_64-windows/libntdll.a --no-default-config -fms-hotpatch -Wl,-debug:dwarf
tools/winegcc/winegcc -o dlls/ctapi32/x86_64-windows/ctapi32.dll --wine-objdir . -b x86_64-windows -Wl,--wine-builtin -shared \
  /private/tmp/gptk4-wine11-source/dlls/ctapi32/ctapi32.spec dlls/ctapi32/x86_64-windows/ctapi32.o \
  dlls/advapi32/x86_64-windows/libadvapi32.a dlls/winecrt0/x86_64-windows/libwinecrt0.a \
  libs/compiler-rt/x86_64-windows/libcompiler-rt.a dlls/ucrtbase/x86_64-windows/libucrtbase.a \
  dlls/kernel32/x86_64-windows/libkernel32.a dlls/ntdll/x86_64-windows/libntdll.a --no-default-config -fms-hotpatch -Wl,-debug:dwarf
tools/winegcc/winegcc -o dlls/ctl3d32/x86_64-windows/ctl3d32.dll --wine-objdir . -b x86_64-windows -Wl,--wine-builtin -shared \
  /private/tmp/gptk4-wine11-source/dlls/ctl3d32/ctl3d32.spec dlls/ctl3d32/x86_64-windows/ctl3d32.o \
  dlls/user32/x86_64-windows/libuser32.a dlls/winecrt0/x86_64-windows/libwinecrt0.a \
  libs/compiler-rt/x86_64-windows/libcompiler-rt.a dlls/ucrtbase/x86_64-windows/libucrtbase.a \
  dlls/kernel32/x86_64-windows/libkernel32.a dlls/ntdll/x86_64-windows/libntdll.a --no-default-config -fms-hotpatch -Wl,-debug:dwarf
tools/winebuild/winebuild -w --staticlib -o libs/dxguid/x86_64-windows/libdxguid.a -b x86_64-windows \
  libs/dxguid/x86_64-windows/dx10guid.o libs/dxguid/x86_64-windows/dx8guid.o \
  libs/dxguid/x86_64-windows/dx9guid.o libs/dxguid/x86_64-windows/dxguid.o
tools/winegcc/winegcc -o dlls/d3d10/x86_64-windows/d3d10.dll --wine-objdir . -b x86_64-windows -Wl,--wine-builtin -shared \
  /private/tmp/gptk4-wine11-source/dlls/d3d10/d3d10.spec dlls/d3d10/x86_64-windows/blob.o \
  dlls/d3d10/x86_64-windows/d3d10_main.o dlls/d3d10/x86_64-windows/effect.o \
  dlls/d3d10/x86_64-windows/reflection.o dlls/d3d10/x86_64-windows/shader.o \
  dlls/d3d10/x86_64-windows/stateblock.o dlls/d3d10/x86_64-windows/utils.o dlls/d3d10/version.res \
  libs/uuid/x86_64-windows/libuuid.a dlls/d3d10core/x86_64-windows/libd3d10core.a \
  dlls/d3dcompiler_39/x86_64-windows/libd3dcompiler_39.a dlls/dxgi/x86_64-windows/libdxgi.a \
  dlls/wined3d/x86_64-windows/libwined3d.a dlls/winecrt0/x86_64-windows/libwinecrt0.a \
  libs/compiler-rt/x86_64-windows/libcompiler-rt.a dlls/ucrtbase/x86_64-windows/libucrtbase.a \
  dlls/kernel32/x86_64-windows/libkernel32.a dlls/ntdll/x86_64-windows/libntdll.a --no-default-config -fms-hotpatch -Wl,-debug:dwarf
tools/winegcc/winegcc -o dlls/d3d10_1/x86_64-windows/d3d10_1.dll --wine-objdir . -b x86_64-windows -Wl,--wine-builtin -shared \
  /private/tmp/gptk4-wine11-source/dlls/d3d10_1/d3d10_1.spec \
  dlls/d3d10_1/x86_64-windows/d3d10_1_main.o dlls/d3d10_1/version.res \
  libs/dxguid/x86_64-windows/libdxguid.a dlls/d3d10core/x86_64-windows/libd3d10core.a \
  dlls/dxgi/x86_64-windows/libdxgi.a dlls/winecrt0/x86_64-windows/libwinecrt0.a \
  libs/compiler-rt/x86_64-windows/libcompiler-rt.a dlls/ucrtbase/x86_64-windows/libucrtbase.a \
  dlls/kernel32/x86_64-windows/libkernel32.a dlls/ntdll/x86_64-windows/libntdll.a --no-default-config -fms-hotpatch -Wl,-debug:dwarf
tools/winegcc/winegcc -o dlls/d3d10core/x86_64-windows/d3d10core.dll --wine-objdir . -b x86_64-windows -Wl,--wine-builtin -shared \
  /private/tmp/gptk4-wine11-source/dlls/d3d10core/d3d10core.spec \
  dlls/d3d10core/x86_64-windows/d3d10core_main.o dlls/d3d10core/version.res \
  dlls/d3d11/x86_64-windows/libd3d11.a dlls/dxgi/x86_64-windows/libdxgi.a \
  dlls/winecrt0/x86_64-windows/libwinecrt0.a libs/compiler-rt/x86_64-windows/libcompiler-rt.a \
  dlls/ucrtbase/x86_64-windows/libucrtbase.a dlls/kernel32/x86_64-windows/libkernel32.a \
  dlls/ntdll/x86_64-windows/libntdll.a --no-default-config -fms-hotpatch -Wl,-debug:dwarf
tools/winegcc/winegcc -o dlls/d3d11/x86_64-windows/d3d11.dll --wine-objdir . -b x86_64-windows -Wl,--wine-builtin -shared \
  /private/tmp/gptk4-wine11-source/dlls/d3d11/d3d11.spec dlls/d3d11/x86_64-windows/async.o \
  dlls/d3d11/x86_64-windows/buffer.o dlls/d3d11/x86_64-windows/d3d11_main.o \
  dlls/d3d11/x86_64-windows/decoder.o dlls/d3d11/x86_64-windows/device.o \
  dlls/d3d11/x86_64-windows/inputlayout.o dlls/d3d11/x86_64-windows/shader.o \
  dlls/d3d11/x86_64-windows/state.o dlls/d3d11/x86_64-windows/texture.o \
  dlls/d3d11/x86_64-windows/utils.o dlls/d3d11/x86_64-windows/view.o dlls/d3d11/version.res \
  libs/dxguid/x86_64-windows/libdxguid.a libs/uuid/x86_64-windows/libuuid.a \
  dlls/dxgi/x86_64-windows/libdxgi.a dlls/wined3d/x86_64-windows/libwined3d.a \
  dlls/winecrt0/x86_64-windows/libwinecrt0.a libs/compiler-rt/x86_64-windows/libcompiler-rt.a \
  dlls/ucrtbase/x86_64-windows/libucrtbase.a dlls/kernel32/x86_64-windows/libkernel32.a \
  dlls/ntdll/x86_64-windows/libntdll.a --no-default-config -fms-hotpatch -Wl,-debug:dwarf
tools/winegcc/winegcc -o dlls/d3d12/x86_64-windows/d3d12.dll --wine-objdir . -b x86_64-windows -Wl,--wine-builtin -shared \
  /private/tmp/gptk4-wine11-source/dlls/d3d12/d3d12.spec dlls/d3d12/x86_64-windows/d3d12_main.o \
  dlls/dxgi/x86_64-windows/libdxgi.a libs/dxguid/x86_64-windows/libdxguid.a \
  dlls/wined3d/x86_64-windows/libwined3d.a dlls/gdi32/x86_64-windows/libgdi32.a \
  dlls/user32/x86_64-windows/libuser32.a libs/uuid/x86_64-windows/libuuid.a \
  dlls/win32u/x86_64-windows/libwin32u.a dlls/winecrt0/x86_64-windows/libwinecrt0.a \
  libs/compiler-rt/x86_64-windows/libcompiler-rt.a dlls/ucrtbase/x86_64-windows/libucrtbase.a \
  dlls/kernel32/x86_64-windows/libkernel32.a dlls/ntdll/x86_64-windows/libntdll.a --no-default-config -fms-hotpatch -Wl,-debug:dwarf
tools/winegcc/winegcc -o dlls/d3d12core/x86_64-windows/d3d12core.dll --wine-objdir . -b x86_64-windows -Wl,--wine-builtin -shared \
  /private/tmp/gptk4-wine11-source/dlls/d3d12core/d3d12core.spec \
  dlls/winecrt0/x86_64-windows/libwinecrt0.a libs/compiler-rt/x86_64-windows/libcompiler-rt.a \
  dlls/ucrtbase/x86_64-windows/libucrtbase.a dlls/kernel32/x86_64-windows/libkernel32.a \
  dlls/ntdll/x86_64-windows/libntdll.a --no-default-config -fms-hotpatch -Wl,-debug:dwarf
tools/winegcc/winegcc -o dlls/d3d8/x86_64-windows/d3d8.dll --wine-objdir . -b x86_64-windows -Wl,--wine-builtin -shared \
  /private/tmp/gptk4-wine11-source/dlls/d3d8/d3d8.spec dlls/d3d8/x86_64-windows/buffer.o \
  dlls/d3d8/x86_64-windows/d3d8_main.o dlls/d3d8/x86_64-windows/device.o \
  dlls/d3d8/x86_64-windows/directx.o dlls/d3d8/x86_64-windows/shader.o \
  dlls/d3d8/x86_64-windows/surface.o dlls/d3d8/x86_64-windows/swapchain.o \
  dlls/d3d8/x86_64-windows/texture.o dlls/d3d8/x86_64-windows/vertexdeclaration.o \
  dlls/d3d8/x86_64-windows/volume.o dlls/d3d8/version.res libs/dxguid/x86_64-windows/libdxguid.a \
  libs/uuid/x86_64-windows/libuuid.a dlls/wined3d/x86_64-windows/libwined3d.a \
  dlls/winecrt0/x86_64-windows/libwinecrt0.a libs/compiler-rt/x86_64-windows/libcompiler-rt.a \
  dlls/ucrtbase/x86_64-windows/libucrtbase.a dlls/kernel32/x86_64-windows/libkernel32.a \
  dlls/ntdll/x86_64-windows/libntdll.a --no-default-config -fms-hotpatch -Wl,-debug:dwarf
tools/winegcc/winegcc -o dlls/d3d8thk/x86_64-windows/d3d8thk.dll --wine-objdir . -b x86_64-windows -Wl,--wine-builtin -shared \
  /private/tmp/gptk4-wine11-source/dlls/d3d8thk/d3d8thk.spec -Wb,--prefer-native \
  dlls/d3d8thk/version.res dlls/winecrt0/x86_64-windows/libwinecrt0.a \
  libs/compiler-rt/x86_64-windows/libcompiler-rt.a dlls/ucrtbase/x86_64-windows/libucrtbase.a \
  dlls/kernel32/x86_64-windows/libkernel32.a dlls/ntdll/x86_64-windows/libntdll.a --no-default-config -fms-hotpatch -Wl,-debug:dwarf
tools/winegcc/winegcc -o dlls/d3d9/x86_64-windows/d3d9.dll --wine-objdir . -b x86_64-windows -Wl,--wine-builtin -shared \
  /private/tmp/gptk4-wine11-source/dlls/d3d9/d3d9.spec dlls/d3d9/x86_64-windows/buffer.o \
  dlls/d3d9/x86_64-windows/d3d9_main.o dlls/d3d9/x86_64-windows/device.o \
  dlls/d3d9/x86_64-windows/directx.o dlls/d3d9/x86_64-windows/query.o \
  dlls/d3d9/x86_64-windows/shader.o dlls/d3d9/x86_64-windows/stateblock.o \
  dlls/d3d9/x86_64-windows/surface.o dlls/d3d9/x86_64-windows/swapchain.o \
  dlls/d3d9/x86_64-windows/texture.o dlls/d3d9/x86_64-windows/vertexdeclaration.o \
  dlls/d3d9/x86_64-windows/volume.o dlls/d3d9/version.res libs/dxguid/x86_64-windows/libdxguid.a \
  libs/uuid/x86_64-windows/libuuid.a dlls/wined3d/x86_64-windows/libwined3d.a \
  dlls/winecrt0/x86_64-windows/libwinecrt0.a libs/compiler-rt/x86_64-windows/libcompiler-rt.a \
  dlls/ucrtbase/x86_64-windows/libucrtbase.a dlls/kernel32/x86_64-windows/libkernel32.a \
  dlls/ntdll/x86_64-windows/libntdll.a --no-default-config -fms-hotpatch -Wl,-debug:dwarf
tools/winegcc/winegcc -o dlls/d3dcompiler_33/x86_64-windows/d3dcompiler_33.dll --wine-objdir . -b x86_64-windows -Wl,--wine-builtin -shared \
  /private/tmp/gptk4-wine11-source/dlls/d3dcompiler_33/d3dcompiler_33.spec -Wb,--prefer-native \
  dlls/d3dcompiler_33/x86_64-windows/asmparser.o dlls/d3dcompiler_33/x86_64-windows/blob.o \
  dlls/d3dcompiler_33/x86_64-windows/bytecodewriter.o dlls/d3dcompiler_33/x86_64-windows/compiler.o \
  dlls/d3dcompiler_33/x86_64-windows/reflection.o dlls/d3dcompiler_33/x86_64-windows/utils.o \
  dlls/d3dcompiler_33/x86_64-windows/asmshader.yy.o \
  dlls/d3dcompiler_33/x86_64-windows/asmshader.tab.o dlls/d3dcompiler_33/version.res \
  dlls/wined3d/x86_64-windows/libwined3d.a dlls/winecrt0/x86_64-windows/libwinecrt0.a \
  libs/compiler-rt/x86_64-windows/libcompiler-rt.a dlls/ucrtbase/x86_64-windows/libucrtbase.a \
  dlls/kernel32/x86_64-windows/libkernel32.a dlls/ntdll/x86_64-windows/libntdll.a --no-default-config -fms-hotpatch -Wl,-debug:dwarf
tools/winegcc/winegcc -o dlls/d3dcompiler_34/x86_64-windows/d3dcompiler_34.dll --wine-objdir . -b x86_64-windows -Wl,--wine-builtin -shared \
  /private/tmp/gptk4-wine11-source/dlls/d3dcompiler_34/d3dcompiler_34.spec -Wb,--prefer-native \
  dlls/d3dcompiler_34/x86_64-windows/asmparser.o dlls/d3dcompiler_34/x86_64-windows/blob.o \
  dlls/d3dcompiler_34/x86_64-windows/bytecodewriter.o dlls/d3dcompiler_34/x86_64-windows/compiler.o \
  dlls/d3dcompiler_34/x86_64-windows/reflection.o dlls/d3dcompiler_34/x86_64-windows/utils.o \
  dlls/d3dcompiler_34/x86_64-windows/asmshader.yy.o \
  dlls/d3dcompiler_34/x86_64-windows/asmshader.tab.o dlls/d3dcompiler_34/version.res \
  dlls/wined3d/x86_64-windows/libwined3d.a dlls/winecrt0/x86_64-windows/libwinecrt0.a \
  libs/compiler-rt/x86_64-windows/libcompiler-rt.a dlls/ucrtbase/x86_64-windows/libucrtbase.a \
  dlls/kernel32/x86_64-windows/libkernel32.a dlls/ntdll/x86_64-windows/libntdll.a --no-default-config -fms-hotpatch -Wl,-debug:dwarf
tools/winegcc/winegcc -o dlls/d3dcompiler_35/x86_64-windows/d3dcompiler_35.dll --wine-objdir . -b x86_64-windows -Wl,--wine-builtin -shared \
  /private/tmp/gptk4-wine11-source/dlls/d3dcompiler_35/d3dcompiler_35.spec -Wb,--prefer-native \
  dlls/d3dcompiler_35/x86_64-windows/asmparser.o dlls/d3dcompiler_35/x86_64-windows/blob.o \
  dlls/d3dcompiler_35/x86_64-windows/bytecodewriter.o dlls/d3dcompiler_35/x86_64-windows/compiler.o \
  dlls/d3dcompiler_35/x86_64-windows/reflection.o dlls/d3dcompiler_35/x86_64-windows/utils.o \
  dlls/d3dcompiler_35/x86_64-windows/asmshader.yy.o \
  dlls/d3dcompiler_35/x86_64-windows/asmshader.tab.o dlls/d3dcompiler_35/version.res \
  dlls/wined3d/x86_64-windows/libwined3d.a dlls/winecrt0/x86_64-windows/libwinecrt0.a \
  libs/compiler-rt/x86_64-windows/libcompiler-rt.a dlls/ucrtbase/x86_64-windows/libucrtbase.a \
  dlls/kernel32/x86_64-windows/libkernel32.a dlls/ntdll/x86_64-windows/libntdll.a --no-default-config -fms-hotpatch -Wl,-debug:dwarf
tools/winegcc/winegcc -o dlls/d3dcompiler_36/x86_64-windows/d3dcompiler_36.dll --wine-objdir . -b x86_64-windows -Wl,--wine-builtin -shared \
  /private/tmp/gptk4-wine11-source/dlls/d3dcompiler_36/d3dcompiler_36.spec -Wb,--prefer-native \
  dlls/d3dcompiler_36/x86_64-windows/asmparser.o dlls/d3dcompiler_36/x86_64-windows/blob.o \
  dlls/d3dcompiler_36/x86_64-windows/bytecodewriter.o dlls/d3dcompiler_36/x86_64-windows/compiler.o \
  dlls/d3dcompiler_36/x86_64-windows/reflection.o dlls/d3dcompiler_36/x86_64-windows/utils.o \
  dlls/d3dcompiler_36/x86_64-windows/asmshader.yy.o \
  dlls/d3dcompiler_36/x86_64-windows/asmshader.tab.o dlls/d3dcompiler_36/version.res \
  dlls/wined3d/x86_64-windows/libwined3d.a dlls/winecrt0/x86_64-windows/libwinecrt0.a \
  libs/compiler-rt/x86_64-windows/libcompiler-rt.a dlls/ucrtbase/x86_64-windows/libucrtbase.a \
  dlls/kernel32/x86_64-windows/libkernel32.a dlls/ntdll/x86_64-windows/libntdll.a --no-default-config -fms-hotpatch -Wl,-debug:dwarf
tools/winegcc/winegcc -o dlls/d3dcompiler_37/x86_64-windows/d3dcompiler_37.dll --wine-objdir . -b x86_64-windows -Wl,--wine-builtin -shared \
  /private/tmp/gptk4-wine11-source/dlls/d3dcompiler_37/d3dcompiler_37.spec -Wb,--prefer-native \
  dlls/d3dcompiler_37/x86_64-windows/asmparser.o dlls/d3dcompiler_37/x86_64-windows/blob.o \
  dlls/d3dcompiler_37/x86_64-windows/bytecodewriter.o dlls/d3dcompiler_37/x86_64-windows/compiler.o \
  dlls/d3dcompiler_37/x86_64-windows/reflection.o dlls/d3dcompiler_37/x86_64-windows/utils.o \
  dlls/d3dcompiler_37/x86_64-windows/asmshader.yy.o \
  dlls/d3dcompiler_37/x86_64-windows/asmshader.tab.o dlls/d3dcompiler_37/version.res \
  dlls/wined3d/x86_64-windows/libwined3d.a dlls/winecrt0/x86_64-windows/libwinecrt0.a \
  libs/compiler-rt/x86_64-windows/libcompiler-rt.a dlls/ucrtbase/x86_64-windows/libucrtbase.a \
  dlls/kernel32/x86_64-windows/libkernel32.a dlls/ntdll/x86_64-windows/libntdll.a --no-default-config -fms-hotpatch -Wl,-debug:dwarf
tools/winegcc/winegcc -o dlls/d3dcompiler_38/x86_64-windows/d3dcompiler_38.dll --wine-objdir . -b x86_64-windows -Wl,--wine-builtin -shared \
  /private/tmp/gptk4-wine11-source/dlls/d3dcompiler_38/d3dcompiler_38.spec -Wb,--prefer-native \
  dlls/d3dcompiler_38/x86_64-windows/asmparser.o dlls/d3dcompiler_38/x86_64-windows/blob.o \
  dlls/d3dcompiler_38/x86_64-windows/bytecodewriter.o dlls/d3dcompiler_38/x86_64-windows/compiler.o \
  dlls/d3dcompiler_38/x86_64-windows/reflection.o dlls/d3dcompiler_38/x86_64-windows/utils.o \
  dlls/d3dcompiler_38/x86_64-windows/asmshader.yy.o \
  dlls/d3dcompiler_38/x86_64-windows/asmshader.tab.o dlls/d3dcompiler_38/version.res \
  dlls/wined3d/x86_64-windows/libwined3d.a dlls/winecrt0/x86_64-windows/libwinecrt0.a \
  libs/compiler-rt/x86_64-windows/libcompiler-rt.a dlls/ucrtbase/x86_64-windows/libucrtbase.a \
  dlls/kernel32/x86_64-windows/libkernel32.a dlls/ntdll/x86_64-windows/libntdll.a --no-default-config -fms-hotpatch -Wl,-debug:dwarf
tools/winegcc/winegcc -o dlls/d3dcompiler_39/x86_64-windows/d3dcompiler_39.dll --wine-objdir . -b x86_64-windows -Wl,--wine-builtin -shared \
  /private/tmp/gptk4-wine11-source/dlls/d3dcompiler_39/d3dcompiler_39.spec -Wb,--prefer-native \
  dlls/d3dcompiler_39/x86_64-windows/asmparser.o dlls/d3dcompiler_39/x86_64-windows/blob.o \
  dlls/d3dcompiler_39/x86_64-windows/bytecodewriter.o dlls/d3dcompiler_39/x86_64-windows/compiler.o \
  dlls/d3dcompiler_39/x86_64-windows/reflection.o dlls/d3dcompiler_39/x86_64-windows/utils.o \
  dlls/d3dcompiler_39/x86_64-windows/asmshader.yy.o \
  dlls/d3dcompiler_39/x86_64-windows/asmshader.tab.o dlls/d3dcompiler_39/version.res \
  dlls/wined3d/x86_64-windows/libwined3d.a dlls/winecrt0/x86_64-windows/libwinecrt0.a \
  libs/compiler-rt/x86_64-windows/libcompiler-rt.a dlls/ucrtbase/x86_64-windows/libucrtbase.a \
  dlls/kernel32/x86_64-windows/libkernel32.a dlls/ntdll/x86_64-windows/libntdll.a --no-default-config -fms-hotpatch -Wl,-debug:dwarf
tools/winegcc/winegcc -o dlls/d3dcompiler_40/x86_64-windows/d3dcompiler_40.dll --wine-objdir . -b x86_64-windows -Wl,--wine-builtin -shared \
  /private/tmp/gptk4-wine11-source/dlls/d3dcompiler_40/d3dcompiler_40.spec -Wb,--prefer-native \
  dlls/d3dcompiler_40/x86_64-windows/asmparser.o dlls/d3dcompiler_40/x86_64-windows/blob.o \
  dlls/d3dcompiler_40/x86_64-windows/bytecodewriter.o dlls/d3dcompiler_40/x86_64-windows/compiler.o \
  dlls/d3dcompiler_40/x86_64-windows/reflection.o dlls/d3dcompiler_40/x86_64-windows/utils.o \
  dlls/d3dcompiler_40/x86_64-windows/asmshader.yy.o \
  dlls/d3dcompiler_40/x86_64-windows/asmshader.tab.o dlls/d3dcompiler_40/version.res \
  dlls/wined3d/x86_64-windows/libwined3d.a dlls/winecrt0/x86_64-windows/libwinecrt0.a \
  libs/compiler-rt/x86_64-windows/libcompiler-rt.a dlls/ucrtbase/x86_64-windows/libucrtbase.a \
  dlls/kernel32/x86_64-windows/libkernel32.a dlls/ntdll/x86_64-windows/libntdll.a --no-default-config -fms-hotpatch -Wl,-debug:dwarf
tools/winegcc/winegcc -o dlls/d3dcompiler_41/x86_64-windows/d3dcompiler_41.dll --wine-objdir . -b x86_64-windows -Wl,--wine-builtin -shared \
  /private/tmp/gptk4-wine11-source/dlls/d3dcompiler_41/d3dcompiler_41.spec -Wb,--prefer-native \
  dlls/d3dcompiler_41/x86_64-windows/asmparser.o dlls/d3dcompiler_41/x86_64-windows/blob.o \
  dlls/d3dcompiler_41/x86_64-windows/bytecodewriter.o dlls/d3dcompiler_41/x86_64-windows/compiler.o \
  dlls/d3dcompiler_41/x86_64-windows/reflection.o dlls/d3dcompiler_41/x86_64-windows/utils.o \
  dlls/d3dcompiler_41/x86_64-windows/asmshader.yy.o \
  dlls/d3dcompiler_41/x86_64-windows/asmshader.tab.o dlls/d3dcompiler_41/version.res \
  dlls/wined3d/x86_64-windows/libwined3d.a dlls/winecrt0/x86_64-windows/libwinecrt0.a \
  libs/compiler-rt/x86_64-windows/libcompiler-rt.a dlls/ucrtbase/x86_64-windows/libucrtbase.a \
  dlls/kernel32/x86_64-windows/libkernel32.a dlls/ntdll/x86_64-windows/libntdll.a --no-default-config -fms-hotpatch -Wl,-debug:dwarf
tools/winegcc/winegcc -o dlls/d3dcompiler_42/x86_64-windows/d3dcompiler_42.dll --wine-objdir . -b x86_64-windows -Wl,--wine-builtin -shared \
  /private/tmp/gptk4-wine11-source/dlls/d3dcompiler_42/d3dcompiler_42.spec -Wb,--prefer-native \
  dlls/d3dcompiler_42/x86_64-windows/asmparser.o dlls/d3dcompiler_42/x86_64-windows/blob.o \
  dlls/d3dcompiler_42/x86_64-windows/bytecodewriter.o dlls/d3dcompiler_42/x86_64-windows/compiler.o \
  dlls/d3dcompiler_42/x86_64-windows/reflection.o dlls/d3dcompiler_42/x86_64-windows/utils.o \
  dlls/d3dcompiler_42/x86_64-windows/asmshader.yy.o \
  dlls/d3dcompiler_42/x86_64-windows/asmshader.tab.o dlls/d3dcompiler_42/version.res \
  dlls/wined3d/x86_64-windows/libwined3d.a dlls/winecrt0/x86_64-windows/libwinecrt0.a \
  libs/compiler-rt/x86_64-windows/libcompiler-rt.a dlls/ucrtbase/x86_64-windows/libucrtbase.a \
  dlls/kernel32/x86_64-windows/libkernel32.a dlls/ntdll/x86_64-windows/libntdll.a --no-default-config -fms-hotpatch -Wl,-debug:dwarf
tools/winegcc/winegcc -o dlls/d3dcompiler_43/x86_64-windows/d3dcompiler_43.dll --wine-objdir . -b x86_64-windows -Wl,--wine-builtin -shared \
  /private/tmp/gptk4-wine11-source/dlls/d3dcompiler_43/d3dcompiler_43.spec -Wb,--prefer-native \
  dlls/d3dcompiler_43/x86_64-windows/asmparser.o dlls/d3dcompiler_43/x86_64-windows/blob.o \
  dlls/d3dcompiler_43/x86_64-windows/bytecodewriter.o dlls/d3dcompiler_43/x86_64-windows/compiler.o \
  dlls/d3dcompiler_43/x86_64-windows/linker.o dlls/d3dcompiler_43/x86_64-windows/reflection.o \
  dlls/d3dcompiler_43/x86_64-windows/utils.o dlls/d3dcompiler_43/x86_64-windows/asmshader.yy.o \
  dlls/d3dcompiler_43/x86_64-windows/asmshader.tab.o dlls/d3dcompiler_43/version.res \
  dlls/wined3d/x86_64-windows/libwined3d.a dlls/winecrt0/x86_64-windows/libwinecrt0.a \
  libs/compiler-rt/x86_64-windows/libcompiler-rt.a dlls/ucrtbase/x86_64-windows/libucrtbase.a \
  dlls/kernel32/x86_64-windows/libkernel32.a dlls/ntdll/x86_64-windows/libntdll.a --no-default-config -fms-hotpatch -Wl,-debug:dwarf
tools/winegcc/winegcc -o dlls/d3dcompiler_46/x86_64-windows/d3dcompiler_46.dll --wine-objdir . -b x86_64-windows -Wl,--wine-builtin -shared \
  /private/tmp/gptk4-wine11-source/dlls/d3dcompiler_46/d3dcompiler_46.spec -Wb,--prefer-native \
  dlls/d3dcompiler_46/x86_64-windows/asmparser.o dlls/d3dcompiler_46/x86_64-windows/blob.o \
  dlls/d3dcompiler_46/x86_64-windows/bytecodewriter.o dlls/d3dcompiler_46/x86_64-windows/compiler.o \
  dlls/d3dcompiler_46/x86_64-windows/reflection.o dlls/d3dcompiler_46/x86_64-windows/utils.o \
  dlls/d3dcompiler_46/x86_64-windows/asmshader.yy.o \
  dlls/d3dcompiler_46/x86_64-windows/asmshader.tab.o dlls/d3dcompiler_46/version.res \
  dlls/wined3d/x86_64-windows/libwined3d.a dlls/winecrt0/x86_64-windows/libwinecrt0.a \
  libs/compiler-rt/x86_64-windows/libcompiler-rt.a dlls/ucrtbase/x86_64-windows/libucrtbase.a \
  dlls/kernel32/x86_64-windows/libkernel32.a dlls/ntdll/x86_64-windows/libntdll.a --no-default-config -fms-hotpatch -Wl,-debug:dwarf
tools/winegcc/winegcc -o dlls/d3dcompiler_47/x86_64-windows/d3dcompiler_47.dll --wine-objdir . -b x86_64-windows -Wl,--wine-builtin -shared \
  /private/tmp/gptk4-wine11-source/dlls/d3dcompiler_47/d3dcompiler_47.spec -Wb,--prefer-native \
  dlls/d3dcompiler_47/x86_64-windows/asmparser.o dlls/d3dcompiler_47/x86_64-windows/blob.o \
  dlls/d3dcompiler_47/x86_64-windows/bytecodewriter.o dlls/d3dcompiler_47/x86_64-windows/compiler.o \
  dlls/d3dcompiler_47/x86_64-windows/linker.o dlls/d3dcompiler_47/x86_64-windows/reflection.o \
  dlls/d3dcompiler_47/x86_64-windows/utils.o dlls/d3dcompiler_47/x86_64-windows/asmshader.yy.o \
  dlls/d3dcompiler_47/x86_64-windows/asmshader.tab.o dlls/d3dcompiler_47/version.res \
  dlls/wined3d/x86_64-windows/libwined3d.a dlls/winecrt0/x86_64-windows/libwinecrt0.a \
  libs/compiler-rt/x86_64-windows/libcompiler-rt.a dlls/ucrtbase/x86_64-windows/libucrtbase.a \
  dlls/kernel32/x86_64-windows/libkernel32.a dlls/ntdll/x86_64-windows/libntdll.a --no-default-config -fms-hotpatch -Wl,-debug:dwarf
tools/winegcc/winegcc -o dlls/d3dim/x86_64-windows/d3dim.dll --wine-objdir . -b x86_64-windows -Wl,--wine-builtin -shared \
  /private/tmp/gptk4-wine11-source/dlls/d3dim/d3dim.spec -Wb,--prefer-native dlls/d3dim/version.res \
  dlls/winecrt0/x86_64-windows/libwinecrt0.a libs/compiler-rt/x86_64-windows/libcompiler-rt.a \
  dlls/ucrtbase/x86_64-windows/libucrtbase.a dlls/kernel32/x86_64-windows/libkernel32.a \
  dlls/ntdll/x86_64-windows/libntdll.a --no-default-config -fms-hotpatch -Wl,-debug:dwarf
tools/winegcc/winegcc -o dlls/d3dim700/x86_64-windows/d3dim700.dll --wine-objdir . -b x86_64-windows -Wl,--wine-builtin -shared \
  /private/tmp/gptk4-wine11-source/dlls/d3dim700/d3dim700.spec -Wb,--prefer-native \
  dlls/d3dim700/version.res dlls/winecrt0/x86_64-windows/libwinecrt0.a \
  libs/compiler-rt/x86_64-windows/libcompiler-rt.a dlls/ucrtbase/x86_64-windows/libucrtbase.a \
  dlls/kernel32/x86_64-windows/libkernel32.a dlls/ntdll/x86_64-windows/libntdll.a --no-default-config -fms-hotpatch -Wl,-debug:dwarf
tools/winegcc/winegcc -o dlls/d3drm/x86_64-windows/d3drm.dll --wine-objdir . -b x86_64-windows -Wl,--wine-builtin -shared \
  /private/tmp/gptk4-wine11-source/dlls/d3drm/d3drm.spec -Wb,--prefer-native \
  dlls/d3drm/x86_64-windows/d3drm.o dlls/d3drm/x86_64-windows/d3drm_main.o \
  dlls/d3drm/x86_64-windows/device.o dlls/d3drm/x86_64-windows/face.o \
  dlls/d3drm/x86_64-windows/frame.o dlls/d3drm/x86_64-windows/light.o \
  dlls/d3drm/x86_64-windows/material.o dlls/d3drm/x86_64-windows/math.o \
  dlls/d3drm/x86_64-windows/meshbuilder.o dlls/d3drm/x86_64-windows/texture.o \
  dlls/d3drm/x86_64-windows/viewport.o dlls/d3drm/version.res dlls/d3dxof/x86_64-windows/libd3dxof.a \
  dlls/ddraw/x86_64-windows/libddraw.a dlls/winecrt0/x86_64-windows/libwinecrt0.a \
  libs/compiler-rt/x86_64-windows/libcompiler-rt.a dlls/ucrtbase/x86_64-windows/libucrtbase.a \
  dlls/kernel32/x86_64-windows/libkernel32.a dlls/ntdll/x86_64-windows/libntdll.a --no-default-config -fms-hotpatch -Wl,-debug:dwarf
tools/winegcc/winegcc -o dlls/d3dx10_33/x86_64-windows/d3dx10_33.dll --wine-objdir . -b x86_64-windows -Wl,--wine-builtin -shared \
  /private/tmp/gptk4-wine11-source/dlls/d3dx10_33/d3dx10_33.spec -Wb,--prefer-native \
  dlls/d3dx10_33/x86_64-windows/d3dx10_33_main.o dlls/d3dx10_33/version.res \
  dlls/winecrt0/x86_64-windows/libwinecrt0.a libs/compiler-rt/x86_64-windows/libcompiler-rt.a \
  dlls/ucrtbase/x86_64-windows/libucrtbase.a dlls/kernel32/x86_64-windows/libkernel32.a \
  dlls/ntdll/x86_64-windows/libntdll.a --no-default-config -fms-hotpatch -Wl,-debug:dwarf
tools/winegcc/winegcc -o dlls/d3dx10_34/x86_64-windows/d3dx10_34.dll --wine-objdir . -b x86_64-windows -Wl,--wine-builtin -shared \
  /private/tmp/gptk4-wine11-source/dlls/d3dx10_34/d3dx10_34.spec -Wb,--prefer-native \
  dlls/d3dx10_34/x86_64-windows/d3dx10_34_main.o dlls/d3dx10_34/version.res \
  dlls/winecrt0/x86_64-windows/libwinecrt0.a libs/compiler-rt/x86_64-windows/libcompiler-rt.a \
  dlls/ucrtbase/x86_64-windows/libucrtbase.a dlls/kernel32/x86_64-windows/libkernel32.a \
  dlls/ntdll/x86_64-windows/libntdll.a --no-default-config -fms-hotpatch -Wl,-debug:dwarf
tools/winegcc/winegcc -o dlls/d3dx10_35/x86_64-windows/d3dx10_35.dll --wine-objdir . -b x86_64-windows -Wl,--wine-builtin -shared \
  /private/tmp/gptk4-wine11-source/dlls/d3dx10_35/d3dx10_35.spec -Wb,--prefer-native \
  dlls/d3dx10_35/x86_64-windows/d3dx10_35_main.o dlls/d3dx10_35/version.res \
  dlls/winecrt0/x86_64-windows/libwinecrt0.a libs/compiler-rt/x86_64-windows/libcompiler-rt.a \
  dlls/ucrtbase/x86_64-windows/libucrtbase.a dlls/kernel32/x86_64-windows/libkernel32.a \
  dlls/ntdll/x86_64-windows/libntdll.a --no-default-config -fms-hotpatch -Wl,-debug:dwarf
tools/winegcc/winegcc -o dlls/d3dx10_36/x86_64-windows/d3dx10_36.dll --wine-objdir . -b x86_64-windows -Wl,--wine-builtin -shared \
  /private/tmp/gptk4-wine11-source/dlls/d3dx10_36/d3dx10_36.spec -Wb,--prefer-native \
  dlls/d3dx10_36/x86_64-windows/d3dx10_36_main.o dlls/d3dx10_36/version.res \
  dlls/winecrt0/x86_64-windows/libwinecrt0.a libs/compiler-rt/x86_64-windows/libcompiler-rt.a \
  dlls/ucrtbase/x86_64-windows/libucrtbase.a dlls/kernel32/x86_64-windows/libkernel32.a \
  dlls/ntdll/x86_64-windows/libntdll.a --no-default-config -fms-hotpatch -Wl,-debug:dwarf
tools/winegcc/winegcc -o dlls/d3dx10_37/x86_64-windows/d3dx10_37.dll --wine-objdir . -b x86_64-windows -Wl,--wine-builtin -shared \
  /private/tmp/gptk4-wine11-source/dlls/d3dx10_37/d3dx10_37.spec -Wb,--prefer-native \
  dlls/d3dx10_37/x86_64-windows/d3dx10_37_main.o dlls/d3dx10_37/version.res \
  dlls/winecrt0/x86_64-windows/libwinecrt0.a libs/compiler-rt/x86_64-windows/libcompiler-rt.a \
  dlls/ucrtbase/x86_64-windows/libucrtbase.a dlls/kernel32/x86_64-windows/libkernel32.a \
  dlls/ntdll/x86_64-windows/libntdll.a --no-default-config -fms-hotpatch -Wl,-debug:dwarf
tools/winegcc/winegcc -o dlls/d3dx10_38/x86_64-windows/d3dx10_38.dll --wine-objdir . -b x86_64-windows -Wl,--wine-builtin -shared \
  /private/tmp/gptk4-wine11-source/dlls/d3dx10_38/d3dx10_38.spec -Wb,--prefer-native \
  dlls/d3dx10_38/x86_64-windows/d3dx10_38_main.o dlls/d3dx10_38/version.res \
  dlls/winecrt0/x86_64-windows/libwinecrt0.a libs/compiler-rt/x86_64-windows/libcompiler-rt.a \
  dlls/ucrtbase/x86_64-windows/libucrtbase.a dlls/kernel32/x86_64-windows/libkernel32.a \
  dlls/ntdll/x86_64-windows/libntdll.a --no-default-config -fms-hotpatch -Wl,-debug:dwarf
tools/winegcc/winegcc -o dlls/d3dx10_39/x86_64-windows/d3dx10_39.dll --wine-objdir . -b x86_64-windows -Wl,--wine-builtin -shared \
  /private/tmp/gptk4-wine11-source/dlls/d3dx10_39/d3dx10_39.spec -Wb,--prefer-native \
  dlls/d3dx10_39/x86_64-windows/d3dx10_39_main.o dlls/d3dx10_39/version.res \
  dlls/winecrt0/x86_64-windows/libwinecrt0.a libs/compiler-rt/x86_64-windows/libcompiler-rt.a \
  dlls/ucrtbase/x86_64-windows/libucrtbase.a dlls/kernel32/x86_64-windows/libkernel32.a \
  dlls/ntdll/x86_64-windows/libntdll.a --no-default-config -fms-hotpatch -Wl,-debug:dwarf
tools/winegcc/winegcc -o dlls/d3dx10_40/x86_64-windows/d3dx10_40.dll --wine-objdir . -b x86_64-windows -Wl,--wine-builtin -shared \
  /private/tmp/gptk4-wine11-source/dlls/d3dx10_40/d3dx10_40.spec -Wb,--prefer-native \
  dlls/d3dx10_40/x86_64-windows/d3dx10_40_main.o dlls/d3dx10_40/version.res \
  dlls/winecrt0/x86_64-windows/libwinecrt0.a libs/compiler-rt/x86_64-windows/libcompiler-rt.a \
  dlls/ucrtbase/x86_64-windows/libucrtbase.a dlls/kernel32/x86_64-windows/libkernel32.a \
  dlls/ntdll/x86_64-windows/libntdll.a --no-default-config -fms-hotpatch -Wl,-debug:dwarf
tools/winegcc/winegcc -o dlls/d3dx10_41/x86_64-windows/d3dx10_41.dll --wine-objdir . -b x86_64-windows -Wl,--wine-builtin -shared \
  /private/tmp/gptk4-wine11-source/dlls/d3dx10_41/d3dx10_41.spec -Wb,--prefer-native \
  dlls/d3dx10_41/x86_64-windows/d3dx10_41_main.o dlls/d3dx10_41/version.res \
  dlls/winecrt0/x86_64-windows/libwinecrt0.a libs/compiler-rt/x86_64-windows/libcompiler-rt.a \
  dlls/ucrtbase/x86_64-windows/libucrtbase.a dlls/kernel32/x86_64-windows/libkernel32.a \
  dlls/ntdll/x86_64-windows/libntdll.a --no-default-config -fms-hotpatch -Wl,-debug:dwarf
tools/winegcc/winegcc -o dlls/d3dx10_42/x86_64-windows/d3dx10_42.dll --wine-objdir . -b x86_64-windows -Wl,--wine-builtin -shared \
  /private/tmp/gptk4-wine11-source/dlls/d3dx10_42/d3dx10_42.spec -Wb,--prefer-native \
  dlls/d3dx10_42/x86_64-windows/d3dx10_42_main.o dlls/d3dx10_42/version.res \
  dlls/winecrt0/x86_64-windows/libwinecrt0.a libs/compiler-rt/x86_64-windows/libcompiler-rt.a \
  dlls/ucrtbase/x86_64-windows/libucrtbase.a dlls/kernel32/x86_64-windows/libkernel32.a \
  dlls/ntdll/x86_64-windows/libntdll.a --no-default-config -fms-hotpatch -Wl,-debug:dwarf
tools/winebuild/winebuild -w --implib -o dlls/windowscodecs/x86_64-windows/libwindowscodecs.a -b x86_64-windows --export \
  /private/tmp/gptk4-wine11-source/dlls/windowscodecs/windowscodecs.spec \
  dlls/windowscodecs/x86_64-windows/uuid.o
tools/winegcc/winegcc -o dlls/d3dx11_42/x86_64-windows/d3dx11_42.dll --wine-objdir . -b x86_64-windows -Wl,--wine-builtin -shared \
  /private/tmp/gptk4-wine11-source/dlls/d3dx11_42/d3dx11_42.spec -Wb,--prefer-native \
  dlls/d3dx11_42/x86_64-windows/d3dx11_42_main.o dlls/d3dx11_42/version.res \
  dlls/d3dcompiler_47/x86_64-windows/libd3dcompiler.a dlls/d3dx11_43/x86_64-windows/libd3dx11.a \
  dlls/winecrt0/x86_64-windows/libwinecrt0.a libs/compiler-rt/x86_64-windows/libcompiler-rt.a \
  dlls/ucrtbase/x86_64-windows/libucrtbase.a dlls/kernel32/x86_64-windows/libkernel32.a \
  dlls/ntdll/x86_64-windows/libntdll.a --no-default-config -fms-hotpatch -Wl,-debug:dwarf
tools/winegcc/winegcc -o dlls/d3dxof/x86_64-windows/d3dxof.dll --wine-objdir . -b x86_64-windows -Wl,--wine-builtin -shared \
  /private/tmp/gptk4-wine11-source/dlls/d3dxof/d3dxof.spec dlls/d3dxof/x86_64-windows/d3dxof.o \
  dlls/d3dxof/x86_64-windows/main.o dlls/d3dxof/x86_64-windows/mszip.o \
  dlls/d3dxof/x86_64-windows/parsing.o dlls/d3dxof/version.res \
  dlls/d3dxof/x86_64-windows/d3dxof_r.res libs/dxguid/x86_64-windows/libdxguid.a \
  libs/uuid/x86_64-windows/libuuid.a dlls/ole32/x86_64-windows/libole32.a \
  dlls/advapi32/x86_64-windows/libadvapi32.a dlls/winecrt0/x86_64-windows/libwinecrt0.a \
  libs/compiler-rt/x86_64-windows/libcompiler-rt.a dlls/ucrtbase/x86_64-windows/libucrtbase.a \
  dlls/kernel32/x86_64-windows/libkernel32.a dlls/ntdll/x86_64-windows/libntdll.a --no-default-config -fms-hotpatch -Wl,-debug:dwarf
tools/winegcc/winegcc -o dlls/dataexchange/x86_64-windows/dataexchange.dll --wine-objdir . -b x86_64-windows -Wl,--wine-builtin -shared \
  /private/tmp/gptk4-wine11-source/dlls/dataexchange/dataexchange.spec \
  dlls/dataexchange/x86_64-windows/main.o dlls/dataexchange/x86_64-windows/classes_r.res \
  dlls/combase/x86_64-windows/libcombase.a dlls/user32/x86_64-windows/libuser32.a \
  dlls/winecrt0/x86_64-windows/libwinecrt0.a libs/compiler-rt/x86_64-windows/libcompiler-rt.a \
  dlls/ucrtbase/x86_64-windows/libucrtbase.a dlls/kernel32/x86_64-windows/libkernel32.a \
  dlls/ntdll/x86_64-windows/libntdll.a --no-default-config -fms-hotpatch -Wl,-debug:dwarf
tools/winegcc/winegcc -o dlls/davclnt/x86_64-windows/davclnt.dll --wine-objdir . -b x86_64-windows -Wl,--wine-builtin -shared \
  /private/tmp/gptk4-wine11-source/dlls/davclnt/davclnt.spec -Wb,--prefer-native \
  dlls/davclnt/x86_64-windows/main.o dlls/winecrt0/x86_64-windows/libwinecrt0.a \
  libs/compiler-rt/x86_64-windows/libcompiler-rt.a dlls/ucrtbase/x86_64-windows/libucrtbase.a \
  dlls/kernel32/x86_64-windows/libkernel32.a dlls/ntdll/x86_64-windows/libntdll.a --no-default-config -fms-hotpatch -Wl,-debug:dwarf
tools/winegcc/winegcc -o dlls/dbgeng/x86_64-windows/dbgeng.dll --wine-objdir . -b x86_64-windows -Wl,--wine-builtin -shared \
  /private/tmp/gptk4-wine11-source/dlls/dbgeng/dbgeng.spec dlls/dbgeng/x86_64-windows/dbgeng.o \
  dlls/version/x86_64-windows/libversion.a dlls/winecrt0/x86_64-windows/libwinecrt0.a \
  libs/compiler-rt/x86_64-windows/libcompiler-rt.a dlls/ucrtbase/x86_64-windows/libucrtbase.a \
  dlls/kernel32/x86_64-windows/libkernel32.a dlls/ntdll/x86_64-windows/libntdll.a \
  -Wl,-delayload,version.dll --no-default-config -fms-hotpatch -Wl,-debug:dwarf
tools/winegcc/winegcc -o dlls/dbghelp/x86_64-windows/dbghelp.dll --wine-objdir . -b x86_64-windows -Wl,--wine-builtin -shared \
  /private/tmp/gptk4-wine11-source/dlls/dbghelp/dbghelp.spec dlls/dbghelp/x86_64-windows/coff.o \
  dlls/dbghelp/x86_64-windows/cpu_arm.o dlls/dbghelp/x86_64-windows/cpu_arm64.o \
  dlls/dbghelp/x86_64-windows/cpu_i386.o dlls/dbghelp/x86_64-windows/cpu_x86_64.o \
  dlls/dbghelp/x86_64-windows/dbghelp.o dlls/dbghelp/x86_64-windows/dwarf.o \
  dlls/dbghelp/x86_64-windows/elf_module.o dlls/dbghelp/x86_64-windows/image.o \
  dlls/dbghelp/x86_64-windows/macho_module.o dlls/dbghelp/x86_64-windows/minidump.o \
  dlls/dbghelp/x86_64-windows/module.o dlls/dbghelp/x86_64-windows/msc.o \
  dlls/dbghelp/x86_64-windows/path.o dlls/dbghelp/x86_64-windows/pdb.o \
  dlls/dbghelp/x86_64-windows/pe_module.o dlls/dbghelp/x86_64-windows/source.o \
  dlls/dbghelp/x86_64-windows/stabs.o dlls/dbghelp/x86_64-windows/stack.o \
  dlls/dbghelp/x86_64-windows/storage.o dlls/dbghelp/x86_64-windows/symbol.o \
  dlls/dbghelp/x86_64-windows/type.o dlls/dbghelp/version.res \
  dlls/kernelbase/x86_64-windows/libkernelbase.a libs/zlib/x86_64-windows/libz.a \
  dlls/winecrt0/x86_64-windows/libwinecrt0.a libs/compiler-rt/x86_64-windows/libcompiler-rt.a \
  dlls/ucrtbase/x86_64-windows/libucrtbase.a dlls/kernel32/x86_64-windows/libkernel32.a \
  dlls/ntdll/x86_64-windows/libntdll.a --no-default-config -fms-hotpatch -Wl,-debug:dwarf
tools/winegcc/winegcc -o dlls/dciman32/x86_64-windows/dciman32.dll --wine-objdir . -b x86_64-windows -Wl,--wine-builtin -shared \
  /private/tmp/gptk4-wine11-source/dlls/dciman32/dciman32.spec \
  dlls/dciman32/x86_64-windows/dciman_main.o dlls/winecrt0/x86_64-windows/libwinecrt0.a \
  libs/compiler-rt/x86_64-windows/libcompiler-rt.a dlls/ucrtbase/x86_64-windows/libucrtbase.a \
  dlls/kernel32/x86_64-windows/libkernel32.a dlls/ntdll/x86_64-windows/libntdll.a --no-default-config -fms-hotpatch -Wl,-debug:dwarf
tools/winegcc/winegcc -o dlls/dcomp/x86_64-windows/dcomp.dll --wine-objdir . -b x86_64-windows -Wl,--wine-builtin -shared \
  /private/tmp/gptk4-wine11-source/dlls/dcomp/dcomp.spec -Wb,--prefer-native \
  dlls/dcomp/x86_64-windows/device.o dlls/dcomp/version.res \
  dlls/winecrt0/x86_64-windows/libwinecrt0.a libs/compiler-rt/x86_64-windows/libcompiler-rt.a \
  dlls/ucrtbase/x86_64-windows/libucrtbase.a dlls/kernel32/x86_64-windows/libkernel32.a \
  dlls/ntdll/x86_64-windows/libntdll.a --no-default-config -fms-hotpatch -Wl,-debug:dwarf
tools/winegcc/winegcc -o dlls/ddraw/x86_64-windows/ddraw.dll --wine-objdir . -b x86_64-windows -Wl,--wine-builtin -shared \
  /private/tmp/gptk4-wine11-source/dlls/ddraw/ddraw.spec dlls/ddraw/x86_64-windows/clipper.o \
  dlls/ddraw/x86_64-windows/ddraw.o dlls/ddraw/x86_64-windows/device.o \
  dlls/ddraw/x86_64-windows/executebuffer.o dlls/ddraw/x86_64-windows/light.o \
  dlls/ddraw/x86_64-windows/main.o dlls/ddraw/x86_64-windows/material.o \
  dlls/ddraw/x86_64-windows/palette.o dlls/ddraw/x86_64-windows/surface.o \
  dlls/ddraw/x86_64-windows/utils.o dlls/ddraw/x86_64-windows/vertexbuffer.o \
  dlls/ddraw/x86_64-windows/viewport.o dlls/ddraw/version.res \
  dlls/ddraw/x86_64-windows/ddraw_classes_r.res libs/dxguid/x86_64-windows/libdxguid.a \
  libs/uuid/x86_64-windows/libuuid.a dlls/wined3d/x86_64-windows/libwined3d.a \
  dlls/user32/x86_64-windows/libuser32.a dlls/gdi32/x86_64-windows/libgdi32.a \
  dlls/advapi32/x86_64-windows/libadvapi32.a dlls/winecrt0/x86_64-windows/libwinecrt0.a \
  libs/compiler-rt/x86_64-windows/libcompiler-rt.a dlls/ucrtbase/x86_64-windows/libucrtbase.a \
  dlls/kernel32/x86_64-windows/libkernel32.a dlls/ntdll/x86_64-windows/libntdll.a --no-default-config -fms-hotpatch -Wl,-debug:dwarf
tools/winegcc/winegcc -o dlls/ddrawex/x86_64-windows/ddrawex.dll --wine-objdir . -b x86_64-windows -Wl,--wine-builtin -shared \
  /private/tmp/gptk4-wine11-source/dlls/ddrawex/ddrawex.spec dlls/ddrawex/x86_64-windows/ddraw.o \
  dlls/ddrawex/x86_64-windows/main.o dlls/ddrawex/x86_64-windows/surface.o dlls/ddrawex/version.res \
  dlls/ddrawex/x86_64-windows/ddrawex_r.res libs/dxguid/x86_64-windows/libdxguid.a \
  libs/uuid/x86_64-windows/libuuid.a dlls/ddraw/x86_64-windows/libddraw.a \
  dlls/ole32/x86_64-windows/libole32.a dlls/advapi32/x86_64-windows/libadvapi32.a \
  dlls/winecrt0/x86_64-windows/libwinecrt0.a libs/compiler-rt/x86_64-windows/libcompiler-rt.a \
  dlls/ucrtbase/x86_64-windows/libucrtbase.a dlls/kernel32/x86_64-windows/libkernel32.a \
  dlls/ntdll/x86_64-windows/libntdll.a --no-default-config -fms-hotpatch -Wl,-debug:dwarf
tools/winegcc/winegcc -o dlls/desk.cpl/x86_64-windows/desk.cpl --wine-objdir . -b x86_64-windows -Wl,--wine-builtin -shared \
  /private/tmp/gptk4-wine11-source/dlls/desk.cpl/desk.cpl.spec dlls/desk.cpl/x86_64-windows/main.o \
  dlls/desk.cpl/desk.res dlls/advapi32/x86_64-windows/libadvapi32.a \
  dlls/ole32/x86_64-windows/libole32.a dlls/comctl32/x86_64-windows/libcomctl32.a \
  dlls/user32/x86_64-windows/libuser32.a dlls/gdi32/x86_64-windows/libgdi32.a \
  dlls/winecrt0/x86_64-windows/libwinecrt0.a libs/compiler-rt/x86_64-windows/libcompiler-rt.a \
  dlls/ucrtbase/x86_64-windows/libucrtbase.a dlls/kernel32/x86_64-windows/libkernel32.a \
  dlls/ntdll/x86_64-windows/libntdll.a --no-default-config -fms-hotpatch -Wl,-debug:dwarf
tools/winegcc/winegcc -o dlls/devenum/x86_64-windows/devenum.dll --wine-objdir . -b x86_64-windows -Wl,--wine-builtin -shared \
  /private/tmp/gptk4-wine11-source/dlls/devenum/devenum.spec \
  dlls/devenum/x86_64-windows/createdevenum.o dlls/devenum/x86_64-windows/devenum_main.o \
  dlls/devenum/x86_64-windows/mediacatenum.o dlls/devenum/x86_64-windows/parsedisplayname.o \
  dlls/devenum/devenum.res dlls/devenum/x86_64-windows/devenum_classes_r.res \
  libs/dmoguids/x86_64-windows/libdmoguids.a libs/strmiids/x86_64-windows/libstrmiids.a \
  libs/uuid/x86_64-windows/libuuid.a dlls/ole32/x86_64-windows/libole32.a \
  dlls/oleaut32/x86_64-windows/liboleaut32.a dlls/avicap32/x86_64-windows/libavicap32.a \
  dlls/winmm/x86_64-windows/libwinmm.a dlls/user32/x86_64-windows/libuser32.a \
  dlls/advapi32/x86_64-windows/libadvapi32.a dlls/dsound/x86_64-windows/libdsound.a \
  dlls/msdmo/x86_64-windows/libmsdmo.a dlls/msvfw32/x86_64-windows/libmsvfw32.a \
  dlls/winecrt0/x86_64-windows/libwinecrt0.a libs/compiler-rt/x86_64-windows/libcompiler-rt.a \
  dlls/ucrtbase/x86_64-windows/libucrtbase.a dlls/kernel32/x86_64-windows/libkernel32.a \
  dlls/ntdll/x86_64-windows/libntdll.a -Wl,-delayload,msvfw32.dll --no-default-config -fms-hotpatch -Wl,-debug:dwarf
tools/winegcc/winegcc -o dlls/dhcpcsvc/x86_64-windows/dhcpcsvc.dll --wine-objdir . -b x86_64-windows -Wl,--wine-builtin -shared \
  /private/tmp/gptk4-wine11-source/dlls/dhcpcsvc/dhcpcsvc.spec -Wb,--prefer-native \
  dlls/dhcpcsvc/x86_64-windows/dhcpcsvc.o dlls/iphlpapi/x86_64-windows/libiphlpapi.a \
  dlls/winecrt0/x86_64-windows/libwinecrt0.a libs/compiler-rt/x86_64-windows/libcompiler-rt.a \
  dlls/ucrtbase/x86_64-windows/libucrtbase.a dlls/kernel32/x86_64-windows/libkernel32.a \
  dlls/ntdll/x86_64-windows/libntdll.a -Wl,-delayload,iphlpapi.dll --no-default-config -fms-hotpatch -Wl,-debug:dwarf
tools/winegcc/winegcc -o dlls/dhcpcsvc6/x86_64-windows/dhcpcsvc6.dll --wine-objdir . -b x86_64-windows -Wl,--wine-builtin -shared \
  /private/tmp/gptk4-wine11-source/dlls/dhcpcsvc6/dhcpcsvc6.spec -Wb,--prefer-native \
  dlls/winecrt0/x86_64-windows/libwinecrt0.a libs/compiler-rt/x86_64-windows/libcompiler-rt.a \
  dlls/ucrtbase/x86_64-windows/libucrtbase.a dlls/kernel32/x86_64-windows/libkernel32.a \
  dlls/ntdll/x86_64-windows/libntdll.a --no-default-config -fms-hotpatch -Wl,-debug:dwarf
tools/widl/widl -o dlls/dhtmled.ocx/x86_64-windows/dhtmled_tlb_t.res -b x86_64-windows --nostdinc -Ldlls/\* -Idlls/dhtmled.ocx \
  -I/private/tmp/gptk4-wine11-source/dlls/dhtmled.ocx -Iinclude \
  -I/private/tmp/gptk4-wine11-source/include -I/private/tmp/gptk4-wine11-source/include/msvcrt \
  -D_UCRT -D__WINESRC__ /private/tmp/gptk4-wine11-source/dlls/dhtmled.ocx/dhtmled_tlb.idl
tools/winegcc/winegcc -o dlls/diasymreader/x86_64-windows/diasymreader.dll --wine-objdir . -b x86_64-windows -Wl,--wine-builtin -shared \
  /private/tmp/gptk4-wine11-source/dlls/diasymreader/diasymreader.spec -Wb,--prefer-native \
  dlls/diasymreader/x86_64-windows/main.o dlls/diasymreader/x86_64-windows/writer.o \
  dlls/diasymreader/diasymreader.res libs/uuid/x86_64-windows/libuuid.a \
  dlls/rpcrt4/x86_64-windows/librpcrt4.a dlls/winecrt0/x86_64-windows/libwinecrt0.a \
  libs/compiler-rt/x86_64-windows/libcompiler-rt.a dlls/ucrtbase/x86_64-windows/libucrtbase.a \
  dlls/kernel32/x86_64-windows/libkernel32.a dlls/ntdll/x86_64-windows/libntdll.a --no-default-config -fms-hotpatch -Wl,-debug:dwarf
tools/winegcc/winegcc -o dlls/difxapi/x86_64-windows/difxapi.dll --wine-objdir . -b x86_64-windows -Wl,--wine-builtin -shared \
  /private/tmp/gptk4-wine11-source/dlls/difxapi/difxapi.spec dlls/difxapi/x86_64-windows/main.o \
  dlls/winecrt0/x86_64-windows/libwinecrt0.a libs/compiler-rt/x86_64-windows/libcompiler-rt.a \
  dlls/ucrtbase/x86_64-windows/libucrtbase.a dlls/kernel32/x86_64-windows/libkernel32.a \
  dlls/ntdll/x86_64-windows/libntdll.a --no-default-config -fms-hotpatch -Wl,-debug:dwarf
tools/winegcc/winegcc -o dlls/dinput/x86_64-windows/dinput.dll --wine-objdir . -b x86_64-windows -Wl,--wine-builtin -shared \
  /private/tmp/gptk4-wine11-source/dlls/dinput/dinput.spec dlls/dinput/x86_64-windows/ansi.o \
  dlls/dinput/x86_64-windows/config.o dlls/dinput/x86_64-windows/device.o \
  dlls/dinput/x86_64-windows/dinput.o dlls/dinput/x86_64-windows/dinput_main.o \
  dlls/dinput/x86_64-windows/joystick_hid.o dlls/dinput/x86_64-windows/keyboard.o \
  dlls/dinput/x86_64-windows/mouse.o dlls/dinput/dinput.res dlls/dinput/version.res \
  dlls/dinput/x86_64-windows/dinput_classes_r.res dlls/dinput/x86_64-windows/libdinput.a \
  libs/dxguid/x86_64-windows/libdxguid.a libs/uuid/x86_64-windows/libuuid.a \
  dlls/comctl32/x86_64-windows/libcomctl32.a dlls/ole32/x86_64-windows/libole32.a \
  dlls/user32/x86_64-windows/libuser32.a dlls/advapi32/x86_64-windows/libadvapi32.a \
  dlls/hid/x86_64-windows/libhid.a dlls/setupapi/x86_64-windows/libsetupapi.a \
  dlls/winecrt0/x86_64-windows/libwinecrt0.a libs/compiler-rt/x86_64-windows/libcompiler-rt.a \
  dlls/ucrtbase/x86_64-windows/libucrtbase.a dlls/kernel32/x86_64-windows/libkernel32.a \
  dlls/ntdll/x86_64-windows/libntdll.a --no-default-config -fms-hotpatch -Wl,-debug:dwarf
tools/winegcc/winegcc -o dlls/dinput8/x86_64-windows/dinput8.dll --wine-objdir . -b x86_64-windows -Wl,--wine-builtin -shared \
  /private/tmp/gptk4-wine11-source/dlls/dinput8/dinput8.spec dlls/dinput8/x86_64-windows/ansi.o \
  dlls/dinput8/x86_64-windows/config.o dlls/dinput8/x86_64-windows/device.o \
  dlls/dinput8/x86_64-windows/dinput.o dlls/dinput8/x86_64-windows/dinput_main.o \
  dlls/dinput8/x86_64-windows/joystick_hid.o dlls/dinput8/x86_64-windows/keyboard.o \
  dlls/dinput8/x86_64-windows/mouse.o dlls/dinput8/dinput.res dlls/dinput8/version.res \
  dlls/dinput8/x86_64-windows/dinput8_r.res dlls/dinput8/x86_64-windows/libdinput8.a \
  libs/dxguid/x86_64-windows/libdxguid.a libs/uuid/x86_64-windows/libuuid.a \
  dlls/comctl32/x86_64-windows/libcomctl32.a dlls/ole32/x86_64-windows/libole32.a \
  dlls/user32/x86_64-windows/libuser32.a dlls/advapi32/x86_64-windows/libadvapi32.a \
  dlls/hid/x86_64-windows/libhid.a dlls/setupapi/x86_64-windows/libsetupapi.a \
  dlls/winecrt0/x86_64-windows/libwinecrt0.a libs/compiler-rt/x86_64-windows/libcompiler-rt.a \
  dlls/ucrtbase/x86_64-windows/libucrtbase.a dlls/kernel32/x86_64-windows/libkernel32.a \
  dlls/ntdll/x86_64-windows/libntdll.a --no-default-config -fms-hotpatch -Wl,-debug:dwarf
tools/winegcc/winegcc -o dlls/directmanipulation/x86_64-windows/directmanipulation.dll --wine-objdir . -b x86_64-windows -Wl,--wine-builtin -shared \
  /private/tmp/gptk4-wine11-source/dlls/directmanipulation/directmanipulation.spec \
  -Wb,--prefer-native dlls/directmanipulation/x86_64-windows/directmanipulation.o \
  dlls/directmanipulation/x86_64-windows/directmanip_r.res libs/uuid/x86_64-windows/libuuid.a \
  dlls/winecrt0/x86_64-windows/libwinecrt0.a libs/compiler-rt/x86_64-windows/libcompiler-rt.a \
  dlls/ucrtbase/x86_64-windows/libucrtbase.a dlls/kernel32/x86_64-windows/libkernel32.a \
  dlls/ntdll/x86_64-windows/libntdll.a --no-default-config -fms-hotpatch -Wl,-debug:dwarf
tools/winegcc/winegcc -o dlls/dispex/x86_64-windows/dispex.dll --wine-objdir . -b x86_64-windows -Wl,--wine-builtin -shared \
  /private/tmp/gptk4-wine11-source/dlls/dispex/dispex.spec dlls/dispex/x86_64-windows/usrmarshal.o \
  dlls/dispex/x86_64-windows/disp_ex_p.o dlls/dispex/x86_64-windows/dlldata.o \
  dlls/dispex/x86_64-windows/disp_ex_r.res libs/uuid/x86_64-windows/libuuid.a \
  dlls/oleaut32/x86_64-windows/liboleaut32.a dlls/ole32/x86_64-windows/libole32.a \
  dlls/rpcrt4/x86_64-windows/librpcrt4.a dlls/advapi32/x86_64-windows/libadvapi32.a \
  dlls/winecrt0/x86_64-windows/libwinecrt0.a libs/compiler-rt/x86_64-windows/libcompiler-rt.a \
  dlls/ucrtbase/x86_64-windows/libucrtbase.a dlls/kernel32/x86_64-windows/libkernel32.a \
  dlls/ntdll/x86_64-windows/libntdll.a --no-default-config -fms-hotpatch -Wl,-debug:dwarf
tools/winegcc/winegcc -o dlls/dmband/x86_64-windows/dmband.dll --wine-objdir . -b x86_64-windows -Wl,--wine-builtin -shared \
  /private/tmp/gptk4-wine11-source/dlls/dmband/dmband.spec dlls/dmband/x86_64-windows/band.o \
  dlls/dmband/x86_64-windows/bandtrack.o dlls/dmband/x86_64-windows/dmband_main.o \
  dlls/dmband/x86_64-windows/dmobject.o dlls/dmband/version.res \
  dlls/dmband/x86_64-windows/dmband_r.res libs/dxguid/x86_64-windows/libdxguid.a \
  libs/uuid/x86_64-windows/libuuid.a dlls/ole32/x86_64-windows/libole32.a \
  dlls/advapi32/x86_64-windows/libadvapi32.a dlls/winecrt0/x86_64-windows/libwinecrt0.a \
  libs/compiler-rt/x86_64-windows/libcompiler-rt.a dlls/ucrtbase/x86_64-windows/libucrtbase.a \
  dlls/kernel32/x86_64-windows/libkernel32.a dlls/ntdll/x86_64-windows/libntdll.a --no-default-config -fms-hotpatch -Wl,-debug:dwarf
tools/winegcc/winegcc -o dlls/dmcompos/x86_64-windows/dmcompos.dll --wine-objdir . -b x86_64-windows -Wl,--wine-builtin -shared \
  /private/tmp/gptk4-wine11-source/dlls/dmcompos/dmcompos.spec \
  dlls/dmcompos/x86_64-windows/chordmap.o dlls/dmcompos/x86_64-windows/chordmaptrack.o \
  dlls/dmcompos/x86_64-windows/composer.o dlls/dmcompos/x86_64-windows/dmcompos_main.o \
  dlls/dmcompos/x86_64-windows/dmobject.o dlls/dmcompos/x86_64-windows/signposttrack.o \
  dlls/dmcompos/version.res dlls/dmcompos/x86_64-windows/dmcompos_r.res \
  libs/dxguid/x86_64-windows/libdxguid.a libs/uuid/x86_64-windows/libuuid.a \
  dlls/ole32/x86_64-windows/libole32.a dlls/advapi32/x86_64-windows/libadvapi32.a \
  dlls/winecrt0/x86_64-windows/libwinecrt0.a libs/compiler-rt/x86_64-windows/libcompiler-rt.a \
  dlls/ucrtbase/x86_64-windows/libucrtbase.a dlls/kernel32/x86_64-windows/libkernel32.a \
  dlls/ntdll/x86_64-windows/libntdll.a --no-default-config -fms-hotpatch -Wl,-debug:dwarf
tools/winegcc/winegcc -o dlls/dmime/x86_64-windows/dmime.dll --wine-objdir . -b x86_64-windows -Wl,--wine-builtin -shared \
  /private/tmp/gptk4-wine11-source/dlls/dmime/dmime.spec dlls/dmime/x86_64-windows/audiopath.o \
  dlls/dmime/x86_64-windows/band.o dlls/dmime/x86_64-windows/dmime_main.o \
  dlls/dmime/x86_64-windows/dmobject.o dlls/dmime/x86_64-windows/graph.o \
  dlls/dmime/x86_64-windows/lyricstrack.o dlls/dmime/x86_64-windows/markertrack.o \
  dlls/dmime/x86_64-windows/midi.o dlls/dmime/x86_64-windows/paramcontroltrack.o \
  dlls/dmime/x86_64-windows/performance.o dlls/dmime/x86_64-windows/segment.o \
  dlls/dmime/x86_64-windows/segmentstate.o dlls/dmime/x86_64-windows/segtriggertrack.o \
  dlls/dmime/x86_64-windows/seqtrack.o dlls/dmime/x86_64-windows/sysextrack.o \
  dlls/dmime/x86_64-windows/tempotrack.o dlls/dmime/x86_64-windows/timesigtrack.o \
  dlls/dmime/x86_64-windows/wave.o dlls/dmime/x86_64-windows/wavetrack.o dlls/dmime/version.res \
  dlls/dmime/x86_64-windows/dmime_r.res libs/dxguid/x86_64-windows/libdxguid.a \
  libs/uuid/x86_64-windows/libuuid.a dlls/dsound/x86_64-windows/libdsound.a \
  dlls/ole32/x86_64-windows/libole32.a dlls/user32/x86_64-windows/libuser32.a \
  dlls/advapi32/x86_64-windows/libadvapi32.a dlls/winecrt0/x86_64-windows/libwinecrt0.a \
  libs/compiler-rt/x86_64-windows/libcompiler-rt.a dlls/ucrtbase/x86_64-windows/libucrtbase.a \
  dlls/kernel32/x86_64-windows/libkernel32.a dlls/ntdll/x86_64-windows/libntdll.a --no-default-config -fms-hotpatch -Wl,-debug:dwarf
tools/winegcc/winegcc -o dlls/dmloader/x86_64-windows/dmloader.dll --wine-objdir . -b x86_64-windows -Wl,--wine-builtin -shared \
  /private/tmp/gptk4-wine11-source/dlls/dmloader/dmloader.spec \
  dlls/dmloader/x86_64-windows/container.o dlls/dmloader/x86_64-windows/debug.o \
  dlls/dmloader/x86_64-windows/dmloader_main.o dlls/dmloader/x86_64-windows/dmobject.o \
  dlls/dmloader/x86_64-windows/loader.o dlls/dmloader/x86_64-windows/loaderstream.o \
  dlls/dmloader/version.res dlls/dmloader/x86_64-windows/dmloader_r.res \
  libs/dxguid/x86_64-windows/libdxguid.a libs/uuid/x86_64-windows/libuuid.a \
  dlls/ole32/x86_64-windows/libole32.a dlls/advapi32/x86_64-windows/libadvapi32.a \
  dlls/winecrt0/x86_64-windows/libwinecrt0.a libs/compiler-rt/x86_64-windows/libcompiler-rt.a \
  dlls/ucrtbase/x86_64-windows/libucrtbase.a dlls/kernel32/x86_64-windows/libkernel32.a \
  dlls/ntdll/x86_64-windows/libntdll.a --no-default-config -fms-hotpatch -Wl,-debug:dwarf
tools/winegcc/winegcc -o dlls/dmscript/x86_64-windows/dmscript.dll --wine-objdir . -b x86_64-windows -Wl,--wine-builtin -shared \
  /private/tmp/gptk4-wine11-source/dlls/dmscript/dmscript.spec \
  dlls/dmscript/x86_64-windows/dmobject.o dlls/dmscript/x86_64-windows/dmscript_main.o \
  dlls/dmscript/x86_64-windows/script.o dlls/dmscript/x86_64-windows/scripttrack.o \
  dlls/dmscript/rsrc.res dlls/dmscript/x86_64-windows/dmscript_r.res \
  libs/dxguid/x86_64-windows/libdxguid.a libs/uuid/x86_64-windows/libuuid.a \
  dlls/ole32/x86_64-windows/libole32.a dlls/advapi32/x86_64-windows/libadvapi32.a \
  dlls/winecrt0/x86_64-windows/libwinecrt0.a libs/compiler-rt/x86_64-windows/libcompiler-rt.a \
  dlls/ucrtbase/x86_64-windows/libucrtbase.a dlls/kernel32/x86_64-windows/libkernel32.a \
  dlls/ntdll/x86_64-windows/libntdll.a --no-default-config -fms-hotpatch -Wl,-debug:dwarf
tools/winegcc/winegcc -o dlls/dmstyle/x86_64-windows/dmstyle.dll --wine-objdir . -b x86_64-windows -Wl,--wine-builtin -shared \
  /private/tmp/gptk4-wine11-source/dlls/dmstyle/dmstyle.spec \
  dlls/dmstyle/x86_64-windows/auditiontrack.o dlls/dmstyle/x86_64-windows/chordtrack.o \
  dlls/dmstyle/x86_64-windows/commandtrack.o dlls/dmstyle/x86_64-windows/dmobject.o \
  dlls/dmstyle/x86_64-windows/dmstyle_main.o dlls/dmstyle/x86_64-windows/motiftrack.o \
  dlls/dmstyle/x86_64-windows/mutetrack.o dlls/dmstyle/x86_64-windows/style.o \
  dlls/dmstyle/x86_64-windows/styletrack.o dlls/dmstyle/version.res \
  dlls/dmstyle/x86_64-windows/dmstyle_r.res libs/dxguid/x86_64-windows/libdxguid.a \
  libs/uuid/x86_64-windows/libuuid.a dlls/ole32/x86_64-windows/libole32.a \
  dlls/advapi32/x86_64-windows/libadvapi32.a dlls/winecrt0/x86_64-windows/libwinecrt0.a \
  libs/compiler-rt/x86_64-windows/libcompiler-rt.a dlls/ucrtbase/x86_64-windows/libucrtbase.a \
  dlls/kernel32/x86_64-windows/libkernel32.a dlls/ntdll/x86_64-windows/libntdll.a --no-default-config -fms-hotpatch -Wl,-debug:dwarf
tools/winegcc/winegcc -o dlls/dmsynth/x86_64-windows/dmsynth.dll --wine-objdir . -b x86_64-windows -Wl,--wine-builtin -shared \
  /private/tmp/gptk4-wine11-source/dlls/dmsynth/dmsynth.spec \
  dlls/dmsynth/x86_64-windows/dmsynth_main.o dlls/dmsynth/x86_64-windows/synth.o \
  dlls/dmsynth/x86_64-windows/synthsink.o dlls/dmsynth/version.res \
  dlls/dmsynth/x86_64-windows/dmsynth_r.res libs/fluidsynth/x86_64-windows/libfluidsynth.a \
  libs/dxguid/x86_64-windows/libdxguid.a libs/uuid/x86_64-windows/libuuid.a \
  dlls/ole32/x86_64-windows/libole32.a dlls/advapi32/x86_64-windows/libadvapi32.a \
  dlls/user32/x86_64-windows/libuser32.a dlls/winecrt0/x86_64-windows/libwinecrt0.a \
  libs/compiler-rt/x86_64-windows/libcompiler-rt.a dlls/ucrtbase/x86_64-windows/libucrtbase.a \
  dlls/kernel32/x86_64-windows/libkernel32.a dlls/ntdll/x86_64-windows/libntdll.a --no-default-config -fms-hotpatch -Wl,-debug:dwarf
tools/winegcc/winegcc -o dlls/dmusic/x86_64-windows/dmusic.dll --wine-objdir . -b x86_64-windows -Wl,--wine-builtin -shared \
  /private/tmp/gptk4-wine11-source/dlls/dmusic/dmusic.spec dlls/dmusic/x86_64-windows/band.o \
  dlls/dmusic/x86_64-windows/buffer.o dlls/dmusic/x86_64-windows/clock.o \
  dlls/dmusic/x86_64-windows/collection.o dlls/dmusic/x86_64-windows/dmobject.o \
  dlls/dmusic/x86_64-windows/dmusic.o dlls/dmusic/x86_64-windows/dmusic_main.o \
  dlls/dmusic/x86_64-windows/download.o dlls/dmusic/x86_64-windows/instrument.o \
  dlls/dmusic/x86_64-windows/port.o dlls/dmusic/x86_64-windows/wave.o dlls/dmusic/version.res \
  dlls/dmusic/x86_64-windows/dmusic_r.res libs/dxguid/x86_64-windows/libdxguid.a \
  libs/uuid/x86_64-windows/libuuid.a dlls/ole32/x86_64-windows/libole32.a \
  dlls/advapi32/x86_64-windows/libadvapi32.a dlls/dsound/x86_64-windows/libdsound.a \
  dlls/user32/x86_64-windows/libuser32.a dlls/winmm/x86_64-windows/libwinmm.a \
  dlls/winecrt0/x86_64-windows/libwinecrt0.a libs/compiler-rt/x86_64-windows/libcompiler-rt.a \
  dlls/ucrtbase/x86_64-windows/libucrtbase.a dlls/kernel32/x86_64-windows/libkernel32.a \
  dlls/ntdll/x86_64-windows/libntdll.a --no-default-config -fms-hotpatch -Wl,-debug:dwarf
tools/winegcc/winegcc -o dlls/dmusic32/x86_64-windows/dmusic32.dll --wine-objdir . -b x86_64-windows -Wl,--wine-builtin -shared \
  /private/tmp/gptk4-wine11-source/dlls/dmusic32/dmusic32.spec \
  dlls/dmusic32/x86_64-windows/dmusic32_main.o dlls/dmusic32/version.res \
  libs/uuid/x86_64-windows/libuuid.a dlls/winecrt0/x86_64-windows/libwinecrt0.a \
  libs/compiler-rt/x86_64-windows/libcompiler-rt.a dlls/ucrtbase/x86_64-windows/libucrtbase.a \
  dlls/kernel32/x86_64-windows/libkernel32.a dlls/ntdll/x86_64-windows/libntdll.a --no-default-config -fms-hotpatch -Wl,-debug:dwarf
tools/winegcc/winegcc -o dlls/dnsapi/x86_64-windows/dnsapi.dll --wine-objdir . -b x86_64-windows -Wl,--wine-builtin -shared \
  /private/tmp/gptk4-wine11-source/dlls/dnsapi/dnsapi.spec dlls/dnsapi/x86_64-windows/main.o \
  dlls/dnsapi/x86_64-windows/name.o dlls/dnsapi/x86_64-windows/query.o \
  dlls/dnsapi/x86_64-windows/record.o dlls/dnsapi/version.res \
  dlls/netapi32/x86_64-windows/libnetapi32.a dlls/winecrt0/x86_64-windows/libwinecrt0.a \
  libs/compiler-rt/x86_64-windows/libcompiler-rt.a dlls/ucrtbase/x86_64-windows/libucrtbase.a \
  dlls/kernel32/x86_64-windows/libkernel32.a dlls/ntdll/x86_64-windows/libntdll.a \
  -Wl,-delayload,netapi32.dll --no-default-config -fms-hotpatch -Wl,-debug:dwarf
tools/winegcc/winegcc -o dlls/dplay/x86_64-windows/dplay.dll --wine-objdir . -b x86_64-windows -Wl,--wine-builtin -shared \
  /private/tmp/gptk4-wine11-source/dlls/dplay/dplay.spec dlls/dplay/version.res \
  dlls/dplayx/x86_64-windows/libdplayx.a dlls/winecrt0/x86_64-windows/libwinecrt0.a \
  libs/compiler-rt/x86_64-windows/libcompiler-rt.a dlls/ucrtbase/x86_64-windows/libucrtbase.a \
  dlls/kernel32/x86_64-windows/libkernel32.a dlls/ntdll/x86_64-windows/libntdll.a --no-default-config -fms-hotpatch -Wl,-debug:dwarf
tools/winegcc/winegcc -o dlls/dplayx/x86_64-windows/dplayx.dll --wine-objdir . -b x86_64-windows -Wl,--wine-builtin -shared \
  /private/tmp/gptk4-wine11-source/dlls/dplayx/dplayx.spec \
  dlls/dplayx/x86_64-windows/dpclassfactory.o dlls/dplayx/x86_64-windows/dplay.o \
  dlls/dplayx/x86_64-windows/dplaysp.o dlls/dplayx/x86_64-windows/dplayx_global.o \
  dlls/dplayx/x86_64-windows/dplayx_main.o dlls/dplayx/x86_64-windows/dplayx_messages.o \
  dlls/dplayx/x86_64-windows/dplobby.o dlls/dplayx/x86_64-windows/lobbysp.o \
  dlls/dplayx/x86_64-windows/name_server.o dlls/dplayx/version.res \
  dlls/dplayx/x86_64-windows/dplayx_r.res libs/dxguid/x86_64-windows/libdxguid.a \
  libs/uuid/x86_64-windows/libuuid.a dlls/winmm/x86_64-windows/libwinmm.a \
  dlls/ole32/x86_64-windows/libole32.a dlls/user32/x86_64-windows/libuser32.a \
  dlls/advapi32/x86_64-windows/libadvapi32.a dlls/winecrt0/x86_64-windows/libwinecrt0.a \
  libs/compiler-rt/x86_64-windows/libcompiler-rt.a dlls/ucrtbase/x86_64-windows/libucrtbase.a \
  dlls/kernel32/x86_64-windows/libkernel32.a dlls/ntdll/x86_64-windows/libntdll.a --no-default-config -fms-hotpatch -Wl,-debug:dwarf
tools/winegcc/winegcc -o dlls/dpnaddr/x86_64-windows/dpnaddr.dll --wine-objdir . -b x86_64-windows -Wl,--wine-builtin -shared \
  /private/tmp/gptk4-wine11-source/dlls/dpnaddr/dpnaddr.spec dlls/dpnaddr/version.res \
  dlls/dpnet/x86_64-windows/libdpnet.a dlls/winecrt0/x86_64-windows/libwinecrt0.a \
  libs/compiler-rt/x86_64-windows/libcompiler-rt.a dlls/ucrtbase/x86_64-windows/libucrtbase.a \
  dlls/kernel32/x86_64-windows/libkernel32.a dlls/ntdll/x86_64-windows/libntdll.a --no-default-config -fms-hotpatch -Wl,-debug:dwarf
tools/winegcc/winegcc -o dlls/dpnet/x86_64-windows/dpnet.dll --wine-objdir . -b x86_64-windows -Wl,--wine-builtin -shared \
  /private/tmp/gptk4-wine11-source/dlls/dpnet/dpnet.spec dlls/dpnet/x86_64-windows/address.o \
  dlls/dpnet/x86_64-windows/client.o dlls/dpnet/x86_64-windows/dpnet_main.o \
  dlls/dpnet/x86_64-windows/lobbiedapp.o dlls/dpnet/x86_64-windows/peer.o \
  dlls/dpnet/x86_64-windows/server.o dlls/dpnet/x86_64-windows/threadpool.o dlls/dpnet/version.res \
  dlls/dpnet/x86_64-windows/dpnet_r.res libs/dxguid/x86_64-windows/libdxguid.a \
  libs/uuid/x86_64-windows/libuuid.a dlls/ole32/x86_64-windows/libole32.a \
  dlls/advapi32/x86_64-windows/libadvapi32.a dlls/ws2_32/x86_64-windows/libws2_32.a \
  dlls/winecrt0/x86_64-windows/libwinecrt0.a libs/compiler-rt/x86_64-windows/libcompiler-rt.a \
  dlls/ucrtbase/x86_64-windows/libucrtbase.a dlls/kernel32/x86_64-windows/libkernel32.a \
  dlls/ntdll/x86_64-windows/libntdll.a --no-default-config -fms-hotpatch -Wl,-debug:dwarf
tools/winegcc/winegcc -o dlls/dpnhpast/x86_64-windows/dpnhpast.dll --wine-objdir . -b x86_64-windows -Wl,--wine-builtin -shared \
  /private/tmp/gptk4-wine11-source/dlls/dpnhpast/dpnhpast.spec dlls/dpnhpast/x86_64-windows/main.o \
  dlls/dpnhpast/version.res dlls/winecrt0/x86_64-windows/libwinecrt0.a \
  libs/compiler-rt/x86_64-windows/libcompiler-rt.a dlls/ucrtbase/x86_64-windows/libucrtbase.a \
  dlls/kernel32/x86_64-windows/libkernel32.a dlls/ntdll/x86_64-windows/libntdll.a --no-default-config -fms-hotpatch -Wl,-debug:dwarf
tools/winegcc/winegcc -o dlls/dpnhupnp/x86_64-windows/dpnhupnp.dll --wine-objdir . -b x86_64-windows -Wl,--wine-builtin -shared \
  /private/tmp/gptk4-wine11-source/dlls/dpnhupnp/dpnhupnp.spec -Wb,--prefer-native \
  dlls/dpnhupnp/x86_64-windows/main.o dlls/dpnhupnp/version.res \
  dlls/winecrt0/x86_64-windows/libwinecrt0.a libs/compiler-rt/x86_64-windows/libcompiler-rt.a \
  dlls/ucrtbase/x86_64-windows/libucrtbase.a dlls/kernel32/x86_64-windows/libkernel32.a \
  dlls/ntdll/x86_64-windows/libntdll.a --no-default-config -fms-hotpatch -Wl,-debug:dwarf
tools/winegcc/winegcc -o dlls/dpnlobby/x86_64-windows/dpnlobby.dll --wine-objdir . -b x86_64-windows -Wl,--wine-builtin -shared \
  /private/tmp/gptk4-wine11-source/dlls/dpnlobby/dpnlobby.spec dlls/dpnlobby/version.res \
  dlls/dpnet/x86_64-windows/libdpnet.a dlls/winecrt0/x86_64-windows/libwinecrt0.a \
  libs/compiler-rt/x86_64-windows/libcompiler-rt.a dlls/ucrtbase/x86_64-windows/libucrtbase.a \
  dlls/kernel32/x86_64-windows/libkernel32.a dlls/ntdll/x86_64-windows/libntdll.a --no-default-config -fms-hotpatch -Wl,-debug:dwarf
tools/winegcc/winegcc -o dlls/dpvoice/x86_64-windows/dpvoice.dll --wine-objdir . -b x86_64-windows -Wl,--wine-builtin -shared \
  /private/tmp/gptk4-wine11-source/dlls/dpvoice/dpvoice.spec -Wb,--prefer-native \
  dlls/dpvoice/x86_64-windows/client.o dlls/dpvoice/x86_64-windows/main.o \
  dlls/dpvoice/x86_64-windows/server.o dlls/dpvoice/version.res \
  dlls/dpvoice/x86_64-windows/dpvoice_r.res libs/dxguid/x86_64-windows/libdxguid.a \
  libs/uuid/x86_64-windows/libuuid.a dlls/winecrt0/x86_64-windows/libwinecrt0.a \
  libs/compiler-rt/x86_64-windows/libcompiler-rt.a dlls/ucrtbase/x86_64-windows/libucrtbase.a \
  dlls/kernel32/x86_64-windows/libkernel32.a dlls/ntdll/x86_64-windows/libntdll.a --no-default-config -fms-hotpatch -Wl,-debug:dwarf
tools/winegcc/winegcc -o dlls/dpwsockx/x86_64-windows/dpwsockx.dll --wine-objdir . -b x86_64-windows -Wl,--wine-builtin -shared \
  /private/tmp/gptk4-wine11-source/dlls/dpwsockx/dpwsockx.spec -Wb,--prefer-native \
  dlls/dpwsockx/x86_64-windows/dpwsockx_main.o dlls/dpwsockx/version.res \
  libs/dxguid/x86_64-windows/libdxguid.a dlls/ws2_32/x86_64-windows/libws2_32.a \
  dlls/winecrt0/x86_64-windows/libwinecrt0.a libs/compiler-rt/x86_64-windows/libcompiler-rt.a \
  dlls/ucrtbase/x86_64-windows/libucrtbase.a dlls/kernel32/x86_64-windows/libkernel32.a \
  dlls/ntdll/x86_64-windows/libntdll.a --no-default-config -fms-hotpatch -Wl,-debug:dwarf
tools/winegcc/winegcc -o dlls/drmclien/x86_64-windows/drmclien.dll --wine-objdir . -b x86_64-windows -Wl,--wine-builtin -shared \
  /private/tmp/gptk4-wine11-source/dlls/drmclien/drmclien.spec -Wb,--prefer-native \
  dlls/winecrt0/x86_64-windows/libwinecrt0.a libs/compiler-rt/x86_64-windows/libcompiler-rt.a \
  dlls/ucrtbase/x86_64-windows/libucrtbase.a dlls/kernel32/x86_64-windows/libkernel32.a \
  dlls/ntdll/x86_64-windows/libntdll.a --no-default-config -fms-hotpatch -Wl,-debug:dwarf
tools/winegcc/winegcc -o dlls/dsdmo/x86_64-windows/dsdmo.dll --wine-objdir . -b x86_64-windows -Wl,--wine-builtin -shared \
  /private/tmp/gptk4-wine11-source/dlls/dsdmo/dsdmo.spec -Wb,--prefer-native \
  dlls/dsdmo/x86_64-windows/main.o dlls/dsdmo/version.res dlls/dsdmo/x86_64-windows/dsdmo_r.res \
  libs/dmoguids/x86_64-windows/libdmoguids.a libs/strmiids/x86_64-windows/libstrmiids.a \
  libs/uuid/x86_64-windows/libuuid.a dlls/winecrt0/x86_64-windows/libwinecrt0.a \
  libs/compiler-rt/x86_64-windows/libcompiler-rt.a dlls/ucrtbase/x86_64-windows/libucrtbase.a \
  dlls/kernel32/x86_64-windows/libkernel32.a dlls/ntdll/x86_64-windows/libntdll.a --no-default-config -fms-hotpatch -Wl,-debug:dwarf
tools/winegcc/winegcc -o dlls/dsound/x86_64-windows/dsound.dll --wine-objdir . -b x86_64-windows -Wl,--wine-builtin -shared \
  /private/tmp/gptk4-wine11-source/dlls/dsound/dsound.spec dlls/dsound/x86_64-windows/buffer.o \
  dlls/dsound/x86_64-windows/capture.o dlls/dsound/x86_64-windows/dsound.o \
  dlls/dsound/x86_64-windows/dsound_convert.o dlls/dsound/x86_64-windows/dsound_main.o \
  dlls/dsound/x86_64-windows/duplex.o dlls/dsound/x86_64-windows/mixer.o \
  dlls/dsound/x86_64-windows/primary.o dlls/dsound/x86_64-windows/propset.o \
  dlls/dsound/x86_64-windows/sound3d.o dlls/dsound/version.res \
  dlls/dsound/x86_64-windows/dsound_classes_r.res libs/dxguid/x86_64-windows/libdxguid.a \
  libs/uuid/x86_64-windows/libuuid.a dlls/winmm/x86_64-windows/libwinmm.a \
  dlls/ole32/x86_64-windows/libole32.a dlls/advapi32/x86_64-windows/libadvapi32.a \
  dlls/user32/x86_64-windows/libuser32.a dlls/winecrt0/x86_64-windows/libwinecrt0.a \
  libs/compiler-rt/x86_64-windows/libcompiler-rt.a dlls/ucrtbase/x86_64-windows/libucrtbase.a \
  dlls/kernel32/x86_64-windows/libkernel32.a dlls/ntdll/x86_64-windows/libntdll.a --no-default-config -fms-hotpatch -Wl,-debug:dwarf
tools/winegcc/winegcc -o dlls/dsquery/x86_64-windows/dsquery.dll --wine-objdir . -b x86_64-windows -Wl,--wine-builtin -shared \
  /private/tmp/gptk4-wine11-source/dlls/dsquery/dsquery.spec dlls/dsquery/x86_64-windows/main.o \
  dlls/dsquery/x86_64-windows/dsquery_r.res libs/uuid/x86_64-windows/libuuid.a \
  dlls/winecrt0/x86_64-windows/libwinecrt0.a libs/compiler-rt/x86_64-windows/libcompiler-rt.a \
  dlls/ucrtbase/x86_64-windows/libucrtbase.a dlls/kernel32/x86_64-windows/libkernel32.a \
  dlls/ntdll/x86_64-windows/libntdll.a --no-default-config -fms-hotpatch -Wl,-debug:dwarf
tools/winegcc/winegcc -o dlls/dssenh/x86_64-windows/dssenh.dll --wine-objdir . -b x86_64-windows -Wl,--wine-builtin -shared \
  /private/tmp/gptk4-wine11-source/dlls/dssenh/dssenh.spec dlls/dssenh/x86_64-windows/main.o \
  dlls/dssenh/rsrc.res dlls/bcrypt/x86_64-windows/libbcrypt.a \
  dlls/crypt32/x86_64-windows/libcrypt32.a dlls/advapi32/x86_64-windows/libadvapi32.a \
  dlls/winecrt0/x86_64-windows/libwinecrt0.a libs/compiler-rt/x86_64-windows/libcompiler-rt.a \
  dlls/ucrtbase/x86_64-windows/libucrtbase.a dlls/kernel32/x86_64-windows/libkernel32.a \
  dlls/ntdll/x86_64-windows/libntdll.a --no-default-config -fms-hotpatch -Wl,-debug:dwarf
tools/winegcc/winegcc -o dlls/dsuiext/x86_64-windows/dsuiext.dll --wine-objdir . -b x86_64-windows -Wl,--wine-builtin -shared \
  /private/tmp/gptk4-wine11-source/dlls/dsuiext/dsuiext.spec dlls/dsuiext/x86_64-windows/dsuiext.o \
  dlls/dsuiext/x86_64-windows/dsuiext_r.res dlls/ole32/x86_64-windows/libole32.a \
  libs/uuid/x86_64-windows/libuuid.a dlls/winecrt0/x86_64-windows/libwinecrt0.a \
  libs/compiler-rt/x86_64-windows/libcompiler-rt.a dlls/ucrtbase/x86_64-windows/libucrtbase.a \
  dlls/kernel32/x86_64-windows/libkernel32.a dlls/ntdll/x86_64-windows/libntdll.a --no-default-config -fms-hotpatch -Wl,-debug:dwarf
tools/winegcc/winegcc -o dlls/dswave/x86_64-windows/dswave.dll --wine-objdir . -b x86_64-windows -Wl,--wine-builtin -shared \
  /private/tmp/gptk4-wine11-source/dlls/dswave/dswave.spec dlls/dswave/x86_64-windows/dmobject.o \
  dlls/dswave/x86_64-windows/dswave_main.o dlls/dswave/x86_64-windows/wave.o dlls/dswave/version.res \
  dlls/dswave/x86_64-windows/dswave_r.res libs/dxguid/x86_64-windows/libdxguid.a \
  libs/uuid/x86_64-windows/libuuid.a dlls/ole32/x86_64-windows/libole32.a \
  dlls/advapi32/x86_64-windows/libadvapi32.a dlls/winecrt0/x86_64-windows/libwinecrt0.a \
  libs/compiler-rt/x86_64-windows/libcompiler-rt.a dlls/ucrtbase/x86_64-windows/libucrtbase.a \
  dlls/kernel32/x86_64-windows/libkernel32.a dlls/ntdll/x86_64-windows/libntdll.a --no-default-config -fms-hotpatch -Wl,-debug:dwarf
tools/winegcc/winegcc -o dlls/dwmapi/x86_64-windows/dwmapi.dll --wine-objdir . -b x86_64-windows -Wl,--wine-builtin -shared \
  /private/tmp/gptk4-wine11-source/dlls/dwmapi/dwmapi.spec dlls/dwmapi/x86_64-windows/dwmapi_main.o \
  dlls/dwmapi/version.res dlls/user32/x86_64-windows/libuser32.a \
  dlls/winecrt0/x86_64-windows/libwinecrt0.a libs/compiler-rt/x86_64-windows/libcompiler-rt.a \
  dlls/ucrtbase/x86_64-windows/libucrtbase.a dlls/kernel32/x86_64-windows/libkernel32.a \
  dlls/ntdll/x86_64-windows/libntdll.a --no-default-config -fms-hotpatch -Wl,-debug:dwarf
tools/winegcc/winegcc -o dlls/dwrite/x86_64-windows/dwrite.dll --wine-objdir . -b x86_64-windows -Wl,--wine-builtin -shared \
  /private/tmp/gptk4-wine11-source/dlls/dwrite/dwrite.spec dlls/dwrite/x86_64-windows/analyzer.o \
  dlls/dwrite/x86_64-windows/bidi.o dlls/dwrite/x86_64-windows/bracket.o \
  dlls/dwrite/x86_64-windows/direction.o dlls/dwrite/x86_64-windows/font.o \
  dlls/dwrite/x86_64-windows/format.o dlls/dwrite/x86_64-windows/gdiinterop.o \
  dlls/dwrite/x86_64-windows/layout.o dlls/dwrite/x86_64-windows/linebreak.o \
  dlls/dwrite/x86_64-windows/main.o dlls/dwrite/x86_64-windows/mirror.o \
  dlls/dwrite/x86_64-windows/opentype.o dlls/dwrite/x86_64-windows/scripts.o \
  dlls/dwrite/x86_64-windows/shape.o dlls/dwrite/x86_64-windows/shapers/arabic.o \
  dlls/dwrite/x86_64-windows/shapers/arabic_table.o dlls/user32/x86_64-windows/libuser32.a \
  dlls/gdi32/x86_64-windows/libgdi32.a dlls/advapi32/x86_64-windows/libadvapi32.a \
  dlls/winecrt0/x86_64-windows/libwinecrt0.a libs/compiler-rt/x86_64-windows/libcompiler-rt.a \
  dlls/ucrtbase/x86_64-windows/libucrtbase.a dlls/kernel32/x86_64-windows/libkernel32.a \
  dlls/ntdll/x86_64-windows/libntdll.a --no-default-config -fms-hotpatch -Wl,-debug:dwarf
tools/winegcc/winegcc -o dlls/dx8vb/x86_64-windows/dx8vb.dll --wine-objdir . -b x86_64-windows -Wl,--wine-builtin -shared \
  /private/tmp/gptk4-wine11-source/dlls/dx8vb/dx8vb.spec -Wb,--prefer-native \
  dlls/dx8vb/x86_64-windows/main.o dlls/dx8vb/version.res dlls/dx8vb/x86_64-windows/dx8vb_r.res \
  libs/uuid/x86_64-windows/libuuid.a dlls/ole32/x86_64-windows/libole32.a \
  dlls/winecrt0/x86_64-windows/libwinecrt0.a libs/compiler-rt/x86_64-windows/libcompiler-rt.a \
  dlls/ucrtbase/x86_64-windows/libucrtbase.a dlls/kernel32/x86_64-windows/libkernel32.a \
  dlls/ntdll/x86_64-windows/libntdll.a --no-default-config -fms-hotpatch -Wl,-debug:dwarf
tools/winegcc/winegcc -o dlls/dxcore/x86_64-windows/dxcore.dll --wine-objdir . -b x86_64-windows -Wl,--wine-builtin -shared \
  /private/tmp/gptk4-wine11-source/dlls/dxcore/dxcore.spec -Wb,--prefer-native \
  dlls/dxcore/x86_64-windows/dxcore.o dlls/wined3d/x86_64-windows/libwined3d.a \
  dlls/winecrt0/x86_64-windows/libwinecrt0.a libs/compiler-rt/x86_64-windows/libcompiler-rt.a \
  dlls/ucrtbase/x86_64-windows/libucrtbase.a dlls/kernel32/x86_64-windows/libkernel32.a \
  dlls/ntdll/x86_64-windows/libntdll.a --no-default-config -fms-hotpatch -Wl,-debug:dwarf
tools/winegcc/winegcc -o dlls/dxdiagn/x86_64-windows/dxdiagn.dll --wine-objdir . -b x86_64-windows -Wl,--wine-builtin -shared \
  /private/tmp/gptk4-wine11-source/dlls/dxdiagn/dxdiagn.spec dlls/dxdiagn/x86_64-windows/container.o \
  dlls/dxdiagn/x86_64-windows/dxdiag_main.o dlls/dxdiagn/x86_64-windows/provider.o \
  dlls/dxdiagn/dxdiagn.res dlls/dxdiagn/x86_64-windows/dxdiagn_r.res \
  libs/strmiids/x86_64-windows/libstrmiids.a libs/dxguid/x86_64-windows/libdxguid.a \
  dlls/d3d9/x86_64-windows/libd3d9.a dlls/ddraw/x86_64-windows/libddraw.a \
  dlls/dsound/x86_64-windows/libdsound.a dlls/version/x86_64-windows/libversion.a \
  dlls/ole32/x86_64-windows/libole32.a dlls/oleaut32/x86_64-windows/liboleaut32.a \
  dlls/user32/x86_64-windows/libuser32.a dlls/advapi32/x86_64-windows/libadvapi32.a \
  dlls/winecrt0/x86_64-windows/libwinecrt0.a libs/compiler-rt/x86_64-windows/libcompiler-rt.a \
  dlls/ucrtbase/x86_64-windows/libucrtbase.a dlls/kernel32/x86_64-windows/libkernel32.a \
  dlls/ntdll/x86_64-windows/libntdll.a --no-default-config -fms-hotpatch -Wl,-debug:dwarf
tools/winegcc/winegcc -o dlls/dxgi/x86_64-windows/dxgi.dll --wine-objdir . -b x86_64-windows -Wl,--wine-builtin -shared \
  /private/tmp/gptk4-wine11-source/dlls/dxgi/dxgi.spec dlls/dxgi/x86_64-windows/adapter.o \
  dlls/dxgi/x86_64-windows/device.o dlls/dxgi/x86_64-windows/dxgi_main.o \
  dlls/dxgi/x86_64-windows/factory.o dlls/dxgi/x86_64-windows/output.o \
  dlls/dxgi/x86_64-windows/resource.o dlls/dxgi/x86_64-windows/swapchain.o \
  dlls/dxgi/x86_64-windows/utils.o dlls/dxgi/version.res dlls/gdi32/x86_64-windows/libgdi32.a \
  libs/dxguid/x86_64-windows/libdxguid.a libs/uuid/x86_64-windows/libuuid.a \
  dlls/wined3d/x86_64-windows/libwined3d.a dlls/user32/x86_64-windows/libuser32.a \
  dlls/win32u/x86_64-windows/libwin32u.a dlls/winecrt0/x86_64-windows/libwinecrt0.a \
  libs/compiler-rt/x86_64-windows/libcompiler-rt.a dlls/ucrtbase/x86_64-windows/libucrtbase.a \
  dlls/kernel32/x86_64-windows/libkernel32.a dlls/ntdll/x86_64-windows/libntdll.a --no-default-config -fms-hotpatch -Wl,-debug:dwarf
tools/winegcc/winegcc -o dlls/dxtrans/x86_64-windows/dxtrans.dll --wine-objdir . -b x86_64-windows -Wl,--wine-builtin -shared \
  /private/tmp/gptk4-wine11-source/dlls/dxtrans/dxtrans.spec dlls/dxtrans/x86_64-windows/main.o \
  dlls/winecrt0/x86_64-windows/libwinecrt0.a libs/compiler-rt/x86_64-windows/libcompiler-rt.a \
  dlls/ucrtbase/x86_64-windows/libucrtbase.a dlls/kernel32/x86_64-windows/libkernel32.a \
  dlls/ntdll/x86_64-windows/libntdll.a --no-default-config -fms-hotpatch -Wl,-debug:dwarf
tools/winegcc/winegcc -o dlls/dxva2/x86_64-windows/dxva2.dll --wine-objdir . -b x86_64-windows -Wl,--wine-builtin -shared \
  /private/tmp/gptk4-wine11-source/dlls/dxva2/dxva2.spec -Wb,--prefer-native \
  dlls/dxva2/x86_64-windows/main.o libs/uuid/x86_64-windows/libuuid.a \
  dlls/ole32/x86_64-windows/libole32.a dlls/winecrt0/x86_64-windows/libwinecrt0.a \
  libs/compiler-rt/x86_64-windows/libcompiler-rt.a dlls/ucrtbase/x86_64-windows/libucrtbase.a \
  dlls/kernel32/x86_64-windows/libkernel32.a dlls/ntdll/x86_64-windows/libntdll.a --no-default-config -fms-hotpatch -Wl,-debug:dwarf
tools/winegcc/winegcc -o dlls/esent/x86_64-windows/esent.dll --wine-objdir . -b x86_64-windows -Wl,--wine-builtin -shared \
  /private/tmp/gptk4-wine11-source/dlls/esent/esent.spec -Wb,--prefer-native \
  dlls/winecrt0/x86_64-windows/libwinecrt0.a libs/compiler-rt/x86_64-windows/libcompiler-rt.a \
  dlls/ucrtbase/x86_64-windows/libucrtbase.a dlls/kernel32/x86_64-windows/libkernel32.a \
  dlls/ntdll/x86_64-windows/libntdll.a --no-default-config -fms-hotpatch -Wl,-debug:dwarf
tools/winegcc/winegcc -o dlls/evr/x86_64-windows/evr.dll --wine-objdir . -b x86_64-windows -Wl,--wine-builtin -shared \
  /private/tmp/gptk4-wine11-source/dlls/evr/evr.spec -Wb,--prefer-native \
  dlls/evr/x86_64-windows/evr.o dlls/evr/x86_64-windows/main.o dlls/evr/x86_64-windows/mixer.o \
  dlls/evr/x86_64-windows/presenter.o dlls/evr/x86_64-windows/sample.o \
  dlls/evr/x86_64-windows/evr_classes_r.res libs/mfuuid/x86_64-windows/libmfuuid.a \
  libs/strmiids/x86_64-windows/libstrmiids.a libs/strmbase/x86_64-windows/libstrmbase.a \
  libs/uuid/x86_64-windows/libuuid.a libs/dxguid/x86_64-windows/libdxguid.a \
  dlls/ole32/x86_64-windows/libole32.a dlls/oleaut32/x86_64-windows/liboleaut32.a \
  dlls/user32/x86_64-windows/libuser32.a dlls/d3d9/x86_64-windows/libd3d9.a \
  dlls/dxva2/x86_64-windows/libdxva2.a dlls/mfplat/x86_64-windows/libmfplat.a \
  dlls/winecrt0/x86_64-windows/libwinecrt0.a libs/compiler-rt/x86_64-windows/libcompiler-rt.a \
  dlls/msvcrt/x86_64-windows/libmsvcrt.a dlls/kernel32/x86_64-windows/libkernel32.a \
  dlls/ntdll/x86_64-windows/libntdll.a -Wl,-delayload,mfplat.dll --no-default-config -fms-hotpatch -Wl,-debug:dwarf
tools/winegcc/winegcc -o dlls/explorerframe/x86_64-windows/explorerframe.dll --wine-objdir . -b x86_64-windows -Wl,--wine-builtin -shared \
  /private/tmp/gptk4-wine11-source/dlls/explorerframe/explorerframe.spec \
  dlls/explorerframe/x86_64-windows/explorerframe_main.o dlls/explorerframe/x86_64-windows/nstc.o \
  dlls/explorerframe/x86_64-windows/taskbarlist.o dlls/explorerframe/version.res \
  dlls/explorerframe/x86_64-windows/explorerframe_r.res libs/uuid/x86_64-windows/libuuid.a \
  dlls/ole32/x86_64-windows/libole32.a dlls/comctl32/x86_64-windows/libcomctl32.a \
  dlls/shell32/x86_64-windows/libshell32.a dlls/user32/x86_64-windows/libuser32.a \
  dlls/winecrt0/x86_64-windows/libwinecrt0.a libs/compiler-rt/x86_64-windows/libcompiler-rt.a \
  dlls/ucrtbase/x86_64-windows/libucrtbase.a dlls/kernel32/x86_64-windows/libkernel32.a \
  dlls/ntdll/x86_64-windows/libntdll.a --no-default-config -fms-hotpatch -Wl,-debug:dwarf
tools/winegcc/winegcc -o dlls/faultrep/x86_64-windows/faultrep.dll --wine-objdir . -b x86_64-windows -Wl,--wine-builtin -shared \
  /private/tmp/gptk4-wine11-source/dlls/faultrep/faultrep.spec -Wb,--prefer-native \
  dlls/faultrep/x86_64-windows/faultrep.o dlls/advapi32/x86_64-windows/libadvapi32.a \
  dlls/winecrt0/x86_64-windows/libwinecrt0.a libs/compiler-rt/x86_64-windows/libcompiler-rt.a \
  dlls/ucrtbase/x86_64-windows/libucrtbase.a dlls/kernel32/x86_64-windows/libkernel32.a \
  dlls/ntdll/x86_64-windows/libntdll.a --no-default-config -fms-hotpatch -Wl,-debug:dwarf
tools/winegcc/winegcc -o dlls/feclient/x86_64-windows/feclient.dll --wine-objdir . -b x86_64-windows -Wl,--wine-builtin -shared \
  /private/tmp/gptk4-wine11-source/dlls/feclient/feclient.spec -Wb,--prefer-native \
  dlls/winecrt0/x86_64-windows/libwinecrt0.a libs/compiler-rt/x86_64-windows/libcompiler-rt.a \
  dlls/ucrtbase/x86_64-windows/libucrtbase.a dlls/kernel32/x86_64-windows/libkernel32.a \
  dlls/ntdll/x86_64-windows/libntdll.a --no-default-config -fms-hotpatch -Wl,-debug:dwarf
tools/winegcc/winegcc -o dlls/fltlib/x86_64-windows/fltlib.dll --wine-objdir . -b x86_64-windows -Wl,--wine-builtin -shared \
  /private/tmp/gptk4-wine11-source/dlls/fltlib/fltlib.spec -Wb,--prefer-native \
  dlls/fltlib/x86_64-windows/fltlib.o dlls/fltlib/rsrc.res \
  dlls/winecrt0/x86_64-windows/libwinecrt0.a libs/compiler-rt/x86_64-windows/libcompiler-rt.a \
  dlls/ucrtbase/x86_64-windows/libucrtbase.a dlls/kernel32/x86_64-windows/libkernel32.a \
  dlls/ntdll/x86_64-windows/libntdll.a --no-default-config -fms-hotpatch -Wl,-debug:dwarf
tools/winegcc/winegcc -o dlls/fltmgr.sys/x86_64-windows/fltmgr.sys --wine-objdir . -b x86_64-windows -Wl,--wine-builtin -shared \
  /private/tmp/gptk4-wine11-source/dlls/fltmgr.sys/fltmgr.sys.spec -Wl,--subsystem,native \
  dlls/fltmgr.sys/x86_64-windows/main.o dlls/ntoskrnl.exe/x86_64-windows/libntoskrnl.a \
  dlls/winecrt0/x86_64-windows/libwinecrt0.a libs/compiler-rt/x86_64-windows/libcompiler-rt.a \
  dlls/ucrtbase/x86_64-windows/libucrtbase.a dlls/kernel32/x86_64-windows/libkernel32.a \
  dlls/ntdll/x86_64-windows/libntdll.a --no-default-config -fms-hotpatch -Wl,-debug:dwarf
tools/winegcc/winegcc -o dlls/fntcache/x86_64-windows/fntcache.dll --wine-objdir . -b x86_64-windows -Wl,--wine-builtin -shared \
  /private/tmp/gptk4-wine11-source/dlls/fntcache/fntcache.spec -Wb,--prefer-native \
  dlls/fntcache/x86_64-windows/main.o dlls/advapi32/x86_64-windows/libadvapi32.a \
  dlls/winecrt0/x86_64-windows/libwinecrt0.a libs/compiler-rt/x86_64-windows/libcompiler-rt.a \
  dlls/ucrtbase/x86_64-windows/libucrtbase.a dlls/kernel32/x86_64-windows/libkernel32.a \
  dlls/ntdll/x86_64-windows/libntdll.a --no-default-config -fms-hotpatch -Wl,-debug:dwarf
tools/winegcc/winegcc -o dlls/fontsub/x86_64-windows/fontsub.dll --wine-objdir . -b x86_64-windows -Wl,--wine-builtin -shared \
  /private/tmp/gptk4-wine11-source/dlls/fontsub/fontsub.spec -Wb,--prefer-native \
  dlls/fontsub/x86_64-windows/main.o dlls/winecrt0/x86_64-windows/libwinecrt0.a \
  libs/compiler-rt/x86_64-windows/libcompiler-rt.a dlls/ucrtbase/x86_64-windows/libucrtbase.a \
  dlls/kernel32/x86_64-windows/libkernel32.a dlls/ntdll/x86_64-windows/libntdll.a --no-default-config -fms-hotpatch -Wl,-debug:dwarf
tools/winegcc/winegcc -o dlls/fusion/x86_64-windows/fusion.dll --wine-objdir . -b x86_64-windows -Wl,--wine-builtin -shared \
  /private/tmp/gptk4-wine11-source/dlls/fusion/fusion.spec dlls/fusion/x86_64-windows/asmcache.o \
  dlls/fusion/x86_64-windows/asmenum.o dlls/fusion/x86_64-windows/asmname.o \
  dlls/fusion/x86_64-windows/assembly.o dlls/fusion/x86_64-windows/fusion.o dlls/fusion/version.res \
  dlls/bcrypt/x86_64-windows/libbcrypt.a dlls/dbghelp/x86_64-windows/libdbghelp.a \
  dlls/shlwapi/x86_64-windows/libshlwapi.a dlls/version/x86_64-windows/libversion.a \
  dlls/user32/x86_64-windows/libuser32.a dlls/winecrt0/x86_64-windows/libwinecrt0.a \
  libs/compiler-rt/x86_64-windows/libcompiler-rt.a dlls/ucrtbase/x86_64-windows/libucrtbase.a \
  dlls/kernel32/x86_64-windows/libkernel32.a dlls/ntdll/x86_64-windows/libntdll.a --no-default-config -fms-hotpatch -Wl,-debug:dwarf
tools/winegcc/winegcc -o dlls/fwpuclnt/x86_64-windows/fwpuclnt.dll --wine-objdir . -b x86_64-windows -Wl,--wine-builtin -shared \
  /private/tmp/gptk4-wine11-source/dlls/fwpuclnt/fwpuclnt.spec -Wb,--prefer-native \
  dlls/fwpuclnt/x86_64-windows/main.o dlls/winecrt0/x86_64-windows/libwinecrt0.a \
  libs/compiler-rt/x86_64-windows/libcompiler-rt.a dlls/ucrtbase/x86_64-windows/libucrtbase.a \
  dlls/kernel32/x86_64-windows/libkernel32.a dlls/ntdll/x86_64-windows/libntdll.a --no-default-config -fms-hotpatch -Wl,-debug:dwarf
tools/winegcc/winegcc -o dlls/gameinput/x86_64-windows/gameinput.dll --wine-objdir . -b x86_64-windows -Wl,--wine-builtin -shared \
  /private/tmp/gptk4-wine11-source/dlls/gameinput/gameinput.spec -Wb,--prefer-native \
  dlls/gameinput/x86_64-windows/gameinput.o dlls/winecrt0/x86_64-windows/libwinecrt0.a \
  libs/compiler-rt/x86_64-windows/libcompiler-rt.a dlls/ucrtbase/x86_64-windows/libucrtbase.a \
  dlls/kernel32/x86_64-windows/libkernel32.a dlls/ntdll/x86_64-windows/libntdll.a --no-default-config -fms-hotpatch -Wl,-debug:dwarf
tools/widl/widl -o dlls/gameux/x86_64-windows/gameux_tlb_t.res -b x86_64-windows --nostdinc -Ldlls/\* -Idlls/gameux \
  -I/private/tmp/gptk4-wine11-source/dlls/gameux -Iinclude \
  -I/private/tmp/gptk4-wine11-source/include -I/private/tmp/gptk4-wine11-source/include/msvcrt \
  -D_UCRT -D__WINESRC__ /private/tmp/gptk4-wine11-source/dlls/gameux/gameux_tlb.idl
tools/winegcc/winegcc -o dlls/gamingtcui/x86_64-windows/gamingtcui.dll --wine-objdir . -b x86_64-windows -Wl,--wine-builtin -shared \
  /private/tmp/gptk4-wine11-source/dlls/gamingtcui/gamingtcui.spec \
  dlls/gamingtcui/x86_64-windows/gamingtcui_main.o dlls/winecrt0/x86_64-windows/libwinecrt0.a \
  libs/compiler-rt/x86_64-windows/libcompiler-rt.a dlls/ucrtbase/x86_64-windows/libucrtbase.a \
  dlls/kernel32/x86_64-windows/libkernel32.a dlls/ntdll/x86_64-windows/libntdll.a --no-default-config -fms-hotpatch -Wl,-debug:dwarf
tools/winegcc/winegcc -o dlls/gdi32/x86_64-windows/gdi32.dll --wine-objdir . -b x86_64-windows -Wl,--wine-builtin -shared \
  /private/tmp/gptk4-wine11-source/dlls/gdi32/gdi32.spec dlls/gdi32/x86_64-windows/dc.o \
  dlls/gdi32/x86_64-windows/emfdc.o dlls/gdi32/x86_64-windows/enhmetafile.o \
  dlls/gdi32/x86_64-windows/icm.o dlls/gdi32/x86_64-windows/metadc.o \
  dlls/gdi32/x86_64-windows/metafile.o dlls/gdi32/x86_64-windows/objects.o \
  dlls/gdi32/x86_64-windows/opengl.o dlls/gdi32/x86_64-windows/text.o \
  dlls/gdi32/x86_64-windows/uniscribe/bidi.o dlls/gdi32/x86_64-windows/uniscribe/bracket.o \
  dlls/gdi32/x86_64-windows/uniscribe/breaking.o dlls/gdi32/x86_64-windows/uniscribe/direction.o \
  dlls/gdi32/x86_64-windows/uniscribe/indic.o dlls/gdi32/x86_64-windows/uniscribe/indicsyllable.o \
  dlls/gdi32/x86_64-windows/uniscribe/linebreak.o dlls/gdi32/x86_64-windows/uniscribe/mirror.o \
  dlls/gdi32/x86_64-windows/uniscribe/opentype.o dlls/gdi32/x86_64-windows/uniscribe/shape.o \
  dlls/gdi32/x86_64-windows/uniscribe/shaping.o dlls/gdi32/x86_64-windows/uniscribe/usp10.o \
  dlls/gdi32/gdi32.res dlls/user32/x86_64-windows/libuser32.a \
  dlls/advapi32/x86_64-windows/libadvapi32.a dlls/win32u/x86_64-windows/libwin32u.a \
  dlls/winspool.drv/x86_64-windows/libwinspool.a dlls/winecrt0/x86_64-windows/libwinecrt0.a \
  libs/compiler-rt/x86_64-windows/libcompiler-rt.a dlls/ucrtbase/x86_64-windows/libucrtbase.a \
  dlls/kernel32/x86_64-windows/libkernel32.a dlls/ntdll/x86_64-windows/libntdll.a \
  -Wl,-delayload,winspool.drv --no-default-config -fms-hotpatch -Wl,-debug:dwarf
tools/winegcc/winegcc -o dlls/gdiplus/x86_64-windows/gdiplus.dll --wine-objdir . -b x86_64-windows -Wl,--wine-builtin -shared \
  /private/tmp/gptk4-wine11-source/dlls/gdiplus/gdiplus.spec dlls/gdiplus/x86_64-windows/brush.o \
  dlls/gdiplus/x86_64-windows/customlinecap.o dlls/gdiplus/x86_64-windows/font.o \
  dlls/gdiplus/x86_64-windows/gdiplus.o dlls/gdiplus/x86_64-windows/graphics.o \
  dlls/gdiplus/x86_64-windows/graphicspath.o dlls/gdiplus/x86_64-windows/image.o \
  dlls/gdiplus/x86_64-windows/imageattributes.o dlls/gdiplus/x86_64-windows/matrix.o \
  dlls/gdiplus/x86_64-windows/metafile.o dlls/gdiplus/x86_64-windows/pathiterator.o \
  dlls/gdiplus/x86_64-windows/pen.o dlls/gdiplus/x86_64-windows/region.o \
  dlls/gdiplus/x86_64-windows/stringformat.o dlls/gdiplus/gdiplus.res \
  libs/uuid/x86_64-windows/libuuid.a dlls/shlwapi/x86_64-windows/libshlwapi.a \
  dlls/ole32/x86_64-windows/libole32.a dlls/oleaut32/x86_64-windows/liboleaut32.a \
  dlls/user32/x86_64-windows/libuser32.a dlls/gdi32/x86_64-windows/libgdi32.a \
  dlls/mlang/x86_64-windows/libmlang.a dlls/windowscodecs/x86_64-windows/libwindowscodecs.a \
  dlls/winecrt0/x86_64-windows/libwinecrt0.a libs/compiler-rt/x86_64-windows/libcompiler-rt.a \
  dlls/ucrtbase/x86_64-windows/libucrtbase.a dlls/kernel32/x86_64-windows/libkernel32.a \
  dlls/ntdll/x86_64-windows/libntdll.a -Wl,-delayload,mlang.dll -Wl,-delayload,windowscodecs.dll \
  --no-default-config -fms-hotpatch -Wl,-debug:dwarf
tools/winegcc/winegcc -o dlls/geolocation/x86_64-windows/geolocation.dll --wine-objdir . -b x86_64-windows -Wl,--wine-builtin -shared \
  /private/tmp/gptk4-wine11-source/dlls/geolocation/geolocation.spec \
  dlls/geolocation/x86_64-windows/main.o dlls/geolocation/x86_64-windows/weakref.o \
  dlls/geolocation/x86_64-windows/classes_r.res dlls/combase/x86_64-windows/libcombase.a \
  libs/uuid/x86_64-windows/libuuid.a dlls/winecrt0/x86_64-windows/libwinecrt0.a \
  libs/compiler-rt/x86_64-windows/libcompiler-rt.a dlls/ucrtbase/x86_64-windows/libucrtbase.a \
  dlls/kernel32/x86_64-windows/libkernel32.a dlls/ntdll/x86_64-windows/libntdll.a --no-default-config -fms-hotpatch -Wl,-debug:dwarf
tools/winegcc/winegcc -o dlls/glu32/x86_64-windows/glu32.dll --wine-objdir . -b x86_64-windows -Wl,--wine-builtin -shared \
  /private/tmp/gptk4-wine11-source/dlls/glu32/glu32.spec -Wb,--prefer-native \
  dlls/glu32/x86_64-windows/geom.o dlls/glu32/x86_64-windows/glu.o dlls/glu32/x86_64-windows/mesh.o \
  dlls/glu32/x86_64-windows/mipmap.o dlls/glu32/x86_64-windows/priorityq.o \
  dlls/glu32/x86_64-windows/project.o dlls/glu32/x86_64-windows/quad.o \
  dlls/glu32/x86_64-windows/render.o dlls/glu32/x86_64-windows/sweep.o \
  dlls/glu32/x86_64-windows/tess.o dlls/opengl32/x86_64-windows/libopengl32.a \
  dlls/winecrt0/x86_64-windows/libwinecrt0.a libs/compiler-rt/x86_64-windows/libcompiler-rt.a \
  dlls/ucrtbase/x86_64-windows/libucrtbase.a dlls/kernel32/x86_64-windows/libkernel32.a \
  dlls/ntdll/x86_64-windows/libntdll.a --no-default-config -fms-hotpatch -Wl,-debug:dwarf
tools/winegcc/winegcc -o dlls/gpkcsp/x86_64-windows/gpkcsp.dll --wine-objdir . -b x86_64-windows -Wl,--wine-builtin -shared \
  /private/tmp/gptk4-wine11-source/dlls/gpkcsp/gpkcsp.spec -Wb,--prefer-native \
  dlls/winecrt0/x86_64-windows/libwinecrt0.a libs/compiler-rt/x86_64-windows/libcompiler-rt.a \
  dlls/ucrtbase/x86_64-windows/libucrtbase.a dlls/kernel32/x86_64-windows/libkernel32.a \
  dlls/ntdll/x86_64-windows/libntdll.a --no-default-config -fms-hotpatch -Wl,-debug:dwarf
tools/winegcc/winegcc -o dlls/graphicscapture/x86_64-windows/graphicscapture.dll --wine-objdir . -b x86_64-windows -Wl,--wine-builtin -shared \
  /private/tmp/gptk4-wine11-source/dlls/graphicscapture/graphicscapture.spec \
  dlls/graphicscapture/x86_64-windows/main.o dlls/graphicscapture/x86_64-windows/session.o \
  dlls/graphicscapture/x86_64-windows/classes_r.res dlls/combase/x86_64-windows/libcombase.a \
  dlls/winecrt0/x86_64-windows/libwinecrt0.a libs/compiler-rt/x86_64-windows/libcompiler-rt.a \
  dlls/ucrtbase/x86_64-windows/libucrtbase.a dlls/kernel32/x86_64-windows/libkernel32.a \
  dlls/ntdll/x86_64-windows/libntdll.a --no-default-config -fms-hotpatch -Wl,-debug:dwarf
tools/winegcc/winegcc -o dlls/hal/x86_64-windows/hal.dll --wine-objdir . -b x86_64-windows -Wl,--wine-builtin -shared \
  /private/tmp/gptk4-wine11-source/dlls/hal/hal.spec dlls/hal/x86_64-windows/hal.o \
  dlls/hal/version.res dlls/ntoskrnl.exe/x86_64-windows/libntoskrnl.a \
  dlls/winecrt0/x86_64-windows/libwinecrt0.a libs/compiler-rt/x86_64-windows/libcompiler-rt.a \
  dlls/ucrtbase/x86_64-windows/libucrtbase.a dlls/kernel32/x86_64-windows/libkernel32.a \
  dlls/ntdll/x86_64-windows/libntdll.a --no-default-config -fms-hotpatch -Wl,-debug:dwarf
tools/widl/widl -o dlls/hhctrl.ocx/x86_64-windows/hhctrl_tlb_t.res -b x86_64-windows --nostdinc -Ldlls/\* -Idlls/hhctrl.ocx \
  -I/private/tmp/gptk4-wine11-source/dlls/hhctrl.ocx -Iinclude \
  -I/private/tmp/gptk4-wine11-source/include -I/private/tmp/gptk4-wine11-source/include/msvcrt \
  -D_UCRT -D__WINESRC__ /private/tmp/gptk4-wine11-source/dlls/hhctrl.ocx/hhctrl_tlb.idl
tools/winegcc/winegcc -o dlls/hid/x86_64-windows/hid.dll --wine-objdir . -b x86_64-windows -Wl,--wine-builtin -shared \
  /private/tmp/gptk4-wine11-source/dlls/hid/hid.spec -Wb,--prefer-native \
  dlls/hid/x86_64-windows/hidd.o dlls/hid/x86_64-windows/hidp.o dlls/hid/version.res \
  dlls/winecrt0/x86_64-windows/libwinecrt0.a libs/compiler-rt/x86_64-windows/libcompiler-rt.a \
  dlls/ucrtbase/x86_64-windows/libucrtbase.a dlls/kernel32/x86_64-windows/libkernel32.a \
  dlls/ntdll/x86_64-windows/libntdll.a --no-default-config -fms-hotpatch -Wl,-debug:dwarf
tools/winegcc/winegcc -o dlls/hidclass.sys/x86_64-windows/hidclass.sys --wine-objdir . -b x86_64-windows -Wl,--wine-builtin -shared \
  /private/tmp/gptk4-wine11-source/dlls/hidclass.sys/hidclass.sys.spec -Wl,--subsystem,native \
  dlls/hidclass.sys/x86_64-windows/device.o dlls/hidclass.sys/x86_64-windows/pnp.o \
  dlls/hidclass.sys/hidclass.res dlls/hal/x86_64-windows/libhal.a \
  dlls/ntoskrnl.exe/x86_64-windows/libntoskrnl.a dlls/user32/x86_64-windows/libuser32.a \
  dlls/hidparse.sys/x86_64-windows/libhidparse.a dlls/win32u/x86_64-windows/libwin32u.a \
  dlls/winecrt0/x86_64-windows/libwinecrt0.a libs/compiler-rt/x86_64-windows/libcompiler-rt.a \
  dlls/ucrtbase/x86_64-windows/libucrtbase.a dlls/kernel32/x86_64-windows/libkernel32.a \
  dlls/ntdll/x86_64-windows/libntdll.a --no-default-config -fms-hotpatch -Wl,-debug:dwarf
tools/winegcc/winegcc -o dlls/hidparse.sys/x86_64-windows/hidparse.sys --wine-objdir . -b x86_64-windows -Wl,--wine-builtin -shared \
  /private/tmp/gptk4-wine11-source/dlls/hidparse.sys/hidparse.sys.spec -Wl,--subsystem,native \
  dlls/hidparse.sys/x86_64-windows/hidp.o dlls/hidparse.sys/x86_64-windows/main.o \
  dlls/ntoskrnl.exe/x86_64-windows/libntoskrnl.a dlls/winecrt0/x86_64-windows/libwinecrt0.a \
  libs/compiler-rt/x86_64-windows/libcompiler-rt.a dlls/ucrtbase/x86_64-windows/libucrtbase.a \
  dlls/kernel32/x86_64-windows/libkernel32.a dlls/ntdll/x86_64-windows/libntdll.a --no-default-config -fms-hotpatch -Wl,-debug:dwarf
tools/winegcc/winegcc -o dlls/hlink/x86_64-windows/hlink.dll --wine-objdir . -b x86_64-windows -Wl,--wine-builtin -shared \
  /private/tmp/gptk4-wine11-source/dlls/hlink/hlink.spec dlls/hlink/x86_64-windows/browse_ctx.o \
  dlls/hlink/x86_64-windows/extserv.o dlls/hlink/x86_64-windows/hlink_main.o \
  dlls/hlink/x86_64-windows/link.o dlls/hlink/x86_64-windows/hlink_classes_r.res \
  libs/uuid/x86_64-windows/libuuid.a dlls/shell32/x86_64-windows/libshell32.a \
  dlls/ole32/x86_64-windows/libole32.a dlls/advapi32/x86_64-windows/libadvapi32.a \
  dlls/urlmon/x86_64-windows/liburlmon.a dlls/winecrt0/x86_64-windows/libwinecrt0.a \
  libs/compiler-rt/x86_64-windows/libcompiler-rt.a dlls/ucrtbase/x86_64-windows/libucrtbase.a \
  dlls/kernel32/x86_64-windows/libkernel32.a dlls/ntdll/x86_64-windows/libntdll.a \
  -Wl,-delayload,urlmon.dll --no-default-config -fms-hotpatch -Wl,-debug:dwarf
tools/widl/widl -o dlls/hnetcfg/x86_64-windows/hnetcfg_tlb_t.res -b x86_64-windows --nostdinc -Ldlls/\* -Idlls/hnetcfg \
  -I/private/tmp/gptk4-wine11-source/dlls/hnetcfg -Iinclude \
  -I/private/tmp/gptk4-wine11-source/include -I/private/tmp/gptk4-wine11-source/include/msvcrt \
  -D_UCRT -D__WINESRC__ /private/tmp/gptk4-wine11-source/dlls/hnetcfg/hnetcfg_tlb.idl
tools/winegcc/winegcc -o dlls/hrtfapo/x86_64-windows/hrtfapo.dll --wine-objdir . -b x86_64-windows -Wl,--wine-builtin -shared \
  /private/tmp/gptk4-wine11-source/dlls/hrtfapo/hrtfapo.spec dlls/hrtfapo/x86_64-windows/main.o \
  dlls/winecrt0/x86_64-windows/libwinecrt0.a libs/compiler-rt/x86_64-windows/libcompiler-rt.a \
  dlls/ucrtbase/x86_64-windows/libucrtbase.a dlls/kernel32/x86_64-windows/libkernel32.a \
  dlls/ntdll/x86_64-windows/libntdll.a --no-default-config -fms-hotpatch -Wl,-debug:dwarf
tools/winegcc/winegcc -o dlls/http.sys/x86_64-windows/http.sys --wine-objdir . -b x86_64-windows -Wl,--wine-builtin -shared \
  -Wl,--subsystem,native dlls/http.sys/x86_64-windows/http.o \
  dlls/ntoskrnl.exe/x86_64-windows/libntoskrnl.a dlls/ws2_32/x86_64-windows/libws2_32.a \
  dlls/winecrt0/x86_64-windows/libwinecrt0.a libs/compiler-rt/x86_64-windows/libcompiler-rt.a \
  dlls/ucrtbase/x86_64-windows/libucrtbase.a dlls/kernel32/x86_64-windows/libkernel32.a \
  dlls/ntdll/x86_64-windows/libntdll.a --no-default-config -fms-hotpatch -Wl,-debug:dwarf
tools/winegcc/winegcc -o dlls/httpapi/x86_64-windows/httpapi.dll --wine-objdir . -b x86_64-windows -Wl,--wine-builtin -shared \
  /private/tmp/gptk4-wine11-source/dlls/httpapi/httpapi.spec \
  dlls/httpapi/x86_64-windows/httpapi_main.o dlls/advapi32/x86_64-windows/libadvapi32.a \
  dlls/winecrt0/x86_64-windows/libwinecrt0.a libs/compiler-rt/x86_64-windows/libcompiler-rt.a \
  dlls/ucrtbase/x86_64-windows/libucrtbase.a dlls/kernel32/x86_64-windows/libkernel32.a \
  dlls/ntdll/x86_64-windows/libntdll.a --no-default-config -fms-hotpatch -Wl,-debug:dwarf
tools/winegcc/winegcc -o dlls/hvsimanagementapi/x86_64-windows/hvsimanagementapi.dll --wine-objdir . -b x86_64-windows -Wl,--wine-builtin -shared \
  /private/tmp/gptk4-wine11-source/dlls/hvsimanagementapi/hvsimanagementapi.spec \
  dlls/hvsimanagementapi/x86_64-windows/host.o dlls/hvsimanagementapi/x86_64-windows/main.o \
  dlls/hvsimanagementapi/x86_64-windows/classes_r.res dlls/combase/x86_64-windows/libcombase.a \
  dlls/winecrt0/x86_64-windows/libwinecrt0.a libs/compiler-rt/x86_64-windows/libcompiler-rt.a \
  dlls/ucrtbase/x86_64-windows/libucrtbase.a dlls/kernel32/x86_64-windows/libkernel32.a \
  dlls/ntdll/x86_64-windows/libntdll.a --no-default-config -fms-hotpatch -Wl,-debug:dwarf
tools/winegcc/winegcc -o dlls/ia2comproxy/x86_64-windows/ia2comproxy.dll --wine-objdir . -b x86_64-windows -Wl,--wine-builtin -shared \
  /private/tmp/gptk4-wine11-source/dlls/ia2comproxy/ia2comproxy.spec \
  dlls/ia2comproxy/x86_64-windows/ia2_classes_i.o dlls/ia2comproxy/x86_64-windows/ia2_classes_p.o \
  dlls/ia2comproxy/x86_64-windows/dlldata.o dlls/ia2comproxy/x86_64-windows/oleacc_classes_i.o \
  dlls/ia2comproxy/x86_64-windows/ia2_classes_r.res libs/uuid/x86_64-windows/libuuid.a \
  dlls/oleacc/x86_64-windows/liboleacc.a dlls/oleaut32/x86_64-windows/liboleaut32.a \
  dlls/ole32/x86_64-windows/libole32.a dlls/rpcrt4/x86_64-windows/librpcrt4.a \
  dlls/winecrt0/x86_64-windows/libwinecrt0.a libs/compiler-rt/x86_64-windows/libcompiler-rt.a \
  dlls/ucrtbase/x86_64-windows/libucrtbase.a dlls/kernel32/x86_64-windows/libkernel32.a \
  dlls/ntdll/x86_64-windows/libntdll.a --no-default-config -fms-hotpatch -Wl,-debug:dwarf
tools/winegcc/winegcc -o dlls/iccvid/x86_64-windows/iccvid.dll --wine-objdir . -b x86_64-windows -Wl,--wine-builtin -shared \
  /private/tmp/gptk4-wine11-source/dlls/iccvid/iccvid.spec dlls/iccvid/x86_64-windows/iccvid.o \
  dlls/iccvid/iccvid.res dlls/user32/x86_64-windows/libuser32.a \
  dlls/winecrt0/x86_64-windows/libwinecrt0.a libs/compiler-rt/x86_64-windows/libcompiler-rt.a \
  dlls/ucrtbase/x86_64-windows/libucrtbase.a dlls/kernel32/x86_64-windows/libkernel32.a \
  dlls/ntdll/x86_64-windows/libntdll.a --no-default-config -fms-hotpatch -Wl,-debug:dwarf
tools/winegcc/winegcc -o dlls/icmui/x86_64-windows/icmui.dll --wine-objdir . -b x86_64-windows -Wl,--wine-builtin -shared \
  /private/tmp/gptk4-wine11-source/dlls/icmui/icmui.spec dlls/icmui/x86_64-windows/icmui.o \
  dlls/winecrt0/x86_64-windows/libwinecrt0.a libs/compiler-rt/x86_64-windows/libcompiler-rt.a \
  dlls/ucrtbase/x86_64-windows/libucrtbase.a dlls/kernel32/x86_64-windows/libkernel32.a \
  dlls/ntdll/x86_64-windows/libntdll.a --no-default-config -fms-hotpatch -Wl,-debug:dwarf
tools/widl/widl -o dlls/ieframe/x86_64-windows/ieframe_v1_t.res -b x86_64-windows --nostdinc -Ldlls/\* -Idlls/ieframe \
  -I/private/tmp/gptk4-wine11-source/dlls/ieframe -Iinclude \
  -I/private/tmp/gptk4-wine11-source/include -I/private/tmp/gptk4-wine11-source/include/msvcrt \
  -D_UCRT -D__WINESRC__ /private/tmp/gptk4-wine11-source/dlls/ieframe/ieframe_v1.idl
tools/widl/widl -o dlls/ieframe/x86_64-windows/ieframe_v1_r.res -b x86_64-windows --nostdinc -Ldlls/\* -Idlls/ieframe \
  -I/private/tmp/gptk4-wine11-source/dlls/ieframe -Iinclude \
  -I/private/tmp/gptk4-wine11-source/include -I/private/tmp/gptk4-wine11-source/include/msvcrt \
  -D_UCRT -D__WINESRC__ /private/tmp/gptk4-wine11-source/dlls/ieframe/ieframe_v1.idl
tools/winegcc/winegcc -o dlls/ieproxy/x86_64-windows/ieproxy.dll --wine-objdir . -b x86_64-windows -Wl,--wine-builtin -shared \
  /private/tmp/gptk4-wine11-source/dlls/ieproxy/ieproxy.spec \
  dlls/ieproxy/x86_64-windows/ieproxy_ieautomation_i.o \
  dlls/ieproxy/x86_64-windows/ieproxy_ieautomation_p.o dlls/ieproxy/x86_64-windows/dlldata.o \
  dlls/ieproxy/x86_64-windows/ieproxy_perhist_p.o \
  dlls/ieproxy/x86_64-windows/ieproxy_ieautomation_r.res \
  dlls/ieproxy/x86_64-windows/ieproxy_perhist_r.res libs/uuid/x86_64-windows/libuuid.a \
  dlls/ole32/x86_64-windows/libole32.a dlls/rpcrt4/x86_64-windows/librpcrt4.a \
  dlls/winecrt0/x86_64-windows/libwinecrt0.a libs/compiler-rt/x86_64-windows/libcompiler-rt.a \
  dlls/ucrtbase/x86_64-windows/libucrtbase.a dlls/kernel32/x86_64-windows/libkernel32.a \
  dlls/ntdll/x86_64-windows/libntdll.a --no-default-config -fms-hotpatch -Wl,-debug:dwarf
tools/winegcc/winegcc -o dlls/iertutil/x86_64-windows/iertutil.dll --wine-objdir . -b x86_64-windows -Wl,--wine-builtin -shared \
  /private/tmp/gptk4-wine11-source/dlls/iertutil/iertutil.spec dlls/iertutil/x86_64-windows/main.o \
  dlls/iertutil/x86_64-windows/classes_r.res dlls/combase/x86_64-windows/libcombase.a \
  dlls/winecrt0/x86_64-windows/libwinecrt0.a libs/compiler-rt/x86_64-windows/libcompiler-rt.a \
  dlls/ucrtbase/x86_64-windows/libucrtbase.a dlls/kernel32/x86_64-windows/libkernel32.a \
  dlls/ntdll/x86_64-windows/libntdll.a --no-default-config -fms-hotpatch -Wl,-debug:dwarf
tools/winegcc/winegcc -o dlls/imaadp32.acm/x86_64-windows/imaadp32.acm --wine-objdir . -b x86_64-windows -Wl,--wine-builtin -shared \
  /private/tmp/gptk4-wine11-source/dlls/imaadp32.acm/imaadp32.acm.spec \
  dlls/imaadp32.acm/x86_64-windows/imaadp32.o dlls/winmm/x86_64-windows/libwinmm.a \
  dlls/user32/x86_64-windows/libuser32.a dlls/winecrt0/x86_64-windows/libwinecrt0.a \
  libs/compiler-rt/x86_64-windows/libcompiler-rt.a dlls/ucrtbase/x86_64-windows/libucrtbase.a \
  dlls/kernel32/x86_64-windows/libkernel32.a dlls/ntdll/x86_64-windows/libntdll.a --no-default-config -fms-hotpatch -Wl,-debug:dwarf
tools/winegcc/winegcc -o dlls/imagehlp/x86_64-windows/imagehlp.dll --wine-objdir . -b x86_64-windows -Wl,--wine-builtin -shared \
  /private/tmp/gptk4-wine11-source/dlls/imagehlp/imagehlp.spec dlls/imagehlp/x86_64-windows/access.o \
  dlls/imagehlp/x86_64-windows/imagehlp_main.o dlls/imagehlp/x86_64-windows/integrity.o \
  dlls/imagehlp/x86_64-windows/modify.o dlls/dbghelp/x86_64-windows/libdbghelp.a \
  dlls/winecrt0/x86_64-windows/libwinecrt0.a libs/compiler-rt/x86_64-windows/libcompiler-rt.a \
  dlls/ucrtbase/x86_64-windows/libucrtbase.a dlls/kernel32/x86_64-windows/libkernel32.a \
  dlls/ntdll/x86_64-windows/libntdll.a -Wl,-delayload,dbghelp.dll --no-default-config -fms-hotpatch -Wl,-debug:dwarf
tools/winegcc/winegcc -o dlls/imm32/x86_64-windows/imm32.dll --wine-objdir . -b x86_64-windows -Wl,--wine-builtin -shared \
  /private/tmp/gptk4-wine11-source/dlls/imm32/imm32.spec dlls/imm32/x86_64-windows/ime.o \
  dlls/imm32/x86_64-windows/imm.o dlls/imm32/version.res dlls/user32/x86_64-windows/libuser32.a \
  dlls/gdi32/x86_64-windows/libgdi32.a dlls/advapi32/x86_64-windows/libadvapi32.a \
  dlls/kernelbase/x86_64-windows/libkernelbase.a dlls/win32u/x86_64-windows/libwin32u.a \
  dlls/ole32/x86_64-windows/libole32.a dlls/winecrt0/x86_64-windows/libwinecrt0.a \
  libs/compiler-rt/x86_64-windows/libcompiler-rt.a dlls/ucrtbase/x86_64-windows/libucrtbase.a \
  dlls/kernel32/x86_64-windows/libkernel32.a dlls/ntdll/x86_64-windows/libntdll.a \
  -Wl,-delayload,ole32.dll --no-default-config -fms-hotpatch -Wl,-debug:dwarf
tools/winegcc/winegcc -o dlls/inetcomm/x86_64-windows/inetcomm.dll --wine-objdir . -b x86_64-windows -Wl,--wine-builtin -shared \
  /private/tmp/gptk4-wine11-source/dlls/inetcomm/inetcomm.spec -Wb,--prefer-native \
  dlls/inetcomm/x86_64-windows/imaptransport.o dlls/inetcomm/x86_64-windows/inetcomm_main.o \
  dlls/inetcomm/x86_64-windows/internettransport.o dlls/inetcomm/x86_64-windows/mimeintl.o \
  dlls/inetcomm/x86_64-windows/mimeole.o dlls/inetcomm/x86_64-windows/pop3transport.o \
  dlls/inetcomm/x86_64-windows/protocol.o dlls/inetcomm/x86_64-windows/smtptransport.o \
  dlls/inetcomm/inetcomm.res dlls/inetcomm/x86_64-windows/inetcomm_r.res \
  libs/uuid/x86_64-windows/libuuid.a dlls/urlmon/x86_64-windows/liburlmon.a \
  dlls/propsys/x86_64-windows/libpropsys.a dlls/oleaut32/x86_64-windows/liboleaut32.a \
  dlls/ole32/x86_64-windows/libole32.a dlls/ws2_32/x86_64-windows/libws2_32.a \
  dlls/user32/x86_64-windows/libuser32.a dlls/advapi32/x86_64-windows/libadvapi32.a \
  dlls/winecrt0/x86_64-windows/libwinecrt0.a libs/compiler-rt/x86_64-windows/libcompiler-rt.a \
  dlls/ucrtbase/x86_64-windows/libucrtbase.a dlls/kernel32/x86_64-windows/libkernel32.a \
  dlls/ntdll/x86_64-windows/libntdll.a --no-default-config -fms-hotpatch -Wl,-debug:dwarf
tools/winegcc/winegcc -o dlls/inetcpl.cpl/x86_64-windows/inetcpl.cpl --wine-objdir . -b x86_64-windows -Wl,--wine-builtin -shared \
  /private/tmp/gptk4-wine11-source/dlls/inetcpl.cpl/inetcpl.cpl.spec -Wb,--prefer-native \
  dlls/inetcpl.cpl/x86_64-windows/connections.o dlls/inetcpl.cpl/x86_64-windows/content.o \
  dlls/inetcpl.cpl/x86_64-windows/general.o dlls/inetcpl.cpl/x86_64-windows/inetcpl.o \
  dlls/inetcpl.cpl/x86_64-windows/security.o dlls/inetcpl.cpl/inetcpl.res \
  dlls/comctl32/x86_64-windows/libcomctl32.a dlls/shlwapi/x86_64-windows/libshlwapi.a \
  dlls/user32/x86_64-windows/libuser32.a dlls/advapi32/x86_64-windows/libadvapi32.a \
  dlls/cryptui/x86_64-windows/libcryptui.a dlls/wininet/x86_64-windows/libwininet.a \
  dlls/ole32/x86_64-windows/libole32.a dlls/urlmon/x86_64-windows/liburlmon.a \
  dlls/shell32/x86_64-windows/libshell32.a dlls/winecrt0/x86_64-windows/libwinecrt0.a \
  libs/compiler-rt/x86_64-windows/libcompiler-rt.a dlls/ucrtbase/x86_64-windows/libucrtbase.a \
  dlls/kernel32/x86_64-windows/libkernel32.a dlls/ntdll/x86_64-windows/libntdll.a \
  -Wl,-delayload,cryptui.dll -Wl,-delayload,wininet.dll -Wl,-delayload,ole32.dll \
  -Wl,-delayload,urlmon.dll -Wl,-delayload,shell32.dll --no-default-config -fms-hotpatch -Wl,-debug:dwarf
tools/winegcc/winegcc -o dlls/inetmib1/x86_64-windows/inetmib1.dll --wine-objdir . -b x86_64-windows -Wl,--wine-builtin -shared \
  /private/tmp/gptk4-wine11-source/dlls/inetmib1/inetmib1.spec dlls/inetmib1/x86_64-windows/main.o \
  dlls/snmpapi/x86_64-windows/libsnmpapi.a dlls/ws2_32/x86_64-windows/libws2_32.a \
  dlls/iphlpapi/x86_64-windows/libiphlpapi.a dlls/winecrt0/x86_64-windows/libwinecrt0.a \
  libs/compiler-rt/x86_64-windows/libcompiler-rt.a dlls/ucrtbase/x86_64-windows/libucrtbase.a \
  dlls/kernel32/x86_64-windows/libkernel32.a dlls/ntdll/x86_64-windows/libntdll.a \
  -Wl,-delayload,iphlpapi.dll --no-default-config -fms-hotpatch -Wl,-debug:dwarf
tools/winegcc/winegcc -o dlls/infosoft/x86_64-windows/infosoft.dll --wine-objdir . -b x86_64-windows -Wl,--wine-builtin -shared \
  /private/tmp/gptk4-wine11-source/dlls/infosoft/infosoft.spec -Wb,--prefer-native \
  dlls/infosoft/x86_64-windows/infosoft_main.o dlls/infosoft/x86_64-windows/wordbreaker.o \
  dlls/infosoft/x86_64-windows/infosoft_r.res libs/uuid/x86_64-windows/libuuid.a \
  dlls/advapi32/x86_64-windows/libadvapi32.a dlls/winecrt0/x86_64-windows/libwinecrt0.a \
  libs/compiler-rt/x86_64-windows/libcompiler-rt.a dlls/ucrtbase/x86_64-windows/libucrtbase.a \
  dlls/kernel32/x86_64-windows/libkernel32.a dlls/ntdll/x86_64-windows/libntdll.a --no-default-config -fms-hotpatch -Wl,-debug:dwarf
tools/winegcc/winegcc -o dlls/initpki/x86_64-windows/initpki.dll --wine-objdir . -b x86_64-windows -Wl,--wine-builtin -shared \
  /private/tmp/gptk4-wine11-source/dlls/initpki/initpki.spec -Wb,--prefer-native \
  dlls/winecrt0/x86_64-windows/libwinecrt0.a libs/compiler-rt/x86_64-windows/libcompiler-rt.a \
  dlls/ucrtbase/x86_64-windows/libucrtbase.a dlls/kernel32/x86_64-windows/libkernel32.a \
  dlls/ntdll/x86_64-windows/libntdll.a --no-default-config -fms-hotpatch -Wl,-debug:dwarf
tools/winegcc/winegcc -o dlls/inkobj/x86_64-windows/inkobj.dll --wine-objdir . -b x86_64-windows -Wl,--wine-builtin -shared \
  /private/tmp/gptk4-wine11-source/dlls/inkobj/inkobj.spec -Wb,--prefer-native \
  dlls/inkobj/x86_64-windows/inkobj.o dlls/winecrt0/x86_64-windows/libwinecrt0.a \
  libs/compiler-rt/x86_64-windows/libcompiler-rt.a dlls/ucrtbase/x86_64-windows/libucrtbase.a \
  dlls/kernel32/x86_64-windows/libkernel32.a dlls/ntdll/x86_64-windows/libntdll.a --no-default-config -fms-hotpatch -Wl,-debug:dwarf
tools/winegcc/winegcc -o dlls/inseng/x86_64-windows/inseng.dll --wine-objdir . -b x86_64-windows -Wl,--wine-builtin -shared \
  /private/tmp/gptk4-wine11-source/dlls/inseng/inseng.spec -Wb,--prefer-native \
  dlls/inseng/x86_64-windows/inseng_main.o dlls/inseng/x86_64-windows/inseng_classes_r.res \
  libs/uuid/x86_64-windows/libuuid.a dlls/ole32/x86_64-windows/libole32.a \
  dlls/advapi32/x86_64-windows/libadvapi32.a dlls/winecrt0/x86_64-windows/libwinecrt0.a \
  libs/compiler-rt/x86_64-windows/libcompiler-rt.a dlls/ucrtbase/x86_64-windows/libucrtbase.a \
  dlls/kernel32/x86_64-windows/libkernel32.a dlls/ntdll/x86_64-windows/libntdll.a --no-default-config -fms-hotpatch -Wl,-debug:dwarf
tools/winegcc/winegcc -o dlls/iphlpapi/x86_64-windows/iphlpapi.dll --wine-objdir . -b x86_64-windows -Wl,--wine-builtin -shared \
  /private/tmp/gptk4-wine11-source/dlls/iphlpapi/iphlpapi.spec \
  dlls/iphlpapi/x86_64-windows/iphlpapi_main.o dlls/iphlpapi/version.res \
  dlls/advapi32/x86_64-windows/libadvapi32.a dlls/dnsapi/x86_64-windows/libdnsapi.a \
  dlls/nsi/x86_64-windows/libnsi.a libs/uuid/x86_64-windows/libuuid.a \
  dlls/ws2_32/x86_64-windows/libws2_32.a dlls/winecrt0/x86_64-windows/libwinecrt0.a \
  libs/compiler-rt/x86_64-windows/libcompiler-rt.a dlls/ucrtbase/x86_64-windows/libucrtbase.a \
  dlls/kernel32/x86_64-windows/libkernel32.a dlls/ntdll/x86_64-windows/libntdll.a --no-default-config -fms-hotpatch -Wl,-debug:dwarf
tools/winegcc/winegcc -o dlls/iprop/x86_64-windows/iprop.dll --wine-objdir . -b x86_64-windows -Wl,--wine-builtin -shared \
  /private/tmp/gptk4-wine11-source/dlls/iprop/iprop.spec dlls/winecrt0/x86_64-windows/libwinecrt0.a \
  libs/compiler-rt/x86_64-windows/libcompiler-rt.a dlls/ucrtbase/x86_64-windows/libucrtbase.a \
  dlls/kernel32/x86_64-windows/libkernel32.a dlls/ntdll/x86_64-windows/libntdll.a --no-default-config -fms-hotpatch -Wl,-debug:dwarf
tools/winegcc/winegcc -o dlls/ir50_32/x86_64-windows/ir50_32.dll --wine-objdir . -b x86_64-windows -Wl,--wine-builtin -shared \
  /private/tmp/gptk4-wine11-source/dlls/ir50_32/ir50_32.spec dlls/ir50_32/x86_64-windows/ir50.o \
  dlls/ir50_32/ir50_32.res dlls/winegstreamer/x86_64-windows/libwinegstreamer.a \
  dlls/user32/x86_64-windows/libuser32.a dlls/mfplat/x86_64-windows/libmfplat.a \
  libs/mfuuid/x86_64-windows/libmfuuid.a dlls/winecrt0/x86_64-windows/libwinecrt0.a \
  libs/compiler-rt/x86_64-windows/libcompiler-rt.a dlls/ucrtbase/x86_64-windows/libucrtbase.a \
  dlls/kernel32/x86_64-windows/libkernel32.a dlls/ntdll/x86_64-windows/libntdll.a --no-default-config -fms-hotpatch -Wl,-debug:dwarf
tools/winegcc/winegcc -o dlls/irprops.cpl/x86_64-windows/irprops.cpl --wine-objdir . -b x86_64-windows -Wl,--wine-builtin -shared \
  /private/tmp/gptk4-wine11-source/dlls/irprops.cpl/irprops.cpl.spec \
  dlls/bluetoothapis/x86_64-windows/libbluetoothapis.a dlls/winecrt0/x86_64-windows/libwinecrt0.a \
  libs/compiler-rt/x86_64-windows/libcompiler-rt.a dlls/ucrtbase/x86_64-windows/libucrtbase.a \
  dlls/kernel32/x86_64-windows/libkernel32.a dlls/ntdll/x86_64-windows/libntdll.a --no-default-config -fms-hotpatch -Wl,-debug:dwarf
tools/winegcc/winegcc -o dlls/itircl/x86_64-windows/itircl.dll --wine-objdir . -b x86_64-windows -Wl,--wine-builtin -shared \
  /private/tmp/gptk4-wine11-source/dlls/itircl/itircl.spec -Wb,--prefer-native \
  dlls/winecrt0/x86_64-windows/libwinecrt0.a libs/compiler-rt/x86_64-windows/libcompiler-rt.a \
  dlls/ucrtbase/x86_64-windows/libucrtbase.a dlls/kernel32/x86_64-windows/libkernel32.a \
  dlls/ntdll/x86_64-windows/libntdll.a --no-default-config -fms-hotpatch -Wl,-debug:dwarf
tools/winegcc/winegcc -o dlls/itss/x86_64-windows/itss.dll --wine-objdir . -b x86_64-windows -Wl,--wine-builtin -shared \
  /private/tmp/gptk4-wine11-source/dlls/itss/itss.spec dlls/itss/x86_64-windows/chm_lib.o \
  dlls/itss/x86_64-windows/itss.o dlls/itss/x86_64-windows/lzx.o dlls/itss/x86_64-windows/moniker.o \
  dlls/itss/x86_64-windows/protocol.o dlls/itss/x86_64-windows/storage.o dlls/itss/rsrc.res \
  dlls/itss/x86_64-windows/itss_r.res libs/uuid/x86_64-windows/libuuid.a \
  dlls/urlmon/x86_64-windows/liburlmon.a dlls/shlwapi/x86_64-windows/libshlwapi.a \
  dlls/ole32/x86_64-windows/libole32.a dlls/winecrt0/x86_64-windows/libwinecrt0.a \
  libs/compiler-rt/x86_64-windows/libcompiler-rt.a dlls/ucrtbase/x86_64-windows/libucrtbase.a \
  dlls/kernel32/x86_64-windows/libkernel32.a dlls/ntdll/x86_64-windows/libntdll.a --no-default-config -fms-hotpatch -Wl,-debug:dwarf
tools/winegcc/winegcc -o dlls/joy.cpl/x86_64-windows/joy.cpl --wine-objdir . -b x86_64-windows -Wl,--wine-builtin -shared \
  /private/tmp/gptk4-wine11-source/dlls/joy.cpl/joy.cpl.spec -Wb,--prefer-native \
  dlls/joy.cpl/x86_64-windows/dinput.o dlls/joy.cpl/x86_64-windows/main.o \
  dlls/joy.cpl/x86_64-windows/wginput.o dlls/joy.cpl/x86_64-windows/xinput.o dlls/joy.cpl/joy.res \
  libs/dxguid/x86_64-windows/libdxguid.a dlls/dinput/x86_64-windows/libdinput.a \
  dlls/dinput8/x86_64-windows/libdinput8.a dlls/ole32/x86_64-windows/libole32.a \
  dlls/comctl32/x86_64-windows/libcomctl32.a dlls/user32/x86_64-windows/libuser32.a \
  dlls/gdi32/x86_64-windows/libgdi32.a dlls/advapi32/x86_64-windows/libadvapi32.a \
  dlls/xinput1_3/x86_64-windows/libxinput.a dlls/combase/x86_64-windows/libcombase.a \
  dlls/winecrt0/x86_64-windows/libwinecrt0.a libs/compiler-rt/x86_64-windows/libcompiler-rt.a \
  dlls/ucrtbase/x86_64-windows/libucrtbase.a dlls/kernel32/x86_64-windows/libkernel32.a \
  dlls/ntdll/x86_64-windows/libntdll.a --no-default-config -fms-hotpatch -Wl,-debug:dwarf
tools/widl/widl -o dlls/jscript/x86_64-windows/jsglobal_t.res -b x86_64-windows --nostdinc -Ldlls/\* -Idlls/jscript \
  -I/private/tmp/gptk4-wine11-source/dlls/jscript -Iinclude \
  -I/private/tmp/gptk4-wine11-source/include -I/private/tmp/gptk4-wine11-source/include/msvcrt \
  -D_UCRT -D__WINESRC__ /private/tmp/gptk4-wine11-source/dlls/jscript/jsglobal.idl
tools/winegcc/winegcc -o dlls/jsproxy/x86_64-windows/jsproxy.dll --wine-objdir . -b x86_64-windows -Wl,--wine-builtin -shared \
  /private/tmp/gptk4-wine11-source/dlls/jsproxy/jsproxy.spec dlls/jsproxy/x86_64-windows/main.o \
  dlls/jsproxy/rsrc.res libs/uuid/x86_64-windows/libuuid.a \
  dlls/oleaut32/x86_64-windows/liboleaut32.a dlls/ole32/x86_64-windows/libole32.a \
  dlls/ws2_32/x86_64-windows/libws2_32.a dlls/winecrt0/x86_64-windows/libwinecrt0.a \
  libs/compiler-rt/x86_64-windows/libcompiler-rt.a dlls/ucrtbase/x86_64-windows/libucrtbase.a \
  dlls/kernel32/x86_64-windows/libkernel32.a dlls/ntdll/x86_64-windows/libntdll.a --no-default-config -fms-hotpatch -Wl,-debug:dwarf
tools/winegcc/winegcc -o dlls/kerberos/x86_64-windows/kerberos.dll --wine-objdir . -b x86_64-windows -Wl,--wine-builtin -shared \
  /private/tmp/gptk4-wine11-source/dlls/kerberos/kerberos.spec \
  dlls/kerberos/x86_64-windows/krb5_ap.o dlls/winecrt0/x86_64-windows/libwinecrt0.a \
  libs/compiler-rt/x86_64-windows/libcompiler-rt.a dlls/ucrtbase/x86_64-windows/libucrtbase.a \
  dlls/kernel32/x86_64-windows/libkernel32.a dlls/ntdll/x86_64-windows/libntdll.a --no-default-config -fms-hotpatch -Wl,-debug:dwarf
tools/winegcc/winegcc -o dlls/kernel32/x86_64-windows/kernel32.dll --wine-objdir . -b x86_64-windows -Wl,--wine-builtin -shared \
  /private/tmp/gptk4-wine11-source/dlls/kernel32/kernel32.spec -nodefaultlibs -Wb,-F,KERNEL32.dll \
  -Wl,--image-base,0x178000000 dlls/kernel32/x86_64-windows/atom.o \
  dlls/kernel32/x86_64-windows/comm.o dlls/kernel32/x86_64-windows/computername.o \
  dlls/kernel32/x86_64-windows/console.o dlls/kernel32/x86_64-windows/debugger.o \
  dlls/kernel32/x86_64-windows/file.o dlls/kernel32/x86_64-windows/heap.o \
  dlls/kernel32/x86_64-windows/kernel_main.o dlls/kernel32/x86_64-windows/locale.o \
  dlls/kernel32/x86_64-windows/lzexpand.o dlls/kernel32/x86_64-windows/module.o \
  dlls/kernel32/x86_64-windows/path.o dlls/kernel32/x86_64-windows/powermgnt.o \
  dlls/kernel32/x86_64-windows/process.o dlls/kernel32/x86_64-windows/profile.o \
  dlls/kernel32/x86_64-windows/resource.o dlls/kernel32/x86_64-windows/sync.o \
  dlls/kernel32/x86_64-windows/tape.o dlls/kernel32/x86_64-windows/thread.o \
  dlls/kernel32/x86_64-windows/toolhelp.o dlls/kernel32/x86_64-windows/version.o \
  dlls/kernel32/x86_64-windows/virtual.o dlls/kernel32/x86_64-windows/volume.o \
  dlls/kernel32/version.res dlls/kernelbase/x86_64-windows/libkernelbase.a \
  dlls/ntdll/x86_64-windows/libntdll.a dlls/winecrt0/x86_64-windows/libwinecrt0.a \
  libs/compiler-rt/x86_64-windows/libcompiler-rt.a --no-default-config -fms-hotpatch -Wl,-debug:dwarf
tools/winegcc/winegcc -o dlls/kernelbase/x86_64-windows/kernelbase.dll --wine-objdir . -b x86_64-windows -Wl,--wine-builtin -shared \
  /private/tmp/gptk4-wine11-source/dlls/kernelbase/kernelbase.spec -nodefaultlibs -nostartfiles \
  -Wl,--image-base,0x174000000 dlls/kernelbase/x86_64-windows/console.o \
  dlls/kernelbase/x86_64-windows/debug.o dlls/kernelbase/x86_64-windows/file.o \
  dlls/kernelbase/x86_64-windows/loader.o dlls/kernelbase/x86_64-windows/locale.o \
  dlls/kernelbase/x86_64-windows/main.o dlls/kernelbase/x86_64-windows/memory.o \
  dlls/kernelbase/x86_64-windows/path.o dlls/kernelbase/x86_64-windows/process.o \
  dlls/kernelbase/x86_64-windows/registry.o dlls/kernelbase/x86_64-windows/security.o \
  dlls/kernelbase/x86_64-windows/string.o dlls/kernelbase/x86_64-windows/sync.o \
  dlls/kernelbase/x86_64-windows/thread.o dlls/kernelbase/x86_64-windows/version.o \
  dlls/kernelbase/x86_64-windows/volume.o dlls/kernelbase/kernelbase.res \
  dlls/kernelbase/winerror.res libs/uuid/x86_64-windows/libuuid.a \
  dlls/ntdll/x86_64-windows/libntdll.a dlls/winecrt0/x86_64-windows/libwinecrt0.a \
  libs/compiler-rt/x86_64-windows/libcompiler-rt.a --no-default-config -fms-hotpatch -Wl,-debug:dwarf
tools/winegcc/winegcc -o dlls/ksecdd.sys/x86_64-windows/ksecdd.sys --wine-objdir . -b x86_64-windows -Wl,--wine-builtin -shared \
  /private/tmp/gptk4-wine11-source/dlls/ksecdd.sys/ksecdd.sys.spec -Wl,--subsystem,native \
  dlls/ksecdd.sys/x86_64-windows/main.o dlls/ksecdd.sys/version.res \
  dlls/winecrt0/x86_64-windows/libwinecrt0.a libs/compiler-rt/x86_64-windows/libcompiler-rt.a \
  dlls/ucrtbase/x86_64-windows/libucrtbase.a dlls/kernel32/x86_64-windows/libkernel32.a \
  dlls/ntdll/x86_64-windows/libntdll.a --no-default-config -fms-hotpatch -Wl,-debug:dwarf
tools/winegcc/winegcc -o dlls/ksproxy.ax/x86_64-windows/ksproxy.ax --wine-objdir . -b x86_64-windows -Wl,--wine-builtin -shared \
  /private/tmp/gptk4-wine11-source/dlls/ksproxy.ax/ksproxy.ax.spec dlls/ksproxy.ax/version.res \
  dlls/winecrt0/x86_64-windows/libwinecrt0.a libs/compiler-rt/x86_64-windows/libcompiler-rt.a \
  dlls/ucrtbase/x86_64-windows/libucrtbase.a dlls/kernel32/x86_64-windows/libkernel32.a \
  dlls/ntdll/x86_64-windows/libntdll.a --no-default-config -fms-hotpatch -Wl,-debug:dwarf
tools/winegcc/winegcc -o dlls/ksuser/x86_64-windows/ksuser.dll --wine-objdir . -b x86_64-windows -Wl,--wine-builtin -shared \
  /private/tmp/gptk4-wine11-source/dlls/ksuser/ksuser.spec -Wb,--prefer-native \
  dlls/ksuser/version.res dlls/winecrt0/x86_64-windows/libwinecrt0.a \
  libs/compiler-rt/x86_64-windows/libcompiler-rt.a dlls/ucrtbase/x86_64-windows/libucrtbase.a \
  dlls/kernel32/x86_64-windows/libkernel32.a dlls/ntdll/x86_64-windows/libntdll.a --no-default-config -fms-hotpatch -Wl,-debug:dwarf
tools/winegcc/winegcc -o dlls/ktmw32/x86_64-windows/ktmw32.dll --wine-objdir . -b x86_64-windows -Wl,--wine-builtin -shared \
  /private/tmp/gptk4-wine11-source/dlls/ktmw32/ktmw32.spec dlls/ktmw32/x86_64-windows/ktmw32_main.o \
  dlls/winecrt0/x86_64-windows/libwinecrt0.a libs/compiler-rt/x86_64-windows/libcompiler-rt.a \
  dlls/ucrtbase/x86_64-windows/libucrtbase.a dlls/kernel32/x86_64-windows/libkernel32.a \
  dlls/ntdll/x86_64-windows/libntdll.a --no-default-config -fms-hotpatch -Wl,-debug:dwarf
tools/winegcc/winegcc -o dlls/l3codeca.acm/x86_64-windows/l3codeca.acm --wine-objdir . -b x86_64-windows -Wl,--wine-builtin -shared \
  /private/tmp/gptk4-wine11-source/dlls/l3codeca.acm/l3codeca.acm.spec \
  dlls/l3codeca.acm/x86_64-windows/mpegl3.o libs/mpg123/x86_64-windows/libmpg123.a \
  dlls/winmm/x86_64-windows/libwinmm.a dlls/user32/x86_64-windows/libuser32.a \
  dlls/kernelbase/x86_64-windows/libkernelbase.a dlls/winecrt0/x86_64-windows/libwinecrt0.a \
  libs/compiler-rt/x86_64-windows/libcompiler-rt.a dlls/ucrtbase/x86_64-windows/libucrtbase.a \
  dlls/kernel32/x86_64-windows/libkernel32.a dlls/ntdll/x86_64-windows/libntdll.a --no-default-config -fms-hotpatch -Wl,-debug:dwarf
tools/winegcc/winegcc -o dlls/l3codecx.ax/x86_64-windows/l3codecx.ax --wine-objdir . -b x86_64-windows -Wl,--wine-builtin -shared \
  /private/tmp/gptk4-wine11-source/dlls/l3codecx.ax/l3codecx.ax.spec \
  dlls/l3codecx.ax/x86_64-windows/l3codecx.o dlls/l3codecx.ax/x86_64-windows/l3codecx_r.res \
  dlls/combase/x86_64-windows/libcombase.a dlls/msdmo/x86_64-windows/libmsdmo.a \
  libs/dmoguids/x86_64-windows/libdmoguids.a libs/strmiids/x86_64-windows/libstrmiids.a \
  libs/wmcodecdspuuid/x86_64-windows/libwmcodecdspuuid.a libs/uuid/x86_64-windows/libuuid.a \
  dlls/winecrt0/x86_64-windows/libwinecrt0.a libs/compiler-rt/x86_64-windows/libcompiler-rt.a \
  dlls/ucrtbase/x86_64-windows/libucrtbase.a dlls/kernel32/x86_64-windows/libkernel32.a \
  dlls/ntdll/x86_64-windows/libntdll.a --no-default-config -fms-hotpatch -Wl,-debug:dwarf
tools/winegcc/winegcc -o dlls/loadperf/x86_64-windows/loadperf.dll --wine-objdir . -b x86_64-windows -Wl,--wine-builtin -shared \
  /private/tmp/gptk4-wine11-source/dlls/loadperf/loadperf.spec -Wb,--prefer-native \
  dlls/loadperf/x86_64-windows/loadperf_main.o dlls/winecrt0/x86_64-windows/libwinecrt0.a \
  libs/compiler-rt/x86_64-windows/libcompiler-rt.a dlls/ucrtbase/x86_64-windows/libucrtbase.a \
  dlls/kernel32/x86_64-windows/libkernel32.a dlls/ntdll/x86_64-windows/libntdll.a --no-default-config -fms-hotpatch -Wl,-debug:dwarf
tools/winegcc/winegcc -o dlls/localspl/x86_64-windows/localspl.dll --wine-objdir . -b x86_64-windows -Wl,--wine-builtin -shared \
  /private/tmp/gptk4-wine11-source/dlls/localspl/localspl.spec -Wb,--prefer-native \
  dlls/localspl/x86_64-windows/localmon.o dlls/localspl/x86_64-windows/provider.o \
  dlls/localspl/localspl.res dlls/spoolss/x86_64-windows/libspoolss.a \
  dlls/user32/x86_64-windows/libuser32.a dlls/advapi32/x86_64-windows/libadvapi32.a \
  dlls/winecrt0/x86_64-windows/libwinecrt0.a libs/compiler-rt/x86_64-windows/libcompiler-rt.a \
  dlls/ucrtbase/x86_64-windows/libucrtbase.a dlls/kernel32/x86_64-windows/libkernel32.a \
  dlls/ntdll/x86_64-windows/libntdll.a --no-default-config -fms-hotpatch -Wl,-debug:dwarf
tools/winegcc/winegcc -o dlls/localui/x86_64-windows/localui.dll --wine-objdir . -b x86_64-windows -Wl,--wine-builtin -shared \
  /private/tmp/gptk4-wine11-source/dlls/localui/localui.spec dlls/localui/x86_64-windows/localui.o \
  dlls/localui/localui.res dlls/winspool.drv/x86_64-windows/libwinspool.a \
  dlls/user32/x86_64-windows/libuser32.a dlls/winecrt0/x86_64-windows/libwinecrt0.a \
  libs/compiler-rt/x86_64-windows/libcompiler-rt.a dlls/ucrtbase/x86_64-windows/libucrtbase.a \
  dlls/kernel32/x86_64-windows/libkernel32.a dlls/ntdll/x86_64-windows/libntdll.a --no-default-config -fms-hotpatch -Wl,-debug:dwarf
tools/winegcc/winegcc -o dlls/magnification/x86_64-windows/magnification.dll --wine-objdir . -b x86_64-windows -Wl,--wine-builtin -shared \
  /private/tmp/gptk4-wine11-source/dlls/magnification/magnification.spec -Wb,--prefer-native \
  dlls/magnification/x86_64-windows/main.o dlls/winecrt0/x86_64-windows/libwinecrt0.a \
  libs/compiler-rt/x86_64-windows/libcompiler-rt.a dlls/ucrtbase/x86_64-windows/libucrtbase.a \
  dlls/kernel32/x86_64-windows/libkernel32.a dlls/ntdll/x86_64-windows/libntdll.a --no-default-config -fms-hotpatch -Wl,-debug:dwarf
tools/winegcc/winegcc -o dlls/mapi32/x86_64-windows/mapi32.dll --wine-objdir . -b x86_64-windows -Wl,--wine-builtin -shared \
  /private/tmp/gptk4-wine11-source/dlls/mapi32/mapi32.spec dlls/mapi32/x86_64-windows/imalloc.o \
  dlls/mapi32/x86_64-windows/mapi32_main.o dlls/mapi32/x86_64-windows/prop.o \
  dlls/mapi32/x86_64-windows/sendmail.o dlls/mapi32/x86_64-windows/util.o dlls/mapi32/mapi32.res \
  libs/uuid/x86_64-windows/libuuid.a dlls/shlwapi/x86_64-windows/libshlwapi.a \
  dlls/shell32/x86_64-windows/libshell32.a dlls/user32/x86_64-windows/libuser32.a \
  dlls/advapi32/x86_64-windows/libadvapi32.a dlls/winecrt0/x86_64-windows/libwinecrt0.a \
  libs/compiler-rt/x86_64-windows/libcompiler-rt.a dlls/ucrtbase/x86_64-windows/libucrtbase.a \
  dlls/kernel32/x86_64-windows/libkernel32.a dlls/ntdll/x86_64-windows/libntdll.a --no-default-config -fms-hotpatch -Wl,-debug:dwarf
tools/winegcc/winegcc -o dlls/mapistub/x86_64-windows/mapistub.dll --wine-objdir . -b x86_64-windows -Wl,--wine-builtin -shared \
  /private/tmp/gptk4-wine11-source/dlls/mapistub/mapistub.spec -Wb,--prefer-native \
  dlls/winecrt0/x86_64-windows/libwinecrt0.a libs/compiler-rt/x86_64-windows/libcompiler-rt.a \
  dlls/ucrtbase/x86_64-windows/libucrtbase.a dlls/kernel32/x86_64-windows/libkernel32.a \
  dlls/ntdll/x86_64-windows/libntdll.a --no-default-config -fms-hotpatch -Wl,-debug:dwarf
tools/winegcc/winegcc -o dlls/mciavi32/x86_64-windows/mciavi32.dll --wine-objdir . -b x86_64-windows -Wl,--wine-builtin -shared \
  /private/tmp/gptk4-wine11-source/dlls/mciavi32/mciavi32.spec dlls/mciavi32/x86_64-windows/info.o \
  dlls/mciavi32/x86_64-windows/mciavi.o dlls/mciavi32/x86_64-windows/mmoutput.o \
  dlls/mciavi32/x86_64-windows/wnd.o dlls/mciavi32/mciavi_res.res \
  dlls/msvfw32/x86_64-windows/libmsvfw32.a dlls/winmm/x86_64-windows/libwinmm.a \
  dlls/user32/x86_64-windows/libuser32.a dlls/gdi32/x86_64-windows/libgdi32.a \
  dlls/winecrt0/x86_64-windows/libwinecrt0.a libs/compiler-rt/x86_64-windows/libcompiler-rt.a \
  dlls/ucrtbase/x86_64-windows/libucrtbase.a dlls/kernel32/x86_64-windows/libkernel32.a \
  dlls/ntdll/x86_64-windows/libntdll.a --no-default-config -fms-hotpatch -Wl,-debug:dwarf
tools/winegcc/winegcc -o dlls/mcicda/x86_64-windows/mcicda.dll --wine-objdir . -b x86_64-windows -Wl,--wine-builtin -shared \
  /private/tmp/gptk4-wine11-source/dlls/mcicda/mcicda.spec dlls/mcicda/x86_64-windows/mcicda.o \
  dlls/winmm/x86_64-windows/libwinmm.a dlls/user32/x86_64-windows/libuser32.a \
  dlls/winecrt0/x86_64-windows/libwinecrt0.a libs/compiler-rt/x86_64-windows/libcompiler-rt.a \
  dlls/ucrtbase/x86_64-windows/libucrtbase.a dlls/kernel32/x86_64-windows/libkernel32.a \
  dlls/ntdll/x86_64-windows/libntdll.a --no-default-config -fms-hotpatch -Wl,-debug:dwarf
tools/winegcc/winegcc -o dlls/mciqtz32/x86_64-windows/mciqtz32.dll --wine-objdir . -b x86_64-windows -Wl,--wine-builtin -shared \
  /private/tmp/gptk4-wine11-source/dlls/mciqtz32/mciqtz32.spec dlls/mciqtz32/x86_64-windows/mciqtz.o \
  dlls/mciqtz32/mciavi_res.res dlls/mciqtz32/version.res libs/strmiids/x86_64-windows/libstrmiids.a \
  dlls/oleaut32/x86_64-windows/liboleaut32.a dlls/ole32/x86_64-windows/libole32.a \
  dlls/winmm/x86_64-windows/libwinmm.a dlls/user32/x86_64-windows/libuser32.a \
  dlls/gdi32/x86_64-windows/libgdi32.a dlls/winecrt0/x86_64-windows/libwinecrt0.a \
  libs/compiler-rt/x86_64-windows/libcompiler-rt.a dlls/ucrtbase/x86_64-windows/libucrtbase.a \
  dlls/kernel32/x86_64-windows/libkernel32.a dlls/ntdll/x86_64-windows/libntdll.a --no-default-config -fms-hotpatch -Wl,-debug:dwarf
tools/winegcc/winegcc -o dlls/mciseq/x86_64-windows/mciseq.dll --wine-objdir . -b x86_64-windows -Wl,--wine-builtin -shared \
  /private/tmp/gptk4-wine11-source/dlls/mciseq/mciseq.spec dlls/mciseq/x86_64-windows/mcimidi.o \
  dlls/winmm/x86_64-windows/libwinmm.a dlls/user32/x86_64-windows/libuser32.a \
  dlls/winecrt0/x86_64-windows/libwinecrt0.a libs/compiler-rt/x86_64-windows/libcompiler-rt.a \
  dlls/ucrtbase/x86_64-windows/libucrtbase.a dlls/kernel32/x86_64-windows/libkernel32.a \
  dlls/ntdll/x86_64-windows/libntdll.a --no-default-config -fms-hotpatch -Wl,-debug:dwarf
tools/winegcc/winegcc -o dlls/mciwave/x86_64-windows/mciwave.dll --wine-objdir . -b x86_64-windows -Wl,--wine-builtin -shared \
  /private/tmp/gptk4-wine11-source/dlls/mciwave/mciwave.spec dlls/mciwave/x86_64-windows/mciwave.o \
  dlls/winmm/x86_64-windows/libwinmm.a dlls/user32/x86_64-windows/libuser32.a \
  dlls/winecrt0/x86_64-windows/libwinecrt0.a libs/compiler-rt/x86_64-windows/libcompiler-rt.a \
  dlls/ucrtbase/x86_64-windows/libucrtbase.a dlls/kernel32/x86_64-windows/libkernel32.a \
  dlls/ntdll/x86_64-windows/libntdll.a --no-default-config -fms-hotpatch -Wl,-debug:dwarf
tools/winegcc/winegcc -o dlls/mf/x86_64-windows/mf.dll --wine-objdir . -b x86_64-windows -Wl,--wine-builtin -shared \
  /private/tmp/gptk4-wine11-source/dlls/mf/mf.spec -Wb,--prefer-native \
  dlls/mf/x86_64-windows/clock.o dlls/mf/x86_64-windows/copier.o dlls/mf/x86_64-windows/evr.o \
  dlls/mf/x86_64-windows/main.o dlls/mf/x86_64-windows/quality.o dlls/mf/x86_64-windows/sac.o \
  dlls/mf/x86_64-windows/samplegrabber.o dlls/mf/x86_64-windows/sar.o \
  dlls/mf/x86_64-windows/scheme_handler.o dlls/mf/x86_64-windows/session.o \
  dlls/mf/x86_64-windows/topology.o dlls/mf/x86_64-windows/topology_loader.o dlls/mf/mf.res \
  dlls/mf/x86_64-windows/mf_r.res dlls/advapi32/x86_64-windows/libadvapi32.a \
  dlls/mfplat/x86_64-windows/libmfplat.a dlls/ole32/x86_64-windows/libole32.a \
  libs/uuid/x86_64-windows/libuuid.a libs/mfuuid/x86_64-windows/libmfuuid.a \
  libs/strmiids/x86_64-windows/libstrmiids.a dlls/evr/x86_64-windows/libevr.a \
  dlls/urlmon/x86_64-windows/liburlmon.a dlls/user32/x86_64-windows/libuser32.a \
  dlls/winecrt0/x86_64-windows/libwinecrt0.a libs/compiler-rt/x86_64-windows/libcompiler-rt.a \
  dlls/ucrtbase/x86_64-windows/libucrtbase.a dlls/kernel32/x86_64-windows/libkernel32.a \
  dlls/ntdll/x86_64-windows/libntdll.a -Wl,-delayload,evr.dll -Wl,-delayload,urlmon.dll \
  -Wl,-delayload,user32.dll --no-default-config -fms-hotpatch -Wl,-debug:dwarf
tools/winegcc/winegcc -o dlls/mf3216/x86_64-windows/mf3216.dll --wine-objdir . -b x86_64-windows -Wl,--wine-builtin -shared \
  /private/tmp/gptk4-wine11-source/dlls/mf3216/mf3216.spec \
  dlls/winecrt0/x86_64-windows/libwinecrt0.a libs/compiler-rt/x86_64-windows/libcompiler-rt.a \
  dlls/ucrtbase/x86_64-windows/libucrtbase.a dlls/kernel32/x86_64-windows/libkernel32.a \
  dlls/ntdll/x86_64-windows/libntdll.a --no-default-config -fms-hotpatch -Wl,-debug:dwarf
tools/winegcc/winegcc -o dlls/mfasfsrcsnk/x86_64-windows/mfasfsrcsnk.dll --wine-objdir . -b x86_64-windows -Wl,--wine-builtin -shared \
  /private/tmp/gptk4-wine11-source/dlls/mfasfsrcsnk/mfasfsrcsnk.spec -Wb,--prefer-native \
  dlls/mfasfsrcsnk/x86_64-windows/media_source.o dlls/mfasfsrcsnk/x86_64-windows/mfasfsrcsnk.o \
  dlls/mfasfsrcsnk/mfasfsrcsnk.res dlls/mfasfsrcsnk/x86_64-windows/mfasfsrcsnk_r.res \
  dlls/advapi32/x86_64-windows/libadvapi32.a dlls/ole32/x86_64-windows/libole32.a \
  dlls/mfplat/x86_64-windows/libmfplat.a libs/mfuuid/x86_64-windows/libmfuuid.a \
  libs/uuid/x86_64-windows/libuuid.a dlls/winedmo/x86_64-windows/libwinedmo.a \
  dlls/winecrt0/x86_64-windows/libwinecrt0.a libs/compiler-rt/x86_64-windows/libcompiler-rt.a \
  dlls/ucrtbase/x86_64-windows/libucrtbase.a dlls/kernel32/x86_64-windows/libkernel32.a \
  dlls/ntdll/x86_64-windows/libntdll.a --no-default-config -fms-hotpatch -Wl,-debug:dwarf
tools/winegcc/winegcc -o dlls/mfh264enc/x86_64-windows/mfh264enc.dll --wine-objdir . -b x86_64-windows -Wl,--wine-builtin -shared \
  /private/tmp/gptk4-wine11-source/dlls/mfh264enc/mfh264enc.spec \
  dlls/mfh264enc/x86_64-windows/mfh264enc.o dlls/mfh264enc/x86_64-windows/mfh264enc_r.res \
  dlls/combase/x86_64-windows/libcombase.a dlls/mfplat/x86_64-windows/libmfplat.a \
  libs/mfuuid/x86_64-windows/libmfuuid.a libs/dmoguids/x86_64-windows/libdmoguids.a \
  libs/strmiids/x86_64-windows/libstrmiids.a libs/wmcodecdspuuid/x86_64-windows/libwmcodecdspuuid.a \
  libs/uuid/x86_64-windows/libuuid.a dlls/winecrt0/x86_64-windows/libwinecrt0.a \
  libs/compiler-rt/x86_64-windows/libcompiler-rt.a dlls/ucrtbase/x86_64-windows/libucrtbase.a \
  dlls/kernel32/x86_64-windows/libkernel32.a dlls/ntdll/x86_64-windows/libntdll.a --no-default-config -fms-hotpatch -Wl,-debug:dwarf
tools/winegcc/winegcc -o dlls/mfmediaengine/x86_64-windows/mfmediaengine.dll --wine-objdir . -b x86_64-windows -Wl,--wine-builtin -shared \
  /private/tmp/gptk4-wine11-source/dlls/mfmediaengine/mfmediaengine.spec -Wb,--prefer-native \
  dlls/mfmediaengine/x86_64-windows/main.o dlls/mfmediaengine/x86_64-windows/video_frame_sink.o \
  dlls/mfmediaengine/x86_64-windows/mediaengine_classes_r.res \
  dlls/oleaut32/x86_64-windows/liboleaut32.a dlls/ole32/x86_64-windows/libole32.a \
  dlls/mfplat/x86_64-windows/libmfplat.a dlls/mf/x86_64-windows/libmf.a \
  libs/mfuuid/x86_64-windows/libmfuuid.a libs/uuid/x86_64-windows/libuuid.a \
  dlls/winecrt0/x86_64-windows/libwinecrt0.a libs/compiler-rt/x86_64-windows/libcompiler-rt.a \
  dlls/ucrtbase/x86_64-windows/libucrtbase.a dlls/kernel32/x86_64-windows/libkernel32.a \
  dlls/ntdll/x86_64-windows/libntdll.a --no-default-config -fms-hotpatch -Wl,-debug:dwarf
tools/winegcc/winegcc -o dlls/mfmp4srcsnk/x86_64-windows/mfmp4srcsnk.dll --wine-objdir . -b x86_64-windows -Wl,--wine-builtin -shared \
  /private/tmp/gptk4-wine11-source/dlls/mfmp4srcsnk/mfmp4srcsnk.spec -Wb,--prefer-native \
  dlls/mfmp4srcsnk/x86_64-windows/media_sink.o dlls/mfmp4srcsnk/x86_64-windows/media_source.o \
  dlls/mfmp4srcsnk/x86_64-windows/mfmp4srcsnk.o dlls/mfmp4srcsnk/mfmp4srcsnk.res \
  dlls/mfmp4srcsnk/x86_64-windows/mfmp4srcsnk_r.res dlls/advapi32/x86_64-windows/libadvapi32.a \
  dlls/ole32/x86_64-windows/libole32.a dlls/mfplat/x86_64-windows/libmfplat.a \
  libs/mfuuid/x86_64-windows/libmfuuid.a libs/uuid/x86_64-windows/libuuid.a \
  dlls/winedmo/x86_64-windows/libwinedmo.a dlls/winecrt0/x86_64-windows/libwinecrt0.a \
  libs/compiler-rt/x86_64-windows/libcompiler-rt.a dlls/ucrtbase/x86_64-windows/libucrtbase.a \
  dlls/kernel32/x86_64-windows/libkernel32.a dlls/ntdll/x86_64-windows/libntdll.a --no-default-config -fms-hotpatch -Wl,-debug:dwarf
tools/winegcc/winegcc -o dlls/mfplat/x86_64-windows/mfplat.dll --wine-objdir . -b x86_64-windows -Wl,--wine-builtin -shared \
  /private/tmp/gptk4-wine11-source/dlls/mfplat/mfplat.spec -Wb,--prefer-native \
  dlls/mfplat/x86_64-windows/buffer.o dlls/mfplat/x86_64-windows/main.o \
  dlls/mfplat/x86_64-windows/mediatype.o dlls/mfplat/x86_64-windows/queue.o \
  dlls/mfplat/x86_64-windows/sample.o dlls/advapi32/x86_64-windows/libadvapi32.a \
  dlls/ole32/x86_64-windows/libole32.a libs/dmoguids/x86_64-windows/libdmoguids.a \
  libs/mfuuid/x86_64-windows/libmfuuid.a dlls/propsys/x86_64-windows/libpropsys.a \
  dlls/rtworkq/x86_64-windows/librtworkq.a dlls/kernelbase/x86_64-windows/libkernelbase.a \
  dlls/bcrypt/x86_64-windows/libbcrypt.a dlls/winecrt0/x86_64-windows/libwinecrt0.a \
  libs/compiler-rt/x86_64-windows/libcompiler-rt.a dlls/ucrtbase/x86_64-windows/libucrtbase.a \
  dlls/kernel32/x86_64-windows/libkernel32.a dlls/ntdll/x86_64-windows/libntdll.a \
  -Wl,-delayload,bcrypt.dll --no-default-config -fms-hotpatch -Wl,-debug:dwarf
tools/winegcc/winegcc -o dlls/mfplay/x86_64-windows/mfplay.dll --wine-objdir . -b x86_64-windows -Wl,--wine-builtin -shared \
  /private/tmp/gptk4-wine11-source/dlls/mfplay/mfplay.spec -Wb,--prefer-native \
  dlls/mfplay/x86_64-windows/player.o dlls/mfplat/x86_64-windows/libmfplat.a \
  dlls/mf/x86_64-windows/libmf.a dlls/ole32/x86_64-windows/libole32.a \
  dlls/user32/x86_64-windows/libuser32.a libs/uuid/x86_64-windows/libuuid.a \
  libs/mfuuid/x86_64-windows/libmfuuid.a libs/strmiids/x86_64-windows/libstrmiids.a \
  dlls/winecrt0/x86_64-windows/libwinecrt0.a libs/compiler-rt/x86_64-windows/libcompiler-rt.a \
  dlls/ucrtbase/x86_64-windows/libucrtbase.a dlls/kernel32/x86_64-windows/libkernel32.a \
  dlls/ntdll/x86_64-windows/libntdll.a --no-default-config -fms-hotpatch -Wl,-debug:dwarf
tools/winegcc/winegcc -o dlls/mfreadwrite/x86_64-windows/mfreadwrite.dll --wine-objdir . -b x86_64-windows -Wl,--wine-builtin -shared \
  /private/tmp/gptk4-wine11-source/dlls/mfreadwrite/mfreadwrite.spec -Wb,--prefer-native \
  dlls/mfreadwrite/x86_64-windows/reader.o dlls/mfreadwrite/x86_64-windows/writer.o \
  dlls/mfreadwrite/x86_64-windows/mf_classes_r.res libs/mfuuid/x86_64-windows/libmfuuid.a \
  libs/uuid/x86_64-windows/libuuid.a dlls/mfplat/x86_64-windows/libmfplat.a \
  dlls/ole32/x86_64-windows/libole32.a dlls/kernelbase/x86_64-windows/libkernelbase.a \
  dlls/mf/x86_64-windows/libmf.a dlls/winecrt0/x86_64-windows/libwinecrt0.a \
  libs/compiler-rt/x86_64-windows/libcompiler-rt.a dlls/ucrtbase/x86_64-windows/libucrtbase.a \
  dlls/kernel32/x86_64-windows/libkernel32.a dlls/ntdll/x86_64-windows/libntdll.a \
  -Wl,-delayload,mf.dll --no-default-config -fms-hotpatch -Wl,-debug:dwarf
tools/winegcc/winegcc -o dlls/mfsrcsnk/x86_64-windows/mfsrcsnk.dll --wine-objdir . -b x86_64-windows -Wl,--wine-builtin -shared \
  /private/tmp/gptk4-wine11-source/dlls/mfsrcsnk/mfsrcsnk.spec -Wb,--prefer-native \
  dlls/mfsrcsnk/x86_64-windows/factory.o dlls/mfsrcsnk/x86_64-windows/media_sink.o \
  dlls/mfsrcsnk/x86_64-windows/media_source.o dlls/mfsrcsnk/x86_64-windows/wave.o \
  dlls/mfsrcsnk/mfsrcsnk.res dlls/mfsrcsnk/x86_64-windows/mfsrcsnk_r.res \
  dlls/advapi32/x86_64-windows/libadvapi32.a dlls/ole32/x86_64-windows/libole32.a \
  dlls/mfplat/x86_64-windows/libmfplat.a libs/mfuuid/x86_64-windows/libmfuuid.a \
  libs/uuid/x86_64-windows/libuuid.a dlls/winedmo/x86_64-windows/libwinedmo.a \
  dlls/winecrt0/x86_64-windows/libwinecrt0.a libs/compiler-rt/x86_64-windows/libcompiler-rt.a \
  dlls/ucrtbase/x86_64-windows/libucrtbase.a dlls/kernel32/x86_64-windows/libkernel32.a \
  dlls/ntdll/x86_64-windows/libntdll.a --no-default-config -fms-hotpatch -Wl,-debug:dwarf
tools/winegcc/winegcc -o dlls/mgmtapi/x86_64-windows/mgmtapi.dll --wine-objdir . -b x86_64-windows -Wl,--wine-builtin -shared \
  /private/tmp/gptk4-wine11-source/dlls/mgmtapi/mgmtapi.spec -Wb,--prefer-native \
  dlls/mgmtapi/x86_64-windows/mgmtapi.o dlls/winecrt0/x86_64-windows/libwinecrt0.a \
  libs/compiler-rt/x86_64-windows/libcompiler-rt.a dlls/ucrtbase/x86_64-windows/libucrtbase.a \
  dlls/kernel32/x86_64-windows/libkernel32.a dlls/ntdll/x86_64-windows/libntdll.a --no-default-config -fms-hotpatch -Wl,-debug:dwarf
tools/winegcc/winegcc -o dlls/midimap/x86_64-windows/midimap.dll --wine-objdir . -b x86_64-windows -Wl,--wine-builtin -shared \
  /private/tmp/gptk4-wine11-source/dlls/midimap/midimap.spec dlls/midimap/x86_64-windows/midimap.o \
  dlls/winmm/x86_64-windows/libwinmm.a dlls/user32/x86_64-windows/libuser32.a \
  dlls/advapi32/x86_64-windows/libadvapi32.a dlls/winecrt0/x86_64-windows/libwinecrt0.a \
  libs/compiler-rt/x86_64-windows/libcompiler-rt.a dlls/ucrtbase/x86_64-windows/libucrtbase.a \
  dlls/kernel32/x86_64-windows/libkernel32.a dlls/ntdll/x86_64-windows/libntdll.a --no-default-config -fms-hotpatch -Wl,-debug:dwarf
tools/winegcc/winegcc -o dlls/mlang/x86_64-windows/mlang.dll --wine-objdir . -b x86_64-windows -Wl,--wine-builtin -shared \
  /private/tmp/gptk4-wine11-source/dlls/mlang/mlang.spec dlls/mlang/x86_64-windows/mlang.o \
  dlls/mlang/mlang.res dlls/mlang/x86_64-windows/mlang_classes_r.res \
  libs/uuid/x86_64-windows/libuuid.a dlls/ole32/x86_64-windows/libole32.a \
  dlls/gdi32/x86_64-windows/libgdi32.a dlls/advapi32/x86_64-windows/libadvapi32.a \
  dlls/oleaut32/x86_64-windows/liboleaut32.a dlls/winecrt0/x86_64-windows/libwinecrt0.a \
  libs/compiler-rt/x86_64-windows/libcompiler-rt.a dlls/ucrtbase/x86_64-windows/libucrtbase.a \
  dlls/kernel32/x86_64-windows/libkernel32.a dlls/ntdll/x86_64-windows/libntdll.a \
  -Wl,-delayload,oleaut32.dll --no-default-config -fms-hotpatch -Wl,-debug:dwarf
tools/widl/widl -o dlls/mmcndmgr/x86_64-windows/mmcndmgr_t.res -b x86_64-windows --nostdinc -Ldlls/\* -Idlls/mmcndmgr \
  -I/private/tmp/gptk4-wine11-source/dlls/mmcndmgr -Iinclude \
  -I/private/tmp/gptk4-wine11-source/include -I/private/tmp/gptk4-wine11-source/include/msvcrt \
  -D_UCRT -D__WINESRC__ /private/tmp/gptk4-wine11-source/dlls/mmcndmgr/mmcndmgr.idl
tools/winegcc/winegcc -o dlls/mmdevapi/x86_64-windows/mmdevapi.dll --wine-objdir . -b x86_64-windows -Wl,--wine-builtin -shared \
  /private/tmp/gptk4-wine11-source/dlls/mmdevapi/mmdevapi.spec \
  dlls/mmdevapi/x86_64-windows/audiosessionmanager.o dlls/mmdevapi/x86_64-windows/audiovolume.o \
  dlls/mmdevapi/x86_64-windows/client.o dlls/mmdevapi/x86_64-windows/devenum.o \
  dlls/mmdevapi/x86_64-windows/main.o dlls/mmdevapi/x86_64-windows/session.o \
  dlls/mmdevapi/x86_64-windows/spatialaudio.o dlls/mmdevapi/x86_64-windows/mmdevapi_classes_r.res \
  dlls/ole32/x86_64-windows/libole32.a dlls/oleaut32/x86_64-windows/liboleaut32.a \
  dlls/user32/x86_64-windows/libuser32.a dlls/advapi32/x86_64-windows/libadvapi32.a \
  dlls/version/x86_64-windows/libversion.a dlls/winmm/x86_64-windows/libwinmm.a \
  dlls/winecrt0/x86_64-windows/libwinecrt0.a libs/compiler-rt/x86_64-windows/libcompiler-rt.a \
  dlls/ucrtbase/x86_64-windows/libucrtbase.a dlls/kernel32/x86_64-windows/libkernel32.a \
  dlls/ntdll/x86_64-windows/libntdll.a -Wl,-delayload,winmm.dll --no-default-config -fms-hotpatch -Wl,-debug:dwarf
tools/winegcc/winegcc -o dlls/mouhid.sys/x86_64-windows/mouhid.sys --wine-objdir . -b x86_64-windows -Wl,--wine-builtin -shared \
  -Wl,--subsystem,native dlls/mouhid.sys/x86_64-windows/main.o dlls/mouhid.sys/mouhid.res \
  dlls/ntoskrnl.exe/x86_64-windows/libntoskrnl.a dlls/hidparse.sys/x86_64-windows/libhidparse.a \
  dlls/win32u/x86_64-windows/libwin32u.a dlls/winecrt0/x86_64-windows/libwinecrt0.a \
  libs/compiler-rt/x86_64-windows/libcompiler-rt.a dlls/ucrtbase/x86_64-windows/libucrtbase.a \
  dlls/kernel32/x86_64-windows/libkernel32.a dlls/ntdll/x86_64-windows/libntdll.a --no-default-config -fms-hotpatch -Wl,-debug:dwarf
tools/winegcc/winegcc -o dlls/mountmgr.sys/x86_64-windows/mountmgr.sys --wine-objdir . -b x86_64-windows -Wl,--wine-builtin -shared \
  -Wl,--subsystem,native dlls/mountmgr.sys/x86_64-windows/device.o \
  dlls/mountmgr.sys/x86_64-windows/mountmgr.o libs/uuid/x86_64-windows/libuuid.a \
  dlls/advapi32/x86_64-windows/libadvapi32.a dlls/ntoskrnl.exe/x86_64-windows/libntoskrnl.a \
  dlls/user32/x86_64-windows/libuser32.a dlls/winecrt0/x86_64-windows/libwinecrt0.a \
  libs/compiler-rt/x86_64-windows/libcompiler-rt.a dlls/ucrtbase/x86_64-windows/libucrtbase.a \
  dlls/kernel32/x86_64-windows/libkernel32.a dlls/ntdll/x86_64-windows/libntdll.a \
  -Wl,-delayload,user32.dll --no-default-config -fms-hotpatch -Wl,-debug:dwarf
tools/winegcc/winegcc -o dlls/mp3dmod/x86_64-windows/mp3dmod.dll --wine-objdir . -b x86_64-windows -Wl,--wine-builtin -shared \
  /private/tmp/gptk4-wine11-source/dlls/mp3dmod/mp3dmod.spec dlls/mp3dmod/x86_64-windows/mp3dmod.o \
  dlls/mp3dmod/x86_64-windows/mp3dmod_r.res libs/mpg123/x86_64-windows/libmpg123.a \
  libs/dmoguids/x86_64-windows/libdmoguids.a dlls/mfplat/x86_64-windows/libmfplat.a \
  libs/mfuuid/x86_64-windows/libmfuuid.a dlls/msdmo/x86_64-windows/libmsdmo.a \
  dlls/ole32/x86_64-windows/libole32.a libs/uuid/x86_64-windows/libuuid.a \
  libs/wmcodecdspuuid/x86_64-windows/libwmcodecdspuuid.a \
  dlls/kernelbase/x86_64-windows/libkernelbase.a dlls/winecrt0/x86_64-windows/libwinecrt0.a \
  libs/compiler-rt/x86_64-windows/libcompiler-rt.a dlls/ucrtbase/x86_64-windows/libucrtbase.a \
  dlls/kernel32/x86_64-windows/libkernel32.a dlls/ntdll/x86_64-windows/libntdll.a --no-default-config -fms-hotpatch -Wl,-debug:dwarf
tools/winegcc/winegcc -o dlls/mpr/x86_64-windows/mpr.dll --wine-objdir . -b x86_64-windows -Wl,--wine-builtin -shared \
  /private/tmp/gptk4-wine11-source/dlls/mpr/mpr.spec dlls/mpr/x86_64-windows/auth.o \
  dlls/mpr/x86_64-windows/mpr_main.o dlls/mpr/x86_64-windows/multinet.o \
  dlls/mpr/x86_64-windows/nps.o dlls/mpr/x86_64-windows/pwcache.o dlls/mpr/x86_64-windows/wnet.o \
  dlls/mpr/mpr.res dlls/user32/x86_64-windows/libuser32.a dlls/advapi32/x86_64-windows/libadvapi32.a \
  dlls/winecrt0/x86_64-windows/libwinecrt0.a libs/compiler-rt/x86_64-windows/libcompiler-rt.a \
  dlls/ucrtbase/x86_64-windows/libucrtbase.a dlls/kernel32/x86_64-windows/libkernel32.a \
  dlls/ntdll/x86_64-windows/libntdll.a --no-default-config -fms-hotpatch -Wl,-debug:dwarf
tools/winegcc/winegcc -o dlls/mprapi/x86_64-windows/mprapi.dll --wine-objdir . -b x86_64-windows -Wl,--wine-builtin -shared \
  /private/tmp/gptk4-wine11-source/dlls/mprapi/mprapi.spec -Wb,--prefer-native \
  dlls/mprapi/x86_64-windows/mprapi.o dlls/winecrt0/x86_64-windows/libwinecrt0.a \
  libs/compiler-rt/x86_64-windows/libcompiler-rt.a dlls/ucrtbase/x86_64-windows/libucrtbase.a \
  dlls/kernel32/x86_64-windows/libkernel32.a dlls/ntdll/x86_64-windows/libntdll.a --no-default-config -fms-hotpatch -Wl,-debug:dwarf
tools/winegcc/winegcc -o dlls/msacm32.drv/x86_64-windows/msacm32.drv --wine-objdir . -b x86_64-windows -Wl,--wine-builtin -shared \
  /private/tmp/gptk4-wine11-source/dlls/msacm32.drv/msacm32.drv.spec \
  dlls/msacm32.drv/x86_64-windows/wavemap.o dlls/msacm32/x86_64-windows/libmsacm32.a \
  dlls/winmm/x86_64-windows/libwinmm.a dlls/user32/x86_64-windows/libuser32.a \
  dlls/winecrt0/x86_64-windows/libwinecrt0.a libs/compiler-rt/x86_64-windows/libcompiler-rt.a \
  dlls/ucrtbase/x86_64-windows/libucrtbase.a dlls/kernel32/x86_64-windows/libkernel32.a \
  dlls/ntdll/x86_64-windows/libntdll.a --no-default-config -fms-hotpatch -Wl,-debug:dwarf
tools/winegcc/winegcc -o dlls/msacm32/x86_64-windows/msacm32.dll --wine-objdir . -b x86_64-windows -Wl,--wine-builtin -shared \
  /private/tmp/gptk4-wine11-source/dlls/msacm32/msacm32.spec dlls/msacm32/x86_64-windows/driver.o \
  dlls/msacm32/x86_64-windows/filter.o dlls/msacm32/x86_64-windows/format.o \
  dlls/msacm32/x86_64-windows/internal.o dlls/msacm32/x86_64-windows/msacm32_main.o \
  dlls/msacm32/x86_64-windows/pcmconverter.o dlls/msacm32/x86_64-windows/stream.o \
  dlls/msacm32/msacm32.res dlls/winmm/x86_64-windows/libwinmm.a \
  dlls/user32/x86_64-windows/libuser32.a dlls/advapi32/x86_64-windows/libadvapi32.a \
  dlls/winecrt0/x86_64-windows/libwinecrt0.a libs/compiler-rt/x86_64-windows/libcompiler-rt.a \
  dlls/ucrtbase/x86_64-windows/libucrtbase.a dlls/kernel32/x86_64-windows/libkernel32.a \
  dlls/ntdll/x86_64-windows/libntdll.a --no-default-config -fms-hotpatch -Wl,-debug:dwarf
tools/widl/widl -o dlls/msado15/x86_64-windows/msado15_tlb_t.res -b x86_64-windows --nostdinc -Ldlls/\* -Idlls/msado15 \
  -I/private/tmp/gptk4-wine11-source/dlls/msado15 -Iinclude \
  -I/private/tmp/gptk4-wine11-source/include -I/private/tmp/gptk4-wine11-source/include/msvcrt \
  -D_UCRT -D__WINESRC__ /private/tmp/gptk4-wine11-source/dlls/msado15/msado15_tlb.idl
tools/winegcc/winegcc -o dlls/msadp32.acm/x86_64-windows/msadp32.acm --wine-objdir . -b x86_64-windows -Wl,--wine-builtin -shared \
  /private/tmp/gptk4-wine11-source/dlls/msadp32.acm/msadp32.acm.spec \
  dlls/msadp32.acm/x86_64-windows/msadp32.o dlls/winmm/x86_64-windows/libwinmm.a \
  dlls/user32/x86_64-windows/libuser32.a dlls/winecrt0/x86_64-windows/libwinecrt0.a \
  libs/compiler-rt/x86_64-windows/libcompiler-rt.a dlls/ucrtbase/x86_64-windows/libucrtbase.a \
  dlls/kernel32/x86_64-windows/libkernel32.a dlls/ntdll/x86_64-windows/libntdll.a --no-default-config -fms-hotpatch -Wl,-debug:dwarf
tools/winegcc/winegcc -o dlls/msasn1/x86_64-windows/msasn1.dll --wine-objdir . -b x86_64-windows -Wl,--wine-builtin -shared \
  /private/tmp/gptk4-wine11-source/dlls/msasn1/msasn1.spec -Wb,--prefer-native \
  dlls/msasn1/x86_64-windows/main.o dlls/winecrt0/x86_64-windows/libwinecrt0.a \
  libs/compiler-rt/x86_64-windows/libcompiler-rt.a dlls/ucrtbase/x86_64-windows/libucrtbase.a \
  dlls/kernel32/x86_64-windows/libkernel32.a dlls/ntdll/x86_64-windows/libntdll.a --no-default-config -fms-hotpatch -Wl,-debug:dwarf
tools/winegcc/winegcc -o dlls/msauddecmft/x86_64-windows/msauddecmft.dll --wine-objdir . -b x86_64-windows -Wl,--wine-builtin -shared \
  /private/tmp/gptk4-wine11-source/dlls/msauddecmft/msauddecmft.spec \
  dlls/msauddecmft/x86_64-windows/msauddecmft.o dlls/msauddecmft/x86_64-windows/msauddecmft_r.res \
  dlls/combase/x86_64-windows/libcombase.a dlls/mfplat/x86_64-windows/libmfplat.a \
  libs/mfuuid/x86_64-windows/libmfuuid.a libs/dmoguids/x86_64-windows/libdmoguids.a \
  libs/strmiids/x86_64-windows/libstrmiids.a libs/wmcodecdspuuid/x86_64-windows/libwmcodecdspuuid.a \
  libs/uuid/x86_64-windows/libuuid.a dlls/winecrt0/x86_64-windows/libwinecrt0.a \
  libs/compiler-rt/x86_64-windows/libcompiler-rt.a dlls/ucrtbase/x86_64-windows/libucrtbase.a \
  dlls/kernel32/x86_64-windows/libkernel32.a dlls/ntdll/x86_64-windows/libntdll.a --no-default-config -fms-hotpatch -Wl,-debug:dwarf
tools/winegcc/winegcc -o dlls/mscat32/x86_64-windows/mscat32.dll --wine-objdir . -b x86_64-windows -Wl,--wine-builtin -shared \
  /private/tmp/gptk4-wine11-source/dlls/mscat32/mscat32.spec -Wb,--prefer-native \
  dlls/wintrust/x86_64-windows/libwintrust.a dlls/winecrt0/x86_64-windows/libwinecrt0.a \
  libs/compiler-rt/x86_64-windows/libcompiler-rt.a dlls/ucrtbase/x86_64-windows/libucrtbase.a \
  dlls/kernel32/x86_64-windows/libkernel32.a dlls/ntdll/x86_64-windows/libntdll.a --no-default-config -fms-hotpatch -Wl,-debug:dwarf
tools/winegcc/winegcc -o dlls/mscms/x86_64-windows/mscms.dll --wine-objdir . -b x86_64-windows -Wl,--wine-builtin -shared \
  /private/tmp/gptk4-wine11-source/dlls/mscms/mscms.spec dlls/mscms/x86_64-windows/handle.o \
  dlls/mscms/x86_64-windows/icc.o dlls/mscms/x86_64-windows/mscms_main.o \
  dlls/mscms/x86_64-windows/profile.o dlls/mscms/x86_64-windows/stub.o \
  dlls/mscms/x86_64-windows/transform.o dlls/mscms/version.res libs/lcms2/x86_64-windows/liblcms2.a \
  dlls/shlwapi/x86_64-windows/libshlwapi.a dlls/advapi32/x86_64-windows/libadvapi32.a \
  dlls/winecrt0/x86_64-windows/libwinecrt0.a libs/compiler-rt/x86_64-windows/libcompiler-rt.a \
  dlls/ucrtbase/x86_64-windows/libucrtbase.a dlls/kernel32/x86_64-windows/libkernel32.a \
  dlls/ntdll/x86_64-windows/libntdll.a --no-default-config -fms-hotpatch -Wl,-debug:dwarf
tools/winegcc/winegcc -o dlls/mscoree/x86_64-windows/mscoree.dll --wine-objdir . -b x86_64-windows -Wl,--wine-builtin -shared \
  /private/tmp/gptk4-wine11-source/dlls/mscoree/mscoree.spec -Wb,--prefer-native \
  dlls/mscoree/x86_64-windows/assembly.o dlls/mscoree/x86_64-windows/config.o \
  dlls/mscoree/x86_64-windows/cordebug.o dlls/mscoree/x86_64-windows/corruntimehost.o \
  dlls/mscoree/x86_64-windows/metadata.o dlls/mscoree/x86_64-windows/metahost.o \
  dlls/mscoree/x86_64-windows/mscoree_main.o dlls/mscoree/x86_64-windows/mscoree_classes_r.res \
  dlls/dbghelp/x86_64-windows/libdbghelp.a libs/uuid/x86_64-windows/libuuid.a \
  dlls/shell32/x86_64-windows/libshell32.a dlls/advapi32/x86_64-windows/libadvapi32.a \
  dlls/ole32/x86_64-windows/libole32.a dlls/oleaut32/x86_64-windows/liboleaut32.a \
  dlls/shlwapi/x86_64-windows/libshlwapi.a dlls/winecrt0/x86_64-windows/libwinecrt0.a \
  libs/compiler-rt/x86_64-windows/libcompiler-rt.a dlls/ucrtbase/x86_64-windows/libucrtbase.a \
  dlls/kernel32/x86_64-windows/libkernel32.a dlls/ntdll/x86_64-windows/libntdll.a --no-default-config -fms-hotpatch -Wl,-debug:dwarf
tools/winegcc/winegcc -o dlls/mscorwks/x86_64-windows/mscorwks.dll --wine-objdir . -b x86_64-windows -Wl,--wine-builtin -shared \
  /private/tmp/gptk4-wine11-source/dlls/mscorwks/mscorwks.spec -Wb,--prefer-native \
  dlls/winecrt0/x86_64-windows/libwinecrt0.a libs/compiler-rt/x86_64-windows/libcompiler-rt.a \
  dlls/ucrtbase/x86_64-windows/libucrtbase.a dlls/kernel32/x86_64-windows/libkernel32.a \
  dlls/ntdll/x86_64-windows/libntdll.a --no-default-config -fms-hotpatch -Wl,-debug:dwarf
tools/winegcc/winegcc -o dlls/msctf/x86_64-windows/msctf.dll --wine-objdir . -b x86_64-windows -Wl,--wine-builtin -shared \
  /private/tmp/gptk4-wine11-source/dlls/msctf/msctf.spec -Wb,--prefer-native \
  dlls/msctf/x86_64-windows/categorymgr.o dlls/msctf/x86_64-windows/compartmentmgr.o \
  dlls/msctf/x86_64-windows/context.o dlls/msctf/x86_64-windows/displayattributemgr.o \
  dlls/msctf/x86_64-windows/documentmgr.o dlls/msctf/x86_64-windows/inputprocessor.o \
  dlls/msctf/x86_64-windows/langbarmgr.o dlls/msctf/x86_64-windows/msctf.o \
  dlls/msctf/x86_64-windows/range.o dlls/msctf/x86_64-windows/threadmgr.o dlls/msctf/version.res \
  dlls/msctf/x86_64-windows/msctf_classes_r.res libs/uuid/x86_64-windows/libuuid.a \
  dlls/ole32/x86_64-windows/libole32.a dlls/oleaut32/x86_64-windows/liboleaut32.a \
  dlls/user32/x86_64-windows/libuser32.a dlls/advapi32/x86_64-windows/libadvapi32.a \
  dlls/winecrt0/x86_64-windows/libwinecrt0.a libs/compiler-rt/x86_64-windows/libcompiler-rt.a \
  dlls/ucrtbase/x86_64-windows/libucrtbase.a dlls/kernel32/x86_64-windows/libkernel32.a \
  dlls/ntdll/x86_64-windows/libntdll.a --no-default-config -fms-hotpatch -Wl,-debug:dwarf
tools/winegcc/winegcc -o dlls/msctfmonitor/x86_64-windows/msctfmonitor.dll --wine-objdir . -b x86_64-windows -Wl,--wine-builtin -shared \
  /private/tmp/gptk4-wine11-source/dlls/msctfmonitor/msctfmonitor.spec -Wb,--prefer-native \
  dlls/msctfmonitor/x86_64-windows/main.o dlls/winecrt0/x86_64-windows/libwinecrt0.a \
  libs/compiler-rt/x86_64-windows/libcompiler-rt.a dlls/ucrtbase/x86_64-windows/libucrtbase.a \
  dlls/kernel32/x86_64-windows/libkernel32.a dlls/ntdll/x86_64-windows/libntdll.a --no-default-config -fms-hotpatch -Wl,-debug:dwarf
tools/winegcc/winegcc -o dlls/msctfp/x86_64-windows/msctfp.dll --wine-objdir . -b x86_64-windows -Wl,--wine-builtin -shared \
  /private/tmp/gptk4-wine11-source/dlls/msctfp/msctfp.spec dlls/msctfp/x86_64-windows/msctfp_i.o \
  dlls/msctfp/x86_64-windows/msctfp_p.o dlls/msctfp/x86_64-windows/dlldata.o \
  dlls/msctfp/x86_64-windows/msctfp_r.res dlls/rpcrt4/x86_64-windows/librpcrt4.a \
  dlls/ole32/x86_64-windows/libole32.a dlls/oleaut32/x86_64-windows/liboleaut32.a \
  dlls/winecrt0/x86_64-windows/libwinecrt0.a libs/compiler-rt/x86_64-windows/libcompiler-rt.a \
  dlls/ucrtbase/x86_64-windows/libucrtbase.a dlls/kernel32/x86_64-windows/libkernel32.a \
  dlls/ntdll/x86_64-windows/libntdll.a --no-default-config -fms-hotpatch -Wl,-debug:dwarf
tools/winegcc/winegcc -o dlls/msdaps/x86_64-windows/msdaps.dll --wine-objdir . -b x86_64-windows -Wl,--wine-builtin -shared \
  /private/tmp/gptk4-wine11-source/dlls/msdaps/msdaps.spec dlls/msdaps/x86_64-windows/main.o \
  dlls/msdaps/x86_64-windows/row_server.o dlls/msdaps/x86_64-windows/usrmarshal.o \
  dlls/msdaps/x86_64-windows/msdaps_p.o dlls/msdaps/x86_64-windows/dlldata.o \
  dlls/msdaps/x86_64-windows/row_server_p.o dlls/msdaps/x86_64-windows/msdaps_r.res \
  dlls/msdaps/x86_64-windows/row_server_r.res libs/uuid/x86_64-windows/libuuid.a \
  dlls/oleaut32/x86_64-windows/liboleaut32.a dlls/ole32/x86_64-windows/libole32.a \
  dlls/rpcrt4/x86_64-windows/librpcrt4.a dlls/advapi32/x86_64-windows/libadvapi32.a \
  dlls/winecrt0/x86_64-windows/libwinecrt0.a libs/compiler-rt/x86_64-windows/libcompiler-rt.a \
  dlls/ucrtbase/x86_64-windows/libucrtbase.a dlls/kernel32/x86_64-windows/libkernel32.a \
  dlls/ntdll/x86_64-windows/libntdll.a --no-default-config -fms-hotpatch -Wl,-debug:dwarf
tools/winegcc/winegcc -o dlls/msdasql/x86_64-windows/msdasql.dll --wine-objdir . -b x86_64-windows -Wl,--wine-builtin -shared \
  /private/tmp/gptk4-wine11-source/dlls/msdasql/msdasql.spec -Wb,--prefer-native \
  dlls/msdasql/x86_64-windows/msdasql_main.o dlls/msdasql/x86_64-windows/session.o \
  dlls/msdasql/msdasql.res dlls/msdasql/x86_64-windows/msdasql_classes_r.res \
  libs/uuid/x86_64-windows/libuuid.a dlls/ole32/x86_64-windows/libole32.a \
  dlls/oleaut32/x86_64-windows/liboleaut32.a dlls/odbc32/x86_64-windows/libodbc32.a \
  dlls/winecrt0/x86_64-windows/libwinecrt0.a libs/compiler-rt/x86_64-windows/libcompiler-rt.a \
  dlls/ucrtbase/x86_64-windows/libucrtbase.a dlls/kernel32/x86_64-windows/libkernel32.a \
  dlls/ntdll/x86_64-windows/libntdll.a --no-default-config -fms-hotpatch -Wl,-debug:dwarf
tools/winegcc/winegcc -o dlls/msdelta/x86_64-windows/msdelta.dll --wine-objdir . -b x86_64-windows -Wl,--wine-builtin -shared \
  /private/tmp/gptk4-wine11-source/dlls/msdelta/msdelta.spec -Wb,--prefer-native \
  dlls/winecrt0/x86_64-windows/libwinecrt0.a libs/compiler-rt/x86_64-windows/libcompiler-rt.a \
  dlls/ucrtbase/x86_64-windows/libucrtbase.a dlls/kernel32/x86_64-windows/libkernel32.a \
  dlls/ntdll/x86_64-windows/libntdll.a --no-default-config -fms-hotpatch -Wl,-debug:dwarf
tools/winegcc/winegcc -o dlls/msdmo/x86_64-windows/msdmo.dll --wine-objdir . -b x86_64-windows -Wl,--wine-builtin -shared \
  /private/tmp/gptk4-wine11-source/dlls/msdmo/msdmo.spec dlls/msdmo/x86_64-windows/dmoreg.o \
  dlls/msdmo/x86_64-windows/dmort.o dlls/msdmo/rsrc.res libs/dmoguids/x86_64-windows/libdmoguids.a \
  libs/uuid/x86_64-windows/libuuid.a dlls/ole32/x86_64-windows/libole32.a \
  dlls/user32/x86_64-windows/libuser32.a dlls/advapi32/x86_64-windows/libadvapi32.a \
  dlls/winecrt0/x86_64-windows/libwinecrt0.a libs/compiler-rt/x86_64-windows/libcompiler-rt.a \
  dlls/ucrtbase/x86_64-windows/libucrtbase.a dlls/kernel32/x86_64-windows/libkernel32.a \
  dlls/ntdll/x86_64-windows/libntdll.a --no-default-config -fms-hotpatch -Wl,-debug:dwarf
tools/winegcc/winegcc -o dlls/msdrm/x86_64-windows/msdrm.dll --wine-objdir . -b x86_64-windows -Wl,--wine-builtin -shared \
  /private/tmp/gptk4-wine11-source/dlls/msdrm/msdrm.spec -Wb,--prefer-native \
  dlls/msdrm/x86_64-windows/main.o dlls/winecrt0/x86_64-windows/libwinecrt0.a \
  libs/compiler-rt/x86_64-windows/libcompiler-rt.a dlls/ucrtbase/x86_64-windows/libucrtbase.a \
  dlls/kernel32/x86_64-windows/libkernel32.a dlls/ntdll/x86_64-windows/libntdll.a --no-default-config -fms-hotpatch -Wl,-debug:dwarf
tools/winegcc/winegcc -o dlls/msftedit/x86_64-windows/msftedit.dll --wine-objdir . -b x86_64-windows -Wl,--wine-builtin -shared \
  /private/tmp/gptk4-wine11-source/dlls/msftedit/msftedit.spec -Wb,--prefer-native \
  dlls/msftedit/x86_64-windows/msftedit_main.o dlls/msftedit/version.res \
  libs/uuid/x86_64-windows/libuuid.a dlls/riched20/x86_64-windows/libriched20.a \
  dlls/winecrt0/x86_64-windows/libwinecrt0.a libs/compiler-rt/x86_64-windows/libcompiler-rt.a \
  dlls/ucrtbase/x86_64-windows/libucrtbase.a dlls/kernel32/x86_64-windows/libkernel32.a \
  dlls/ntdll/x86_64-windows/libntdll.a --no-default-config -fms-hotpatch -Wl,-debug:dwarf
tools/winegcc/winegcc -o dlls/msg711.acm/x86_64-windows/msg711.acm --wine-objdir . -b x86_64-windows -Wl,--wine-builtin -shared \
  /private/tmp/gptk4-wine11-source/dlls/msg711.acm/msg711.acm.spec \
  dlls/msg711.acm/x86_64-windows/msg711.o dlls/winmm/x86_64-windows/libwinmm.a \
  dlls/user32/x86_64-windows/libuser32.a dlls/winecrt0/x86_64-windows/libwinecrt0.a \
  libs/compiler-rt/x86_64-windows/libcompiler-rt.a dlls/ucrtbase/x86_64-windows/libucrtbase.a \
  dlls/kernel32/x86_64-windows/libkernel32.a dlls/ntdll/x86_64-windows/libntdll.a --no-default-config -fms-hotpatch -Wl,-debug:dwarf
tools/winegcc/winegcc -o dlls/msgsm32.acm/x86_64-windows/msgsm32.acm --wine-objdir . -b x86_64-windows -Wl,--wine-builtin -shared \
  /private/tmp/gptk4-wine11-source/dlls/msgsm32.acm/msgsm32.acm.spec \
  dlls/msgsm32.acm/x86_64-windows/msgsm32.o libs/gsm/x86_64-windows/libgsm.a \
  dlls/winmm/x86_64-windows/libwinmm.a dlls/user32/x86_64-windows/libuser32.a \
  dlls/winecrt0/x86_64-windows/libwinecrt0.a libs/compiler-rt/x86_64-windows/libcompiler-rt.a \
  dlls/ucrtbase/x86_64-windows/libucrtbase.a dlls/kernel32/x86_64-windows/libkernel32.a \
  dlls/ntdll/x86_64-windows/libntdll.a --no-default-config -fms-hotpatch -Wl,-debug:dwarf
tools/widl/widl -o dlls/mshtml.tlb/x86_64-windows/mshtml_tlb_t.res -b x86_64-windows --nostdinc -Ldlls/\* -Idlls/mshtml.tlb \
  -I/private/tmp/gptk4-wine11-source/dlls/mshtml.tlb -Iinclude \
  -I/private/tmp/gptk4-wine11-source/include -I/private/tmp/gptk4-wine11-source/include/msvcrt \
  -D_UCRT -D__WINESRC__ /private/tmp/gptk4-wine11-source/dlls/mshtml.tlb/mshtml_tlb.idl
tools/widl/widl -o dlls/mshtml/x86_64-windows/mshtml_private_iface_l.res -b x86_64-windows --nostdinc -Ldlls/\* -Idlls/mshtml \
  -I/private/tmp/gptk4-wine11-source/dlls/mshtml -Iinclude \
  -I/private/tmp/gptk4-wine11-source/include -I/private/tmp/gptk4-wine11-source/include/msvcrt \
  -D_UCRT -D__WINESRC__ /private/tmp/gptk4-wine11-source/dlls/mshtml/mshtml_private_iface.idl
tools/winegcc/winegcc -o dlls/msi/x86_64-windows/msi.dll --wine-objdir . -b x86_64-windows -Wl,--wine-builtin -shared \
  /private/tmp/gptk4-wine11-source/dlls/msi/msi.spec dlls/msi/x86_64-windows/action.o \
  dlls/msi/x86_64-windows/alter.o dlls/msi/x86_64-windows/appsearch.o \
  dlls/msi/x86_64-windows/assembly.o dlls/msi/x86_64-windows/automation.o \
  dlls/msi/x86_64-windows/classes.o dlls/msi/x86_64-windows/create.o \
  dlls/msi/x86_64-windows/custom.o dlls/msi/x86_64-windows/database.o \
  dlls/msi/x86_64-windows/delete.o dlls/msi/x86_64-windows/dialog.o \
  dlls/msi/x86_64-windows/distinct.o dlls/msi/x86_64-windows/drop.o dlls/msi/x86_64-windows/files.o \
  dlls/msi/x86_64-windows/font.o dlls/msi/x86_64-windows/format.o dlls/msi/x86_64-windows/handle.o \
  dlls/msi/x86_64-windows/insert.o dlls/msi/x86_64-windows/install.o dlls/msi/x86_64-windows/media.o \
  dlls/msi/x86_64-windows/msi.o dlls/msi/x86_64-windows/msi_main.o \
  dlls/msi/x86_64-windows/msiquery.o dlls/msi/x86_64-windows/package.o \
  dlls/msi/x86_64-windows/patch.o dlls/msi/x86_64-windows/record.o \
  dlls/msi/x86_64-windows/registry.o dlls/msi/x86_64-windows/script.o \
  dlls/msi/x86_64-windows/select.o dlls/msi/x86_64-windows/source.o \
  dlls/msi/x86_64-windows/storages.o dlls/msi/x86_64-windows/streams.o \
  dlls/msi/x86_64-windows/string.o dlls/msi/x86_64-windows/suminfo.o dlls/msi/x86_64-windows/table.o \
  dlls/msi/x86_64-windows/tokenize.o dlls/msi/x86_64-windows/update.o \
  dlls/msi/x86_64-windows/upgrade.o dlls/msi/x86_64-windows/where.o \
  dlls/msi/x86_64-windows/cond.tab.o dlls/msi/x86_64-windows/msiserver_i.o \
  dlls/msi/x86_64-windows/sql.tab.o dlls/msi/x86_64-windows/winemsi_c.o \
  dlls/msi/x86_64-windows/winemsi_s.o dlls/msi/msi.res dlls/msi/x86_64-windows/msiserver_t.res \
  dlls/msi/x86_64-windows/msiserver_r.res libs/uuid/x86_64-windows/libuuid.a \
  dlls/urlmon/x86_64-windows/liburlmon.a dlls/wininet/x86_64-windows/libwininet.a \
  dlls/comctl32/x86_64-windows/libcomctl32.a dlls/shell32/x86_64-windows/libshell32.a \
  dlls/shlwapi/x86_64-windows/libshlwapi.a dlls/cabinet/x86_64-windows/libcabinet.a \
  dlls/oleaut32/x86_64-windows/liboleaut32.a dlls/ole32/x86_64-windows/libole32.a \
  dlls/version/x86_64-windows/libversion.a dlls/user32/x86_64-windows/libuser32.a \
  dlls/gdi32/x86_64-windows/libgdi32.a dlls/advapi32/x86_64-windows/libadvapi32.a \
  dlls/rpcrt4/x86_64-windows/librpcrt4.a dlls/sxs/x86_64-windows/libsxs.a \
  dlls/imagehlp/x86_64-windows/libimagehlp.a dlls/mspatcha/x86_64-windows/libmspatcha.a \
  dlls/odbccp32/x86_64-windows/libodbccp32.a dlls/wintrust/x86_64-windows/libwintrust.a \
  dlls/crypt32/x86_64-windows/libcrypt32.a dlls/winecrt0/x86_64-windows/libwinecrt0.a \
  libs/compiler-rt/x86_64-windows/libcompiler-rt.a dlls/ucrtbase/x86_64-windows/libucrtbase.a \
  dlls/kernel32/x86_64-windows/libkernel32.a dlls/ntdll/x86_64-windows/libntdll.a --no-default-config -fms-hotpatch -Wl,-debug:dwarf
tools/winegcc/winegcc -o dlls/msident/x86_64-windows/msident.dll --wine-objdir . -b x86_64-windows -Wl,--wine-builtin -shared \
  /private/tmp/gptk4-wine11-source/dlls/msident/msident.spec -Wb,--prefer-native \
  dlls/msident/x86_64-windows/msident.o dlls/msident/x86_64-windows/msident_classes_r.res \
  dlls/winecrt0/x86_64-windows/libwinecrt0.a libs/compiler-rt/x86_64-windows/libcompiler-rt.a \
  dlls/ucrtbase/x86_64-windows/libucrtbase.a dlls/kernel32/x86_64-windows/libkernel32.a \
  dlls/ntdll/x86_64-windows/libntdll.a --no-default-config -fms-hotpatch -Wl,-debug:dwarf
tools/winegcc/winegcc -o dlls/msimg32/x86_64-windows/msimg32.dll --wine-objdir . -b x86_64-windows -Wl,--wine-builtin -shared \
  /private/tmp/gptk4-wine11-source/dlls/msimg32/msimg32.spec \
  dlls/msimg32/x86_64-windows/msimg32_main.o dlls/gdi32/x86_64-windows/libgdi32.a \
  dlls/winecrt0/x86_64-windows/libwinecrt0.a libs/compiler-rt/x86_64-windows/libcompiler-rt.a \
  dlls/ucrtbase/x86_64-windows/libucrtbase.a dlls/kernel32/x86_64-windows/libkernel32.a \
  dlls/ntdll/x86_64-windows/libntdll.a --no-default-config -fms-hotpatch -Wl,-debug:dwarf
tools/winegcc/winegcc -o dlls/msimtf/x86_64-windows/msimtf.dll --wine-objdir . -b x86_64-windows -Wl,--wine-builtin -shared \
  /private/tmp/gptk4-wine11-source/dlls/msimtf/msimtf.spec -Wb,--prefer-native \
  dlls/msimtf/x86_64-windows/activeimmapp.o dlls/msimtf/x86_64-windows/main.o \
  dlls/msimtf/x86_64-windows/msimtf_r.res libs/uuid/x86_64-windows/libuuid.a \
  dlls/imm32/x86_64-windows/libimm32.a dlls/winecrt0/x86_64-windows/libwinecrt0.a \
  libs/compiler-rt/x86_64-windows/libcompiler-rt.a dlls/ucrtbase/x86_64-windows/libucrtbase.a \
  dlls/kernel32/x86_64-windows/libkernel32.a dlls/ntdll/x86_64-windows/libntdll.a --no-default-config -fms-hotpatch -Wl,-debug:dwarf
tools/winegcc/winegcc -o dlls/msisip/x86_64-windows/msisip.dll --wine-objdir . -b x86_64-windows -Wl,--wine-builtin -shared \
  /private/tmp/gptk4-wine11-source/dlls/msisip/msisip.spec -Wb,--prefer-native \
  dlls/msisip/x86_64-windows/main.o dlls/crypt32/x86_64-windows/libcrypt32.a \
  dlls/ole32/x86_64-windows/libole32.a dlls/winecrt0/x86_64-windows/libwinecrt0.a \
  libs/compiler-rt/x86_64-windows/libcompiler-rt.a dlls/ucrtbase/x86_64-windows/libucrtbase.a \
  dlls/kernel32/x86_64-windows/libkernel32.a dlls/ntdll/x86_64-windows/libntdll.a --no-default-config -fms-hotpatch -Wl,-debug:dwarf
tools/winegcc/winegcc -o dlls/msisys.ocx/x86_64-windows/msisys.ocx --wine-objdir . -b x86_64-windows -Wl,--wine-builtin -shared \
  /private/tmp/gptk4-wine11-source/dlls/msisys.ocx/msisys.ocx.spec \
  dlls/msisys.ocx/x86_64-windows/msisys.o libs/uuid/x86_64-windows/libuuid.a \
  dlls/winecrt0/x86_64-windows/libwinecrt0.a libs/compiler-rt/x86_64-windows/libcompiler-rt.a \
  dlls/ucrtbase/x86_64-windows/libucrtbase.a dlls/kernel32/x86_64-windows/libkernel32.a \
  dlls/ntdll/x86_64-windows/libntdll.a --no-default-config -fms-hotpatch -Wl,-debug:dwarf
tools/winegcc/winegcc -o dlls/msls31/x86_64-windows/msls31.dll --wine-objdir . -b x86_64-windows -Wl,--wine-builtin -shared \
  /private/tmp/gptk4-wine11-source/dlls/msls31/msls31.spec -Wb,--prefer-native \
  dlls/winecrt0/x86_64-windows/libwinecrt0.a libs/compiler-rt/x86_64-windows/libcompiler-rt.a \
  dlls/ucrtbase/x86_64-windows/libucrtbase.a dlls/kernel32/x86_64-windows/libkernel32.a \
  dlls/ntdll/x86_64-windows/libntdll.a --no-default-config -fms-hotpatch -Wl,-debug:dwarf
tools/winegcc/winegcc -o dlls/msmpeg2vdec/x86_64-windows/msmpeg2vdec.dll --wine-objdir . -b x86_64-windows -Wl,--wine-builtin -shared \
  /private/tmp/gptk4-wine11-source/dlls/msmpeg2vdec/msmpeg2vdec.spec \
  dlls/msmpeg2vdec/x86_64-windows/msmpeg2vdec.o dlls/msmpeg2vdec/x86_64-windows/video_decoder.o \
  dlls/msmpeg2vdec/x86_64-windows/msmpeg2vdec_r.res dlls/combase/x86_64-windows/libcombase.a \
  dlls/mfplat/x86_64-windows/libmfplat.a libs/mfuuid/x86_64-windows/libmfuuid.a \
  libs/dmoguids/x86_64-windows/libdmoguids.a libs/strmiids/x86_64-windows/libstrmiids.a \
  libs/wmcodecdspuuid/x86_64-windows/libwmcodecdspuuid.a libs/uuid/x86_64-windows/libuuid.a \
  dlls/winecrt0/x86_64-windows/libwinecrt0.a libs/compiler-rt/x86_64-windows/libcompiler-rt.a \
  dlls/ucrtbase/x86_64-windows/libucrtbase.a dlls/kernel32/x86_64-windows/libkernel32.a \
  dlls/ntdll/x86_64-windows/libntdll.a --no-default-config -fms-hotpatch -Wl,-debug:dwarf
tools/winegcc/winegcc -o dlls/msnet32/x86_64-windows/msnet32.dll --wine-objdir . -b x86_64-windows -Wl,--wine-builtin -shared \
  /private/tmp/gptk4-wine11-source/dlls/msnet32/msnet32.spec -Wb,--prefer-native \
  dlls/msnet32/x86_64-windows/msnet_main.o dlls/winecrt0/x86_64-windows/libwinecrt0.a \
  libs/compiler-rt/x86_64-windows/libcompiler-rt.a dlls/ucrtbase/x86_64-windows/libucrtbase.a \
  dlls/kernel32/x86_64-windows/libkernel32.a dlls/ntdll/x86_64-windows/libntdll.a --no-default-config -fms-hotpatch -Wl,-debug:dwarf
tools/winegcc/winegcc -o dlls/mspatcha/x86_64-windows/mspatcha.dll --wine-objdir . -b x86_64-windows -Wl,--wine-builtin -shared \
  /private/tmp/gptk4-wine11-source/dlls/mspatcha/mspatcha.spec -Wb,--prefer-native \
  dlls/mspatcha/x86_64-windows/lzxd_dec.o dlls/mspatcha/x86_64-windows/mspatcha_main.o \
  dlls/mspatcha/x86_64-windows/pa19.o dlls/mspatcha/version.res \
  dlls/winecrt0/x86_64-windows/libwinecrt0.a libs/compiler-rt/x86_64-windows/libcompiler-rt.a \
  dlls/ucrtbase/x86_64-windows/libucrtbase.a dlls/kernel32/x86_64-windows/libkernel32.a \
  dlls/ntdll/x86_64-windows/libntdll.a --no-default-config -fms-hotpatch -Wl,-debug:dwarf
tools/winegcc/winegcc -o dlls/msports/x86_64-windows/msports.dll --wine-objdir . -b x86_64-windows -Wl,--wine-builtin -shared \
  /private/tmp/gptk4-wine11-source/dlls/msports/msports.spec -Wb,--prefer-native \
  dlls/winecrt0/x86_64-windows/libwinecrt0.a libs/compiler-rt/x86_64-windows/libcompiler-rt.a \
  dlls/ucrtbase/x86_64-windows/libucrtbase.a dlls/kernel32/x86_64-windows/libkernel32.a \
  dlls/ntdll/x86_64-windows/libntdll.a --no-default-config -fms-hotpatch -Wl,-debug:dwarf
tools/winegcc/winegcc -o dlls/msrle32/x86_64-windows/msrle32.dll --wine-objdir . -b x86_64-windows -Wl,--wine-builtin -shared \
  /private/tmp/gptk4-wine11-source/dlls/msrle32/msrle32.spec dlls/msrle32/x86_64-windows/msrle32.o \
  dlls/msrle32/msrle32.res dlls/winmm/x86_64-windows/libwinmm.a \
  dlls/user32/x86_64-windows/libuser32.a dlls/winecrt0/x86_64-windows/libwinecrt0.a \
  libs/compiler-rt/x86_64-windows/libcompiler-rt.a dlls/ucrtbase/x86_64-windows/libucrtbase.a \
  dlls/kernel32/x86_64-windows/libkernel32.a dlls/ntdll/x86_64-windows/libntdll.a --no-default-config -fms-hotpatch -Wl,-debug:dwarf
tools/widl/widl -o dlls/msscript.ocx/x86_64-windows/msscript_t.res -b x86_64-windows --nostdinc -Ldlls/\* -Idlls/msscript.ocx \
  -I/private/tmp/gptk4-wine11-source/dlls/msscript.ocx -Iinclude \
  -I/private/tmp/gptk4-wine11-source/include -I/private/tmp/gptk4-wine11-source/include/msvcrt \
  -D_UCRT -D__WINESRC__ /private/tmp/gptk4-wine11-source/dlls/msscript.ocx/msscript.idl
tools/winegcc/winegcc -o dlls/mssign32/x86_64-windows/mssign32.dll --wine-objdir . -b x86_64-windows -Wl,--wine-builtin -shared \
  /private/tmp/gptk4-wine11-source/dlls/mssign32/mssign32.spec -Wb,--prefer-native \
  dlls/mssign32/x86_64-windows/mssign32_main.o dlls/winecrt0/x86_64-windows/libwinecrt0.a \
  libs/compiler-rt/x86_64-windows/libcompiler-rt.a dlls/ucrtbase/x86_64-windows/libucrtbase.a \
  dlls/kernel32/x86_64-windows/libkernel32.a dlls/ntdll/x86_64-windows/libntdll.a --no-default-config -fms-hotpatch -Wl,-debug:dwarf
tools/winegcc/winegcc -o dlls/mssip32/x86_64-windows/mssip32.dll --wine-objdir . -b x86_64-windows -Wl,--wine-builtin -shared \
  /private/tmp/gptk4-wine11-source/dlls/mssip32/mssip32.spec -Wb,--prefer-native \
  dlls/winecrt0/x86_64-windows/libwinecrt0.a libs/compiler-rt/x86_64-windows/libcompiler-rt.a \
  dlls/ucrtbase/x86_64-windows/libucrtbase.a dlls/kernel32/x86_64-windows/libkernel32.a \
  dlls/ntdll/x86_64-windows/libntdll.a --no-default-config -fms-hotpatch -Wl,-debug:dwarf
tools/winegcc/winegcc -o dlls/mstask/x86_64-windows/mstask.dll --wine-objdir . -b x86_64-windows -Wl,--wine-builtin -shared \
  /private/tmp/gptk4-wine11-source/dlls/mstask/mstask.spec dlls/mstask/x86_64-windows/factory.o \
  dlls/mstask/x86_64-windows/mstask_main.o dlls/mstask/x86_64-windows/task.o \
  dlls/mstask/x86_64-windows/task_scheduler.o dlls/mstask/x86_64-windows/task_trigger.o \
  dlls/mstask/x86_64-windows/atsvc_c.o dlls/mstask/x86_64-windows/mstask_local_r.res \
  dlls/rpcrt4/x86_64-windows/librpcrt4.a dlls/ole32/x86_64-windows/libole32.a \
  dlls/oleaut32/x86_64-windows/liboleaut32.a dlls/winecrt0/x86_64-windows/libwinecrt0.a \
  libs/compiler-rt/x86_64-windows/libcompiler-rt.a dlls/ucrtbase/x86_64-windows/libucrtbase.a \
  dlls/kernel32/x86_64-windows/libkernel32.a dlls/ntdll/x86_64-windows/libntdll.a --no-default-config -fms-hotpatch -Wl,-debug:dwarf
tools/winegcc/winegcc -o dlls/msttsengine/x86_64-windows/msttsengine.dll --wine-objdir . -b x86_64-windows -Wl,--wine-builtin -shared \
  /private/tmp/gptk4-wine11-source/dlls/msttsengine/msttsengine.spec \
  dlls/msttsengine/x86_64-windows/main.o dlls/msttsengine/x86_64-windows/tts.o \
  dlls/msttsengine/x86_64-windows/ttseng_classes_r.res dlls/ole32/x86_64-windows/libole32.a \
  dlls/winecrt0/x86_64-windows/libwinecrt0.a libs/compiler-rt/x86_64-windows/libcompiler-rt.a \
  dlls/ucrtbase/x86_64-windows/libucrtbase.a dlls/kernel32/x86_64-windows/libkernel32.a \
  dlls/ntdll/x86_64-windows/libntdll.a --no-default-config -fms-hotpatch -Wl,-debug:dwarf
tools/winegcc/winegcc -o dlls/msv1_0/x86_64-windows/msv1_0.dll --wine-objdir . -b x86_64-windows -Wl,--wine-builtin -shared \
  /private/tmp/gptk4-wine11-source/dlls/msv1_0/msv1_0.spec dlls/msv1_0/x86_64-windows/main.o \
  dlls/netapi32/x86_64-windows/libnetapi32.a dlls/advapi32/x86_64-windows/libadvapi32.a \
  dlls/winecrt0/x86_64-windows/libwinecrt0.a libs/compiler-rt/x86_64-windows/libcompiler-rt.a \
  dlls/ucrtbase/x86_64-windows/libucrtbase.a dlls/kernel32/x86_64-windows/libkernel32.a \
  dlls/ntdll/x86_64-windows/libntdll.a --no-default-config -fms-hotpatch -Wl,-debug:dwarf
tools/winegcc/winegcc -o dlls/msvcirt/x86_64-windows/msvcirt.dll --wine-objdir . -b x86_64-windows -Wl,--wine-builtin -shared \
  /private/tmp/gptk4-wine11-source/dlls/msvcirt/msvcirt.spec dlls/msvcirt/x86_64-windows/exception.o \
  dlls/msvcirt/x86_64-windows/msvcirt.o dlls/winecrt0/x86_64-windows/libwinecrt0.a \
  libs/compiler-rt/x86_64-windows/libcompiler-rt.a dlls/msvcrt/x86_64-windows/libmsvcrt.a \
  dlls/kernel32/x86_64-windows/libkernel32.a dlls/ntdll/x86_64-windows/libntdll.a --no-default-config -fms-hotpatch -Wl,-debug:dwarf
tools/winegcc/winegcc -o dlls/msvcm80/x86_64-windows/msvcm80.dll --wine-objdir . -b x86_64-windows -Wl,--wine-builtin -shared \
  /private/tmp/gptk4-wine11-source/dlls/msvcm80/msvcm80.spec -Wb,--prefer-native \
  dlls/msvcm80/x86_64-windows/msvcm_main.o dlls/winecrt0/x86_64-windows/libwinecrt0.a \
  libs/compiler-rt/x86_64-windows/libcompiler-rt.a dlls/ucrtbase/x86_64-windows/libucrtbase.a \
  dlls/kernel32/x86_64-windows/libkernel32.a dlls/ntdll/x86_64-windows/libntdll.a --no-default-config -fms-hotpatch -Wl,-debug:dwarf
tools/winegcc/winegcc -o dlls/msvcm90/x86_64-windows/msvcm90.dll --wine-objdir . -b x86_64-windows -Wl,--wine-builtin -shared \
  /private/tmp/gptk4-wine11-source/dlls/msvcm90/msvcm90.spec -Wb,--prefer-native \
  dlls/msvcm90/x86_64-windows/msvcm_main.o dlls/winecrt0/x86_64-windows/libwinecrt0.a \
  libs/compiler-rt/x86_64-windows/libcompiler-rt.a dlls/ucrtbase/x86_64-windows/libucrtbase.a \
  dlls/kernel32/x86_64-windows/libkernel32.a dlls/ntdll/x86_64-windows/libntdll.a --no-default-config -fms-hotpatch -Wl,-debug:dwarf
tools/winegcc/winegcc -o dlls/msvcp100/x86_64-windows/msvcp100.dll --wine-objdir . -b x86_64-windows -Wl,--wine-builtin -shared \
  /private/tmp/gptk4-wine11-source/dlls/msvcp100/msvcp100.spec \
  dlls/msvcp100/x86_64-windows/details.o dlls/msvcp100/x86_64-windows/exception.o \
  dlls/msvcp100/x86_64-windows/ios.o dlls/msvcp100/x86_64-windows/locale.o \
  dlls/msvcp100/x86_64-windows/math.o dlls/msvcp100/x86_64-windows/memory.o \
  dlls/msvcp100/x86_64-windows/misc.o dlls/msvcp100/x86_64-windows/msvcp_main.o \
  dlls/msvcp100/x86_64-windows/string.o dlls/winecrt0/x86_64-windows/libwinecrt0.a \
  libs/compiler-rt/x86_64-windows/libcompiler-rt.a dlls/msvcr100/x86_64-windows/libmsvcr100.a \
  dlls/kernel32/x86_64-windows/libkernel32.a dlls/ntdll/x86_64-windows/libntdll.a --no-default-config -fms-hotpatch -Wl,-debug:dwarf
tools/winegcc/winegcc -o dlls/msvcp110/x86_64-windows/msvcp110.dll --wine-objdir . -b x86_64-windows -Wl,--wine-builtin -shared \
  /private/tmp/gptk4-wine11-source/dlls/msvcp110/msvcp110.spec \
  dlls/msvcp110/x86_64-windows/details.o dlls/msvcp110/x86_64-windows/exception.o \
  dlls/msvcp110/x86_64-windows/ios.o dlls/msvcp110/x86_64-windows/locale.o \
  dlls/msvcp110/x86_64-windows/math.o dlls/msvcp110/x86_64-windows/memory.o \
  dlls/msvcp110/x86_64-windows/misc.o dlls/msvcp110/x86_64-windows/msvcp_main.o \
  dlls/msvcp110/x86_64-windows/string.o dlls/winecrt0/x86_64-windows/libwinecrt0.a \
  libs/compiler-rt/x86_64-windows/libcompiler-rt.a dlls/msvcr110/x86_64-windows/libmsvcr110.a \
  dlls/kernel32/x86_64-windows/libkernel32.a dlls/ntdll/x86_64-windows/libntdll.a --no-default-config -fms-hotpatch -Wl,-debug:dwarf
tools/winegcc/winegcc -o dlls/msvcp120/x86_64-windows/msvcp120.dll --wine-objdir . -b x86_64-windows -Wl,--wine-builtin -shared \
  /private/tmp/gptk4-wine11-source/dlls/msvcp120/msvcp120.spec \
  dlls/msvcp120/x86_64-windows/details.o dlls/msvcp120/x86_64-windows/exception.o \
  dlls/msvcp120/x86_64-windows/ios.o dlls/msvcp120/x86_64-windows/locale.o \
  dlls/msvcp120/x86_64-windows/math.o dlls/msvcp120/x86_64-windows/memory.o \
  dlls/msvcp120/x86_64-windows/misc.o dlls/msvcp120/x86_64-windows/msvcp_main.o \
  dlls/msvcp120/x86_64-windows/string.o dlls/winecrt0/x86_64-windows/libwinecrt0.a \
  libs/compiler-rt/x86_64-windows/libcompiler-rt.a dlls/msvcr120/x86_64-windows/libmsvcr120.a \
  dlls/kernel32/x86_64-windows/libkernel32.a dlls/ntdll/x86_64-windows/libntdll.a --no-default-config -fms-hotpatch -Wl,-debug:dwarf
tools/winegcc/winegcc -o dlls/msvcp120_app/x86_64-windows/msvcp120_app.dll --wine-objdir . -b x86_64-windows -Wl,--wine-builtin -shared \
  /private/tmp/gptk4-wine11-source/dlls/msvcp120_app/msvcp120_app.spec \
  dlls/winecrt0/x86_64-windows/libwinecrt0.a libs/compiler-rt/x86_64-windows/libcompiler-rt.a \
  dlls/ucrtbase/x86_64-windows/libucrtbase.a dlls/kernel32/x86_64-windows/libkernel32.a \
  dlls/ntdll/x86_64-windows/libntdll.a --no-default-config -fms-hotpatch -Wl,-debug:dwarf
tools/winegcc/winegcc -o dlls/msvcp140/x86_64-windows/msvcp140.dll --wine-objdir . -b x86_64-windows -Wl,--wine-builtin -shared \
  /private/tmp/gptk4-wine11-source/dlls/msvcp140/msvcp140.spec \
  dlls/msvcp140/x86_64-windows/details.o dlls/msvcp140/x86_64-windows/exception.o \
  dlls/msvcp140/x86_64-windows/ios.o dlls/msvcp140/x86_64-windows/locale.o \
  dlls/msvcp140/x86_64-windows/math.o dlls/msvcp140/x86_64-windows/memory.o \
  dlls/msvcp140/x86_64-windows/misc.o dlls/msvcp140/x86_64-windows/msvcp_main.o \
  dlls/msvcp140/x86_64-windows/string.o dlls/msvcp140/version.res \
  dlls/vcruntime140/x86_64-windows/libvcruntime140.a dlls/winecrt0/x86_64-windows/libwinecrt0.a \
  libs/compiler-rt/x86_64-windows/libcompiler-rt.a dlls/ucrtbase/x86_64-windows/libucrtbase.a \
  dlls/kernel32/x86_64-windows/libkernel32.a dlls/ntdll/x86_64-windows/libntdll.a --no-default-config -fms-hotpatch -Wl,-debug:dwarf
tools/winegcc/winegcc -o dlls/msvcp140_1/x86_64-windows/msvcp140_1.dll --wine-objdir . -b x86_64-windows -Wl,--wine-builtin -shared \
  /private/tmp/gptk4-wine11-source/dlls/msvcp140_1/msvcp140_1.spec \
  dlls/msvcp140_1/x86_64-windows/msvcp140_1.o dlls/winecrt0/x86_64-windows/libwinecrt0.a \
  libs/compiler-rt/x86_64-windows/libcompiler-rt.a dlls/ucrtbase/x86_64-windows/libucrtbase.a \
  dlls/kernel32/x86_64-windows/libkernel32.a dlls/ntdll/x86_64-windows/libntdll.a --no-default-config -fms-hotpatch -Wl,-debug:dwarf
tools/winegcc/winegcc -o dlls/msvcp140_2/x86_64-windows/msvcp140_2.dll --wine-objdir . -b x86_64-windows -Wl,--wine-builtin -shared \
  /private/tmp/gptk4-wine11-source/dlls/msvcp140_2/msvcp140_2.spec \
  dlls/msvcp140_2/x86_64-windows/math.o dlls/msvcp140_2/version.res \
  dlls/winecrt0/x86_64-windows/libwinecrt0.a libs/compiler-rt/x86_64-windows/libcompiler-rt.a \
  dlls/ucrtbase/x86_64-windows/libucrtbase.a dlls/kernel32/x86_64-windows/libkernel32.a \
  dlls/ntdll/x86_64-windows/libntdll.a --no-default-config -fms-hotpatch -Wl,-debug:dwarf
tools/winegcc/winegcc -o dlls/msvcp140_atomic_wait/x86_64-windows/msvcp140_atomic_wait.dll --wine-objdir . -b x86_64-windows -Wl,--wine-builtin -shared \
  /private/tmp/gptk4-wine11-source/dlls/msvcp140_atomic_wait/msvcp140_atomic_wait.spec \
  dlls/msvcp140_atomic_wait/x86_64-windows/main.o dlls/kernelbase/x86_64-windows/libkernelbase.a \
  dlls/msvcp140/x86_64-windows/libmsvcp140.a dlls/winecrt0/x86_64-windows/libwinecrt0.a \
  libs/compiler-rt/x86_64-windows/libcompiler-rt.a dlls/ucrtbase/x86_64-windows/libucrtbase.a \
  dlls/kernel32/x86_64-windows/libkernel32.a dlls/ntdll/x86_64-windows/libntdll.a --no-default-config -fms-hotpatch -Wl,-debug:dwarf
tools/winegcc/winegcc -o dlls/msvcp140_codecvt_ids/x86_64-windows/msvcp140_codecvt_ids.dll --wine-objdir . -b x86_64-windows -Wl,--wine-builtin -shared \
  /private/tmp/gptk4-wine11-source/dlls/msvcp140_codecvt_ids/msvcp140_codecvt_ids.spec \
  dlls/msvcp140_codecvt_ids/x86_64-windows/main.o dlls/winecrt0/x86_64-windows/libwinecrt0.a \
  libs/compiler-rt/x86_64-windows/libcompiler-rt.a dlls/ucrtbase/x86_64-windows/libucrtbase.a \
  dlls/kernel32/x86_64-windows/libkernel32.a dlls/ntdll/x86_64-windows/libntdll.a --no-default-config -fms-hotpatch -Wl,-debug:dwarf
tools/winegcc/winegcc -o dlls/msvcp60/x86_64-windows/msvcp60.dll --wine-objdir . -b x86_64-windows -Wl,--wine-builtin -shared \
  /private/tmp/gptk4-wine11-source/dlls/msvcp60/msvcp60.spec -Wb,--prefer-native \
  dlls/msvcp60/x86_64-windows/exception.o dlls/msvcp60/x86_64-windows/ios.o \
  dlls/msvcp60/x86_64-windows/locale.o dlls/msvcp60/x86_64-windows/main.o \
  dlls/msvcp60/x86_64-windows/math.o dlls/msvcp60/x86_64-windows/memory.o \
  dlls/msvcp60/x86_64-windows/misc.o dlls/msvcp60/x86_64-windows/string.o \
  dlls/winecrt0/x86_64-windows/libwinecrt0.a libs/compiler-rt/x86_64-windows/libcompiler-rt.a \
  dlls/msvcrt/x86_64-windows/libmsvcrt.a dlls/kernel32/x86_64-windows/libkernel32.a \
  dlls/ntdll/x86_64-windows/libntdll.a --no-default-config -fms-hotpatch -Wl,-debug:dwarf
tools/winegcc/winegcc -o dlls/msvcp70/x86_64-windows/msvcp70.dll --wine-objdir . -b x86_64-windows -Wl,--wine-builtin -shared \
  /private/tmp/gptk4-wine11-source/dlls/msvcp70/msvcp70.spec dlls/msvcp70/x86_64-windows/exception.o \
  dlls/msvcp70/x86_64-windows/ios.o dlls/msvcp70/x86_64-windows/locale.o \
  dlls/msvcp70/x86_64-windows/math.o dlls/msvcp70/x86_64-windows/memory.o \
  dlls/msvcp70/x86_64-windows/misc.o dlls/msvcp70/x86_64-windows/msvcp_main.o \
  dlls/msvcp70/x86_64-windows/string.o dlls/winecrt0/x86_64-windows/libwinecrt0.a \
  libs/compiler-rt/x86_64-windows/libcompiler-rt.a dlls/msvcr70/x86_64-windows/libmsvcr70.a \
  dlls/kernel32/x86_64-windows/libkernel32.a dlls/ntdll/x86_64-windows/libntdll.a --no-default-config -fms-hotpatch -Wl,-debug:dwarf
tools/winegcc/winegcc -o dlls/msvcp71/x86_64-windows/msvcp71.dll --wine-objdir . -b x86_64-windows -Wl,--wine-builtin -shared \
  /private/tmp/gptk4-wine11-source/dlls/msvcp71/msvcp71.spec dlls/msvcp71/x86_64-windows/exception.o \
  dlls/msvcp71/x86_64-windows/ios.o dlls/msvcp71/x86_64-windows/locale.o \
  dlls/msvcp71/x86_64-windows/math.o dlls/msvcp71/x86_64-windows/memory.o \
  dlls/msvcp71/x86_64-windows/misc.o dlls/msvcp71/x86_64-windows/msvcp_main.o \
  dlls/msvcp71/x86_64-windows/string.o dlls/winecrt0/x86_64-windows/libwinecrt0.a \
  libs/compiler-rt/x86_64-windows/libcompiler-rt.a dlls/msvcr71/x86_64-windows/libmsvcr71.a \
  dlls/kernel32/x86_64-windows/libkernel32.a dlls/ntdll/x86_64-windows/libntdll.a --no-default-config -fms-hotpatch -Wl,-debug:dwarf
tools/winegcc/winegcc -o dlls/msvcp80/x86_64-windows/msvcp80.dll --wine-objdir . -b x86_64-windows -Wl,--wine-builtin -shared \
  /private/tmp/gptk4-wine11-source/dlls/msvcp80/msvcp80.spec dlls/msvcp80/x86_64-windows/exception.o \
  dlls/msvcp80/x86_64-windows/ios.o dlls/msvcp80/x86_64-windows/locale.o \
  dlls/msvcp80/x86_64-windows/math.o dlls/msvcp80/x86_64-windows/memory.o \
  dlls/msvcp80/x86_64-windows/misc.o dlls/msvcp80/x86_64-windows/msvcp_main.o \
  dlls/msvcp80/x86_64-windows/string.o dlls/winecrt0/x86_64-windows/libwinecrt0.a \
  libs/compiler-rt/x86_64-windows/libcompiler-rt.a dlls/msvcr80/x86_64-windows/libmsvcr80.a \
  dlls/kernel32/x86_64-windows/libkernel32.a dlls/ntdll/x86_64-windows/libntdll.a --no-default-config -fms-hotpatch -Wl,-debug:dwarf
tools/winegcc/winegcc -o dlls/msvcp90/x86_64-windows/msvcp90.dll --wine-objdir . -b x86_64-windows -Wl,--wine-builtin -shared \
  /private/tmp/gptk4-wine11-source/dlls/msvcp90/msvcp90.spec dlls/msvcp90/x86_64-windows/details.o \
  dlls/msvcp90/x86_64-windows/exception.o dlls/msvcp90/x86_64-windows/ios.o \
  dlls/msvcp90/x86_64-windows/locale.o dlls/msvcp90/x86_64-windows/math.o \
  dlls/msvcp90/x86_64-windows/memory.o dlls/msvcp90/x86_64-windows/misc.o \
  dlls/msvcp90/x86_64-windows/msvcp_main.o dlls/msvcp90/x86_64-windows/string.o \
  dlls/winecrt0/x86_64-windows/libwinecrt0.a libs/compiler-rt/x86_64-windows/libcompiler-rt.a \
  dlls/msvcr90/x86_64-windows/libmsvcr90.a dlls/kernel32/x86_64-windows/libkernel32.a \
  dlls/ntdll/x86_64-windows/libntdll.a --no-default-config -fms-hotpatch -Wl,-debug:dwarf
tools/winegcc/winegcc -o dlls/msvcp_win/x86_64-windows/msvcp_win.dll --wine-objdir . -b x86_64-windows -Wl,--wine-builtin -shared \
  /private/tmp/gptk4-wine11-source/dlls/msvcp_win/msvcp_win.spec \
  dlls/winecrt0/x86_64-windows/libwinecrt0.a libs/compiler-rt/x86_64-windows/libcompiler-rt.a \
  dlls/ucrtbase/x86_64-windows/libucrtbase.a dlls/kernel32/x86_64-windows/libkernel32.a \
  dlls/ntdll/x86_64-windows/libntdll.a --no-default-config -fms-hotpatch -Wl,-debug:dwarf
tools/winegcc/winegcc -o dlls/msvcr100/x86_64-windows/msvcr100.dll --wine-objdir . -b x86_64-windows -Wl,--wine-builtin -shared \
  /private/tmp/gptk4-wine11-source/dlls/msvcr100/msvcr100.spec \
  dlls/msvcr100/x86_64-windows/concurrency.o dlls/msvcr100/x86_64-windows/console.o \
  dlls/msvcr100/x86_64-windows/cpp.o dlls/msvcr100/x86_64-windows/ctype.o \
  dlls/msvcr100/x86_64-windows/data.o dlls/msvcr100/x86_64-windows/dir.o \
  dlls/msvcr100/x86_64-windows/environ.o dlls/msvcr100/x86_64-windows/errno.o \
  dlls/msvcr100/x86_64-windows/except.o dlls/msvcr100/x86_64-windows/except_arm.o \
  dlls/msvcr100/x86_64-windows/except_arm64.o dlls/msvcr100/x86_64-windows/except_arm64ec.o \
  dlls/msvcr100/x86_64-windows/except_i386.o dlls/msvcr100/x86_64-windows/except_x86_64.o \
  dlls/msvcr100/x86_64-windows/exception_ptr.o dlls/msvcr100/x86_64-windows/exit.o \
  dlls/msvcr100/x86_64-windows/file.o dlls/msvcr100/x86_64-windows/heap.o \
  dlls/msvcr100/x86_64-windows/locale.o dlls/msvcr100/x86_64-windows/lock.o \
  dlls/msvcr100/x86_64-windows/main.o dlls/msvcr100/x86_64-windows/math.o \
  dlls/msvcr100/x86_64-windows/mbcs.o dlls/msvcr100/x86_64-windows/misc.o \
  dlls/msvcr100/x86_64-windows/process.o dlls/msvcr100/x86_64-windows/scanf.o \
  dlls/msvcr100/x86_64-windows/string.o dlls/msvcr100/x86_64-windows/thread.o \
  dlls/msvcr100/x86_64-windows/time.o dlls/msvcr100/x86_64-windows/undname.o \
  dlls/msvcr100/x86_64-windows/wcs.o dlls/msvcr100/rsrc.res libs/musl/x86_64-windows/libmusl.a \
  dlls/ntdll/x86_64-windows/libntdll.a dlls/advapi32/x86_64-windows/libadvapi32.a \
  dlls/user32/x86_64-windows/libuser32.a dlls/winecrt0/x86_64-windows/libwinecrt0.a \
  libs/compiler-rt/x86_64-windows/libcompiler-rt.a dlls/kernel32/x86_64-windows/libkernel32.a \
  dlls/ntdll/x86_64-windows/libntdll.a -Wl,-delayload,advapi32.dll -Wl,-delayload,user32.dll \
  --no-default-config -fms-hotpatch -Wl,-debug:dwarf
tools/winegcc/winegcc -o dlls/msvcr110/x86_64-windows/msvcr110.dll --wine-objdir . -b x86_64-windows -Wl,--wine-builtin -shared \
  /private/tmp/gptk4-wine11-source/dlls/msvcr110/msvcr110.spec \
  dlls/msvcr110/x86_64-windows/concurrency.o dlls/msvcr110/x86_64-windows/console.o \
  dlls/msvcr110/x86_64-windows/cpp.o dlls/msvcr110/x86_64-windows/ctype.o \
  dlls/msvcr110/x86_64-windows/data.o dlls/msvcr110/x86_64-windows/dir.o \
  dlls/msvcr110/x86_64-windows/environ.o dlls/msvcr110/x86_64-windows/errno.o \
  dlls/msvcr110/x86_64-windows/except.o dlls/msvcr110/x86_64-windows/except_arm.o \
  dlls/msvcr110/x86_64-windows/except_arm64.o dlls/msvcr110/x86_64-windows/except_arm64ec.o \
  dlls/msvcr110/x86_64-windows/except_i386.o dlls/msvcr110/x86_64-windows/except_x86_64.o \
  dlls/msvcr110/x86_64-windows/exception_ptr.o dlls/msvcr110/x86_64-windows/exit.o \
  dlls/msvcr110/x86_64-windows/file.o dlls/msvcr110/x86_64-windows/heap.o \
  dlls/msvcr110/x86_64-windows/locale.o dlls/msvcr110/x86_64-windows/lock.o \
  dlls/msvcr110/x86_64-windows/main.o dlls/msvcr110/x86_64-windows/math.o \
  dlls/msvcr110/x86_64-windows/mbcs.o dlls/msvcr110/x86_64-windows/misc.o \
  dlls/msvcr110/x86_64-windows/process.o dlls/msvcr110/x86_64-windows/scanf.o \
  dlls/msvcr110/x86_64-windows/string.o dlls/msvcr110/x86_64-windows/thread.o \
  dlls/msvcr110/x86_64-windows/time.o dlls/msvcr110/x86_64-windows/undname.o \
  dlls/msvcr110/x86_64-windows/wcs.o libs/musl/x86_64-windows/libmusl.a \
  dlls/ntdll/x86_64-windows/libntdll.a dlls/advapi32/x86_64-windows/libadvapi32.a \
  dlls/user32/x86_64-windows/libuser32.a dlls/winecrt0/x86_64-windows/libwinecrt0.a \
  libs/compiler-rt/x86_64-windows/libcompiler-rt.a dlls/kernel32/x86_64-windows/libkernel32.a \
  dlls/ntdll/x86_64-windows/libntdll.a -Wl,-delayload,advapi32.dll -Wl,-delayload,user32.dll \
  --no-default-config -fms-hotpatch -Wl,-debug:dwarf
tools/winegcc/winegcc -o dlls/msvcr120/x86_64-windows/msvcr120.dll --wine-objdir . -b x86_64-windows -Wl,--wine-builtin -shared \
  /private/tmp/gptk4-wine11-source/dlls/msvcr120/msvcr120.spec \
  dlls/msvcr120/x86_64-windows/concurrency.o dlls/msvcr120/x86_64-windows/console.o \
  dlls/msvcr120/x86_64-windows/cpp.o dlls/msvcr120/x86_64-windows/ctype.o \
  dlls/msvcr120/x86_64-windows/data.o dlls/msvcr120/x86_64-windows/dir.o \
  dlls/msvcr120/x86_64-windows/environ.o dlls/msvcr120/x86_64-windows/errno.o \
  dlls/msvcr120/x86_64-windows/except.o dlls/msvcr120/x86_64-windows/except_arm.o \
  dlls/msvcr120/x86_64-windows/except_arm64.o dlls/msvcr120/x86_64-windows/except_arm64ec.o \
  dlls/msvcr120/x86_64-windows/except_i386.o dlls/msvcr120/x86_64-windows/except_x86_64.o \
  dlls/msvcr120/x86_64-windows/exception_ptr.o dlls/msvcr120/x86_64-windows/exit.o \
  dlls/msvcr120/x86_64-windows/file.o dlls/msvcr120/x86_64-windows/heap.o \
  dlls/msvcr120/x86_64-windows/locale.o dlls/msvcr120/x86_64-windows/lock.o \
  dlls/msvcr120/x86_64-windows/main.o dlls/msvcr120/x86_64-windows/math.o \
  dlls/msvcr120/x86_64-windows/mbcs.o dlls/msvcr120/x86_64-windows/misc.o \
  dlls/msvcr120/x86_64-windows/process.o dlls/msvcr120/x86_64-windows/scanf.o \
  dlls/msvcr120/x86_64-windows/string.o dlls/msvcr120/x86_64-windows/thread.o \
  dlls/msvcr120/x86_64-windows/time.o dlls/msvcr120/x86_64-windows/undname.o \
  dlls/msvcr120/x86_64-windows/wcs.o dlls/msvcr120/version.res libs/musl/x86_64-windows/libmusl.a \
  dlls/ntdll/x86_64-windows/libntdll.a dlls/advapi32/x86_64-windows/libadvapi32.a \
  dlls/user32/x86_64-windows/libuser32.a dlls/winecrt0/x86_64-windows/libwinecrt0.a \
  libs/compiler-rt/x86_64-windows/libcompiler-rt.a dlls/kernel32/x86_64-windows/libkernel32.a \
  dlls/ntdll/x86_64-windows/libntdll.a -Wl,-delayload,advapi32.dll -Wl,-delayload,user32.dll \
  --no-default-config -fms-hotpatch -Wl,-debug:dwarf
tools/winegcc/winegcc -o dlls/msvcr120_app/x86_64-windows/msvcr120_app.dll --wine-objdir . -b x86_64-windows -Wl,--wine-builtin -shared \
  /private/tmp/gptk4-wine11-source/dlls/msvcr120_app/msvcr120_app.spec \
  dlls/winecrt0/x86_64-windows/libwinecrt0.a libs/compiler-rt/x86_64-windows/libcompiler-rt.a \
  dlls/kernel32/x86_64-windows/libkernel32.a dlls/ntdll/x86_64-windows/libntdll.a --no-default-config -fms-hotpatch -Wl,-debug:dwarf
tools/winegcc/winegcc -o dlls/msvcr70/x86_64-windows/msvcr70.dll --wine-objdir . -b x86_64-windows -Wl,--wine-builtin -shared \
  /private/tmp/gptk4-wine11-source/dlls/msvcr70/msvcr70.spec dlls/msvcr70/x86_64-windows/console.o \
  dlls/msvcr70/x86_64-windows/cpp.o dlls/msvcr70/x86_64-windows/ctype.o \
  dlls/msvcr70/x86_64-windows/data.o dlls/msvcr70/x86_64-windows/dir.o \
  dlls/msvcr70/x86_64-windows/environ.o dlls/msvcr70/x86_64-windows/errno.o \
  dlls/msvcr70/x86_64-windows/except.o dlls/msvcr70/x86_64-windows/except_arm.o \
  dlls/msvcr70/x86_64-windows/except_arm64.o dlls/msvcr70/x86_64-windows/except_arm64ec.o \
  dlls/msvcr70/x86_64-windows/except_i386.o dlls/msvcr70/x86_64-windows/except_x86_64.o \
  dlls/msvcr70/x86_64-windows/exception_ptr.o dlls/msvcr70/x86_64-windows/exit.o \
  dlls/msvcr70/x86_64-windows/file.o dlls/msvcr70/x86_64-windows/heap.o \
  dlls/msvcr70/x86_64-windows/locale.o dlls/msvcr70/x86_64-windows/lock.o \
  dlls/msvcr70/x86_64-windows/main.o dlls/msvcr70/x86_64-windows/math.o \
  dlls/msvcr70/x86_64-windows/mbcs.o dlls/msvcr70/x86_64-windows/misc.o \
  dlls/msvcr70/x86_64-windows/process.o dlls/msvcr70/x86_64-windows/scanf.o \
  dlls/msvcr70/x86_64-windows/string.o dlls/msvcr70/x86_64-windows/thread.o \
  dlls/msvcr70/x86_64-windows/time.o dlls/msvcr70/x86_64-windows/undname.o \
  dlls/msvcr70/x86_64-windows/wcs.o libs/musl/x86_64-windows/libmusl.a \
  dlls/ntdll/x86_64-windows/libntdll.a dlls/advapi32/x86_64-windows/libadvapi32.a \
  dlls/user32/x86_64-windows/libuser32.a dlls/winecrt0/x86_64-windows/libwinecrt0.a \
  libs/compiler-rt/x86_64-windows/libcompiler-rt.a dlls/kernel32/x86_64-windows/libkernel32.a \
  dlls/ntdll/x86_64-windows/libntdll.a -Wl,-delayload,advapi32.dll -Wl,-delayload,user32.dll \
  --no-default-config -fms-hotpatch -Wl,-debug:dwarf
tools/winegcc/winegcc -o dlls/msvcr71/x86_64-windows/msvcr71.dll --wine-objdir . -b x86_64-windows -Wl,--wine-builtin -shared \
  /private/tmp/gptk4-wine11-source/dlls/msvcr71/msvcr71.spec dlls/msvcr71/x86_64-windows/console.o \
  dlls/msvcr71/x86_64-windows/cpp.o dlls/msvcr71/x86_64-windows/ctype.o \
  dlls/msvcr71/x86_64-windows/data.o dlls/msvcr71/x86_64-windows/dir.o \
  dlls/msvcr71/x86_64-windows/environ.o dlls/msvcr71/x86_64-windows/errno.o \
  dlls/msvcr71/x86_64-windows/except.o dlls/msvcr71/x86_64-windows/except_arm.o \
  dlls/msvcr71/x86_64-windows/except_arm64.o dlls/msvcr71/x86_64-windows/except_arm64ec.o \
  dlls/msvcr71/x86_64-windows/except_i386.o dlls/msvcr71/x86_64-windows/except_x86_64.o \
  dlls/msvcr71/x86_64-windows/exception_ptr.o dlls/msvcr71/x86_64-windows/exit.o \
  dlls/msvcr71/x86_64-windows/file.o dlls/msvcr71/x86_64-windows/heap.o \
  dlls/msvcr71/x86_64-windows/locale.o dlls/msvcr71/x86_64-windows/lock.o \
  dlls/msvcr71/x86_64-windows/main.o dlls/msvcr71/x86_64-windows/math.o \
  dlls/msvcr71/x86_64-windows/mbcs.o dlls/msvcr71/x86_64-windows/misc.o \
  dlls/msvcr71/x86_64-windows/process.o dlls/msvcr71/x86_64-windows/scanf.o \
  dlls/msvcr71/x86_64-windows/string.o dlls/msvcr71/x86_64-windows/thread.o \
  dlls/msvcr71/x86_64-windows/time.o dlls/msvcr71/x86_64-windows/undname.o \
  dlls/msvcr71/x86_64-windows/wcs.o libs/musl/x86_64-windows/libmusl.a \
  dlls/ntdll/x86_64-windows/libntdll.a dlls/advapi32/x86_64-windows/libadvapi32.a \
  dlls/user32/x86_64-windows/libuser32.a dlls/winecrt0/x86_64-windows/libwinecrt0.a \
  libs/compiler-rt/x86_64-windows/libcompiler-rt.a dlls/kernel32/x86_64-windows/libkernel32.a \
  dlls/ntdll/x86_64-windows/libntdll.a -Wl,-delayload,advapi32.dll -Wl,-delayload,user32.dll \
  --no-default-config -fms-hotpatch -Wl,-debug:dwarf
tools/winegcc/winegcc -o dlls/msvcr80/x86_64-windows/msvcr80.dll --wine-objdir . -b x86_64-windows -Wl,--wine-builtin -shared \
  /private/tmp/gptk4-wine11-source/dlls/msvcr80/msvcr80.spec dlls/msvcr80/x86_64-windows/console.o \
  dlls/msvcr80/x86_64-windows/cpp.o dlls/msvcr80/x86_64-windows/ctype.o \
  dlls/msvcr80/x86_64-windows/data.o dlls/msvcr80/x86_64-windows/dir.o \
  dlls/msvcr80/x86_64-windows/environ.o dlls/msvcr80/x86_64-windows/errno.o \
  dlls/msvcr80/x86_64-windows/except.o dlls/msvcr80/x86_64-windows/except_arm.o \
  dlls/msvcr80/x86_64-windows/except_arm64.o dlls/msvcr80/x86_64-windows/except_arm64ec.o \
  dlls/msvcr80/x86_64-windows/except_i386.o dlls/msvcr80/x86_64-windows/except_x86_64.o \
  dlls/msvcr80/x86_64-windows/exception_ptr.o dlls/msvcr80/x86_64-windows/exit.o \
  dlls/msvcr80/x86_64-windows/file.o dlls/msvcr80/x86_64-windows/heap.o \
  dlls/msvcr80/x86_64-windows/locale.o dlls/msvcr80/x86_64-windows/lock.o \
  dlls/msvcr80/x86_64-windows/main.o dlls/msvcr80/x86_64-windows/math.o \
  dlls/msvcr80/x86_64-windows/mbcs.o dlls/msvcr80/x86_64-windows/misc.o \
  dlls/msvcr80/x86_64-windows/process.o dlls/msvcr80/x86_64-windows/scanf.o \
  dlls/msvcr80/x86_64-windows/string.o dlls/msvcr80/x86_64-windows/thread.o \
  dlls/msvcr80/x86_64-windows/time.o dlls/msvcr80/x86_64-windows/undname.o \
  dlls/msvcr80/x86_64-windows/wcs.o dlls/msvcr80/msvcr80.res libs/musl/x86_64-windows/libmusl.a \
  dlls/ntdll/x86_64-windows/libntdll.a dlls/advapi32/x86_64-windows/libadvapi32.a \
  dlls/user32/x86_64-windows/libuser32.a dlls/winecrt0/x86_64-windows/libwinecrt0.a \
  libs/compiler-rt/x86_64-windows/libcompiler-rt.a dlls/kernel32/x86_64-windows/libkernel32.a \
  dlls/ntdll/x86_64-windows/libntdll.a -Wl,-delayload,advapi32.dll -Wl,-delayload,user32.dll \
  --no-default-config -fms-hotpatch -Wl,-debug:dwarf
tools/winegcc/winegcc -o dlls/msvcr90/x86_64-windows/msvcr90.dll --wine-objdir . -b x86_64-windows -Wl,--wine-builtin -shared \
  /private/tmp/gptk4-wine11-source/dlls/msvcr90/msvcr90.spec dlls/msvcr90/x86_64-windows/console.o \
  dlls/msvcr90/x86_64-windows/cpp.o dlls/msvcr90/x86_64-windows/ctype.o \
  dlls/msvcr90/x86_64-windows/data.o dlls/msvcr90/x86_64-windows/dir.o \
  dlls/msvcr90/x86_64-windows/environ.o dlls/msvcr90/x86_64-windows/errno.o \
  dlls/msvcr90/x86_64-windows/except.o dlls/msvcr90/x86_64-windows/except_arm.o \
  dlls/msvcr90/x86_64-windows/except_arm64.o dlls/msvcr90/x86_64-windows/except_arm64ec.o \
  dlls/msvcr90/x86_64-windows/except_i386.o dlls/msvcr90/x86_64-windows/except_x86_64.o \
  dlls/msvcr90/x86_64-windows/exception_ptr.o dlls/msvcr90/x86_64-windows/exit.o \
  dlls/msvcr90/x86_64-windows/file.o dlls/msvcr90/x86_64-windows/heap.o \
  dlls/msvcr90/x86_64-windows/locale.o dlls/msvcr90/x86_64-windows/lock.o \
  dlls/msvcr90/x86_64-windows/main.o dlls/msvcr90/x86_64-windows/math.o \
  dlls/msvcr90/x86_64-windows/mbcs.o dlls/msvcr90/x86_64-windows/misc.o \
  dlls/msvcr90/x86_64-windows/process.o dlls/msvcr90/x86_64-windows/scanf.o \
  dlls/msvcr90/x86_64-windows/string.o dlls/msvcr90/x86_64-windows/thread.o \
  dlls/msvcr90/x86_64-windows/time.o dlls/msvcr90/x86_64-windows/undname.o \
  dlls/msvcr90/x86_64-windows/wcs.o dlls/msvcr90/msvcr90.res libs/musl/x86_64-windows/libmusl.a \
  dlls/ntdll/x86_64-windows/libntdll.a dlls/advapi32/x86_64-windows/libadvapi32.a \
  dlls/user32/x86_64-windows/libuser32.a dlls/winecrt0/x86_64-windows/libwinecrt0.a \
  libs/compiler-rt/x86_64-windows/libcompiler-rt.a dlls/kernel32/x86_64-windows/libkernel32.a \
  dlls/ntdll/x86_64-windows/libntdll.a -Wl,-delayload,advapi32.dll -Wl,-delayload,user32.dll \
  --no-default-config -fms-hotpatch -Wl,-debug:dwarf
tools/winegcc/winegcc -o dlls/msvcrt/x86_64-windows/msvcrt.dll --wine-objdir . -b x86_64-windows -Wl,--wine-builtin -shared \
  /private/tmp/gptk4-wine11-source/dlls/msvcrt/msvcrt.spec dlls/msvcrt/x86_64-windows/concurrency.o \
  dlls/msvcrt/x86_64-windows/console.o dlls/msvcrt/x86_64-windows/cpp.o \
  dlls/msvcrt/x86_64-windows/ctype.o dlls/msvcrt/x86_64-windows/data.o \
  dlls/msvcrt/x86_64-windows/dir.o dlls/msvcrt/x86_64-windows/environ.o \
  dlls/msvcrt/x86_64-windows/errno.o dlls/msvcrt/x86_64-windows/except.o \
  dlls/msvcrt/x86_64-windows/except_arm.o dlls/msvcrt/x86_64-windows/except_arm64.o \
  dlls/msvcrt/x86_64-windows/except_arm64ec.o dlls/msvcrt/x86_64-windows/except_i386.o \
  dlls/msvcrt/x86_64-windows/except_x86_64.o dlls/msvcrt/x86_64-windows/exception_ptr.o \
  dlls/msvcrt/x86_64-windows/exit.o dlls/msvcrt/x86_64-windows/file.o \
  dlls/msvcrt/x86_64-windows/handler4.o dlls/msvcrt/x86_64-windows/heap.o \
  dlls/msvcrt/x86_64-windows/locale.o dlls/msvcrt/x86_64-windows/lock.o \
  dlls/msvcrt/x86_64-windows/main.o dlls/msvcrt/x86_64-windows/math.o \
  dlls/msvcrt/x86_64-windows/mbcs.o dlls/msvcrt/x86_64-windows/misc.o \
  dlls/msvcrt/x86_64-windows/process.o dlls/msvcrt/x86_64-windows/scanf.o \
  dlls/msvcrt/x86_64-windows/string.o dlls/msvcrt/x86_64-windows/thread.o \
  dlls/msvcrt/x86_64-windows/time.o dlls/msvcrt/x86_64-windows/undname.o \
  dlls/msvcrt/x86_64-windows/wcs.o dlls/msvcrt/rsrc.res libs/musl/x86_64-windows/libmusl.a \
  dlls/ntdll/x86_64-windows/libntdll.a dlls/advapi32/x86_64-windows/libadvapi32.a \
  dlls/user32/x86_64-windows/libuser32.a dlls/winecrt0/x86_64-windows/libwinecrt0.a \
  libs/compiler-rt/x86_64-windows/libcompiler-rt.a dlls/kernel32/x86_64-windows/libkernel32.a \
  dlls/ntdll/x86_64-windows/libntdll.a -Wl,-delayload,advapi32.dll -Wl,-delayload,user32.dll \
  --no-default-config -fms-hotpatch -Wl,-debug:dwarf
tools/winegcc/winegcc -o dlls/msvcrt20/x86_64-windows/msvcrt20.dll --wine-objdir . -b x86_64-windows -Wl,--wine-builtin -shared \
  /private/tmp/gptk4-wine11-source/dlls/msvcrt20/msvcrt20.spec \
  dlls/msvcrt20/x86_64-windows/msvcrt20.o dlls/winecrt0/x86_64-windows/libwinecrt0.a \
  libs/compiler-rt/x86_64-windows/libcompiler-rt.a dlls/msvcrt/x86_64-windows/libmsvcrt.a \
  dlls/kernel32/x86_64-windows/libkernel32.a dlls/ntdll/x86_64-windows/libntdll.a --no-default-config -fms-hotpatch -Wl,-debug:dwarf
tools/winegcc/winegcc -o dlls/msvcrt40/x86_64-windows/msvcrt40.dll --wine-objdir . -b x86_64-windows -Wl,--wine-builtin -shared \
  /private/tmp/gptk4-wine11-source/dlls/msvcrt40/msvcrt40.spec \
  dlls/winecrt0/x86_64-windows/libwinecrt0.a libs/compiler-rt/x86_64-windows/libcompiler-rt.a \
  dlls/kernel32/x86_64-windows/libkernel32.a dlls/ntdll/x86_64-windows/libntdll.a --no-default-config -fms-hotpatch -Wl,-debug:dwarf
tools/winegcc/winegcc -o dlls/msvcrtd/x86_64-windows/msvcrtd.dll --wine-objdir . -b x86_64-windows -Wl,--wine-builtin -shared \
  /private/tmp/gptk4-wine11-source/dlls/msvcrtd/msvcrtd.spec dlls/msvcrtd/x86_64-windows/console.o \
  dlls/msvcrtd/x86_64-windows/cpp.o dlls/msvcrtd/x86_64-windows/ctype.o \
  dlls/msvcrtd/x86_64-windows/data.o dlls/msvcrtd/x86_64-windows/debug.o \
  dlls/msvcrtd/x86_64-windows/dir.o dlls/msvcrtd/x86_64-windows/environ.o \
  dlls/msvcrtd/x86_64-windows/errno.o dlls/msvcrtd/x86_64-windows/except.o \
  dlls/msvcrtd/x86_64-windows/except_arm.o dlls/msvcrtd/x86_64-windows/except_arm64.o \
  dlls/msvcrtd/x86_64-windows/except_arm64ec.o dlls/msvcrtd/x86_64-windows/except_i386.o \
  dlls/msvcrtd/x86_64-windows/except_x86_64.o dlls/msvcrtd/x86_64-windows/exception_ptr.o \
  dlls/msvcrtd/x86_64-windows/exit.o dlls/msvcrtd/x86_64-windows/file.o \
  dlls/msvcrtd/x86_64-windows/heap.o dlls/msvcrtd/x86_64-windows/locale.o \
  dlls/msvcrtd/x86_64-windows/lock.o dlls/msvcrtd/x86_64-windows/main.o \
  dlls/msvcrtd/x86_64-windows/math.o dlls/msvcrtd/x86_64-windows/mbcs.o \
  dlls/msvcrtd/x86_64-windows/misc.o dlls/msvcrtd/x86_64-windows/process.o \
  dlls/msvcrtd/x86_64-windows/scanf.o dlls/msvcrtd/x86_64-windows/string.o \
  dlls/msvcrtd/x86_64-windows/thread.o dlls/msvcrtd/x86_64-windows/time.o \
  dlls/msvcrtd/x86_64-windows/undname.o dlls/msvcrtd/x86_64-windows/wcs.o \
  libs/musl/x86_64-windows/libmusl.a dlls/ntdll/x86_64-windows/libntdll.a \
  dlls/advapi32/x86_64-windows/libadvapi32.a dlls/user32/x86_64-windows/libuser32.a \
  dlls/winecrt0/x86_64-windows/libwinecrt0.a libs/compiler-rt/x86_64-windows/libcompiler-rt.a \
  dlls/kernel32/x86_64-windows/libkernel32.a dlls/ntdll/x86_64-windows/libntdll.a \
  -Wl,-delayload,advapi32.dll -Wl,-delayload,user32.dll --no-default-config -fms-hotpatch -Wl,-debug:dwarf
tools/winegcc/winegcc -o dlls/msvdsp/x86_64-windows/msvdsp.dll --wine-objdir . -b x86_64-windows -Wl,--wine-builtin -shared \
  /private/tmp/gptk4-wine11-source/dlls/msvdsp/msvdsp.spec dlls/msvdsp/x86_64-windows/msvdsp.o \
  dlls/msvdsp/x86_64-windows/msvdsp_r.res dlls/combase/x86_64-windows/libcombase.a \
  dlls/mfplat/x86_64-windows/libmfplat.a dlls/msdmo/x86_64-windows/libmsdmo.a \
  libs/mfuuid/x86_64-windows/libmfuuid.a libs/dmoguids/x86_64-windows/libdmoguids.a \
  libs/strmiids/x86_64-windows/libstrmiids.a libs/wmcodecdspuuid/x86_64-windows/libwmcodecdspuuid.a \
  libs/uuid/x86_64-windows/libuuid.a dlls/winecrt0/x86_64-windows/libwinecrt0.a \
  libs/compiler-rt/x86_64-windows/libcompiler-rt.a dlls/ucrtbase/x86_64-windows/libucrtbase.a \
  dlls/kernel32/x86_64-windows/libkernel32.a dlls/ntdll/x86_64-windows/libntdll.a --no-default-config -fms-hotpatch -Wl,-debug:dwarf
tools/winegcc/winegcc -o dlls/msvfw32/x86_64-windows/msvfw32.dll --wine-objdir . -b x86_64-windows -Wl,--wine-builtin -shared \
  /private/tmp/gptk4-wine11-source/dlls/msvfw32/msvfw32.spec dlls/msvfw32/x86_64-windows/drawdib.o \
  dlls/msvfw32/x86_64-windows/mciwnd.o dlls/msvfw32/x86_64-windows/msvideo_main.o \
  dlls/msvfw32/msvfw32.res dlls/winmm/x86_64-windows/libwinmm.a \
  dlls/version/x86_64-windows/libversion.a dlls/comctl32/x86_64-windows/libcomctl32.a \
  dlls/user32/x86_64-windows/libuser32.a dlls/gdi32/x86_64-windows/libgdi32.a \
  dlls/advapi32/x86_64-windows/libadvapi32.a dlls/winecrt0/x86_64-windows/libwinecrt0.a \
  libs/compiler-rt/x86_64-windows/libcompiler-rt.a dlls/ucrtbase/x86_64-windows/libucrtbase.a \
  dlls/kernel32/x86_64-windows/libkernel32.a dlls/ntdll/x86_64-windows/libntdll.a --no-default-config -fms-hotpatch -Wl,-debug:dwarf
tools/winegcc/winegcc -o dlls/msvidc32/x86_64-windows/msvidc32.dll --wine-objdir . -b x86_64-windows -Wl,--wine-builtin -shared \
  /private/tmp/gptk4-wine11-source/dlls/msvidc32/msvidc32.spec \
  dlls/msvidc32/x86_64-windows/msvideo1.o dlls/msvidc32/msvidc32.res \
  dlls/user32/x86_64-windows/libuser32.a dlls/winecrt0/x86_64-windows/libwinecrt0.a \
  libs/compiler-rt/x86_64-windows/libcompiler-rt.a dlls/ucrtbase/x86_64-windows/libucrtbase.a \
  dlls/kernel32/x86_64-windows/libkernel32.a dlls/ntdll/x86_64-windows/libntdll.a --no-default-config -fms-hotpatch -Wl,-debug:dwarf
tools/winegcc/winegcc -o dlls/msvproc/x86_64-windows/msvproc.dll --wine-objdir . -b x86_64-windows -Wl,--wine-builtin -shared \
  /private/tmp/gptk4-wine11-source/dlls/msvproc/msvproc.spec dlls/msvproc/x86_64-windows/msvproc.o \
  dlls/msvproc/x86_64-windows/msvproc_r.res dlls/combase/x86_64-windows/libcombase.a \
  dlls/mfplat/x86_64-windows/libmfplat.a libs/mfuuid/x86_64-windows/libmfuuid.a \
  libs/dmoguids/x86_64-windows/libdmoguids.a libs/dxguid/x86_64-windows/libdxguid.a \
  libs/strmiids/x86_64-windows/libstrmiids.a libs/wmcodecdspuuid/x86_64-windows/libwmcodecdspuuid.a \
  libs/uuid/x86_64-windows/libuuid.a dlls/winecrt0/x86_64-windows/libwinecrt0.a \
  libs/compiler-rt/x86_64-windows/libcompiler-rt.a dlls/ucrtbase/x86_64-windows/libucrtbase.a \
  dlls/kernel32/x86_64-windows/libkernel32.a dlls/ntdll/x86_64-windows/libntdll.a --no-default-config -fms-hotpatch -Wl,-debug:dwarf
tools/winegcc/winegcc -o dlls/mswsock/x86_64-windows/mswsock.dll --wine-objdir . -b x86_64-windows -Wl,--wine-builtin -shared \
  /private/tmp/gptk4-wine11-source/dlls/mswsock/mswsock.spec dlls/mswsock/x86_64-windows/mswsock.o \
  dlls/mswsock/version.res dlls/ws2_32/x86_64-windows/libws2_32.a \
  dlls/winecrt0/x86_64-windows/libwinecrt0.a libs/compiler-rt/x86_64-windows/libcompiler-rt.a \
  dlls/ucrtbase/x86_64-windows/libucrtbase.a dlls/kernel32/x86_64-windows/libkernel32.a \
  dlls/ntdll/x86_64-windows/libntdll.a --no-default-config -fms-hotpatch -Wl,-debug:dwarf
tools/widl/widl -o dlls/msxml/x86_64-windows/msxml_tlb_t.res -b x86_64-windows --nostdinc -Ldlls/\* -Idlls/msxml \
  -I/private/tmp/gptk4-wine11-source/dlls/msxml -Iinclude -I/private/tmp/gptk4-wine11-source/include \
  -I/private/tmp/gptk4-wine11-source/include/msvcrt -D_UCRT -D__WINESRC__ \
  /private/tmp/gptk4-wine11-source/dlls/msxml/msxml_tlb.idl
tools/widl/widl -o dlls/msxml2/x86_64-windows/msxml2_tlb_t.res -b x86_64-windows --nostdinc -Ldlls/\* -Idlls/msxml2 \
  -I/private/tmp/gptk4-wine11-source/dlls/msxml2 -Iinclude \
  -I/private/tmp/gptk4-wine11-source/include -I/private/tmp/gptk4-wine11-source/include/msvcrt \
  -D_UCRT -D__WINESRC__ /private/tmp/gptk4-wine11-source/dlls/msxml2/msxml2_tlb.idl
tools/widl/widl -o dlls/msxml3/x86_64-windows/msxml3_v1_t.res -b x86_64-windows --nostdinc -Ldlls/\* -Idlls/msxml3 \
  -I/private/tmp/gptk4-wine11-source/dlls/msxml3 -Iinclude \
  -I/private/tmp/gptk4-wine11-source/include -I/private/tmp/gptk4-wine11-source/include/msvcrt \
  -I/private/tmp/gptk4-wine11-source/libs/xslt/libxslt -I/private/tmp/gptk4-wine11-source/libs/xslt \
  -I/private/tmp/gptk4-wine11-source/libs/xml2/include -D_UCRT -D__WINESRC__ -DLIBXSLT_STATIC \
  -DLIBXML_STATIC /private/tmp/gptk4-wine11-source/dlls/msxml3/msxml3_v1.idl
tools/widl/widl -o dlls/msxml4/x86_64-windows/msxml4_tlb_t.res -b x86_64-windows --nostdinc -Ldlls/\* -Idlls/msxml4 \
  -I/private/tmp/gptk4-wine11-source/dlls/msxml4 -Iinclude \
  -I/private/tmp/gptk4-wine11-source/include -I/private/tmp/gptk4-wine11-source/include/msvcrt \
  -D_UCRT -D__WINESRC__ /private/tmp/gptk4-wine11-source/dlls/msxml4/msxml4_tlb.idl
tools/widl/widl -o dlls/msxml6/x86_64-windows/msxml6_tlb_t.res -b x86_64-windows --nostdinc -Ldlls/\* -Idlls/msxml6 \
  -I/private/tmp/gptk4-wine11-source/dlls/msxml6 -Iinclude \
  -I/private/tmp/gptk4-wine11-source/include -I/private/tmp/gptk4-wine11-source/include/msvcrt \
  -D_UCRT -D__WINESRC__ /private/tmp/gptk4-wine11-source/dlls/msxml6/msxml6_tlb.idl
tools/winegcc/winegcc -o dlls/mtxdm/x86_64-windows/mtxdm.dll --wine-objdir . -b x86_64-windows -Wl,--wine-builtin -shared \
  /private/tmp/gptk4-wine11-source/dlls/mtxdm/mtxdm.spec dlls/mtxdm/x86_64-windows/mtxdm_main.o \
  libs/uuid/x86_64-windows/libuuid.a dlls/ole32/x86_64-windows/libole32.a \
  dlls/winecrt0/x86_64-windows/libwinecrt0.a libs/compiler-rt/x86_64-windows/libcompiler-rt.a \
  dlls/ucrtbase/x86_64-windows/libucrtbase.a dlls/kernel32/x86_64-windows/libkernel32.a \
  dlls/ntdll/x86_64-windows/libntdll.a --no-default-config -fms-hotpatch -Wl,-debug:dwarf
tools/winegcc/winegcc -o dlls/ncrypt/x86_64-windows/ncrypt.dll --wine-objdir . -b x86_64-windows -Wl,--wine-builtin -shared \
  /private/tmp/gptk4-wine11-source/dlls/ncrypt/ncrypt.spec -Wb,--prefer-native \
  dlls/ncrypt/x86_64-windows/main.o dlls/bcrypt/x86_64-windows/libbcrypt.a \
  dlls/winecrt0/x86_64-windows/libwinecrt0.a libs/compiler-rt/x86_64-windows/libcompiler-rt.a \
  dlls/ucrtbase/x86_64-windows/libucrtbase.a dlls/kernel32/x86_64-windows/libkernel32.a \
  dlls/ntdll/x86_64-windows/libntdll.a --no-default-config -fms-hotpatch -Wl,-debug:dwarf
tools/winegcc/winegcc -o dlls/nddeapi/x86_64-windows/nddeapi.dll --wine-objdir . -b x86_64-windows -Wl,--wine-builtin -shared \
  /private/tmp/gptk4-wine11-source/dlls/nddeapi/nddeapi.spec dlls/nddeapi/x86_64-windows/nddeapi.o \
  dlls/winecrt0/x86_64-windows/libwinecrt0.a libs/compiler-rt/x86_64-windows/libcompiler-rt.a \
  dlls/ucrtbase/x86_64-windows/libucrtbase.a dlls/kernel32/x86_64-windows/libkernel32.a \
  dlls/ntdll/x86_64-windows/libntdll.a --no-default-config -fms-hotpatch -Wl,-debug:dwarf
tools/winegcc/winegcc -o dlls/ndis.sys/x86_64-windows/ndis.sys --wine-objdir . -b x86_64-windows -Wl,--wine-builtin -shared \
  /private/tmp/gptk4-wine11-source/dlls/ndis.sys/ndis.sys.spec -Wl,--subsystem,native \
  dlls/ndis.sys/x86_64-windows/main.o dlls/advapi32/x86_64-windows/libadvapi32.a \
  dlls/ntoskrnl.exe/x86_64-windows/libntoskrnl.a dlls/iphlpapi/x86_64-windows/libiphlpapi.a \
  dlls/winecrt0/x86_64-windows/libwinecrt0.a libs/compiler-rt/x86_64-windows/libcompiler-rt.a \
  dlls/ucrtbase/x86_64-windows/libucrtbase.a dlls/kernel32/x86_64-windows/libkernel32.a \
  dlls/ntdll/x86_64-windows/libntdll.a --no-default-config -fms-hotpatch -Wl,-debug:dwarf
tools/winegcc/winegcc -o dlls/netapi32/x86_64-windows/netapi32.dll --wine-objdir . -b x86_64-windows -Wl,--wine-builtin -shared \
  /private/tmp/gptk4-wine11-source/dlls/netapi32/netapi32.spec \
  dlls/netapi32/x86_64-windows/nbcmdqueue.o dlls/netapi32/x86_64-windows/nbnamecache.o \
  dlls/netapi32/x86_64-windows/nbt.o dlls/netapi32/x86_64-windows/netapi32.o \
  dlls/netapi32/x86_64-windows/netbios.o dlls/netapi32/x86_64-windows/atsvc_c.o \
  dlls/rpcrt4/x86_64-windows/librpcrt4.a dlls/iphlpapi/x86_64-windows/libiphlpapi.a \
  dlls/ws2_32/x86_64-windows/libws2_32.a dlls/advapi32/x86_64-windows/libadvapi32.a \
  dlls/dnsapi/x86_64-windows/libdnsapi.a dlls/netutils/x86_64-windows/libnetutils.a \
  dlls/winecrt0/x86_64-windows/libwinecrt0.a libs/compiler-rt/x86_64-windows/libcompiler-rt.a \
  dlls/ucrtbase/x86_64-windows/libucrtbase.a dlls/kernel32/x86_64-windows/libkernel32.a \
  dlls/ntdll/x86_64-windows/libntdll.a --no-default-config -fms-hotpatch -Wl,-debug:dwarf
tools/winegcc/winegcc -o dlls/netcfgx/x86_64-windows/netcfgx.dll --wine-objdir . -b x86_64-windows -Wl,--wine-builtin -shared \
  /private/tmp/gptk4-wine11-source/dlls/netcfgx/netcfgx.spec -Wb,--prefer-native \
  dlls/netcfgx/x86_64-windows/main.o dlls/netcfgx/x86_64-windows/netcfg.o \
  dlls/netcfgx/x86_64-windows/netcfgx_classes_r.res libs/uuid/x86_64-windows/libuuid.a \
  dlls/winecrt0/x86_64-windows/libwinecrt0.a libs/compiler-rt/x86_64-windows/libcompiler-rt.a \
  dlls/ucrtbase/x86_64-windows/libucrtbase.a dlls/kernel32/x86_64-windows/libkernel32.a \
  dlls/ntdll/x86_64-windows/libntdll.a --no-default-config -fms-hotpatch -Wl,-debug:dwarf
tools/winegcc/winegcc -o dlls/netio.sys/x86_64-windows/netio.sys --wine-objdir . -b x86_64-windows -Wl,--wine-builtin -shared \
  /private/tmp/gptk4-wine11-source/dlls/netio.sys/netio.sys.spec -Wl,--subsystem,native \
  dlls/netio.sys/x86_64-windows/netio.o dlls/ntoskrnl.exe/x86_64-windows/libntoskrnl.a \
  dlls/ws2_32/x86_64-windows/libws2_32.a dlls/winecrt0/x86_64-windows/libwinecrt0.a \
  libs/compiler-rt/x86_64-windows/libcompiler-rt.a dlls/ucrtbase/x86_64-windows/libucrtbase.a \
  dlls/kernel32/x86_64-windows/libkernel32.a dlls/ntdll/x86_64-windows/libntdll.a --no-default-config -fms-hotpatch -Wl,-debug:dwarf
tools/winegcc/winegcc -o dlls/netprofm/x86_64-windows/netprofm.dll --wine-objdir . -b x86_64-windows -Wl,--wine-builtin -shared \
  /private/tmp/gptk4-wine11-source/dlls/netprofm/netprofm.spec -Wb,--prefer-native \
  dlls/netprofm/x86_64-windows/list.o dlls/netprofm/x86_64-windows/main.o \
  dlls/netprofm/x86_64-windows/netprofm_r.res dlls/iphlpapi/x86_64-windows/libiphlpapi.a \
  dlls/winecrt0/x86_64-windows/libwinecrt0.a libs/compiler-rt/x86_64-windows/libcompiler-rt.a \
  dlls/ucrtbase/x86_64-windows/libucrtbase.a dlls/kernel32/x86_64-windows/libkernel32.a \
  dlls/ntdll/x86_64-windows/libntdll.a --no-default-config -fms-hotpatch -Wl,-debug:dwarf
tools/winegcc/winegcc -o dlls/netutils/x86_64-windows/netutils.dll --wine-objdir . -b x86_64-windows -Wl,--wine-builtin -shared \
  /private/tmp/gptk4-wine11-source/dlls/netutils/netutils.spec -Wb,--prefer-native \
  dlls/netutils/x86_64-windows/main.o dlls/winecrt0/x86_64-windows/libwinecrt0.a \
  libs/compiler-rt/x86_64-windows/libcompiler-rt.a dlls/ucrtbase/x86_64-windows/libucrtbase.a \
  dlls/kernel32/x86_64-windows/libkernel32.a dlls/ntdll/x86_64-windows/libntdll.a --no-default-config -fms-hotpatch -Wl,-debug:dwarf
tools/winegcc/winegcc -o dlls/newdev/x86_64-windows/newdev.dll --wine-objdir . -b x86_64-windows -Wl,--wine-builtin -shared \
  /private/tmp/gptk4-wine11-source/dlls/newdev/newdev.spec dlls/newdev/x86_64-windows/main.o \
  dlls/setupapi/x86_64-windows/libsetupapi.a dlls/winecrt0/x86_64-windows/libwinecrt0.a \
  libs/compiler-rt/x86_64-windows/libcompiler-rt.a dlls/ucrtbase/x86_64-windows/libucrtbase.a \
  dlls/kernel32/x86_64-windows/libkernel32.a dlls/ntdll/x86_64-windows/libntdll.a --no-default-config -fms-hotpatch -Wl,-debug:dwarf
tools/winegcc/winegcc -o dlls/ninput/x86_64-windows/ninput.dll --wine-objdir . -b x86_64-windows -Wl,--wine-builtin -shared \
  /private/tmp/gptk4-wine11-source/dlls/ninput/ninput.spec -Wb,--prefer-native \
  dlls/ninput/x86_64-windows/main.o dlls/winecrt0/x86_64-windows/libwinecrt0.a \
  libs/compiler-rt/x86_64-windows/libcompiler-rt.a dlls/ucrtbase/x86_64-windows/libucrtbase.a \
  dlls/kernel32/x86_64-windows/libkernel32.a dlls/ntdll/x86_64-windows/libntdll.a --no-default-config -fms-hotpatch -Wl,-debug:dwarf
tools/winegcc/winegcc -o dlls/npmshtml/x86_64-windows/npmshtml.dll --wine-objdir . -b x86_64-windows -Wl,--wine-builtin -shared \
  /private/tmp/gptk4-wine11-source/dlls/npmshtml/npmshtml.spec dlls/npmshtml/x86_64-windows/main.o \
  dlls/npmshtml/rsrc.res dlls/mshtml/x86_64-windows/libmshtml.a \
  dlls/winecrt0/x86_64-windows/libwinecrt0.a libs/compiler-rt/x86_64-windows/libcompiler-rt.a \
  dlls/ucrtbase/x86_64-windows/libucrtbase.a dlls/kernel32/x86_64-windows/libkernel32.a \
  dlls/ntdll/x86_64-windows/libntdll.a --no-default-config -fms-hotpatch -Wl,-debug:dwarf
tools/winegcc/winegcc -o dlls/npptools/x86_64-windows/npptools.dll --wine-objdir . -b x86_64-windows -Wl,--wine-builtin -shared \
  /private/tmp/gptk4-wine11-source/dlls/npptools/npptools.spec -Wb,--prefer-native \
  dlls/winecrt0/x86_64-windows/libwinecrt0.a libs/compiler-rt/x86_64-windows/libcompiler-rt.a \
  dlls/ucrtbase/x86_64-windows/libucrtbase.a dlls/kernel32/x86_64-windows/libkernel32.a \
  dlls/ntdll/x86_64-windows/libntdll.a --no-default-config -fms-hotpatch -Wl,-debug:dwarf
tools/winegcc/winegcc -o dlls/nsi/x86_64-windows/nsi.dll --wine-objdir . -b x86_64-windows -Wl,--wine-builtin -shared \
  /private/tmp/gptk4-wine11-source/dlls/nsi/nsi.spec dlls/nsi/x86_64-windows/nsi.o \
  dlls/winecrt0/x86_64-windows/libwinecrt0.a libs/compiler-rt/x86_64-windows/libcompiler-rt.a \
  dlls/ucrtbase/x86_64-windows/libucrtbase.a dlls/kernel32/x86_64-windows/libkernel32.a \
  dlls/ntdll/x86_64-windows/libntdll.a --no-default-config -fms-hotpatch -Wl,-debug:dwarf
tools/winegcc/winegcc -o dlls/nsiproxy.sys/x86_64-windows/nsiproxy.sys --wine-objdir . -b x86_64-windows -Wl,--wine-builtin -shared \
  -Wl,--subsystem,native dlls/nsiproxy.sys/x86_64-windows/device.o \
  dlls/ntoskrnl.exe/x86_64-windows/libntoskrnl.a dlls/winecrt0/x86_64-windows/libwinecrt0.a \
  libs/compiler-rt/x86_64-windows/libcompiler-rt.a dlls/ucrtbase/x86_64-windows/libucrtbase.a \
  dlls/kernel32/x86_64-windows/libkernel32.a dlls/ntdll/x86_64-windows/libntdll.a --no-default-config -fms-hotpatch -Wl,-debug:dwarf
tools/winegcc/winegcc -o dlls/ntdll/x86_64-windows/ntdll.dll --wine-objdir . -b x86_64-windows -Wl,--wine-builtin -shared \
  /private/tmp/gptk4-wine11-source/dlls/ntdll/ntdll.spec -nodefaultlibs -Wl,--image-base,0x170000000 \
  dlls/ntdll/x86_64-windows/actctx.o dlls/ntdll/x86_64-windows/atom.o \
  dlls/ntdll/x86_64-windows/crypt.o dlls/ntdll/x86_64-windows/debugbuffer.o \
  dlls/ntdll/x86_64-windows/env.o dlls/ntdll/x86_64-windows/error.o \
  dlls/ntdll/x86_64-windows/exception.o dlls/ntdll/x86_64-windows/handletable.o \
  dlls/ntdll/x86_64-windows/heap.o dlls/ntdll/x86_64-windows/large_int.o \
  dlls/ntdll/x86_64-windows/loader.o dlls/ntdll/x86_64-windows/locale.o \
  dlls/ntdll/x86_64-windows/math.o dlls/ntdll/x86_64-windows/misc.o dlls/ntdll/x86_64-windows/path.o \
  dlls/ntdll/x86_64-windows/printf.o dlls/ntdll/x86_64-windows/process.o \
  dlls/ntdll/x86_64-windows/reg.o dlls/ntdll/x86_64-windows/relay.o \
  dlls/ntdll/x86_64-windows/resource.o dlls/ntdll/x86_64-windows/rtl.o \
  dlls/ntdll/x86_64-windows/rtlbitmap.o dlls/ntdll/x86_64-windows/rtlstr.o \
  dlls/ntdll/x86_64-windows/sec.o dlls/ntdll/x86_64-windows/signal_arm.o \
  dlls/ntdll/x86_64-windows/signal_arm64.o dlls/ntdll/x86_64-windows/signal_arm64ec.o \
  dlls/ntdll/x86_64-windows/signal_i386.o dlls/ntdll/x86_64-windows/signal_x86_64.o \
  dlls/ntdll/x86_64-windows/string.o dlls/ntdll/x86_64-windows/sync.o \
  dlls/ntdll/x86_64-windows/thread.o dlls/ntdll/x86_64-windows/threadpool.o \
  dlls/ntdll/x86_64-windows/time.o dlls/ntdll/x86_64-windows/unwind.o \
  dlls/ntdll/x86_64-windows/version.o dlls/ntdll/x86_64-windows/wcstring.o dlls/ntdll/version.res \
  libs/tomcrypt/x86_64-windows/libtomcrypt.a libs/musl/x86_64-windows/libmusl.a \
  dlls/winecrt0/x86_64-windows/libwinecrt0.a libs/compiler-rt/x86_64-windows/libcompiler-rt.a \
  --no-default-config -fms-hotpatch -Wl,-debug:dwarf
tools/winegcc/winegcc -o dlls/ntdsapi/x86_64-windows/ntdsapi.dll --wine-objdir . -b x86_64-windows -Wl,--wine-builtin -shared \
  /private/tmp/gptk4-wine11-source/dlls/ntdsapi/ntdsapi.spec -Wb,--prefer-native \
  dlls/ntdsapi/x86_64-windows/ntdsapi.o dlls/user32/x86_64-windows/libuser32.a \
  dlls/winecrt0/x86_64-windows/libwinecrt0.a libs/compiler-rt/x86_64-windows/libcompiler-rt.a \
  dlls/ucrtbase/x86_64-windows/libucrtbase.a dlls/kernel32/x86_64-windows/libkernel32.a \
  dlls/ntdll/x86_64-windows/libntdll.a --no-default-config -fms-hotpatch -Wl,-debug:dwarf
tools/winegcc/winegcc -o dlls/ntoskrnl.exe/x86_64-windows/ntoskrnl.exe --wine-objdir . -b x86_64-windows -Wl,--wine-builtin -shared \
  /private/tmp/gptk4-wine11-source/dlls/ntoskrnl.exe/ntoskrnl.exe.spec \
  dlls/ntoskrnl.exe/x86_64-windows/instr.o dlls/ntoskrnl.exe/x86_64-windows/ntoskrnl.o \
  dlls/ntoskrnl.exe/x86_64-windows/pnp.o dlls/ntoskrnl.exe/x86_64-windows/sync.o \
  dlls/ntoskrnl.exe/x86_64-windows/plugplay_c.o dlls/ntoskrnl.exe/ntoskrnl.res \
  dlls/advapi32/x86_64-windows/libadvapi32.a dlls/hal/x86_64-windows/libhal.a \
  dlls/rpcrt4/x86_64-windows/librpcrt4.a dlls/setupapi/x86_64-windows/libsetupapi.a \
  dlls/winecrt0/x86_64-windows/libwinecrt0.a libs/compiler-rt/x86_64-windows/libcompiler-rt.a \
  dlls/msvcrt/x86_64-windows/libmsvcrt.a dlls/kernel32/x86_64-windows/libkernel32.a \
  dlls/ntdll/x86_64-windows/libntdll.a -Wl,-delayload,rpcrt4.dll -Wl,-delayload,setupapi.dll \
  --no-default-config -fms-hotpatch -Wl,-debug:dwarf
tools/winegcc/winegcc -o dlls/ntprint/x86_64-windows/ntprint.dll --wine-objdir . -b x86_64-windows -Wl,--wine-builtin -shared \
  /private/tmp/gptk4-wine11-source/dlls/ntprint/ntprint.spec -Wb,--prefer-native \
  dlls/ntprint/x86_64-windows/ntprint.o dlls/ntprint/ntprint.res \
  dlls/winspool.drv/x86_64-windows/libwinspool.a dlls/winecrt0/x86_64-windows/libwinecrt0.a \
  libs/compiler-rt/x86_64-windows/libcompiler-rt.a dlls/ucrtbase/x86_64-windows/libucrtbase.a \
  dlls/kernel32/x86_64-windows/libkernel32.a dlls/ntdll/x86_64-windows/libntdll.a --no-default-config -fms-hotpatch -Wl,-debug:dwarf
tools/winegcc/winegcc -o dlls/objsel/x86_64-windows/objsel.dll --wine-objdir . -b x86_64-windows -Wl,--wine-builtin -shared \
  /private/tmp/gptk4-wine11-source/dlls/objsel/objsel.spec dlls/objsel/x86_64-windows/objsel.o \
  dlls/objsel/objsel.res dlls/objsel/x86_64-windows/objsel_classes_r.res \
  libs/strmiids/x86_64-windows/libstrmiids.a libs/uuid/x86_64-windows/libuuid.a \
  dlls/ole32/x86_64-windows/libole32.a dlls/advapi32/x86_64-windows/libadvapi32.a \
  dlls/winecrt0/x86_64-windows/libwinecrt0.a libs/compiler-rt/x86_64-windows/libcompiler-rt.a \
  dlls/ucrtbase/x86_64-windows/libucrtbase.a dlls/kernel32/x86_64-windows/libkernel32.a \
  dlls/ntdll/x86_64-windows/libntdll.a --no-default-config -fms-hotpatch -Wl,-debug:dwarf
tools/winegcc/winegcc -o dlls/odbc32/x86_64-windows/odbc32.dll --wine-objdir . -b x86_64-windows -Wl,--wine-builtin -shared \
  /private/tmp/gptk4-wine11-source/dlls/odbc32/odbc32.spec dlls/odbc32/x86_64-windows/proxyodbc.o \
  dlls/odbc32/rsrc.res dlls/advapi32/x86_64-windows/libadvapi32.a \
  dlls/winecrt0/x86_64-windows/libwinecrt0.a libs/compiler-rt/x86_64-windows/libcompiler-rt.a \
  dlls/ucrtbase/x86_64-windows/libucrtbase.a dlls/kernel32/x86_64-windows/libkernel32.a \
  dlls/ntdll/x86_64-windows/libntdll.a --no-default-config -fms-hotpatch -Wl,-debug:dwarf
tools/winegcc/winegcc -o dlls/odbcbcp/x86_64-windows/odbcbcp.dll --wine-objdir . -b x86_64-windows -Wl,--wine-builtin -shared \
  /private/tmp/gptk4-wine11-source/dlls/odbcbcp/odbcbcp.spec -Wb,--prefer-native \
  dlls/winecrt0/x86_64-windows/libwinecrt0.a libs/compiler-rt/x86_64-windows/libcompiler-rt.a \
  dlls/ucrtbase/x86_64-windows/libucrtbase.a dlls/kernel32/x86_64-windows/libkernel32.a \
  dlls/ntdll/x86_64-windows/libntdll.a --no-default-config -fms-hotpatch -Wl,-debug:dwarf
tools/winegcc/winegcc -o dlls/odbccp32/x86_64-windows/odbccp32.dll --wine-objdir . -b x86_64-windows -Wl,--wine-builtin -shared \
  /private/tmp/gptk4-wine11-source/dlls/odbccp32/odbccp32.spec \
  dlls/odbccp32/x86_64-windows/odbccp32.o libs/uuid/x86_64-windows/libuuid.a \
  dlls/advapi32/x86_64-windows/libadvapi32.a dlls/winecrt0/x86_64-windows/libwinecrt0.a \
  libs/compiler-rt/x86_64-windows/libcompiler-rt.a dlls/ucrtbase/x86_64-windows/libucrtbase.a \
  dlls/kernel32/x86_64-windows/libkernel32.a dlls/ntdll/x86_64-windows/libntdll.a --no-default-config -fms-hotpatch -Wl,-debug:dwarf
tools/winegcc/winegcc -o dlls/odbccu32/x86_64-windows/odbccu32.dll --wine-objdir . -b x86_64-windows -Wl,--wine-builtin -shared \
  /private/tmp/gptk4-wine11-source/dlls/odbccu32/odbccu32.spec dlls/odbccu32/version.res \
  dlls/winecrt0/x86_64-windows/libwinecrt0.a libs/compiler-rt/x86_64-windows/libcompiler-rt.a \
  dlls/ucrtbase/x86_64-windows/libucrtbase.a dlls/kernel32/x86_64-windows/libkernel32.a \
  dlls/ntdll/x86_64-windows/libntdll.a --no-default-config -fms-hotpatch -Wl,-debug:dwarf
tools/winegcc/winegcc -o dlls/ole32/x86_64-windows/ole32.dll --wine-objdir . -b x86_64-windows -Wl,--wine-builtin -shared \
  /private/tmp/gptk4-wine11-source/dlls/ole32/ole32.spec dlls/ole32/x86_64-windows/antimoniker.o \
  dlls/ole32/x86_64-windows/bindctx.o dlls/ole32/x86_64-windows/classmoniker.o \
  dlls/ole32/x86_64-windows/clipboard.o dlls/ole32/x86_64-windows/comcat.o \
  dlls/ole32/x86_64-windows/compobj.o dlls/ole32/x86_64-windows/compositemoniker.o \
  dlls/ole32/x86_64-windows/datacache.o dlls/ole32/x86_64-windows/defaulthandler.o \
  dlls/ole32/x86_64-windows/dictionary.o dlls/ole32/x86_64-windows/filelockbytes.o \
  dlls/ole32/x86_64-windows/filemoniker.o dlls/ole32/x86_64-windows/ftmarshal.o \
  dlls/ole32/x86_64-windows/git.o dlls/ole32/x86_64-windows/itemmoniker.o \
  dlls/ole32/x86_64-windows/marshal.o dlls/ole32/x86_64-windows/moniker.o \
  dlls/ole32/x86_64-windows/ole2.o dlls/ole32/x86_64-windows/ole2stubs.o \
  dlls/ole32/x86_64-windows/ole32_main.o dlls/ole32/x86_64-windows/oleobj.o \
  dlls/ole32/x86_64-windows/oleproxy.o dlls/ole32/x86_64-windows/pointermoniker.o \
  dlls/ole32/x86_64-windows/stg_prop.o dlls/ole32/x86_64-windows/stg_stream.o \
  dlls/ole32/x86_64-windows/storage32.o dlls/ole32/x86_64-windows/usrmarshal.o \
  dlls/ole32/x86_64-windows/dcom_p.o dlls/ole32/x86_64-windows/dlldata.o \
  dlls/ole32/x86_64-windows/ole32_objidl_p.o dlls/ole32/x86_64-windows/ole32_oleidl_p.o \
  dlls/ole32/x86_64-windows/ole32_unknwn_p.o dlls/ole32/ole32res.res \
  dlls/ole32/x86_64-windows/dcom_r.res dlls/ole32/x86_64-windows/ole32_objidl_r.res \
  dlls/ole32/x86_64-windows/ole32_oleidl_r.res dlls/ole32/x86_64-windows/ole32_unknwn_r.res \
  libs/uuid/x86_64-windows/libuuid.a dlls/advapi32/x86_64-windows/libadvapi32.a \
  dlls/user32/x86_64-windows/libuser32.a dlls/gdi32/x86_64-windows/libgdi32.a \
  dlls/combase/x86_64-windows/libcombase.a dlls/rpcrt4/x86_64-windows/librpcrt4.a \
  dlls/kernelbase/x86_64-windows/libkernelbase.a dlls/coml2/x86_64-windows/libcoml2.a \
  dlls/oleaut32/x86_64-windows/liboleaut32.a dlls/winecrt0/x86_64-windows/libwinecrt0.a \
  libs/compiler-rt/x86_64-windows/libcompiler-rt.a dlls/ucrtbase/x86_64-windows/libucrtbase.a \
  dlls/kernel32/x86_64-windows/libkernel32.a dlls/ntdll/x86_64-windows/libntdll.a \
  -Wl,-delayload,oleaut32.dll --no-default-config -fms-hotpatch -Wl,-debug:dwarf
tools/widl/widl -o dlls/oleacc/x86_64-windows/oleacc_classes_p.c -b x86_64-windows --nostdinc -Ldlls/\* -Idlls/oleacc \
  -I/private/tmp/gptk4-wine11-source/dlls/oleacc -Iinclude \
  -I/private/tmp/gptk4-wine11-source/include -I/private/tmp/gptk4-wine11-source/include/msvcrt \
  -D_UCRT -D__WINESRC__ /private/tmp/gptk4-wine11-source/dlls/oleacc/oleacc_classes.idl
tools/widl/widl -o dlls/oleacc/x86_64-windows/oleacc_classes_t.res -b x86_64-windows --nostdinc -Ldlls/\* -Idlls/oleacc \
  -I/private/tmp/gptk4-wine11-source/dlls/oleacc -Iinclude \
  -I/private/tmp/gptk4-wine11-source/include -I/private/tmp/gptk4-wine11-source/include/msvcrt \
  -D_UCRT -D__WINESRC__ /private/tmp/gptk4-wine11-source/dlls/oleacc/oleacc_classes.idl
tools/widl/widl -o dlls/oleacc/x86_64-windows/oleacc_classes_r.res -b x86_64-windows --nostdinc -Ldlls/\* -Idlls/oleacc \
  -I/private/tmp/gptk4-wine11-source/dlls/oleacc -Iinclude \
  -I/private/tmp/gptk4-wine11-source/include -I/private/tmp/gptk4-wine11-source/include/msvcrt \
  -D_UCRT -D__WINESRC__ /private/tmp/gptk4-wine11-source/dlls/oleacc/oleacc_classes.idl
tools/winegcc/winegcc -o dlls/oleaut32/x86_64-windows/oleaut32.dll --wine-objdir . -b x86_64-windows -Wl,--wine-builtin -shared \
  /private/tmp/gptk4-wine11-source/dlls/oleaut32/oleaut32.spec dlls/oleaut32/x86_64-windows/connpt.o \
  dlls/oleaut32/x86_64-windows/dispatch.o dlls/oleaut32/x86_64-windows/hash.o \
  dlls/oleaut32/x86_64-windows/oleaut.o dlls/oleaut32/x86_64-windows/olefont.o \
  dlls/oleaut32/x86_64-windows/olepicture.o dlls/oleaut32/x86_64-windows/olepropframe.o \
  dlls/oleaut32/x86_64-windows/recinfo.o dlls/oleaut32/x86_64-windows/safearray.o \
  dlls/oleaut32/x86_64-windows/thunks.o dlls/oleaut32/x86_64-windows/typelib.o \
  dlls/oleaut32/x86_64-windows/usrmarshal.o dlls/oleaut32/x86_64-windows/varformat.o \
  dlls/oleaut32/x86_64-windows/variant.o dlls/oleaut32/x86_64-windows/vartype.o \
  dlls/oleaut32/x86_64-windows/oleaut32_oaidl_p.o dlls/oleaut32/x86_64-windows/dlldata.o \
  dlls/oleaut32/x86_64-windows/oleaut32_ocidl_p.o dlls/oleaut32/oleaut32.res \
  dlls/oleaut32/x86_64-windows/oleaut32_oaidl_r.res \
  dlls/oleaut32/x86_64-windows/oleaut32_ocidl_r.res libs/uuid/x86_64-windows/libuuid.a \
  dlls/ole32/x86_64-windows/libole32.a dlls/rpcrt4/x86_64-windows/librpcrt4.a \
  dlls/user32/x86_64-windows/libuser32.a dlls/gdi32/x86_64-windows/libgdi32.a \
  dlls/advapi32/x86_64-windows/libadvapi32.a dlls/comctl32/x86_64-windows/libcomctl32.a \
  dlls/urlmon/x86_64-windows/liburlmon.a dlls/windowscodecs/x86_64-windows/libwindowscodecs.a \
  dlls/winecrt0/x86_64-windows/libwinecrt0.a libs/compiler-rt/x86_64-windows/libcompiler-rt.a \
  dlls/ucrtbase/x86_64-windows/libucrtbase.a dlls/kernel32/x86_64-windows/libkernel32.a \
  dlls/ntdll/x86_64-windows/libntdll.a -Wl,-delayload,comctl32.dll -Wl,-delayload,urlmon.dll \
  -Wl,-delayload,windowscodecs.dll --no-default-config -fms-hotpatch -Wl,-debug:dwarf
tools/winegcc/winegcc -o dlls/olecli32/x86_64-windows/olecli32.dll --wine-objdir . -b x86_64-windows -Wl,--wine-builtin -shared \
  /private/tmp/gptk4-wine11-source/dlls/olecli32/olecli32.spec \
  dlls/olecli32/x86_64-windows/olecli_main.o dlls/ole32/x86_64-windows/libole32.a \
  dlls/gdi32/x86_64-windows/libgdi32.a dlls/winecrt0/x86_64-windows/libwinecrt0.a \
  libs/compiler-rt/x86_64-windows/libcompiler-rt.a dlls/ucrtbase/x86_64-windows/libucrtbase.a \
  dlls/kernel32/x86_64-windows/libkernel32.a dlls/ntdll/x86_64-windows/libntdll.a --no-default-config -fms-hotpatch -Wl,-debug:dwarf
tools/widl/widl -o dlls/oledb32/x86_64-windows/oledb32_typelib_t.res -b x86_64-windows --nostdinc -Ldlls/\* -Idlls/oledb32 \
  -I/private/tmp/gptk4-wine11-source/dlls/oledb32 -Iinclude \
  -I/private/tmp/gptk4-wine11-source/include -I/private/tmp/gptk4-wine11-source/include/msvcrt \
  -D_UCRT -D__WINESRC__ /private/tmp/gptk4-wine11-source/dlls/oledb32/oledb32_typelib.idl
tools/winegcc/winegcc -o dlls/oledlg/x86_64-windows/oledlg.dll --wine-objdir . -b x86_64-windows -Wl,--wine-builtin -shared \
  /private/tmp/gptk4-wine11-source/dlls/oledlg/oledlg.spec dlls/oledlg/x86_64-windows/insobjdlg.o \
  dlls/oledlg/x86_64-windows/oledlg_main.o dlls/oledlg/x86_64-windows/pastespl.o \
  dlls/oledlg/oledlg.res dlls/ole32/x86_64-windows/libole32.a \
  dlls/comdlg32/x86_64-windows/libcomdlg32.a dlls/user32/x86_64-windows/libuser32.a \
  dlls/advapi32/x86_64-windows/libadvapi32.a dlls/winecrt0/x86_64-windows/libwinecrt0.a \
  libs/compiler-rt/x86_64-windows/libcompiler-rt.a dlls/ucrtbase/x86_64-windows/libucrtbase.a \
  dlls/kernel32/x86_64-windows/libkernel32.a dlls/ntdll/x86_64-windows/libntdll.a --no-default-config -fms-hotpatch -Wl,-debug:dwarf
tools/widl/widl -o dlls/olepro32/x86_64-windows/olepro_t.res -b x86_64-windows --nostdinc -Ldlls/\* -Idlls/olepro32 \
  -I/private/tmp/gptk4-wine11-source/dlls/olepro32 -Iinclude \
  -I/private/tmp/gptk4-wine11-source/include -I/private/tmp/gptk4-wine11-source/include/msvcrt \
  -D_UCRT -D__WINESRC__ /private/tmp/gptk4-wine11-source/dlls/olepro32/olepro.idl
tools/winegcc/winegcc -o dlls/olesvr32/x86_64-windows/olesvr32.dll --wine-objdir . -b x86_64-windows -Wl,--wine-builtin -shared \
  /private/tmp/gptk4-wine11-source/dlls/olesvr32/olesvr32.spec \
  dlls/olesvr32/x86_64-windows/olesvr_main.o dlls/winecrt0/x86_64-windows/libwinecrt0.a \
  libs/compiler-rt/x86_64-windows/libcompiler-rt.a dlls/ucrtbase/x86_64-windows/libucrtbase.a \
  dlls/kernel32/x86_64-windows/libkernel32.a dlls/ntdll/x86_64-windows/libntdll.a --no-default-config -fms-hotpatch -Wl,-debug:dwarf
tools/winegcc/winegcc -o dlls/olethk32/x86_64-windows/olethk32.dll --wine-objdir . -b x86_64-windows -Wl,--wine-builtin -shared \
  /private/tmp/gptk4-wine11-source/dlls/olethk32/olethk32.spec -Wb,--prefer-native \
  dlls/olethk32/version.res dlls/winecrt0/x86_64-windows/libwinecrt0.a \
  libs/compiler-rt/x86_64-windows/libcompiler-rt.a dlls/ucrtbase/x86_64-windows/libucrtbase.a \
  dlls/kernel32/x86_64-windows/libkernel32.a dlls/ntdll/x86_64-windows/libntdll.a --no-default-config -fms-hotpatch -Wl,-debug:dwarf
tools/winegcc/winegcc -o dlls/opcservices/x86_64-windows/opcservices.dll --wine-objdir . -b x86_64-windows -Wl,--wine-builtin -shared \
  /private/tmp/gptk4-wine11-source/dlls/opcservices/opcservices.spec \
  dlls/opcservices/x86_64-windows/compress.o dlls/opcservices/x86_64-windows/factory.o \
  dlls/opcservices/x86_64-windows/package.o dlls/opcservices/x86_64-windows/uri.o \
  dlls/opcservices/x86_64-windows/opcservices_r.res libs/zlib/x86_64-windows/libz.a \
  libs/uuid/x86_64-windows/libuuid.a dlls/ole32/x86_64-windows/libole32.a \
  dlls/advapi32/x86_64-windows/libadvapi32.a dlls/urlmon/x86_64-windows/liburlmon.a \
  dlls/xmllite/x86_64-windows/libxmllite.a dlls/oleaut32/x86_64-windows/liboleaut32.a \
  dlls/winecrt0/x86_64-windows/libwinecrt0.a libs/compiler-rt/x86_64-windows/libcompiler-rt.a \
  dlls/ucrtbase/x86_64-windows/libucrtbase.a dlls/kernel32/x86_64-windows/libkernel32.a \
  dlls/ntdll/x86_64-windows/libntdll.a --no-default-config -fms-hotpatch -Wl,-debug:dwarf
tools/winegcc/winegcc -o dlls/opencl/x86_64-windows/opencl.dll --wine-objdir . -b x86_64-windows -Wl,--wine-builtin -shared \
  /private/tmp/gptk4-wine11-source/dlls/opencl/opencl.spec dlls/opencl/x86_64-windows/pe_thunks.o \
  dlls/opencl/x86_64-windows/pe_wrappers.o dlls/winecrt0/x86_64-windows/libwinecrt0.a \
  libs/compiler-rt/x86_64-windows/libcompiler-rt.a dlls/ucrtbase/x86_64-windows/libucrtbase.a \
  dlls/kernel32/x86_64-windows/libkernel32.a dlls/ntdll/x86_64-windows/libntdll.a --no-default-config -fms-hotpatch -Wl,-debug:dwarf
tools/winegcc/winegcc -o dlls/opengl32/x86_64-windows/opengl32.dll --wine-objdir . -b x86_64-windows -Wl,--wine-builtin -shared \
  /private/tmp/gptk4-wine11-source/dlls/opengl32/opengl32.spec -Wl,--image-base,0x7a800000 \
  dlls/opengl32/x86_64-windows/thunks.o dlls/opengl32/x86_64-windows/wgl.o dlls/opengl32/version.res \
  dlls/user32/x86_64-windows/libuser32.a dlls/gdi32/x86_64-windows/libgdi32.a \
  dlls/advapi32/x86_64-windows/libadvapi32.a dlls/win32u/x86_64-windows/libwin32u.a \
  dlls/glu32/x86_64-windows/libglu32.a dlls/winecrt0/x86_64-windows/libwinecrt0.a \
  libs/compiler-rt/x86_64-windows/libcompiler-rt.a dlls/ucrtbase/x86_64-windows/libucrtbase.a \
  dlls/kernel32/x86_64-windows/libkernel32.a dlls/ntdll/x86_64-windows/libntdll.a \
  -Wl,-delayload,glu32.dll --no-default-config -fms-hotpatch -Wl,-debug:dwarf
tools/winegcc/winegcc -o dlls/packager/x86_64-windows/packager.dll --wine-objdir . -b x86_64-windows -Wl,--wine-builtin -shared \
  /private/tmp/gptk4-wine11-source/dlls/packager/packager.spec -Wb,--prefer-native \
  dlls/packager/x86_64-windows/packager_main.o dlls/packager/packager.res \
  dlls/packager/x86_64-windows/packager_classes_r.res libs/uuid/x86_64-windows/libuuid.a \
  dlls/shell32/x86_64-windows/libshell32.a dlls/shlwapi/x86_64-windows/libshlwapi.a \
  dlls/user32/x86_64-windows/libuser32.a dlls/winecrt0/x86_64-windows/libwinecrt0.a \
  libs/compiler-rt/x86_64-windows/libcompiler-rt.a dlls/ucrtbase/x86_64-windows/libucrtbase.a \
  dlls/kernel32/x86_64-windows/libkernel32.a dlls/ntdll/x86_64-windows/libntdll.a --no-default-config -fms-hotpatch -Wl,-debug:dwarf
tools/winegcc/winegcc -o dlls/pdh/x86_64-windows/pdh.dll --wine-objdir . -b x86_64-windows -Wl,--wine-builtin -shared \
  /private/tmp/gptk4-wine11-source/dlls/pdh/pdh.spec -Wb,--prefer-native \
  dlls/pdh/x86_64-windows/pdh_main.o dlls/winecrt0/x86_64-windows/libwinecrt0.a \
  libs/compiler-rt/x86_64-windows/libcompiler-rt.a dlls/ucrtbase/x86_64-windows/libucrtbase.a \
  dlls/kernel32/x86_64-windows/libkernel32.a dlls/ntdll/x86_64-windows/libntdll.a --no-default-config -fms-hotpatch -Wl,-debug:dwarf
tools/winegcc/winegcc -o dlls/photometadatahandler/x86_64-windows/photometadatahandler.dll --wine-objdir . -b x86_64-windows -Wl,--wine-builtin -shared \
  /private/tmp/gptk4-wine11-source/dlls/photometadatahandler/photometadatahandler.spec \
  -Wb,--prefer-native dlls/photometadatahandler/photometadatahandler.res \
  dlls/winecrt0/x86_64-windows/libwinecrt0.a libs/compiler-rt/x86_64-windows/libcompiler-rt.a \
  dlls/ucrtbase/x86_64-windows/libucrtbase.a dlls/kernel32/x86_64-windows/libkernel32.a \
  dlls/ntdll/x86_64-windows/libntdll.a --no-default-config -fms-hotpatch -Wl,-debug:dwarf
tools/winegcc/winegcc -o dlls/pidgen/x86_64-windows/pidgen.dll --wine-objdir . -b x86_64-windows -Wl,--wine-builtin -shared \
  /private/tmp/gptk4-wine11-source/dlls/pidgen/pidgen.spec -Wb,--prefer-native \
  dlls/pidgen/x86_64-windows/main.o dlls/pidgen/rsrc.res dlls/winecrt0/x86_64-windows/libwinecrt0.a \
  libs/compiler-rt/x86_64-windows/libcompiler-rt.a dlls/ucrtbase/x86_64-windows/libucrtbase.a \
  dlls/kernel32/x86_64-windows/libkernel32.a dlls/ntdll/x86_64-windows/libntdll.a --no-default-config -fms-hotpatch -Wl,-debug:dwarf
tools/winegcc/winegcc -o dlls/powrprof/x86_64-windows/powrprof.dll --wine-objdir . -b x86_64-windows -Wl,--wine-builtin -shared \
  /private/tmp/gptk4-wine11-source/dlls/powrprof/powrprof.spec \
  dlls/powrprof/x86_64-windows/powrprof.o dlls/advapi32/x86_64-windows/libadvapi32.a \
  dlls/winecrt0/x86_64-windows/libwinecrt0.a libs/compiler-rt/x86_64-windows/libcompiler-rt.a \
  dlls/ucrtbase/x86_64-windows/libucrtbase.a dlls/kernel32/x86_64-windows/libkernel32.a \
  dlls/ntdll/x86_64-windows/libntdll.a --no-default-config -fms-hotpatch -Wl,-debug:dwarf
tools/winegcc/winegcc -o dlls/printui/x86_64-windows/printui.dll --wine-objdir . -b x86_64-windows -Wl,--wine-builtin -shared \
  /private/tmp/gptk4-wine11-source/dlls/printui/printui.spec -Wb,--prefer-native \
  dlls/printui/x86_64-windows/printui.o dlls/printui/printui.res \
  dlls/shell32/x86_64-windows/libshell32.a dlls/winecrt0/x86_64-windows/libwinecrt0.a \
  libs/compiler-rt/x86_64-windows/libcompiler-rt.a dlls/ucrtbase/x86_64-windows/libucrtbase.a \
  dlls/kernel32/x86_64-windows/libkernel32.a dlls/ntdll/x86_64-windows/libntdll.a --no-default-config -fms-hotpatch -Wl,-debug:dwarf
tools/winegcc/winegcc -o dlls/prntvpt/x86_64-windows/prntvpt.dll --wine-objdir . -b x86_64-windows -Wl,--wine-builtin -shared \
  /private/tmp/gptk4-wine11-source/dlls/prntvpt/prntvpt.spec dlls/prntvpt/x86_64-windows/main.o \
  dlls/prntvpt/x86_64-windows/ticket.o dlls/prntvpt/prntvpt.res dlls/gdi32/x86_64-windows/libgdi32.a \
  dlls/winspool.drv/x86_64-windows/libwinspool.a dlls/ole32/x86_64-windows/libole32.a \
  dlls/oleaut32/x86_64-windows/liboleaut32.a dlls/winecrt0/x86_64-windows/libwinecrt0.a \
  libs/compiler-rt/x86_64-windows/libcompiler-rt.a dlls/ucrtbase/x86_64-windows/libucrtbase.a \
  dlls/kernel32/x86_64-windows/libkernel32.a dlls/ntdll/x86_64-windows/libntdll.a --no-default-config -fms-hotpatch -Wl,-debug:dwarf
tools/winegcc/winegcc -o dlls/profapi/x86_64-windows/profapi.dll --wine-objdir . -b x86_64-windows -Wl,--wine-builtin -shared \
  /private/tmp/gptk4-wine11-source/dlls/profapi/profapi.spec \
  dlls/winecrt0/x86_64-windows/libwinecrt0.a libs/compiler-rt/x86_64-windows/libcompiler-rt.a \
  dlls/ucrtbase/x86_64-windows/libucrtbase.a dlls/kernel32/x86_64-windows/libkernel32.a \
  dlls/ntdll/x86_64-windows/libntdll.a --no-default-config -fms-hotpatch -Wl,-debug:dwarf
tools/winegcc/winegcc -o dlls/propsys/x86_64-windows/propsys.dll --wine-objdir . -b x86_64-windows -Wl,--wine-builtin -shared \
  /private/tmp/gptk4-wine11-source/dlls/propsys/propsys.spec -Wb,--prefer-native \
  dlls/propsys/x86_64-windows/propstore.o dlls/propsys/x86_64-windows/propsys_main.o \
  dlls/propsys/x86_64-windows/propvar.o dlls/propsys/x86_64-windows/propsys_classes_r.res \
  dlls/ole32/x86_64-windows/libole32.a dlls/oleaut32/x86_64-windows/liboleaut32.a \
  libs/uuid/x86_64-windows/libuuid.a dlls/winecrt0/x86_64-windows/libwinecrt0.a \
  libs/compiler-rt/x86_64-windows/libcompiler-rt.a dlls/ucrtbase/x86_64-windows/libucrtbase.a \
  dlls/kernel32/x86_64-windows/libkernel32.a dlls/ntdll/x86_64-windows/libntdll.a --no-default-config -fms-hotpatch -Wl,-debug:dwarf
tools/winegcc/winegcc -o dlls/psapi/x86_64-windows/psapi.dll --wine-objdir . -b x86_64-windows -Wl,--wine-builtin -shared \
  /private/tmp/gptk4-wine11-source/dlls/psapi/psapi.spec dlls/psapi/version.res \
  dlls/winecrt0/x86_64-windows/libwinecrt0.a libs/compiler-rt/x86_64-windows/libcompiler-rt.a \
  dlls/ucrtbase/x86_64-windows/libucrtbase.a dlls/kernel32/x86_64-windows/libkernel32.a \
  dlls/ntdll/x86_64-windows/libntdll.a --no-default-config -fms-hotpatch -Wl,-debug:dwarf
tools/widl/widl -o dlls/pstorec/x86_64-windows/pstorec_tlb_t.res -b x86_64-windows --nostdinc -Ldlls/\* -Idlls/pstorec \
  -I/private/tmp/gptk4-wine11-source/dlls/pstorec -Iinclude \
  -I/private/tmp/gptk4-wine11-source/include -I/private/tmp/gptk4-wine11-source/include/msvcrt \
  -D_UCRT -D__WINESRC__ /private/tmp/gptk4-wine11-source/dlls/pstorec/pstorec_tlb.idl
tools/winegcc/winegcc -o dlls/pwrshplugin/x86_64-windows/pwrshplugin.dll --wine-objdir . -b x86_64-windows -Wl,--wine-builtin -shared \
  /private/tmp/gptk4-wine11-source/dlls/pwrshplugin/pwrshplugin.spec dlls/pwrshplugin/version.res \
  dlls/winecrt0/x86_64-windows/libwinecrt0.a libs/compiler-rt/x86_64-windows/libcompiler-rt.a \
  dlls/ucrtbase/x86_64-windows/libucrtbase.a dlls/kernel32/x86_64-windows/libkernel32.a \
  dlls/ntdll/x86_64-windows/libntdll.a --no-default-config -fms-hotpatch -Wl,-debug:dwarf
tools/winegcc/winegcc -o dlls/qasf/x86_64-windows/qasf.dll --wine-objdir . -b x86_64-windows -Wl,--wine-builtin -shared \
  /private/tmp/gptk4-wine11-source/dlls/qasf/qasf.spec dlls/qasf/x86_64-windows/asfreader.o \
  dlls/qasf/x86_64-windows/dmowrapper.o dlls/qasf/x86_64-windows/qasf_main.o dlls/qasf/version.res \
  dlls/qasf/x86_64-windows/qasf_classes_r.res libs/strmbase/x86_64-windows/libstrmbase.a \
  libs/dmoguids/x86_64-windows/libdmoguids.a libs/strmiids/x86_64-windows/libstrmiids.a \
  libs/uuid/x86_64-windows/libuuid.a dlls/ole32/x86_64-windows/libole32.a \
  dlls/oleaut32/x86_64-windows/liboleaut32.a dlls/wmvcore/x86_64-windows/libwmvcore.a \
  dlls/winecrt0/x86_64-windows/libwinecrt0.a libs/compiler-rt/x86_64-windows/libcompiler-rt.a \
  dlls/msvcrt/x86_64-windows/libmsvcrt.a dlls/kernel32/x86_64-windows/libkernel32.a \
  dlls/ntdll/x86_64-windows/libntdll.a --no-default-config -fms-hotpatch -Wl,-debug:dwarf
tools/winegcc/winegcc -o dlls/qcap/x86_64-windows/qcap.dll --wine-objdir . -b x86_64-windows -Wl,--wine-builtin -shared \
  /private/tmp/gptk4-wine11-source/dlls/qcap/qcap.spec dlls/qcap/x86_64-windows/audiorecord.o \
  dlls/qcap/x86_64-windows/avico.o dlls/qcap/x86_64-windows/avimux.o \
  dlls/qcap/x86_64-windows/capturegraph.o dlls/qcap/x86_64-windows/filewriter.o \
  dlls/qcap/x86_64-windows/qcap_main.o dlls/qcap/x86_64-windows/smartteefilter.o \
  dlls/qcap/x86_64-windows/vfwcapture.o dlls/qcap/version.res \
  dlls/qcap/x86_64-windows/qcap_classes_r.res libs/strmbase/x86_64-windows/libstrmbase.a \
  libs/strmiids/x86_64-windows/libstrmiids.a libs/uuid/x86_64-windows/libuuid.a \
  dlls/ole32/x86_64-windows/libole32.a dlls/oleaut32/x86_64-windows/liboleaut32.a \
  dlls/winmm/x86_64-windows/libwinmm.a dlls/msvfw32/x86_64-windows/libmsvfw32.a \
  dlls/winecrt0/x86_64-windows/libwinecrt0.a libs/compiler-rt/x86_64-windows/libcompiler-rt.a \
  dlls/msvcrt/x86_64-windows/libmsvcrt.a dlls/kernel32/x86_64-windows/libkernel32.a \
  dlls/ntdll/x86_64-windows/libntdll.a -Wl,-delayload,msvfw32.dll --no-default-config -fms-hotpatch -Wl,-debug:dwarf
tools/winegcc/winegcc -o dlls/qdvd/x86_64-windows/qdvd.dll --wine-objdir . -b x86_64-windows -Wl,--wine-builtin -shared \
  /private/tmp/gptk4-wine11-source/dlls/qdvd/qdvd.spec -Wb,--prefer-native \
  dlls/qdvd/x86_64-windows/graph.o dlls/qdvd/x86_64-windows/navigator.o \
  dlls/qdvd/x86_64-windows/qdvd_main.o dlls/qdvd/version.res \
  dlls/qdvd/x86_64-windows/qdvd_classes_r.res libs/strmbase/x86_64-windows/libstrmbase.a \
  libs/strmiids/x86_64-windows/libstrmiids.a libs/uuid/x86_64-windows/libuuid.a \
  dlls/ole32/x86_64-windows/libole32.a dlls/winecrt0/x86_64-windows/libwinecrt0.a \
  libs/compiler-rt/x86_64-windows/libcompiler-rt.a dlls/msvcrt/x86_64-windows/libmsvcrt.a \
  dlls/kernel32/x86_64-windows/libkernel32.a dlls/ntdll/x86_64-windows/libntdll.a --no-default-config -fms-hotpatch -Wl,-debug:dwarf
tools/winegcc/winegcc -o dlls/qedit/x86_64-windows/qedit.dll --wine-objdir . -b x86_64-windows -Wl,--wine-builtin -shared \
  /private/tmp/gptk4-wine11-source/dlls/qedit/qedit.spec dlls/qedit/x86_64-windows/main.o \
  dlls/qedit/x86_64-windows/mediadet.o dlls/qedit/x86_64-windows/nullrenderer.o \
  dlls/qedit/x86_64-windows/samplegrabber.o dlls/qedit/x86_64-windows/timeline.o \
  dlls/qedit/version.res dlls/qedit/x86_64-windows/qedit_classes_r.res \
  libs/strmiids/x86_64-windows/libstrmiids.a libs/strmbase/x86_64-windows/libstrmbase.a \
  libs/uuid/x86_64-windows/libuuid.a dlls/oleaut32/x86_64-windows/liboleaut32.a \
  dlls/ole32/x86_64-windows/libole32.a dlls/advapi32/x86_64-windows/libadvapi32.a \
  dlls/winecrt0/x86_64-windows/libwinecrt0.a libs/compiler-rt/x86_64-windows/libcompiler-rt.a \
  dlls/msvcrt/x86_64-windows/libmsvcrt.a dlls/kernel32/x86_64-windows/libkernel32.a \
  dlls/ntdll/x86_64-windows/libntdll.a --no-default-config -fms-hotpatch -Wl,-debug:dwarf
tools/winegcc/winegcc -o dlls/qmgr/x86_64-windows/qmgr.dll --wine-objdir . -b x86_64-windows -Wl,--wine-builtin -shared \
  /private/tmp/gptk4-wine11-source/dlls/qmgr/qmgr.spec -Wb,--prefer-native \
  dlls/qmgr/x86_64-windows/enum_files.o dlls/qmgr/x86_64-windows/enum_jobs.o \
  dlls/qmgr/x86_64-windows/factory.o dlls/qmgr/x86_64-windows/file.o dlls/qmgr/x86_64-windows/job.o \
  dlls/qmgr/x86_64-windows/qmgr.o dlls/qmgr/x86_64-windows/service.o \
  dlls/qmgr/x86_64-windows/qmgr_local_i.o dlls/qmgr/rsrc.res libs/uuid/x86_64-windows/libuuid.a \
  dlls/winhttp/x86_64-windows/libwinhttp.a dlls/ole32/x86_64-windows/libole32.a \
  dlls/advapi32/x86_64-windows/libadvapi32.a dlls/winecrt0/x86_64-windows/libwinecrt0.a \
  libs/compiler-rt/x86_64-windows/libcompiler-rt.a dlls/ucrtbase/x86_64-windows/libucrtbase.a \
  dlls/kernel32/x86_64-windows/libkernel32.a dlls/ntdll/x86_64-windows/libntdll.a --no-default-config -fms-hotpatch -Wl,-debug:dwarf
tools/winegcc/winegcc -o dlls/qmgrprxy/x86_64-windows/qmgrprxy.dll --wine-objdir . -b x86_64-windows -Wl,--wine-builtin -shared \
  /private/tmp/gptk4-wine11-source/dlls/qmgrprxy/qmgrprxy.spec \
  dlls/qmgrprxy/x86_64-windows/qmgrprxy_i.o dlls/qmgrprxy/x86_64-windows/qmgrprxy_p.o \
  dlls/qmgrprxy/x86_64-windows/dlldata.o dlls/qmgrprxy/x86_64-windows/qmgrprxy_r.res \
  dlls/rpcrt4/x86_64-windows/librpcrt4.a dlls/winecrt0/x86_64-windows/libwinecrt0.a \
  libs/compiler-rt/x86_64-windows/libcompiler-rt.a dlls/ucrtbase/x86_64-windows/libucrtbase.a \
  dlls/kernel32/x86_64-windows/libkernel32.a dlls/ntdll/x86_64-windows/libntdll.a --no-default-config -fms-hotpatch -Wl,-debug:dwarf
tools/widl/widl -o dlls/quartz/x86_64-windows/control_tlb_t.res -b x86_64-windows --nostdinc -Ldlls/\* -Idlls/quartz \
  -I/private/tmp/gptk4-wine11-source/dlls/quartz -Iinclude \
  -I/private/tmp/gptk4-wine11-source/include -I/private/tmp/gptk4-wine11-source/include/msvcrt \
  -D_MSVCR_VER=0 -D__WINESRC__ /private/tmp/gptk4-wine11-source/dlls/quartz/control_tlb.idl
tools/winegcc/winegcc -o dlls/query/x86_64-windows/query.dll --wine-objdir . -b x86_64-windows -Wl,--wine-builtin -shared \
  /private/tmp/gptk4-wine11-source/dlls/query/query.spec -Wb,--prefer-native \
  dlls/query/x86_64-windows/query_main.o libs/uuid/x86_64-windows/libuuid.a \
  dlls/winecrt0/x86_64-windows/libwinecrt0.a libs/compiler-rt/x86_64-windows/libcompiler-rt.a \
  dlls/ucrtbase/x86_64-windows/libucrtbase.a dlls/kernel32/x86_64-windows/libkernel32.a \
  dlls/ntdll/x86_64-windows/libntdll.a --no-default-config -fms-hotpatch -Wl,-debug:dwarf
tools/winegcc/winegcc -o dlls/qwave/x86_64-windows/qwave.dll --wine-objdir . -b x86_64-windows -Wl,--wine-builtin -shared \
  /private/tmp/gptk4-wine11-source/dlls/qwave/qwave.spec -Wb,--prefer-native \
  dlls/qwave/x86_64-windows/main.o dlls/winecrt0/x86_64-windows/libwinecrt0.a \
  libs/compiler-rt/x86_64-windows/libcompiler-rt.a dlls/ucrtbase/x86_64-windows/libucrtbase.a \
  dlls/kernel32/x86_64-windows/libkernel32.a dlls/ntdll/x86_64-windows/libntdll.a --no-default-config -fms-hotpatch -Wl,-debug:dwarf
tools/winegcc/winegcc -o dlls/rasapi32/x86_64-windows/rasapi32.dll --wine-objdir . -b x86_64-windows -Wl,--wine-builtin -shared \
  /private/tmp/gptk4-wine11-source/dlls/rasapi32/rasapi32.spec dlls/rasapi32/x86_64-windows/rasapi.o \
  dlls/winecrt0/x86_64-windows/libwinecrt0.a libs/compiler-rt/x86_64-windows/libcompiler-rt.a \
  dlls/ucrtbase/x86_64-windows/libucrtbase.a dlls/kernel32/x86_64-windows/libkernel32.a \
  dlls/ntdll/x86_64-windows/libntdll.a --no-default-config -fms-hotpatch -Wl,-debug:dwarf
tools/winegcc/winegcc -o dlls/rasdlg/x86_64-windows/rasdlg.dll --wine-objdir . -b x86_64-windows -Wl,--wine-builtin -shared \
  /private/tmp/gptk4-wine11-source/dlls/rasdlg/rasdlg.spec -Wb,--prefer-native \
  dlls/rasdlg/x86_64-windows/rasdlg_main.o dlls/winecrt0/x86_64-windows/libwinecrt0.a \
  libs/compiler-rt/x86_64-windows/libcompiler-rt.a dlls/ucrtbase/x86_64-windows/libucrtbase.a \
  dlls/kernel32/x86_64-windows/libkernel32.a dlls/ntdll/x86_64-windows/libntdll.a --no-default-config -fms-hotpatch -Wl,-debug:dwarf
tools/winegcc/winegcc -o dlls/regapi/x86_64-windows/regapi.dll --wine-objdir . -b x86_64-windows -Wl,--wine-builtin -shared \
  /private/tmp/gptk4-wine11-source/dlls/regapi/regapi.spec -Wb,--prefer-native \
  dlls/winecrt0/x86_64-windows/libwinecrt0.a libs/compiler-rt/x86_64-windows/libcompiler-rt.a \
  dlls/ucrtbase/x86_64-windows/libucrtbase.a dlls/kernel32/x86_64-windows/libkernel32.a \
  dlls/ntdll/x86_64-windows/libntdll.a --no-default-config -fms-hotpatch -Wl,-debug:dwarf
tools/winegcc/winegcc -o dlls/resampledmo/x86_64-windows/resampledmo.dll --wine-objdir . -b x86_64-windows -Wl,--wine-builtin -shared \
  /private/tmp/gptk4-wine11-source/dlls/resampledmo/resampledmo.spec \
  dlls/resampledmo/x86_64-windows/resampledmo.o dlls/resampledmo/x86_64-windows/resampledmo_r.res \
  dlls/combase/x86_64-windows/libcombase.a dlls/mfplat/x86_64-windows/libmfplat.a \
  dlls/msdmo/x86_64-windows/libmsdmo.a libs/mfuuid/x86_64-windows/libmfuuid.a \
  libs/dmoguids/x86_64-windows/libdmoguids.a libs/strmiids/x86_64-windows/libstrmiids.a \
  libs/wmcodecdspuuid/x86_64-windows/libwmcodecdspuuid.a libs/uuid/x86_64-windows/libuuid.a \
  dlls/winecrt0/x86_64-windows/libwinecrt0.a libs/compiler-rt/x86_64-windows/libcompiler-rt.a \
  dlls/ucrtbase/x86_64-windows/libucrtbase.a dlls/kernel32/x86_64-windows/libkernel32.a \
  dlls/ntdll/x86_64-windows/libntdll.a --no-default-config -fms-hotpatch -Wl,-debug:dwarf
tools/winegcc/winegcc -o dlls/resutils/x86_64-windows/resutils.dll --wine-objdir . -b x86_64-windows -Wl,--wine-builtin -shared \
  /private/tmp/gptk4-wine11-source/dlls/resutils/resutils.spec -Wb,--prefer-native \
  dlls/winecrt0/x86_64-windows/libwinecrt0.a libs/compiler-rt/x86_64-windows/libcompiler-rt.a \
  dlls/ucrtbase/x86_64-windows/libucrtbase.a dlls/kernel32/x86_64-windows/libkernel32.a \
  dlls/ntdll/x86_64-windows/libntdll.a --no-default-config -fms-hotpatch -Wl,-debug:dwarf
tools/widl/widl -o dlls/riched20/x86_64-windows/riched_tom_t.res -b x86_64-windows --nostdinc -Ldlls/\* -Idlls/riched20 \
  -I/private/tmp/gptk4-wine11-source/dlls/riched20 -Iinclude \
  -I/private/tmp/gptk4-wine11-source/include -I/private/tmp/gptk4-wine11-source/include/msvcrt \
  -D_UCRT -D__WINESRC__ /private/tmp/gptk4-wine11-source/dlls/riched20/riched_tom.idl
tools/winegcc/winegcc -o dlls/riched32/x86_64-windows/riched32.dll --wine-objdir . -b x86_64-windows -Wl,--wine-builtin -shared \
  /private/tmp/gptk4-wine11-source/dlls/riched32/riched32.spec \
  dlls/riched32/x86_64-windows/richedit.o dlls/riched32/version.res \
  dlls/riched20/x86_64-windows/libriched20.a dlls/user32/x86_64-windows/libuser32.a \
  dlls/winecrt0/x86_64-windows/libwinecrt0.a libs/compiler-rt/x86_64-windows/libcompiler-rt.a \
  dlls/ucrtbase/x86_64-windows/libucrtbase.a dlls/kernel32/x86_64-windows/libkernel32.a \
  dlls/ntdll/x86_64-windows/libntdll.a --no-default-config -fms-hotpatch -Wl,-debug:dwarf
tools/winegcc/winegcc -o dlls/rometadata/x86_64-windows/rometadata.dll --wine-objdir . -b x86_64-windows -Wl,--wine-builtin -shared \
  /private/tmp/gptk4-wine11-source/dlls/rometadata/rometadata.spec \
  dlls/rometadata/x86_64-windows/assembly.o dlls/rometadata/x86_64-windows/main.o \
  dlls/rometadata/x86_64-windows/mdtables.o dlls/combase/x86_64-windows/libcombase.a \
  dlls/winecrt0/x86_64-windows/libwinecrt0.a libs/compiler-rt/x86_64-windows/libcompiler-rt.a \
  dlls/ucrtbase/x86_64-windows/libucrtbase.a dlls/kernel32/x86_64-windows/libkernel32.a \
  dlls/ntdll/x86_64-windows/libntdll.a --no-default-config -fms-hotpatch -Wl,-debug:dwarf
tools/winegcc/winegcc -o dlls/rpcrt4/x86_64-windows/rpcrt4.dll --wine-objdir . -b x86_64-windows -Wl,--wine-builtin -shared \
  /private/tmp/gptk4-wine11-source/dlls/rpcrt4/rpcrt4.spec dlls/rpcrt4/x86_64-windows/cproxy.o \
  dlls/rpcrt4/x86_64-windows/cpsf.o dlls/rpcrt4/x86_64-windows/cstub.o \
  dlls/rpcrt4/x86_64-windows/ndr_clientserver.o dlls/rpcrt4/x86_64-windows/ndr_contexthandle.o \
  dlls/rpcrt4/x86_64-windows/ndr_es.o dlls/rpcrt4/x86_64-windows/ndr_fullpointer.o \
  dlls/rpcrt4/x86_64-windows/ndr_marshall.o dlls/rpcrt4/x86_64-windows/ndr_ole.o \
  dlls/rpcrt4/x86_64-windows/ndr_stubless.o dlls/rpcrt4/x86_64-windows/ndr_typelib.o \
  dlls/rpcrt4/x86_64-windows/rpc_assoc.o dlls/rpcrt4/x86_64-windows/rpc_async.o \
  dlls/rpcrt4/x86_64-windows/rpc_binding.o dlls/rpcrt4/x86_64-windows/rpc_epmap.o \
  dlls/rpcrt4/x86_64-windows/rpc_message.o dlls/rpcrt4/x86_64-windows/rpc_server.o \
  dlls/rpcrt4/x86_64-windows/rpc_transport.o dlls/rpcrt4/x86_64-windows/rpcrt4_main.o \
  dlls/rpcrt4/x86_64-windows/thunks.o dlls/rpcrt4/x86_64-windows/epm_c.o \
  dlls/rpcrt4/x86_64-windows/ndr_types_p.o dlls/rpcrt4/x86_64-windows/dlldata.o \
  dlls/rpcrt4/version.res libs/uuid/x86_64-windows/libuuid.a \
  dlls/advapi32/x86_64-windows/libadvapi32.a dlls/iphlpapi/x86_64-windows/libiphlpapi.a \
  dlls/wininet/x86_64-windows/libwininet.a dlls/secur32/x86_64-windows/libsecur32.a \
  dlls/user32/x86_64-windows/libuser32.a dlls/ws2_32/x86_64-windows/libws2_32.a \
  dlls/ole32/x86_64-windows/libole32.a dlls/oleaut32/x86_64-windows/liboleaut32.a \
  dlls/winecrt0/x86_64-windows/libwinecrt0.a libs/compiler-rt/x86_64-windows/libcompiler-rt.a \
  dlls/ucrtbase/x86_64-windows/libucrtbase.a dlls/kernel32/x86_64-windows/libkernel32.a \
  dlls/ntdll/x86_64-windows/libntdll.a -Wl,-delayload,iphlpapi.dll -Wl,-delayload,wininet.dll \
  -Wl,-delayload,secur32.dll -Wl,-delayload,user32.dll -Wl,-delayload,ws2_32.dll \
  -Wl,-delayload,ole32.dll -Wl,-delayload,oleaut32.dll --no-default-config -fms-hotpatch -Wl,-debug:dwarf
tools/winegcc/winegcc -o dlls/rsabase/x86_64-windows/rsabase.dll --wine-objdir . -b x86_64-windows -Wl,--wine-builtin -shared \
  /private/tmp/gptk4-wine11-source/dlls/rsabase/rsabase.spec dlls/rsabase/version.res \
  dlls/rsaenh/x86_64-windows/librsaenh.a dlls/winecrt0/x86_64-windows/libwinecrt0.a \
  libs/compiler-rt/x86_64-windows/libcompiler-rt.a dlls/ucrtbase/x86_64-windows/libucrtbase.a \
  dlls/kernel32/x86_64-windows/libkernel32.a dlls/ntdll/x86_64-windows/libntdll.a --no-default-config -fms-hotpatch -Wl,-debug:dwarf
tools/winegcc/winegcc -o dlls/rsaenh/x86_64-windows/rsaenh.dll --wine-objdir . -b x86_64-windows -Wl,--wine-builtin -shared \
  /private/tmp/gptk4-wine11-source/dlls/rsaenh/rsaenh.spec dlls/rsaenh/x86_64-windows/handle.o \
  dlls/rsaenh/x86_64-windows/implglue.o dlls/rsaenh/x86_64-windows/rsaenh.o dlls/rsaenh/rsrc.res \
  libs/tomcrypt/x86_64-windows/libtomcrypt.a dlls/crypt32/x86_64-windows/libcrypt32.a \
  dlls/advapi32/x86_64-windows/libadvapi32.a dlls/winecrt0/x86_64-windows/libwinecrt0.a \
  libs/compiler-rt/x86_64-windows/libcompiler-rt.a dlls/ucrtbase/x86_64-windows/libucrtbase.a \
  dlls/kernel32/x86_64-windows/libkernel32.a dlls/ntdll/x86_64-windows/libntdll.a --no-default-config -fms-hotpatch -Wl,-debug:dwarf
tools/winegcc/winegcc -o dlls/rstrtmgr/x86_64-windows/rstrtmgr.dll --wine-objdir . -b x86_64-windows -Wl,--wine-builtin -shared \
  /private/tmp/gptk4-wine11-source/dlls/rstrtmgr/rstrtmgr.spec -Wb,--prefer-native \
  dlls/rstrtmgr/x86_64-windows/main.o dlls/winecrt0/x86_64-windows/libwinecrt0.a \
  libs/compiler-rt/x86_64-windows/libcompiler-rt.a dlls/ucrtbase/x86_64-windows/libucrtbase.a \
  dlls/kernel32/x86_64-windows/libkernel32.a dlls/ntdll/x86_64-windows/libntdll.a --no-default-config -fms-hotpatch -Wl,-debug:dwarf
tools/winegcc/winegcc -o dlls/rtutils/x86_64-windows/rtutils.dll --wine-objdir . -b x86_64-windows -Wl,--wine-builtin -shared \
  /private/tmp/gptk4-wine11-source/dlls/rtutils/rtutils.spec -Wb,--prefer-native \
  dlls/rtutils/x86_64-windows/tracing.o dlls/winecrt0/x86_64-windows/libwinecrt0.a \
  libs/compiler-rt/x86_64-windows/libcompiler-rt.a dlls/ucrtbase/x86_64-windows/libucrtbase.a \
  dlls/kernel32/x86_64-windows/libkernel32.a dlls/ntdll/x86_64-windows/libntdll.a --no-default-config -fms-hotpatch -Wl,-debug:dwarf
tools/winegcc/winegcc -o dlls/rtworkq/x86_64-windows/rtworkq.dll --wine-objdir . -b x86_64-windows -Wl,--wine-builtin -shared \
  /private/tmp/gptk4-wine11-source/dlls/rtworkq/rtworkq.spec dlls/rtworkq/x86_64-windows/queue.o \
  dlls/ole32/x86_64-windows/libole32.a dlls/winecrt0/x86_64-windows/libwinecrt0.a \
  libs/compiler-rt/x86_64-windows/libcompiler-rt.a dlls/ucrtbase/x86_64-windows/libucrtbase.a \
  dlls/kernel32/x86_64-windows/libkernel32.a dlls/ntdll/x86_64-windows/libntdll.a --no-default-config -fms-hotpatch -Wl,-debug:dwarf
tools/winegcc/winegcc -o dlls/samlib/x86_64-windows/samlib.dll --wine-objdir . -b x86_64-windows -Wl,--wine-builtin -shared \
  /private/tmp/gptk4-wine11-source/dlls/samlib/samlib.spec -Wb,--prefer-native \
  dlls/winecrt0/x86_64-windows/libwinecrt0.a libs/compiler-rt/x86_64-windows/libcompiler-rt.a \
  dlls/ucrtbase/x86_64-windows/libucrtbase.a dlls/kernel32/x86_64-windows/libkernel32.a \
  dlls/ntdll/x86_64-windows/libntdll.a --no-default-config -fms-hotpatch -Wl,-debug:dwarf
tools/widl/widl -o dlls/sapi/x86_64-windows/sapi_typelib_t.res -b x86_64-windows --nostdinc -Ldlls/\* -Idlls/sapi \
  -I/private/tmp/gptk4-wine11-source/dlls/sapi -Iinclude -I/private/tmp/gptk4-wine11-source/include \
  -I/private/tmp/gptk4-wine11-source/include/msvcrt -D_UCRT -D__WINESRC__ \
  /private/tmp/gptk4-wine11-source/dlls/sapi/sapi_typelib.idl
tools/winegcc/winegcc -o dlls/sas/x86_64-windows/sas.dll --wine-objdir . -b x86_64-windows -Wl,--wine-builtin -shared \
  /private/tmp/gptk4-wine11-source/dlls/sas/sas.spec -Wb,--prefer-native \
  dlls/winecrt0/x86_64-windows/libwinecrt0.a libs/compiler-rt/x86_64-windows/libcompiler-rt.a \
  dlls/ucrtbase/x86_64-windows/libucrtbase.a dlls/kernel32/x86_64-windows/libkernel32.a \
  dlls/ntdll/x86_64-windows/libntdll.a --no-default-config -fms-hotpatch -Wl,-debug:dwarf
tools/winegcc/winegcc -o dlls/scarddlg/x86_64-windows/scarddlg.dll --wine-objdir . -b x86_64-windows -Wl,--wine-builtin -shared \
  /private/tmp/gptk4-wine11-source/dlls/scarddlg/scarddlg.spec -Wb,--prefer-native \
  dlls/winecrt0/x86_64-windows/libwinecrt0.a libs/compiler-rt/x86_64-windows/libcompiler-rt.a \
  dlls/ucrtbase/x86_64-windows/libucrtbase.a dlls/kernel32/x86_64-windows/libkernel32.a \
  dlls/ntdll/x86_64-windows/libntdll.a --no-default-config -fms-hotpatch -Wl,-debug:dwarf
tools/winegcc/winegcc -o dlls/scardsvr/x86_64-windows/scardsvr.dll --wine-objdir . -b x86_64-windows -Wl,--wine-builtin -shared \
  /private/tmp/gptk4-wine11-source/dlls/scardsvr/scardsvr.spec \
  dlls/scardsvr/x86_64-windows/scardsvr.o dlls/advapi32/x86_64-windows/libadvapi32.a \
  dlls/winecrt0/x86_64-windows/libwinecrt0.a libs/compiler-rt/x86_64-windows/libcompiler-rt.a \
  dlls/ucrtbase/x86_64-windows/libucrtbase.a dlls/kernel32/x86_64-windows/libkernel32.a \
  dlls/ntdll/x86_64-windows/libntdll.a --no-default-config -fms-hotpatch -Wl,-debug:dwarf
tools/winegcc/winegcc -o dlls/sccbase/x86_64-windows/sccbase.dll --wine-objdir . -b x86_64-windows -Wl,--wine-builtin -shared \
  /private/tmp/gptk4-wine11-source/dlls/sccbase/sccbase.spec -Wb,--prefer-native \
  dlls/winecrt0/x86_64-windows/libwinecrt0.a libs/compiler-rt/x86_64-windows/libcompiler-rt.a \
  dlls/ucrtbase/x86_64-windows/libucrtbase.a dlls/kernel32/x86_64-windows/libkernel32.a \
  dlls/ntdll/x86_64-windows/libntdll.a --no-default-config -fms-hotpatch -Wl,-debug:dwarf
tools/winegcc/winegcc -o dlls/schannel/x86_64-windows/schannel.dll --wine-objdir . -b x86_64-windows -Wl,--wine-builtin -shared \
  /private/tmp/gptk4-wine11-source/dlls/schannel/schannel.spec -Wb,--prefer-native \
  dlls/schannel/x86_64-windows/lsamode.o dlls/schannel/x86_64-windows/schannel_main.o \
  dlls/schannel/x86_64-windows/usermode.o dlls/schannel/version.res \
  dlls/secur32/x86_64-windows/libsecur32.a dlls/winecrt0/x86_64-windows/libwinecrt0.a \
  libs/compiler-rt/x86_64-windows/libcompiler-rt.a dlls/ucrtbase/x86_64-windows/libucrtbase.a \
  dlls/kernel32/x86_64-windows/libkernel32.a dlls/ntdll/x86_64-windows/libntdll.a --no-default-config -fms-hotpatch -Wl,-debug:dwarf
tools/winegcc/winegcc -o dlls/schedsvc/x86_64-windows/schedsvc.dll --wine-objdir . -b x86_64-windows -Wl,--wine-builtin -shared \
  /private/tmp/gptk4-wine11-source/dlls/schedsvc/schedsvc.spec dlls/schedsvc/x86_64-windows/atsvc.o \
  dlls/schedsvc/x86_64-windows/schedsvc.o dlls/schedsvc/x86_64-windows/svc_main.o \
  dlls/schedsvc/x86_64-windows/atsvc_s.o dlls/schedsvc/x86_64-windows/schrpc_s.o \
  dlls/rpcrt4/x86_64-windows/librpcrt4.a dlls/advapi32/x86_64-windows/libadvapi32.a \
  dlls/ole32/x86_64-windows/libole32.a dlls/xmllite/x86_64-windows/libxmllite.a \
  dlls/winecrt0/x86_64-windows/libwinecrt0.a libs/compiler-rt/x86_64-windows/libcompiler-rt.a \
  dlls/ucrtbase/x86_64-windows/libucrtbase.a dlls/kernel32/x86_64-windows/libkernel32.a \
  dlls/ntdll/x86_64-windows/libntdll.a --no-default-config -fms-hotpatch -Wl,-debug:dwarf
tools/widl/widl -o dlls/scrobj/x86_64-windows/scrobj_t.res -b x86_64-windows --nostdinc -Ldlls/\* -Idlls/scrobj \
  -I/private/tmp/gptk4-wine11-source/dlls/scrobj -Iinclude \
  -I/private/tmp/gptk4-wine11-source/include -I/private/tmp/gptk4-wine11-source/include/msvcrt \
  -D_UCRT -D__WINESRC__ /private/tmp/gptk4-wine11-source/dlls/scrobj/scrobj.idl
tools/widl/widl -o dlls/scrrun/x86_64-windows/scrrun_t.res -b x86_64-windows --nostdinc -Ldlls/\* -Idlls/scrrun \
  -I/private/tmp/gptk4-wine11-source/dlls/scrrun -Iinclude \
  -I/private/tmp/gptk4-wine11-source/include -I/private/tmp/gptk4-wine11-source/include/msvcrt \
  -D_UCRT -D__WINESRC__ /private/tmp/gptk4-wine11-source/dlls/scrrun/scrrun.idl
tools/winegcc/winegcc -o dlls/scsiport.sys/x86_64-windows/scsiport.sys --wine-objdir . -b x86_64-windows -Wl,--wine-builtin -shared \
  /private/tmp/gptk4-wine11-source/dlls/scsiport.sys/scsiport.sys.spec -Wl,--subsystem,native \
  dlls/scsiport.sys/x86_64-windows/scsiport.o dlls/ntoskrnl.exe/x86_64-windows/libntoskrnl.a \
  dlls/winecrt0/x86_64-windows/libwinecrt0.a libs/compiler-rt/x86_64-windows/libcompiler-rt.a \
  dlls/ucrtbase/x86_64-windows/libucrtbase.a dlls/kernel32/x86_64-windows/libkernel32.a \
  dlls/ntdll/x86_64-windows/libntdll.a --no-default-config -fms-hotpatch -Wl,-debug:dwarf
tools/winegcc/winegcc -o dlls/sechost/x86_64-windows/sechost.dll --wine-objdir . -b x86_64-windows -Wl,--wine-builtin -shared \
  /private/tmp/gptk4-wine11-source/dlls/sechost/sechost.spec dlls/sechost/x86_64-windows/security.o \
  dlls/sechost/x86_64-windows/service.o dlls/sechost/x86_64-windows/trace.o \
  dlls/sechost/x86_64-windows/plugplay_c.o dlls/sechost/x86_64-windows/svcctl_c.o \
  dlls/kernelbase/x86_64-windows/libkernelbase.a dlls/rpcrt4/x86_64-windows/librpcrt4.a \
  dlls/winecrt0/x86_64-windows/libwinecrt0.a libs/compiler-rt/x86_64-windows/libcompiler-rt.a \
  dlls/ucrtbase/x86_64-windows/libucrtbase.a dlls/kernel32/x86_64-windows/libkernel32.a \
  dlls/ntdll/x86_64-windows/libntdll.a -Wl,-delayload,rpcrt4.dll --no-default-config -fms-hotpatch -Wl,-debug:dwarf
tools/winegcc/winegcc -o dlls/secur32/x86_64-windows/secur32.dll --wine-objdir . -b x86_64-windows -Wl,--wine-builtin -shared \
  /private/tmp/gptk4-wine11-source/dlls/secur32/secur32.spec dlls/secur32/x86_64-windows/lsa.o \
  dlls/secur32/x86_64-windows/negotiate.o dlls/secur32/x86_64-windows/schannel.o \
  dlls/secur32/x86_64-windows/secur32.o dlls/secur32/x86_64-windows/thunks.o \
  dlls/secur32/x86_64-windows/wrapper.o dlls/advapi32/x86_64-windows/libadvapi32.a \
  dlls/crypt32/x86_64-windows/libcrypt32.a dlls/winecrt0/x86_64-windows/libwinecrt0.a \
  libs/compiler-rt/x86_64-windows/libcompiler-rt.a dlls/ucrtbase/x86_64-windows/libucrtbase.a \
  dlls/kernel32/x86_64-windows/libkernel32.a dlls/ntdll/x86_64-windows/libntdll.a \
  -Wl,-delayload,crypt32.dll --no-default-config -fms-hotpatch -Wl,-debug:dwarf
tools/winegcc/winegcc -o dlls/sensapi/x86_64-windows/sensapi.dll --wine-objdir . -b x86_64-windows -Wl,--wine-builtin -shared \
  /private/tmp/gptk4-wine11-source/dlls/sensapi/sensapi.spec dlls/sensapi/x86_64-windows/sensapi.o \
  dlls/winecrt0/x86_64-windows/libwinecrt0.a libs/compiler-rt/x86_64-windows/libcompiler-rt.a \
  dlls/ucrtbase/x86_64-windows/libucrtbase.a dlls/kernel32/x86_64-windows/libkernel32.a \
  dlls/ntdll/x86_64-windows/libntdll.a --no-default-config -fms-hotpatch -Wl,-debug:dwarf
tools/winegcc/winegcc -o dlls/serialui/x86_64-windows/serialui.dll --wine-objdir . -b x86_64-windows -Wl,--wine-builtin -shared \
  /private/tmp/gptk4-wine11-source/dlls/serialui/serialui.spec \
  dlls/serialui/x86_64-windows/confdlg.o dlls/serialui/serialui.res \
  dlls/user32/x86_64-windows/libuser32.a dlls/advapi32/x86_64-windows/libadvapi32.a \
  dlls/winecrt0/x86_64-windows/libwinecrt0.a libs/compiler-rt/x86_64-windows/libcompiler-rt.a \
  dlls/ucrtbase/x86_64-windows/libucrtbase.a dlls/kernel32/x86_64-windows/libkernel32.a \
  dlls/ntdll/x86_64-windows/libntdll.a --no-default-config -fms-hotpatch -Wl,-debug:dwarf
tools/winegcc/winegcc -o dlls/setupapi/x86_64-windows/setupapi.dll --wine-objdir . -b x86_64-windows -Wl,--wine-builtin -shared \
  /private/tmp/gptk4-wine11-source/dlls/setupapi/setupapi.spec \
  dlls/setupapi/x86_64-windows/devinst.o dlls/setupapi/x86_64-windows/dialog.o \
  dlls/setupapi/x86_64-windows/dirid.o dlls/setupapi/x86_64-windows/diskspace.o \
  dlls/setupapi/x86_64-windows/fakedll.o dlls/setupapi/x86_64-windows/install.o \
  dlls/setupapi/x86_64-windows/misc.o dlls/setupapi/x86_64-windows/parser.o \
  dlls/setupapi/x86_64-windows/query.o dlls/setupapi/x86_64-windows/queue.o \
  dlls/setupapi/x86_64-windows/setupcab.o dlls/setupapi/x86_64-windows/stringtable.o \
  dlls/setupapi/x86_64-windows/stubs.o dlls/setupapi/setupapi.res libs/uuid/x86_64-windows/libuuid.a \
  dlls/advapi32/x86_64-windows/libadvapi32.a dlls/rpcrt4/x86_64-windows/librpcrt4.a \
  dlls/kernelbase/x86_64-windows/libkernelbase.a dlls/cabinet/x86_64-windows/libcabinet.a \
  dlls/shell32/x86_64-windows/libshell32.a dlls/wintrust/x86_64-windows/libwintrust.a \
  dlls/ole32/x86_64-windows/libole32.a dlls/comdlg32/x86_64-windows/libcomdlg32.a \
  dlls/user32/x86_64-windows/libuser32.a dlls/winecrt0/x86_64-windows/libwinecrt0.a \
  libs/compiler-rt/x86_64-windows/libcompiler-rt.a dlls/ucrtbase/x86_64-windows/libucrtbase.a \
  dlls/kernel32/x86_64-windows/libkernel32.a dlls/ntdll/x86_64-windows/libntdll.a \
  -Wl,-delayload,cabinet.dll -Wl,-delayload,shell32.dll -Wl,-delayload,wintrust.dll \
  -Wl,-delayload,ole32.dll -Wl,-delayload,comdlg32.dll -Wl,-delayload,user32.dll --no-default-config -fms-hotpatch -Wl,-debug:dwarf
tools/winegcc/winegcc -o dlls/sfc_os/x86_64-windows/sfc_os.dll --wine-objdir . -b x86_64-windows -Wl,--wine-builtin -shared \
  /private/tmp/gptk4-wine11-source/dlls/sfc_os/sfc_os.spec -Wb,--prefer-native \
  dlls/sfc_os/x86_64-windows/sfc_os.o dlls/winecrt0/x86_64-windows/libwinecrt0.a \
  libs/compiler-rt/x86_64-windows/libcompiler-rt.a dlls/ucrtbase/x86_64-windows/libucrtbase.a \
  dlls/kernel32/x86_64-windows/libkernel32.a dlls/ntdll/x86_64-windows/libntdll.a --no-default-config -fms-hotpatch -Wl,-debug:dwarf
tools/winegcc/winegcc -o dlls/shcore/x86_64-windows/shcore.dll --wine-objdir . -b x86_64-windows -Wl,--wine-builtin -shared \
  /private/tmp/gptk4-wine11-source/dlls/shcore/shcore.spec -Wb,--prefer-native \
  dlls/shcore/x86_64-windows/main.o dlls/advapi32/x86_64-windows/libadvapi32.a \
  dlls/user32/x86_64-windows/libuser32.a dlls/ole32/x86_64-windows/libole32.a \
  dlls/winecrt0/x86_64-windows/libwinecrt0.a libs/compiler-rt/x86_64-windows/libcompiler-rt.a \
  dlls/ucrtbase/x86_64-windows/libucrtbase.a dlls/kernel32/x86_64-windows/libkernel32.a \
  dlls/ntdll/x86_64-windows/libntdll.a -Wl,-delayload,user32.dll -Wl,-delayload,ole32.dll \
  --no-default-config -fms-hotpatch -Wl,-debug:dwarf
tools/widl/widl -o dlls/shdocvw/x86_64-windows/shdocvw_v1_t.res -b x86_64-windows --nostdinc -Ldlls/\* -Idlls/shdocvw \
  -I/private/tmp/gptk4-wine11-source/dlls/shdocvw -Iinclude \
  -I/private/tmp/gptk4-wine11-source/include -I/private/tmp/gptk4-wine11-source/include/msvcrt \
  -D_UCRT -D__WINESRC__ /private/tmp/gptk4-wine11-source/dlls/shdocvw/shdocvw_v1.idl
tools/widl/widl -o dlls/shell32/x86_64-windows/shell32_tlb_t.res -b x86_64-windows --nostdinc -Ldlls/\* -Idlls/shell32 \
  -I/private/tmp/gptk4-wine11-source/dlls/shell32 -Iinclude \
  -I/private/tmp/gptk4-wine11-source/include -I/private/tmp/gptk4-wine11-source/include/msvcrt \
  -D_UCRT -D__WINESRC__ -D_SHELL32_ /private/tmp/gptk4-wine11-source/dlls/shell32/shell32_tlb.idl
tools/winegcc/winegcc -o dlls/shfolder/x86_64-windows/shfolder.dll --wine-objdir . -b x86_64-windows -Wl,--wine-builtin -shared \
  /private/tmp/gptk4-wine11-source/dlls/shfolder/shfolder.spec dlls/shfolder/version.res \
  dlls/shell32/x86_64-windows/libshell32.a dlls/winecrt0/x86_64-windows/libwinecrt0.a \
  libs/compiler-rt/x86_64-windows/libcompiler-rt.a dlls/ucrtbase/x86_64-windows/libucrtbase.a \
  dlls/kernel32/x86_64-windows/libkernel32.a dlls/ntdll/x86_64-windows/libntdll.a --no-default-config -fms-hotpatch -Wl,-debug:dwarf
tools/winegcc/winegcc -o dlls/shlwapi/x86_64-windows/shlwapi.dll --wine-objdir . -b x86_64-windows -Wl,--wine-builtin -shared \
  /private/tmp/gptk4-wine11-source/dlls/shlwapi/shlwapi.spec dlls/shlwapi/x86_64-windows/assoc.o \
  dlls/shlwapi/x86_64-windows/clist.o dlls/shlwapi/x86_64-windows/istream.o \
  dlls/shlwapi/x86_64-windows/msgbox.o dlls/shlwapi/x86_64-windows/ordinal.o \
  dlls/shlwapi/x86_64-windows/path.o dlls/shlwapi/x86_64-windows/reg.o \
  dlls/shlwapi/x86_64-windows/regstream.o dlls/shlwapi/x86_64-windows/shlwapi_main.o \
  dlls/shlwapi/x86_64-windows/stopwatch.o dlls/shlwapi/x86_64-windows/string.o \
  dlls/shlwapi/x86_64-windows/thread.o dlls/shlwapi/x86_64-windows/url.o dlls/shlwapi/shlwapi.res \
  libs/uuid/x86_64-windows/libuuid.a dlls/shcore/x86_64-windows/libshcore.a \
  dlls/user32/x86_64-windows/libuser32.a dlls/gdi32/x86_64-windows/libgdi32.a \
  dlls/advapi32/x86_64-windows/libadvapi32.a dlls/kernelbase/x86_64-windows/libkernelbase.a \
  dlls/userenv/x86_64-windows/libuserenv.a dlls/oleaut32/x86_64-windows/liboleaut32.a \
  dlls/ole32/x86_64-windows/libole32.a dlls/comctl32/x86_64-windows/libcomctl32.a \
  dlls/comdlg32/x86_64-windows/libcomdlg32.a dlls/mpr/x86_64-windows/libmpr.a \
  dlls/mlang/x86_64-windows/libmlang.a dlls/urlmon/x86_64-windows/liburlmon.a \
  dlls/shell32/x86_64-windows/libshell32.a dlls/winmm/x86_64-windows/libwinmm.a \
  dlls/winecrt0/x86_64-windows/libwinecrt0.a libs/compiler-rt/x86_64-windows/libcompiler-rt.a \
  dlls/ucrtbase/x86_64-windows/libucrtbase.a dlls/kernel32/x86_64-windows/libkernel32.a \
  dlls/ntdll/x86_64-windows/libntdll.a -Wl,-delayload,userenv.dll -Wl,-delayload,oleaut32.dll \
  -Wl,-delayload,ole32.dll -Wl,-delayload,comctl32.dll -Wl,-delayload,comdlg32.dll \
  -Wl,-delayload,mpr.dll -Wl,-delayload,mlang.dll -Wl,-delayload,urlmon.dll \
  -Wl,-delayload,shell32.dll -Wl,-delayload,winmm.dll --no-default-config -fms-hotpatch -Wl,-debug:dwarf
tools/winegcc/winegcc -o dlls/slbcsp/x86_64-windows/slbcsp.dll --wine-objdir . -b x86_64-windows -Wl,--wine-builtin -shared \
  /private/tmp/gptk4-wine11-source/dlls/slbcsp/slbcsp.spec -Wb,--prefer-native \
  dlls/winecrt0/x86_64-windows/libwinecrt0.a libs/compiler-rt/x86_64-windows/libcompiler-rt.a \
  dlls/ucrtbase/x86_64-windows/libucrtbase.a dlls/kernel32/x86_64-windows/libkernel32.a \
  dlls/ntdll/x86_64-windows/libntdll.a --no-default-config -fms-hotpatch -Wl,-debug:dwarf
tools/winegcc/winegcc -o dlls/slc/x86_64-windows/slc.dll --wine-objdir . -b x86_64-windows -Wl,--wine-builtin -shared \
  /private/tmp/gptk4-wine11-source/dlls/slc/slc.spec -Wb,--prefer-native \
  dlls/slc/x86_64-windows/slc.o dlls/winecrt0/x86_64-windows/libwinecrt0.a \
  libs/compiler-rt/x86_64-windows/libcompiler-rt.a dlls/ucrtbase/x86_64-windows/libucrtbase.a \
  dlls/kernel32/x86_64-windows/libkernel32.a dlls/ntdll/x86_64-windows/libntdll.a --no-default-config -fms-hotpatch -Wl,-debug:dwarf
tools/winegcc/winegcc -o dlls/snmpapi/x86_64-windows/snmpapi.dll --wine-objdir . -b x86_64-windows -Wl,--wine-builtin -shared \
  /private/tmp/gptk4-wine11-source/dlls/snmpapi/snmpapi.spec -Wb,--prefer-native \
  dlls/snmpapi/x86_64-windows/main.o dlls/winecrt0/x86_64-windows/libwinecrt0.a \
  libs/compiler-rt/x86_64-windows/libcompiler-rt.a dlls/ucrtbase/x86_64-windows/libucrtbase.a \
  dlls/kernel32/x86_64-windows/libkernel32.a dlls/ntdll/x86_64-windows/libntdll.a --no-default-config -fms-hotpatch -Wl,-debug:dwarf
tools/winegcc/winegcc -o dlls/softpub/x86_64-windows/softpub.dll --wine-objdir . -b x86_64-windows -Wl,--wine-builtin -shared \
  /private/tmp/gptk4-wine11-source/dlls/softpub/softpub.spec \
  dlls/wintrust/x86_64-windows/libwintrust.a dlls/winecrt0/x86_64-windows/libwinecrt0.a \
  libs/compiler-rt/x86_64-windows/libcompiler-rt.a dlls/ucrtbase/x86_64-windows/libucrtbase.a \
  dlls/kernel32/x86_64-windows/libkernel32.a dlls/ntdll/x86_64-windows/libntdll.a --no-default-config -fms-hotpatch -Wl,-debug:dwarf
tools/winegcc/winegcc -o dlls/spoolss/x86_64-windows/spoolss.dll --wine-objdir . -b x86_64-windows -Wl,--wine-builtin -shared \
  /private/tmp/gptk4-wine11-source/dlls/spoolss/spoolss.spec -Wb,--prefer-native \
  dlls/spoolss/x86_64-windows/router.o dlls/spoolss/x86_64-windows/spoolss_main.o \
  dlls/winspool.drv/x86_64-windows/libwinspool.a dlls/winecrt0/x86_64-windows/libwinecrt0.a \
  libs/compiler-rt/x86_64-windows/libcompiler-rt.a dlls/ucrtbase/x86_64-windows/libucrtbase.a \
  dlls/kernel32/x86_64-windows/libkernel32.a dlls/ntdll/x86_64-windows/libntdll.a --no-default-config -fms-hotpatch -Wl,-debug:dwarf
tools/winegcc/winegcc -o dlls/sppc/x86_64-windows/sppc.dll --wine-objdir . -b x86_64-windows -Wl,--wine-builtin -shared \
  /private/tmp/gptk4-wine11-source/dlls/sppc/sppc.spec -Wb,--prefer-native \
  dlls/sppc/x86_64-windows/sppc.o dlls/winecrt0/x86_64-windows/libwinecrt0.a \
  libs/compiler-rt/x86_64-windows/libcompiler-rt.a dlls/ucrtbase/x86_64-windows/libucrtbase.a \
  dlls/kernel32/x86_64-windows/libkernel32.a dlls/ntdll/x86_64-windows/libntdll.a --no-default-config -fms-hotpatch -Wl,-debug:dwarf
tools/winegcc/winegcc -o dlls/srclient/x86_64-windows/srclient.dll --wine-objdir . -b x86_64-windows -Wl,--wine-builtin -shared \
  /private/tmp/gptk4-wine11-source/dlls/srclient/srclient.spec -Wb,--prefer-native \
  dlls/winecrt0/x86_64-windows/libwinecrt0.a libs/compiler-rt/x86_64-windows/libcompiler-rt.a \
  dlls/ucrtbase/x86_64-windows/libucrtbase.a dlls/kernel32/x86_64-windows/libkernel32.a \
  dlls/ntdll/x86_64-windows/libntdll.a --no-default-config -fms-hotpatch -Wl,-debug:dwarf
tools/winegcc/winegcc -o dlls/srvcli/x86_64-windows/srvcli.dll --wine-objdir . -b x86_64-windows -Wl,--wine-builtin -shared \
  /private/tmp/gptk4-wine11-source/dlls/srvcli/srvcli.spec -Wb,--prefer-native \
  dlls/winecrt0/x86_64-windows/libwinecrt0.a libs/compiler-rt/x86_64-windows/libcompiler-rt.a \
  dlls/ucrtbase/x86_64-windows/libucrtbase.a dlls/kernel32/x86_64-windows/libkernel32.a \
  dlls/ntdll/x86_64-windows/libntdll.a --no-default-config -fms-hotpatch -Wl,-debug:dwarf
tools/winegcc/winegcc -o dlls/srvsvc/x86_64-windows/srvsvc.dll --wine-objdir . -b x86_64-windows -Wl,--wine-builtin -shared \
  /private/tmp/gptk4-wine11-source/dlls/srvsvc/srvsvc.spec dlls/srvsvc/x86_64-windows/srvsvc.o \
  dlls/advapi32/x86_64-windows/libadvapi32.a dlls/winecrt0/x86_64-windows/libwinecrt0.a \
  libs/compiler-rt/x86_64-windows/libcompiler-rt.a dlls/ucrtbase/x86_64-windows/libucrtbase.a \
  dlls/kernel32/x86_64-windows/libkernel32.a dlls/ntdll/x86_64-windows/libntdll.a --no-default-config -fms-hotpatch -Wl,-debug:dwarf
tools/winegcc/winegcc -o dlls/sspicli/x86_64-windows/sspicli.dll --wine-objdir . -b x86_64-windows -Wl,--wine-builtin -shared \
  /private/tmp/gptk4-wine11-source/dlls/sspicli/sspicli.spec dlls/sspicli/x86_64-windows/main.o \
  dlls/winecrt0/x86_64-windows/libwinecrt0.a libs/compiler-rt/x86_64-windows/libcompiler-rt.a \
  dlls/ucrtbase/x86_64-windows/libucrtbase.a dlls/kernel32/x86_64-windows/libkernel32.a \
  dlls/ntdll/x86_64-windows/libntdll.a --no-default-config -fms-hotpatch -Wl,-debug:dwarf
tools/winegcc/winegcc -o dlls/sti/x86_64-windows/sti.dll --wine-objdir . -b x86_64-windows -Wl,--wine-builtin -shared \
  /private/tmp/gptk4-wine11-source/dlls/sti/sti.spec -Wb,--prefer-native \
  dlls/sti/x86_64-windows/sti.o dlls/sti/x86_64-windows/sti_main.o \
  dlls/sti/x86_64-windows/sti_wia_p.o dlls/sti/x86_64-windows/dlldata.o \
  dlls/sti/x86_64-windows/sti_wia_r.res libs/uuid/x86_64-windows/libuuid.a \
  dlls/ole32/x86_64-windows/libole32.a dlls/oleaut32/x86_64-windows/liboleaut32.a \
  dlls/rpcrt4/x86_64-windows/librpcrt4.a dlls/advapi32/x86_64-windows/libadvapi32.a \
  dlls/winecrt0/x86_64-windows/libwinecrt0.a libs/compiler-rt/x86_64-windows/libcompiler-rt.a \
  dlls/ucrtbase/x86_64-windows/libucrtbase.a dlls/kernel32/x86_64-windows/libkernel32.a \
  dlls/ntdll/x86_64-windows/libntdll.a --no-default-config -fms-hotpatch -Wl,-debug:dwarf
tools/winegcc/winegcc -o dlls/strmdll/x86_64-windows/strmdll.dll --wine-objdir . -b x86_64-windows -Wl,--wine-builtin -shared \
  /private/tmp/gptk4-wine11-source/dlls/strmdll/strmdll.spec -Wb,--prefer-native \
  dlls/strmdll/version.res dlls/winecrt0/x86_64-windows/libwinecrt0.a \
  libs/compiler-rt/x86_64-windows/libcompiler-rt.a dlls/ucrtbase/x86_64-windows/libucrtbase.a \
  dlls/kernel32/x86_64-windows/libkernel32.a dlls/ntdll/x86_64-windows/libntdll.a --no-default-config -fms-hotpatch -Wl,-debug:dwarf
tools/winegcc/winegcc -o dlls/svrapi/x86_64-windows/svrapi.dll --wine-objdir . -b x86_64-windows -Wl,--wine-builtin -shared \
  /private/tmp/gptk4-wine11-source/dlls/svrapi/svrapi.spec -Wb,--prefer-native \
  dlls/winecrt0/x86_64-windows/libwinecrt0.a libs/compiler-rt/x86_64-windows/libcompiler-rt.a \
  dlls/ucrtbase/x86_64-windows/libucrtbase.a dlls/kernel32/x86_64-windows/libkernel32.a \
  dlls/ntdll/x86_64-windows/libntdll.a --no-default-config -fms-hotpatch -Wl,-debug:dwarf
tools/winegcc/winegcc -o dlls/sxs/x86_64-windows/sxs.dll --wine-objdir . -b x86_64-windows -Wl,--wine-builtin -shared \
  /private/tmp/gptk4-wine11-source/dlls/sxs/sxs.spec -Wb,--prefer-native \
  dlls/sxs/x86_64-windows/cache.o dlls/sxs/x86_64-windows/name.o dlls/sxs/x86_64-windows/sxs.o \
  dlls/oleaut32/x86_64-windows/liboleaut32.a dlls/ole32/x86_64-windows/libole32.a \
  dlls/winecrt0/x86_64-windows/libwinecrt0.a libs/compiler-rt/x86_64-windows/libcompiler-rt.a \
  dlls/ucrtbase/x86_64-windows/libucrtbase.a dlls/kernel32/x86_64-windows/libkernel32.a \
  dlls/ntdll/x86_64-windows/libntdll.a --no-default-config -fms-hotpatch -Wl,-debug:dwarf
tools/winegcc/winegcc -o dlls/t2embed/x86_64-windows/t2embed.dll --wine-objdir . -b x86_64-windows -Wl,--wine-builtin -shared \
  /private/tmp/gptk4-wine11-source/dlls/t2embed/t2embed.spec -Wb,--prefer-native \
  dlls/t2embed/x86_64-windows/main.o dlls/gdi32/x86_64-windows/libgdi32.a \
  dlls/advapi32/x86_64-windows/libadvapi32.a dlls/winecrt0/x86_64-windows/libwinecrt0.a \
  libs/compiler-rt/x86_64-windows/libcompiler-rt.a dlls/ucrtbase/x86_64-windows/libucrtbase.a \
  dlls/kernel32/x86_64-windows/libkernel32.a dlls/ntdll/x86_64-windows/libntdll.a --no-default-config -fms-hotpatch -Wl,-debug:dwarf
tools/winegcc/winegcc -o dlls/tapi32/x86_64-windows/tapi32.dll --wine-objdir . -b x86_64-windows -Wl,--wine-builtin -shared \
  /private/tmp/gptk4-wine11-source/dlls/tapi32/tapi32.spec dlls/tapi32/x86_64-windows/assisted.o \
  dlls/tapi32/x86_64-windows/line.o dlls/tapi32/x86_64-windows/phone.o dlls/tapi32/tapi.res \
  dlls/advapi32/x86_64-windows/libadvapi32.a dlls/winecrt0/x86_64-windows/libwinecrt0.a \
  libs/compiler-rt/x86_64-windows/libcompiler-rt.a dlls/ucrtbase/x86_64-windows/libucrtbase.a \
  dlls/kernel32/x86_64-windows/libkernel32.a dlls/ntdll/x86_64-windows/libntdll.a --no-default-config -fms-hotpatch -Wl,-debug:dwarf
tools/widl/widl -o dlls/taskschd/x86_64-windows/taskschd_tlb_t.res -b x86_64-windows --nostdinc -Ldlls/\* -Idlls/taskschd \
  -I/private/tmp/gptk4-wine11-source/dlls/taskschd -Iinclude \
  -I/private/tmp/gptk4-wine11-source/include -I/private/tmp/gptk4-wine11-source/include/msvcrt \
  -D_UCRT -D__WINESRC__ /private/tmp/gptk4-wine11-source/dlls/taskschd/taskschd_tlb.idl
tools/winegcc/winegcc -o dlls/tbs/x86_64-windows/tbs.dll --wine-objdir . -b x86_64-windows -Wl,--wine-builtin -shared \
  /private/tmp/gptk4-wine11-source/dlls/tbs/tbs.spec dlls/tbs/x86_64-windows/tbs.o \
  dlls/winecrt0/x86_64-windows/libwinecrt0.a libs/compiler-rt/x86_64-windows/libcompiler-rt.a \
  dlls/ucrtbase/x86_64-windows/libucrtbase.a dlls/kernel32/x86_64-windows/libkernel32.a \
  dlls/ntdll/x86_64-windows/libntdll.a --no-default-config -fms-hotpatch -Wl,-debug:dwarf
tools/winegcc/winegcc -o dlls/tdh/x86_64-windows/tdh.dll --wine-objdir . -b x86_64-windows -Wl,--wine-builtin -shared \
  /private/tmp/gptk4-wine11-source/dlls/tdh/tdh.spec -Wb,--prefer-native \
  dlls/tdh/x86_64-windows/tdh_main.o dlls/tdh/version.res dlls/winecrt0/x86_64-windows/libwinecrt0.a \
  libs/compiler-rt/x86_64-windows/libcompiler-rt.a dlls/ucrtbase/x86_64-windows/libucrtbase.a \
  dlls/kernel32/x86_64-windows/libkernel32.a dlls/ntdll/x86_64-windows/libntdll.a --no-default-config -fms-hotpatch -Wl,-debug:dwarf
tools/winegcc/winegcc -o dlls/tdi.sys/x86_64-windows/tdi.sys --wine-objdir . -b x86_64-windows -Wl,--wine-builtin -shared \
  /private/tmp/gptk4-wine11-source/dlls/tdi.sys/tdi.sys.spec -Wl,--subsystem,native \
  dlls/tdi.sys/x86_64-windows/main.o dlls/winecrt0/x86_64-windows/libwinecrt0.a \
  libs/compiler-rt/x86_64-windows/libcompiler-rt.a dlls/ucrtbase/x86_64-windows/libucrtbase.a \
  dlls/kernel32/x86_64-windows/libkernel32.a dlls/ntdll/x86_64-windows/libntdll.a --no-default-config -fms-hotpatch -Wl,-debug:dwarf
tools/winegcc/winegcc -o dlls/threadpoolwinrt/x86_64-windows/threadpoolwinrt.dll --wine-objdir . -b x86_64-windows -Wl,--wine-builtin -shared \
  /private/tmp/gptk4-wine11-source/dlls/threadpoolwinrt/threadpoolwinrt.spec \
  dlls/threadpoolwinrt/x86_64-windows/main.o dlls/threadpoolwinrt/x86_64-windows/classes_r.res \
  dlls/combase/x86_64-windows/libcombase.a libs/uuid/x86_64-windows/libuuid.a \
  dlls/winecrt0/x86_64-windows/libwinecrt0.a libs/compiler-rt/x86_64-windows/libcompiler-rt.a \
  dlls/ucrtbase/x86_64-windows/libucrtbase.a dlls/kernel32/x86_64-windows/libkernel32.a \
  dlls/ntdll/x86_64-windows/libntdll.a --no-default-config -fms-hotpatch -Wl,-debug:dwarf
tools/winegcc/winegcc -o dlls/traffic/x86_64-windows/traffic.dll --wine-objdir . -b x86_64-windows -Wl,--wine-builtin -shared \
  /private/tmp/gptk4-wine11-source/dlls/traffic/traffic.spec -Wb,--prefer-native \
  dlls/traffic/x86_64-windows/traffic_main.o dlls/winecrt0/x86_64-windows/libwinecrt0.a \
  libs/compiler-rt/x86_64-windows/libcompiler-rt.a dlls/ucrtbase/x86_64-windows/libucrtbase.a \
  dlls/kernel32/x86_64-windows/libkernel32.a dlls/ntdll/x86_64-windows/libntdll.a --no-default-config -fms-hotpatch -Wl,-debug:dwarf
tools/winegcc/winegcc -o dlls/twaindsm/x86_64-windows/twaindsm.dll --wine-objdir . -b x86_64-windows -Wl,--wine-builtin -shared \
  /private/tmp/gptk4-wine11-source/dlls/twaindsm/twaindsm.spec \
  dlls/twaindsm/x86_64-windows/dsm_ctrl.o dlls/twaindsm/x86_64-windows/twain32_main.o \
  dlls/twaindsm/twain.res dlls/user32/x86_64-windows/libuser32.a \
  dlls/winecrt0/x86_64-windows/libwinecrt0.a libs/compiler-rt/x86_64-windows/libcompiler-rt.a \
  dlls/ucrtbase/x86_64-windows/libucrtbase.a dlls/kernel32/x86_64-windows/libkernel32.a \
  dlls/ntdll/x86_64-windows/libntdll.a --no-default-config -fms-hotpatch -Wl,-debug:dwarf
tools/winegcc/winegcc -o dlls/twinapi.appcore/x86_64-windows/twinapi.appcore.dll --wine-objdir . -b x86_64-windows -Wl,--wine-builtin -shared \
  /private/tmp/gptk4-wine11-source/dlls/twinapi.appcore/twinapi.appcore.spec \
  dlls/twinapi.appcore/x86_64-windows/advertising_manager.o \
  dlls/twinapi.appcore/x86_64-windows/analytics_info.o \
  dlls/twinapi.appcore/x86_64-windows/application_view.o \
  dlls/twinapi.appcore/x86_64-windows/client_device_information.o \
  dlls/twinapi.appcore/x86_64-windows/main.o dlls/twinapi.appcore/x86_64-windows/classes_r.res \
  dlls/combase/x86_64-windows/libcombase.a dlls/advapi32/x86_64-windows/libadvapi32.a \
  dlls/winecrt0/x86_64-windows/libwinecrt0.a libs/compiler-rt/x86_64-windows/libcompiler-rt.a \
  dlls/ucrtbase/x86_64-windows/libucrtbase.a dlls/kernel32/x86_64-windows/libkernel32.a \
  dlls/ntdll/x86_64-windows/libntdll.a --no-default-config -fms-hotpatch -Wl,-debug:dwarf
tools/winegcc/winegcc -o dlls/ucrtbase/x86_64-windows/ucrtbase.dll --wine-objdir . -b x86_64-windows -Wl,--wine-builtin -shared \
  /private/tmp/gptk4-wine11-source/dlls/ucrtbase/ucrtbase.spec \
  dlls/ucrtbase/x86_64-windows/console.o dlls/ucrtbase/x86_64-windows/cpp.o \
  dlls/ucrtbase/x86_64-windows/ctype.o dlls/ucrtbase/x86_64-windows/data.o \
  dlls/ucrtbase/x86_64-windows/dir.o dlls/ucrtbase/x86_64-windows/environ.o \
  dlls/ucrtbase/x86_64-windows/errno.o dlls/ucrtbase/x86_64-windows/except.o \
  dlls/ucrtbase/x86_64-windows/except_arm.o dlls/ucrtbase/x86_64-windows/except_arm64.o \
  dlls/ucrtbase/x86_64-windows/except_arm64ec.o dlls/ucrtbase/x86_64-windows/except_i386.o \
  dlls/ucrtbase/x86_64-windows/except_x86_64.o dlls/ucrtbase/x86_64-windows/exception_ptr.o \
  dlls/ucrtbase/x86_64-windows/exit.o dlls/ucrtbase/x86_64-windows/file.o \
  dlls/ucrtbase/x86_64-windows/handler4.o dlls/ucrtbase/x86_64-windows/heap.o \
  dlls/ucrtbase/x86_64-windows/locale.o dlls/ucrtbase/x86_64-windows/lock.o \
  dlls/ucrtbase/x86_64-windows/main.o dlls/ucrtbase/x86_64-windows/math.o \
  dlls/ucrtbase/x86_64-windows/mbcs.o dlls/ucrtbase/x86_64-windows/misc.o \
  dlls/ucrtbase/x86_64-windows/process.o dlls/ucrtbase/x86_64-windows/scanf.o \
  dlls/ucrtbase/x86_64-windows/string.o dlls/ucrtbase/x86_64-windows/thread.o \
  dlls/ucrtbase/x86_64-windows/time.o dlls/ucrtbase/x86_64-windows/undname.o \
  dlls/ucrtbase/x86_64-windows/wcs.o dlls/ucrtbase/version.res libs/musl/x86_64-windows/libmusl.a \
  dlls/ntdll/x86_64-windows/libntdll.a dlls/advapi32/x86_64-windows/libadvapi32.a \
  dlls/user32/x86_64-windows/libuser32.a dlls/winecrt0/x86_64-windows/libwinecrt0.a \
  libs/compiler-rt/x86_64-windows/libcompiler-rt.a dlls/kernel32/x86_64-windows/libkernel32.a \
  dlls/ntdll/x86_64-windows/libntdll.a -Wl,-delayload,advapi32.dll -Wl,-delayload,user32.dll \
  --no-default-config -fms-hotpatch -Wl,-debug:dwarf
tools/winegcc/winegcc -o dlls/uianimation/x86_64-windows/uianimation.dll --wine-objdir . -b x86_64-windows -Wl,--wine-builtin -shared \
  /private/tmp/gptk4-wine11-source/dlls/uianimation/uianimation.spec -Wb,--prefer-native \
  dlls/uianimation/x86_64-windows/main.o dlls/uianimation/x86_64-windows/uianimation_reg_r.res \
  dlls/uianimation/x86_64-windows/uianimation_typelib_l.res libs/uuid/x86_64-windows/libuuid.a \
  dlls/winecrt0/x86_64-windows/libwinecrt0.a libs/compiler-rt/x86_64-windows/libcompiler-rt.a \
  dlls/ucrtbase/x86_64-windows/libucrtbase.a dlls/kernel32/x86_64-windows/libkernel32.a \
  dlls/ntdll/x86_64-windows/libntdll.a --no-default-config -fms-hotpatch -Wl,-debug:dwarf
tools/widl/widl -o dlls/uiautomationcore/x86_64-windows/uia_classes_t.res -b x86_64-windows --nostdinc -Ldlls/\* -Idlls/uiautomationcore \
  -I/private/tmp/gptk4-wine11-source/dlls/uiautomationcore -Iinclude \
  -I/private/tmp/gptk4-wine11-source/include -I/private/tmp/gptk4-wine11-source/include/msvcrt \
  -D_UCRT -D__WINESRC__ /private/tmp/gptk4-wine11-source/dlls/uiautomationcore/uia_classes.idl
tools/widl/widl -o dlls/uiautomationcore/x86_64-windows/uia_classes_client_t.res -b x86_64-windows --nostdinc -Ldlls/\* -Idlls/uiautomationcore \
  -I/private/tmp/gptk4-wine11-source/dlls/uiautomationcore -Iinclude \
  -I/private/tmp/gptk4-wine11-source/include -I/private/tmp/gptk4-wine11-source/include/msvcrt \
  -D_UCRT -D__WINESRC__ \
  /private/tmp/gptk4-wine11-source/dlls/uiautomationcore/uia_classes_client.idl
tools/widl/widl -o dlls/uiautomationcore/x86_64-windows/uia_classes_core_t.res -b x86_64-windows --nostdinc -Ldlls/\* -Idlls/uiautomationcore \
  -I/private/tmp/gptk4-wine11-source/dlls/uiautomationcore -Iinclude \
  -I/private/tmp/gptk4-wine11-source/include -I/private/tmp/gptk4-wine11-source/include/msvcrt \
  -D_UCRT -D__WINESRC__ /private/tmp/gptk4-wine11-source/dlls/uiautomationcore/uia_classes_core.idl
tools/winegcc/winegcc -o dlls/uiribbon/x86_64-windows/uiribbon.dll --wine-objdir . -b x86_64-windows -Wl,--wine-builtin -shared \
  /private/tmp/gptk4-wine11-source/dlls/uiribbon/uiribbon.spec dlls/uiribbon/x86_64-windows/main.o \
  dlls/uiribbon/x86_64-windows/uiribbon.o dlls/uiribbon/x86_64-windows/uiribbon_classes_r.res \
  libs/uuid/x86_64-windows/libuuid.a dlls/ole32/x86_64-windows/libole32.a \
  dlls/winecrt0/x86_64-windows/libwinecrt0.a libs/compiler-rt/x86_64-windows/libcompiler-rt.a \
  dlls/ucrtbase/x86_64-windows/libucrtbase.a dlls/kernel32/x86_64-windows/libkernel32.a \
  dlls/ntdll/x86_64-windows/libntdll.a --no-default-config -fms-hotpatch -Wl,-debug:dwarf
tools/winegcc/winegcc -o dlls/unicows/x86_64-windows/unicows.dll --wine-objdir . -b x86_64-windows -Wl,--wine-builtin -shared \
  /private/tmp/gptk4-wine11-source/dlls/unicows/unicows.spec \
  dlls/avicap32/x86_64-windows/libavicap32.a dlls/msvfw32/x86_64-windows/libmsvfw32.a \
  dlls/oledlg/x86_64-windows/liboledlg.a dlls/comdlg32/x86_64-windows/libcomdlg32.a \
  dlls/shell32/x86_64-windows/libshell32.a dlls/winmm/x86_64-windows/libwinmm.a \
  dlls/winspool.drv/x86_64-windows/libwinspool.a dlls/rasapi32/x86_64-windows/librasapi32.a \
  dlls/secur32/x86_64-windows/libsecur32.a dlls/sensapi/x86_64-windows/libsensapi.a \
  dlls/version/x86_64-windows/libversion.a dlls/oleacc/x86_64-windows/liboleacc.a \
  dlls/user32/x86_64-windows/libuser32.a dlls/mpr/x86_64-windows/libmpr.a \
  dlls/gdi32/x86_64-windows/libgdi32.a dlls/advapi32/x86_64-windows/libadvapi32.a \
  dlls/winecrt0/x86_64-windows/libwinecrt0.a libs/compiler-rt/x86_64-windows/libcompiler-rt.a \
  dlls/ucrtbase/x86_64-windows/libucrtbase.a dlls/kernel32/x86_64-windows/libkernel32.a \
  dlls/ntdll/x86_64-windows/libntdll.a --no-default-config -fms-hotpatch -Wl,-debug:dwarf
tools/winegcc/winegcc -o dlls/updspapi/x86_64-windows/updspapi.dll --wine-objdir . -b x86_64-windows -Wl,--wine-builtin -shared \
  /private/tmp/gptk4-wine11-source/dlls/updspapi/updspapi.spec dlls/updspapi/x86_64-windows/main.o \
  dlls/setupapi/x86_64-windows/libsetupapi.a dlls/winecrt0/x86_64-windows/libwinecrt0.a \
  libs/compiler-rt/x86_64-windows/libcompiler-rt.a dlls/ucrtbase/x86_64-windows/libucrtbase.a \
  dlls/kernel32/x86_64-windows/libkernel32.a dlls/ntdll/x86_64-windows/libntdll.a --no-default-config -fms-hotpatch -Wl,-debug:dwarf
tools/winegcc/winegcc -o dlls/url/x86_64-windows/url.dll --wine-objdir . -b x86_64-windows -Wl,--wine-builtin -shared \
  /private/tmp/gptk4-wine11-source/dlls/url/url.spec -Wb,--prefer-native \
  dlls/url/x86_64-windows/url_main.o dlls/shell32/x86_64-windows/libshell32.a \
  dlls/shlwapi/x86_64-windows/libshlwapi.a dlls/winecrt0/x86_64-windows/libwinecrt0.a \
  libs/compiler-rt/x86_64-windows/libcompiler-rt.a dlls/ucrtbase/x86_64-windows/libucrtbase.a \
  dlls/kernel32/x86_64-windows/libkernel32.a dlls/ntdll/x86_64-windows/libntdll.a --no-default-config -fms-hotpatch -Wl,-debug:dwarf
tools/winegcc/winegcc -o dlls/urlmon/x86_64-windows/urlmon.dll --wine-objdir . -b x86_64-windows -Wl,--wine-builtin -shared \
  /private/tmp/gptk4-wine11-source/dlls/urlmon/urlmon.spec dlls/urlmon/x86_64-windows/axinstall.o \
  dlls/urlmon/x86_64-windows/bindctx.o dlls/urlmon/x86_64-windows/binding.o \
  dlls/urlmon/x86_64-windows/bindprot.o dlls/urlmon/x86_64-windows/download.o \
  dlls/urlmon/x86_64-windows/file.o dlls/urlmon/x86_64-windows/format.o \
  dlls/urlmon/x86_64-windows/ftp.o dlls/urlmon/x86_64-windows/gopher.o \
  dlls/urlmon/x86_64-windows/http.o dlls/urlmon/x86_64-windows/internet.o \
  dlls/urlmon/x86_64-windows/mimefilter.o dlls/urlmon/x86_64-windows/mk.o \
  dlls/urlmon/x86_64-windows/protocol.o dlls/urlmon/x86_64-windows/sec_mgr.o \
  dlls/urlmon/x86_64-windows/session.o dlls/urlmon/x86_64-windows/umon.o \
  dlls/urlmon/x86_64-windows/umstream.o dlls/urlmon/x86_64-windows/uri.o \
  dlls/urlmon/x86_64-windows/urlmon_main.o dlls/urlmon/x86_64-windows/usrmarshal.o \
  dlls/urlmon/x86_64-windows/zone_id.o dlls/urlmon/x86_64-windows/urlmon_urlmon_p.o \
  dlls/urlmon/x86_64-windows/dlldata.o dlls/urlmon/urlmon.res \
  dlls/urlmon/x86_64-windows/urlmon_urlmon_r.res libs/uuid/x86_64-windows/libuuid.a \
  dlls/ole32/x86_64-windows/libole32.a dlls/oleaut32/x86_64-windows/liboleaut32.a \
  dlls/shell32/x86_64-windows/libshell32.a dlls/rpcrt4/x86_64-windows/librpcrt4.a \
  dlls/shlwapi/x86_64-windows/libshlwapi.a dlls/wininet/x86_64-windows/libwininet.a \
  dlls/user32/x86_64-windows/libuser32.a dlls/advapi32/x86_64-windows/libadvapi32.a \
  dlls/advpack/x86_64-windows/libadvpack.a dlls/winecrt0/x86_64-windows/libwinecrt0.a \
  libs/compiler-rt/x86_64-windows/libcompiler-rt.a dlls/ucrtbase/x86_64-windows/libucrtbase.a \
  dlls/kernel32/x86_64-windows/libkernel32.a dlls/ntdll/x86_64-windows/libntdll.a \
  -Wl,-delayload,advpack.dll --no-default-config -fms-hotpatch -Wl,-debug:dwarf
tools/winegcc/winegcc -o dlls/usbd.sys/x86_64-windows/usbd.sys --wine-objdir . -b x86_64-windows -Wl,--wine-builtin -shared \
  /private/tmp/gptk4-wine11-source/dlls/usbd.sys/usbd.sys.spec -Wl,--subsystem,native \
  dlls/usbd.sys/x86_64-windows/usbd.o dlls/ntoskrnl.exe/x86_64-windows/libntoskrnl.a \
  dlls/winecrt0/x86_64-windows/libwinecrt0.a libs/compiler-rt/x86_64-windows/libcompiler-rt.a \
  dlls/ucrtbase/x86_64-windows/libucrtbase.a dlls/kernel32/x86_64-windows/libkernel32.a \
  dlls/ntdll/x86_64-windows/libntdll.a --no-default-config -fms-hotpatch -Wl,-debug:dwarf
tools/winegcc/winegcc -o dlls/user32/x86_64-windows/user32.dll --wine-objdir . -b x86_64-windows -Wl,--wine-builtin -shared \
  /private/tmp/gptk4-wine11-source/dlls/user32/user32.spec dlls/user32/x86_64-windows/button.o \
  dlls/user32/x86_64-windows/class.o dlls/user32/x86_64-windows/clipboard.o \
  dlls/user32/x86_64-windows/combo.o dlls/user32/x86_64-windows/cursoricon.o \
  dlls/user32/x86_64-windows/dde_client.o dlls/user32/x86_64-windows/dde_misc.o \
  dlls/user32/x86_64-windows/dde_server.o dlls/user32/x86_64-windows/defdlg.o \
  dlls/user32/x86_64-windows/defwnd.o dlls/user32/x86_64-windows/desktop.o \
  dlls/user32/x86_64-windows/dialog.o dlls/user32/x86_64-windows/edit.o \
  dlls/user32/x86_64-windows/exticon.o dlls/user32/x86_64-windows/hook.o \
  dlls/user32/x86_64-windows/icontitle.o dlls/user32/x86_64-windows/input.o \
  dlls/user32/x86_64-windows/listbox.o dlls/user32/x86_64-windows/lstr.o \
  dlls/user32/x86_64-windows/mdi.o dlls/user32/x86_64-windows/menu.o \
  dlls/user32/x86_64-windows/message.o dlls/user32/x86_64-windows/misc.o \
  dlls/user32/x86_64-windows/msgbox.o dlls/user32/x86_64-windows/nonclient.o \
  dlls/user32/x86_64-windows/property.o dlls/user32/x86_64-windows/resource.o \
  dlls/user32/x86_64-windows/scroll.o dlls/user32/x86_64-windows/static.o \
  dlls/user32/x86_64-windows/sysparams.o dlls/user32/x86_64-windows/text.o \
  dlls/user32/x86_64-windows/uitools.o dlls/user32/x86_64-windows/user_main.o \
  dlls/user32/x86_64-windows/win.o dlls/user32/x86_64-windows/winhelp.o \
  dlls/user32/x86_64-windows/winproc.o dlls/user32/x86_64-windows/winstation.o \
  dlls/user32/x86_64-windows/wsprintf.o dlls/user32/user32.res libs/png/x86_64-windows/libpng.a \
  libs/zlib/x86_64-windows/libz.a dlls/gdi32/x86_64-windows/libgdi32.a \
  dlls/sechost/x86_64-windows/libsechost.a dlls/advapi32/x86_64-windows/libadvapi32.a \
  dlls/kernelbase/x86_64-windows/libkernelbase.a dlls/win32u/x86_64-windows/libwin32u.a \
  libs/uuid/x86_64-windows/libuuid.a dlls/imm32/x86_64-windows/libimm32.a \
  dlls/combase/x86_64-windows/libcombase.a dlls/winecrt0/x86_64-windows/libwinecrt0.a \
  libs/compiler-rt/x86_64-windows/libcompiler-rt.a dlls/ucrtbase/x86_64-windows/libucrtbase.a \
  dlls/kernel32/x86_64-windows/libkernel32.a dlls/ntdll/x86_64-windows/libntdll.a \
  -Wl,-delayload,imm32.dll -Wl,-delayload,combase.dll --no-default-config -fms-hotpatch -Wl,-debug:dwarf
tools/winegcc/winegcc -o dlls/userenv/x86_64-windows/userenv.dll --wine-objdir . -b x86_64-windows -Wl,--wine-builtin -shared \
  /private/tmp/gptk4-wine11-source/dlls/userenv/userenv.spec -Wb,--prefer-native \
  dlls/userenv/x86_64-windows/userenv_main.o dlls/advapi32/x86_64-windows/libadvapi32.a \
  dlls/winecrt0/x86_64-windows/libwinecrt0.a libs/compiler-rt/x86_64-windows/libcompiler-rt.a \
  dlls/ucrtbase/x86_64-windows/libucrtbase.a dlls/kernel32/x86_64-windows/libkernel32.a \
  dlls/ntdll/x86_64-windows/libntdll.a --no-default-config -fms-hotpatch -Wl,-debug:dwarf
tools/winegcc/winegcc -o dlls/utildll/x86_64-windows/utildll.dll --wine-objdir . -b x86_64-windows -Wl,--wine-builtin -shared \
  /private/tmp/gptk4-wine11-source/dlls/utildll/utildll.spec -Wb,--prefer-native \
  dlls/winecrt0/x86_64-windows/libwinecrt0.a libs/compiler-rt/x86_64-windows/libcompiler-rt.a \
  dlls/ucrtbase/x86_64-windows/libucrtbase.a dlls/kernel32/x86_64-windows/libkernel32.a \
  dlls/ntdll/x86_64-windows/libntdll.a --no-default-config -fms-hotpatch -Wl,-debug:dwarf
tools/winegcc/winegcc -o dlls/uxtheme/x86_64-windows/uxtheme.dll --wine-objdir . -b x86_64-windows -Wl,--wine-builtin -shared \
  /private/tmp/gptk4-wine11-source/dlls/uxtheme/uxtheme.spec dlls/uxtheme/x86_64-windows/buffer.o \
  dlls/uxtheme/x86_64-windows/dialog.o dlls/uxtheme/x86_64-windows/draw.o \
  dlls/uxtheme/x86_64-windows/main.o dlls/uxtheme/x86_64-windows/metric.o \
  dlls/uxtheme/x86_64-windows/msstyles.o dlls/uxtheme/x86_64-windows/property.o \
  dlls/uxtheme/x86_64-windows/scrollbar.o dlls/uxtheme/x86_64-windows/stylemap.o \
  dlls/uxtheme/x86_64-windows/system.o dlls/uxtheme/x86_64-windows/uxini.o \
  dlls/uxtheme/x86_64-windows/window.o dlls/uxtheme/version.res \
  dlls/user32/x86_64-windows/libuser32.a dlls/gdi32/x86_64-windows/libgdi32.a \
  dlls/advapi32/x86_64-windows/libadvapi32.a dlls/msimg32/x86_64-windows/libmsimg32.a \
  dlls/winecrt0/x86_64-windows/libwinecrt0.a libs/compiler-rt/x86_64-windows/libcompiler-rt.a \
  dlls/ucrtbase/x86_64-windows/libucrtbase.a dlls/kernel32/x86_64-windows/libkernel32.a \
  dlls/ntdll/x86_64-windows/libntdll.a -Wl,-delayload,msimg32.dll --no-default-config -fms-hotpatch -Wl,-debug:dwarf
tools/widl/widl -o dlls/vbscript/x86_64-windows/vbsglobal_t.res -b x86_64-windows --nostdinc -Ldlls/\* -Idlls/vbscript \
  -I/private/tmp/gptk4-wine11-source/dlls/vbscript -Iinclude \
  -I/private/tmp/gptk4-wine11-source/include -I/private/tmp/gptk4-wine11-source/include/msvcrt \
  -D_UCRT -D__WINESRC__ /private/tmp/gptk4-wine11-source/dlls/vbscript/vbsglobal.idl
tools/widl/widl -o dlls/vbscript/x86_64-windows/vbsregexp10_t.res -b x86_64-windows --nostdinc -Ldlls/\* -Idlls/vbscript \
  -I/private/tmp/gptk4-wine11-source/dlls/vbscript -Iinclude \
  -I/private/tmp/gptk4-wine11-source/include -I/private/tmp/gptk4-wine11-source/include/msvcrt \
  -D_UCRT -D__WINESRC__ /private/tmp/gptk4-wine11-source/dlls/vbscript/vbsregexp10.idl
tools/widl/widl -o dlls/vbscript/x86_64-windows/vbsregexp55_t.res -b x86_64-windows --nostdinc -Ldlls/\* -Idlls/vbscript \
  -I/private/tmp/gptk4-wine11-source/dlls/vbscript -Iinclude \
  -I/private/tmp/gptk4-wine11-source/include -I/private/tmp/gptk4-wine11-source/include/msvcrt \
  -D_UCRT -D__WINESRC__ /private/tmp/gptk4-wine11-source/dlls/vbscript/vbsregexp55.idl
tools/winegcc/winegcc -o dlls/vccorlib140/x86_64-windows/vccorlib140.dll --wine-objdir . -b x86_64-windows -Wl,--wine-builtin -shared \
  /private/tmp/gptk4-wine11-source/dlls/vccorlib140/vccorlib140.spec \
  dlls/vccorlib140/x86_64-windows/delegate.o dlls/vccorlib140/x86_64-windows/except.o \
  dlls/vccorlib140/x86_64-windows/vccorlib.o dlls/combase/x86_64-windows/libcombase.a \
  dlls/oleaut32/x86_64-windows/liboleaut32.a dlls/winecrt0/x86_64-windows/libwinecrt0.a \
  libs/compiler-rt/x86_64-windows/libcompiler-rt.a dlls/ucrtbase/x86_64-windows/libucrtbase.a \
  dlls/kernel32/x86_64-windows/libkernel32.a dlls/ntdll/x86_64-windows/libntdll.a --no-default-config -fms-hotpatch -Wl,-debug:dwarf
tools/winegcc/winegcc -o dlls/vcomp/x86_64-windows/vcomp.dll --wine-objdir . -b x86_64-windows -Wl,--wine-builtin -shared \
  /private/tmp/gptk4-wine11-source/dlls/vcomp/vcomp.spec dlls/vcomp/x86_64-windows/fork.o \
  dlls/vcomp/x86_64-windows/main.o dlls/winecrt0/x86_64-windows/libwinecrt0.a \
  libs/compiler-rt/x86_64-windows/libcompiler-rt.a dlls/ucrtbase/x86_64-windows/libucrtbase.a \
  dlls/kernel32/x86_64-windows/libkernel32.a dlls/ntdll/x86_64-windows/libntdll.a --no-default-config -fms-hotpatch -Wl,-debug:dwarf
tools/winegcc/winegcc -o dlls/vcomp100/x86_64-windows/vcomp100.dll --wine-objdir . -b x86_64-windows -Wl,--wine-builtin -shared \
  /private/tmp/gptk4-wine11-source/dlls/vcomp100/vcomp100.spec dlls/vcomp100/x86_64-windows/fork.o \
  dlls/vcomp100/x86_64-windows/main.o dlls/winecrt0/x86_64-windows/libwinecrt0.a \
  libs/compiler-rt/x86_64-windows/libcompiler-rt.a dlls/ucrtbase/x86_64-windows/libucrtbase.a \
  dlls/kernel32/x86_64-windows/libkernel32.a dlls/ntdll/x86_64-windows/libntdll.a --no-default-config -fms-hotpatch -Wl,-debug:dwarf
tools/winegcc/winegcc -o dlls/vcomp110/x86_64-windows/vcomp110.dll --wine-objdir . -b x86_64-windows -Wl,--wine-builtin -shared \
  /private/tmp/gptk4-wine11-source/dlls/vcomp110/vcomp110.spec dlls/vcomp110/x86_64-windows/fork.o \
  dlls/vcomp110/x86_64-windows/main.o dlls/winecrt0/x86_64-windows/libwinecrt0.a \
  libs/compiler-rt/x86_64-windows/libcompiler-rt.a dlls/ucrtbase/x86_64-windows/libucrtbase.a \
  dlls/kernel32/x86_64-windows/libkernel32.a dlls/ntdll/x86_64-windows/libntdll.a --no-default-config -fms-hotpatch -Wl,-debug:dwarf
tools/winegcc/winegcc -o dlls/vcomp120/x86_64-windows/vcomp120.dll --wine-objdir . -b x86_64-windows -Wl,--wine-builtin -shared \
  /private/tmp/gptk4-wine11-source/dlls/vcomp120/vcomp120.spec dlls/vcomp120/x86_64-windows/fork.o \
  dlls/vcomp120/x86_64-windows/main.o dlls/winecrt0/x86_64-windows/libwinecrt0.a \
  libs/compiler-rt/x86_64-windows/libcompiler-rt.a dlls/ucrtbase/x86_64-windows/libucrtbase.a \
  dlls/kernel32/x86_64-windows/libkernel32.a dlls/ntdll/x86_64-windows/libntdll.a --no-default-config -fms-hotpatch -Wl,-debug:dwarf
tools/winegcc/winegcc -o dlls/vcomp140/x86_64-windows/vcomp140.dll --wine-objdir . -b x86_64-windows -Wl,--wine-builtin -shared \
  /private/tmp/gptk4-wine11-source/dlls/vcomp140/vcomp140.spec dlls/vcomp140/x86_64-windows/fork.o \
  dlls/vcomp140/x86_64-windows/main.o dlls/winecrt0/x86_64-windows/libwinecrt0.a \
  libs/compiler-rt/x86_64-windows/libcompiler-rt.a dlls/ucrtbase/x86_64-windows/libucrtbase.a \
  dlls/kernel32/x86_64-windows/libkernel32.a dlls/ntdll/x86_64-windows/libntdll.a --no-default-config -fms-hotpatch -Wl,-debug:dwarf
tools/winegcc/winegcc -o dlls/vcomp90/x86_64-windows/vcomp90.dll --wine-objdir . -b x86_64-windows -Wl,--wine-builtin -shared \
  /private/tmp/gptk4-wine11-source/dlls/vcomp90/vcomp90.spec \
  dlls/winecrt0/x86_64-windows/libwinecrt0.a libs/compiler-rt/x86_64-windows/libcompiler-rt.a \
  dlls/ucrtbase/x86_64-windows/libucrtbase.a dlls/kernel32/x86_64-windows/libkernel32.a \
  dlls/ntdll/x86_64-windows/libntdll.a --no-default-config -fms-hotpatch -Wl,-debug:dwarf
tools/winegcc/winegcc -o dlls/vcruntime140/x86_64-windows/vcruntime140.dll --wine-objdir . -b x86_64-windows -Wl,--wine-builtin -shared \
  /private/tmp/gptk4-wine11-source/dlls/vcruntime140/vcruntime140.spec \
  dlls/vcruntime140/x86_64-windows/misc.o dlls/winecrt0/x86_64-windows/libwinecrt0.a \
  libs/compiler-rt/x86_64-windows/libcompiler-rt.a dlls/ucrtbase/x86_64-windows/libucrtbase.a \
  dlls/kernel32/x86_64-windows/libkernel32.a dlls/ntdll/x86_64-windows/libntdll.a --no-default-config -fms-hotpatch -Wl,-debug:dwarf
tools/winegcc/winegcc -o dlls/vcruntime140_1/x86_64-windows/vcruntime140_1.dll --wine-objdir . -b x86_64-windows -Wl,--wine-builtin -shared \
  /private/tmp/gptk4-wine11-source/dlls/vcruntime140_1/vcruntime140_1.spec \
  dlls/vcruntime140_1/x86_64-windows/except_arm64ec.o \
  dlls/vcruntime140_1/x86_64-windows/except_x86_64.o dlls/vcruntime140_1/x86_64-windows/handler4.o \
  dlls/vcruntime140_1/x86_64-windows/main.o dlls/vcruntime140_1/version.res \
  dlls/vcruntime140/x86_64-windows/libvcruntime140.a dlls/winecrt0/x86_64-windows/libwinecrt0.a \
  libs/compiler-rt/x86_64-windows/libcompiler-rt.a dlls/ucrtbase/x86_64-windows/libucrtbase.a \
  dlls/kernel32/x86_64-windows/libkernel32.a dlls/ntdll/x86_64-windows/libntdll.a --no-default-config -fms-hotpatch -Wl,-debug:dwarf
tools/winegcc/winegcc -o dlls/vdmdbg/x86_64-windows/vdmdbg.dll --wine-objdir . -b x86_64-windows -Wl,--wine-builtin -shared \
  /private/tmp/gptk4-wine11-source/dlls/vdmdbg/vdmdbg.spec -Wb,--prefer-native \
  dlls/vdmdbg/x86_64-windows/vdmdbg.o dlls/winecrt0/x86_64-windows/libwinecrt0.a \
  libs/compiler-rt/x86_64-windows/libcompiler-rt.a dlls/ucrtbase/x86_64-windows/libucrtbase.a \
  dlls/kernel32/x86_64-windows/libkernel32.a dlls/ntdll/x86_64-windows/libntdll.a --no-default-config -fms-hotpatch -Wl,-debug:dwarf
tools/winegcc/winegcc -o dlls/version/x86_64-windows/version.dll --wine-objdir . -b x86_64-windows -Wl,--wine-builtin -shared \
  /private/tmp/gptk4-wine11-source/dlls/version/version.spec dlls/version/x86_64-windows/version.o \
  dlls/version/version.res dlls/kernelbase/x86_64-windows/libkernelbase.a \
  dlls/winecrt0/x86_64-windows/libwinecrt0.a libs/compiler-rt/x86_64-windows/libcompiler-rt.a \
  dlls/ucrtbase/x86_64-windows/libucrtbase.a dlls/kernel32/x86_64-windows/libkernel32.a \
  dlls/ntdll/x86_64-windows/libntdll.a --no-default-config -fms-hotpatch -Wl,-debug:dwarf
tools/winegcc/winegcc -o dlls/vga/x86_64-windows/vga.dll --wine-objdir . -b x86_64-windows -Wl,--wine-builtin -shared \
  /private/tmp/gptk4-wine11-source/dlls/vga/vga.spec dlls/vga/version.res \
  dlls/winecrt0/x86_64-windows/libwinecrt0.a libs/compiler-rt/x86_64-windows/libcompiler-rt.a \
  dlls/ucrtbase/x86_64-windows/libucrtbase.a dlls/kernel32/x86_64-windows/libkernel32.a \
  dlls/ntdll/x86_64-windows/libntdll.a --no-default-config -fms-hotpatch -Wl,-debug:dwarf
tools/winegcc/winegcc -o dlls/vidreszr/x86_64-windows/vidreszr.dll --wine-objdir . -b x86_64-windows -Wl,--wine-builtin -shared \
  /private/tmp/gptk4-wine11-source/dlls/vidreszr/vidreszr.spec \
  dlls/vidreszr/x86_64-windows/vidreszr.o dlls/vidreszr/x86_64-windows/vidreszr_r.res \
  dlls/combase/x86_64-windows/libcombase.a dlls/mfplat/x86_64-windows/libmfplat.a \
  dlls/msdmo/x86_64-windows/libmsdmo.a libs/mfuuid/x86_64-windows/libmfuuid.a \
  libs/dmoguids/x86_64-windows/libdmoguids.a libs/strmiids/x86_64-windows/libstrmiids.a \
  libs/wmcodecdspuuid/x86_64-windows/libwmcodecdspuuid.a libs/uuid/x86_64-windows/libuuid.a \
  dlls/winecrt0/x86_64-windows/libwinecrt0.a libs/compiler-rt/x86_64-windows/libcompiler-rt.a \
  dlls/ucrtbase/x86_64-windows/libucrtbase.a dlls/kernel32/x86_64-windows/libkernel32.a \
  dlls/ntdll/x86_64-windows/libntdll.a --no-default-config -fms-hotpatch -Wl,-debug:dwarf
tools/winegcc/winegcc -o dlls/virtdisk/x86_64-windows/virtdisk.dll --wine-objdir . -b x86_64-windows -Wl,--wine-builtin -shared \
  /private/tmp/gptk4-wine11-source/dlls/virtdisk/virtdisk.spec -Wb,--prefer-native \
  dlls/virtdisk/x86_64-windows/virtdisk_main.o dlls/winecrt0/x86_64-windows/libwinecrt0.a \
  libs/compiler-rt/x86_64-windows/libcompiler-rt.a dlls/ucrtbase/x86_64-windows/libucrtbase.a \
  dlls/kernel32/x86_64-windows/libkernel32.a dlls/ntdll/x86_64-windows/libntdll.a --no-default-config -fms-hotpatch -Wl,-debug:dwarf
tools/winegcc/winegcc -o dlls/vssapi/x86_64-windows/vssapi.dll --wine-objdir . -b x86_64-windows -Wl,--wine-builtin -shared \
  /private/tmp/gptk4-wine11-source/dlls/vssapi/vssapi.spec dlls/vssapi/x86_64-windows/main.o \
  dlls/winecrt0/x86_64-windows/libwinecrt0.a libs/compiler-rt/x86_64-windows/libcompiler-rt.a \
  dlls/ucrtbase/x86_64-windows/libucrtbase.a dlls/kernel32/x86_64-windows/libkernel32.a \
  dlls/ntdll/x86_64-windows/libntdll.a --no-default-config -fms-hotpatch -Wl,-debug:dwarf
tools/winegcc/winegcc -o dlls/vulkan-1/x86_64-windows/vulkan-1.dll --wine-objdir . -b x86_64-windows -Wl,--wine-builtin -shared \
  /private/tmp/gptk4-wine11-source/dlls/vulkan-1/vulkan-1.spec -Wb,--prefer-native \
  dlls/vulkan-1/x86_64-windows/vulkan.o dlls/vulkan-1/version.res \
  dlls/user32/x86_64-windows/libuser32.a dlls/winecrt0/x86_64-windows/libwinecrt0.a \
  libs/compiler-rt/x86_64-windows/libcompiler-rt.a dlls/ucrtbase/x86_64-windows/libucrtbase.a \
  dlls/kernel32/x86_64-windows/libkernel32.a dlls/ntdll/x86_64-windows/libntdll.a --no-default-config -fms-hotpatch -Wl,-debug:dwarf
tools/widl/widl -o dlls/wbemdisp/x86_64-windows/wbemdisp_tlb_t.res -b x86_64-windows --nostdinc -Ldlls/\* -Idlls/wbemdisp \
  -I/private/tmp/gptk4-wine11-source/dlls/wbemdisp -Iinclude \
  -I/private/tmp/gptk4-wine11-source/include -I/private/tmp/gptk4-wine11-source/include/msvcrt \
  -D_UCRT -D__WINESRC__ /private/tmp/gptk4-wine11-source/dlls/wbemdisp/wbemdisp_tlb.idl
tools/winegcc/winegcc -o dlls/wbemprox/x86_64-windows/wbemprox.dll --wine-objdir . -b x86_64-windows -Wl,--wine-builtin -shared \
  /private/tmp/gptk4-wine11-source/dlls/wbemprox/wbemprox.spec \
  dlls/wbemprox/x86_64-windows/builtin.o dlls/wbemprox/x86_64-windows/class.o \
  dlls/wbemprox/x86_64-windows/main.o dlls/wbemprox/x86_64-windows/process.o \
  dlls/wbemprox/x86_64-windows/qualifier.o dlls/wbemprox/x86_64-windows/query.o \
  dlls/wbemprox/x86_64-windows/reg.o dlls/wbemprox/x86_64-windows/security.o \
  dlls/wbemprox/x86_64-windows/service.o dlls/wbemprox/x86_64-windows/services.o \
  dlls/wbemprox/x86_64-windows/sysrestore.o dlls/wbemprox/x86_64-windows/table.o \
  dlls/wbemprox/x86_64-windows/wbemlocator.o dlls/wbemprox/x86_64-windows/wql.tab.o \
  dlls/wbemprox/x86_64-windows/wbemprox_r.res dlls/winspool.drv/x86_64-windows/libwinspool.a \
  dlls/version/x86_64-windows/libversion.a dlls/iphlpapi/x86_64-windows/libiphlpapi.a \
  dlls/setupapi/x86_64-windows/libsetupapi.a dlls/oleaut32/x86_64-windows/liboleaut32.a \
  dlls/ole32/x86_64-windows/libole32.a dlls/advapi32/x86_64-windows/libadvapi32.a \
  dlls/user32/x86_64-windows/libuser32.a dlls/gdi32/x86_64-windows/libgdi32.a \
  dlls/ws2_32/x86_64-windows/libws2_32.a dlls/winecrt0/x86_64-windows/libwinecrt0.a \
  libs/compiler-rt/x86_64-windows/libcompiler-rt.a dlls/ucrtbase/x86_64-windows/libucrtbase.a \
  dlls/kernel32/x86_64-windows/libkernel32.a dlls/ntdll/x86_64-windows/libntdll.a --no-default-config -fms-hotpatch -Wl,-debug:dwarf
tools/winegcc/winegcc -o dlls/wdscore/x86_64-windows/wdscore.dll --wine-objdir . -b x86_64-windows -Wl,--wine-builtin -shared \
  /private/tmp/gptk4-wine11-source/dlls/wdscore/wdscore.spec -Wb,--prefer-native \
  dlls/winecrt0/x86_64-windows/libwinecrt0.a libs/compiler-rt/x86_64-windows/libcompiler-rt.a \
  dlls/ucrtbase/x86_64-windows/libucrtbase.a dlls/kernel32/x86_64-windows/libkernel32.a \
  dlls/ntdll/x86_64-windows/libntdll.a --no-default-config -fms-hotpatch -Wl,-debug:dwarf
tools/winegcc/winegcc -o dlls/webservices/x86_64-windows/webservices.dll --wine-objdir . -b x86_64-windows -Wl,--wine-builtin -shared \
  /private/tmp/gptk4-wine11-source/dlls/webservices/webservices.spec \
  dlls/webservices/x86_64-windows/channel.o dlls/webservices/x86_64-windows/error.o \
  dlls/webservices/x86_64-windows/heap.o dlls/webservices/x86_64-windows/listener.o \
  dlls/webservices/x86_64-windows/msg.o dlls/webservices/x86_64-windows/proxy.o \
  dlls/webservices/x86_64-windows/reader.o dlls/webservices/x86_64-windows/string.o \
  dlls/webservices/x86_64-windows/url.o dlls/webservices/x86_64-windows/writer.o \
  dlls/webservices/rsrc.res dlls/winhttp/x86_64-windows/libwinhttp.a \
  dlls/rpcrt4/x86_64-windows/librpcrt4.a dlls/user32/x86_64-windows/libuser32.a \
  dlls/ws2_32/x86_64-windows/libws2_32.a dlls/winecrt0/x86_64-windows/libwinecrt0.a \
  libs/compiler-rt/x86_64-windows/libcompiler-rt.a dlls/ucrtbase/x86_64-windows/libucrtbase.a \
  dlls/kernel32/x86_64-windows/libkernel32.a dlls/ntdll/x86_64-windows/libntdll.a --no-default-config -fms-hotpatch -Wl,-debug:dwarf
tools/winegcc/winegcc -o dlls/websocket/x86_64-windows/websocket.dll --wine-objdir . -b x86_64-windows -Wl,--wine-builtin -shared \
  /private/tmp/gptk4-wine11-source/dlls/websocket/websocket.spec -Wb,--prefer-native \
  dlls/websocket/x86_64-windows/websocket.o dlls/winecrt0/x86_64-windows/libwinecrt0.a \
  libs/compiler-rt/x86_64-windows/libcompiler-rt.a dlls/ucrtbase/x86_64-windows/libucrtbase.a \
  dlls/kernel32/x86_64-windows/libkernel32.a dlls/ntdll/x86_64-windows/libntdll.a --no-default-config -fms-hotpatch -Wl,-debug:dwarf
tools/winegcc/winegcc -o dlls/wer/x86_64-windows/wer.dll --wine-objdir . -b x86_64-windows -Wl,--wine-builtin -shared \
  /private/tmp/gptk4-wine11-source/dlls/wer/wer.spec -Wb,--prefer-native \
  dlls/wer/x86_64-windows/main.o dlls/advapi32/x86_64-windows/libadvapi32.a \
  dlls/winecrt0/x86_64-windows/libwinecrt0.a libs/compiler-rt/x86_64-windows/libcompiler-rt.a \
  dlls/ucrtbase/x86_64-windows/libucrtbase.a dlls/kernel32/x86_64-windows/libkernel32.a \
  dlls/ntdll/x86_64-windows/libntdll.a --no-default-config -fms-hotpatch -Wl,-debug:dwarf
tools/winegcc/winegcc -o dlls/wevtapi/x86_64-windows/wevtapi.dll --wine-objdir . -b x86_64-windows -Wl,--wine-builtin -shared \
  /private/tmp/gptk4-wine11-source/dlls/wevtapi/wevtapi.spec -Wb,--prefer-native \
  dlls/wevtapi/x86_64-windows/main.o dlls/winecrt0/x86_64-windows/libwinecrt0.a \
  libs/compiler-rt/x86_64-windows/libcompiler-rt.a dlls/ucrtbase/x86_64-windows/libucrtbase.a \
  dlls/kernel32/x86_64-windows/libkernel32.a dlls/ntdll/x86_64-windows/libntdll.a --no-default-config -fms-hotpatch -Wl,-debug:dwarf
tools/winegcc/winegcc -o dlls/wevtsvc/x86_64-windows/wevtsvc.dll --wine-objdir . -b x86_64-windows -Wl,--wine-builtin -shared \
  /private/tmp/gptk4-wine11-source/dlls/wevtsvc/wevtsvc.spec dlls/wevtsvc/x86_64-windows/wevtsvc.o \
  dlls/rpcrt4/x86_64-windows/librpcrt4.a dlls/advapi32/x86_64-windows/libadvapi32.a \
  dlls/winecrt0/x86_64-windows/libwinecrt0.a libs/compiler-rt/x86_64-windows/libcompiler-rt.a \
  dlls/ucrtbase/x86_64-windows/libucrtbase.a dlls/kernel32/x86_64-windows/libkernel32.a \
  dlls/ntdll/x86_64-windows/libntdll.a --no-default-config -fms-hotpatch -Wl,-debug:dwarf
tools/winegcc/winegcc -o dlls/wiaservc/x86_64-windows/wiaservc.dll --wine-objdir . -b x86_64-windows -Wl,--wine-builtin -shared \
  /private/tmp/gptk4-wine11-source/dlls/wiaservc/wiaservc.spec -Wb,--prefer-native \
  dlls/wiaservc/x86_64-windows/factory.o dlls/wiaservc/x86_64-windows/service.o \
  dlls/wiaservc/x86_64-windows/wiadevmgr.o dlls/wiaservc/rsrc.res \
  dlls/wiaservc/x86_64-windows/wiaservc_r.res libs/uuid/x86_64-windows/libuuid.a \
  dlls/ole32/x86_64-windows/libole32.a dlls/advapi32/x86_64-windows/libadvapi32.a \
  dlls/winecrt0/x86_64-windows/libwinecrt0.a libs/compiler-rt/x86_64-windows/libcompiler-rt.a \
  dlls/ucrtbase/x86_64-windows/libucrtbase.a dlls/kernel32/x86_64-windows/libkernel32.a \
  dlls/ntdll/x86_64-windows/libntdll.a --no-default-config -fms-hotpatch -Wl,-debug:dwarf
tools/winegcc/winegcc -o dlls/wimgapi/x86_64-windows/wimgapi.dll --wine-objdir . -b x86_64-windows -Wl,--wine-builtin -shared \
  /private/tmp/gptk4-wine11-source/dlls/wimgapi/wimgapi.spec -Wb,--prefer-native \
  dlls/wimgapi/x86_64-windows/main.o dlls/winecrt0/x86_64-windows/libwinecrt0.a \
  libs/compiler-rt/x86_64-windows/libcompiler-rt.a dlls/ucrtbase/x86_64-windows/libucrtbase.a \
  dlls/kernel32/x86_64-windows/libkernel32.a dlls/ntdll/x86_64-windows/libntdll.a --no-default-config -fms-hotpatch -Wl,-debug:dwarf
tools/winegcc/winegcc -o dlls/win32u/x86_64-windows/win32u.dll --wine-objdir . -b x86_64-windows -Wl,--wine-builtin -shared \
  /private/tmp/gptk4-wine11-source/dlls/win32u/win32u.spec -nodefaultlibs \
  dlls/win32u/x86_64-windows/main.o dlls/ntdll/x86_64-windows/libntdll.a \
  dlls/winecrt0/x86_64-windows/libwinecrt0.a libs/compiler-rt/x86_64-windows/libcompiler-rt.a \
  --no-default-config -fms-hotpatch -Wl,-debug:dwarf
tools/winegcc/winegcc -o dlls/winbio/x86_64-windows/winbio.dll --wine-objdir . -b x86_64-windows -Wl,--wine-builtin -shared \
  /private/tmp/gptk4-wine11-source/dlls/winbio/winbio.spec \
  dlls/winecrt0/x86_64-windows/libwinecrt0.a libs/compiler-rt/x86_64-windows/libcompiler-rt.a \
  dlls/ucrtbase/x86_64-windows/libucrtbase.a dlls/kernel32/x86_64-windows/libkernel32.a \
  dlls/ntdll/x86_64-windows/libntdll.a --no-default-config -fms-hotpatch -Wl,-debug:dwarf
tools/winegcc/winegcc -o dlls/winbrand/x86_64-windows/winbrand.dll --wine-objdir . -b x86_64-windows -Wl,--wine-builtin -shared \
  /private/tmp/gptk4-wine11-source/dlls/winbrand/winbrand.spec dlls/winbrand/x86_64-windows/main.o \
  dlls/winecrt0/x86_64-windows/libwinecrt0.a libs/compiler-rt/x86_64-windows/libcompiler-rt.a \
  dlls/ucrtbase/x86_64-windows/libucrtbase.a dlls/kernel32/x86_64-windows/libkernel32.a \
  dlls/ntdll/x86_64-windows/libntdll.a --no-default-config -fms-hotpatch -Wl,-debug:dwarf
tools/winegcc/winegcc -o dlls/windows.applicationmodel/x86_64-windows/windows.applicationmodel.dll --wine-objdir . -b x86_64-windows -Wl,--wine-builtin -shared \
  /private/tmp/gptk4-wine11-source/dlls/windows.applicationmodel/windows.applicationmodel.spec \
  dlls/windows.applicationmodel/x86_64-windows/designmode.o \
  dlls/windows.applicationmodel/x86_64-windows/main.o \
  dlls/windows.applicationmodel/x86_64-windows/package.o \
  dlls/windows.applicationmodel/x86_64-windows/classes_r.res \
  dlls/combase/x86_64-windows/libcombase.a dlls/kernelbase/x86_64-windows/libkernelbase.a \
  dlls/winecrt0/x86_64-windows/libwinecrt0.a libs/compiler-rt/x86_64-windows/libcompiler-rt.a \
  dlls/ucrtbase/x86_64-windows/libucrtbase.a dlls/kernel32/x86_64-windows/libkernel32.a \
  dlls/ntdll/x86_64-windows/libntdll.a --no-default-config -fms-hotpatch -Wl,-debug:dwarf
tools/winegcc/winegcc -o dlls/windows.devices.bluetooth/x86_64-windows/windows.devices.bluetooth.dll --wine-objdir . -b x86_64-windows -Wl,--wine-builtin -shared \
  /private/tmp/gptk4-wine11-source/dlls/windows.devices.bluetooth/windows.devices.bluetooth.spec \
  dlls/windows.devices.bluetooth/x86_64-windows/advertisement.o \
  dlls/windows.devices.bluetooth/x86_64-windows/bluetoothadapter.o \
  dlls/windows.devices.bluetooth/x86_64-windows/bluetoothdevice.o \
  dlls/windows.devices.bluetooth/x86_64-windows/main.o \
  dlls/windows.devices.bluetooth/x86_64-windows/classes_r.res \
  dlls/combase/x86_64-windows/libcombase.a dlls/winecrt0/x86_64-windows/libwinecrt0.a \
  libs/compiler-rt/x86_64-windows/libcompiler-rt.a dlls/ucrtbase/x86_64-windows/libucrtbase.a \
  dlls/kernel32/x86_64-windows/libkernel32.a dlls/ntdll/x86_64-windows/libntdll.a --no-default-config -fms-hotpatch -Wl,-debug:dwarf
tools/winegcc/winegcc -o dlls/windows.devices.enumeration/x86_64-windows/windows.devices.enumeration.dll --wine-objdir . -b x86_64-windows -Wl,--wine-builtin -shared \
  /private/tmp/gptk4-wine11-source/dlls/windows.devices.enumeration/windows.devices.enumeration.spec \
  dlls/windows.devices.enumeration/x86_64-windows/access.o \
  dlls/windows.devices.enumeration/x86_64-windows/aqs.o \
  dlls/windows.devices.enumeration/x86_64-windows/async.o \
  dlls/windows.devices.enumeration/x86_64-windows/event_handlers.o \
  dlls/windows.devices.enumeration/x86_64-windows/information.o \
  dlls/windows.devices.enumeration/x86_64-windows/main.o \
  dlls/windows.devices.enumeration/x86_64-windows/vector.o \
  dlls/windows.devices.enumeration/x86_64-windows/weakref.o \
  dlls/windows.devices.enumeration/x86_64-windows/aqs.tab.o \
  dlls/windows.devices.enumeration/x86_64-windows/classes_r.res \
  dlls/cfgmgr32/x86_64-windows/libcfgmgr32.a dlls/combase/x86_64-windows/libcombase.a \
  dlls/propsys/x86_64-windows/libpropsys.a libs/uuid/x86_64-windows/libuuid.a \
  dlls/winecrt0/x86_64-windows/libwinecrt0.a libs/compiler-rt/x86_64-windows/libcompiler-rt.a \
  dlls/ucrtbase/x86_64-windows/libucrtbase.a dlls/kernel32/x86_64-windows/libkernel32.a \
  dlls/ntdll/x86_64-windows/libntdll.a --no-default-config -fms-hotpatch -Wl,-debug:dwarf
tools/winegcc/winegcc -o dlls/windows.devices.usb/x86_64-windows/windows.devices.usb.dll --wine-objdir . -b x86_64-windows -Wl,--wine-builtin -shared \
  /private/tmp/gptk4-wine11-source/dlls/windows.devices.usb/windows.devices.usb.spec \
  dlls/windows.devices.usb/x86_64-windows/main.o dlls/windows.devices.usb/x86_64-windows/usbdevice.o \
  dlls/windows.devices.usb/x86_64-windows/classes_r.res dlls/combase/x86_64-windows/libcombase.a \
  dlls/winecrt0/x86_64-windows/libwinecrt0.a libs/compiler-rt/x86_64-windows/libcompiler-rt.a \
  dlls/ucrtbase/x86_64-windows/libucrtbase.a dlls/kernel32/x86_64-windows/libkernel32.a \
  dlls/ntdll/x86_64-windows/libntdll.a --no-default-config -fms-hotpatch -Wl,-debug:dwarf
tools/winegcc/winegcc -o dlls/windows.gaming.input/x86_64-windows/windows.gaming.input.dll --wine-objdir . -b x86_64-windows -Wl,--wine-builtin -shared \
  /private/tmp/gptk4-wine11-source/dlls/windows.gaming.input/windows.gaming.input.spec \
  dlls/windows.gaming.input/x86_64-windows/async.o \
  dlls/windows.gaming.input/x86_64-windows/condition_effect.o \
  dlls/windows.gaming.input/x86_64-windows/constant_effect.o \
  dlls/windows.gaming.input/x86_64-windows/controller.o \
  dlls/windows.gaming.input/x86_64-windows/event_handlers.o \
  dlls/windows.gaming.input/x86_64-windows/force_feedback.o \
  dlls/windows.gaming.input/x86_64-windows/gamepad.o dlls/windows.gaming.input/x86_64-windows/main.o \
  dlls/windows.gaming.input/x86_64-windows/manager.o \
  dlls/windows.gaming.input/x86_64-windows/periodic_effect.o \
  dlls/windows.gaming.input/x86_64-windows/provider.o \
  dlls/windows.gaming.input/x86_64-windows/racing_wheel.o \
  dlls/windows.gaming.input/x86_64-windows/ramp_effect.o \
  dlls/windows.gaming.input/x86_64-windows/vector.o \
  dlls/windows.gaming.input/x86_64-windows/classes_r.res dlls/combase/x86_64-windows/libcombase.a \
  libs/uuid/x86_64-windows/libuuid.a dlls/user32/x86_64-windows/libuser32.a \
  dlls/dinput8/x86_64-windows/libdinput8.a dlls/setupapi/x86_64-windows/libsetupapi.a \
  dlls/hid/x86_64-windows/libhid.a dlls/winecrt0/x86_64-windows/libwinecrt0.a \
  libs/compiler-rt/x86_64-windows/libcompiler-rt.a dlls/ucrtbase/x86_64-windows/libucrtbase.a \
  dlls/kernel32/x86_64-windows/libkernel32.a dlls/ntdll/x86_64-windows/libntdll.a --no-default-config -fms-hotpatch -Wl,-debug:dwarf
tools/winegcc/winegcc -o dlls/windows.gaming.ui.gamebar/x86_64-windows/windows.gaming.ui.gamebar.dll --wine-objdir . -b x86_64-windows -Wl,--wine-builtin -shared \
  /private/tmp/gptk4-wine11-source/dlls/windows.gaming.ui.gamebar/windows.gaming.ui.gamebar.spec \
  dlls/windows.gaming.ui.gamebar/x86_64-windows/main.o \
  dlls/windows.gaming.ui.gamebar/x86_64-windows/classes_r.res \
  dlls/combase/x86_64-windows/libcombase.a libs/uuid/x86_64-windows/libuuid.a \
  dlls/winecrt0/x86_64-windows/libwinecrt0.a libs/compiler-rt/x86_64-windows/libcompiler-rt.a \
  dlls/ucrtbase/x86_64-windows/libucrtbase.a dlls/kernel32/x86_64-windows/libkernel32.a \
  dlls/ntdll/x86_64-windows/libntdll.a --no-default-config -fms-hotpatch -Wl,-debug:dwarf
tools/winegcc/winegcc -o dlls/windows.globalization/x86_64-windows/windows.globalization.dll --wine-objdir . -b x86_64-windows -Wl,--wine-builtin -shared \
  /private/tmp/gptk4-wine11-source/dlls/windows.globalization/windows.globalization.spec \
  dlls/windows.globalization/x86_64-windows/geographic_region.o \
  dlls/windows.globalization/x86_64-windows/main.o \
  dlls/windows.globalization/x86_64-windows/classes_r.res dlls/combase/x86_64-windows/libcombase.a \
  libs/uuid/x86_64-windows/libuuid.a dlls/winecrt0/x86_64-windows/libwinecrt0.a \
  libs/compiler-rt/x86_64-windows/libcompiler-rt.a dlls/ucrtbase/x86_64-windows/libucrtbase.a \
  dlls/kernel32/x86_64-windows/libkernel32.a dlls/ntdll/x86_64-windows/libntdll.a --no-default-config -fms-hotpatch -Wl,-debug:dwarf
tools/winegcc/winegcc -o dlls/windows.media.devices/x86_64-windows/windows.media.devices.dll --wine-objdir . -b x86_64-windows -Wl,--wine-builtin -shared \
  /private/tmp/gptk4-wine11-source/dlls/windows.media.devices/windows.media.devices.spec \
  dlls/windows.media.devices/x86_64-windows/main.o \
  dlls/windows.media.devices/x86_64-windows/classes_r.res dlls/combase/x86_64-windows/libcombase.a \
  dlls/winecrt0/x86_64-windows/libwinecrt0.a libs/compiler-rt/x86_64-windows/libcompiler-rt.a \
  dlls/ucrtbase/x86_64-windows/libucrtbase.a dlls/kernel32/x86_64-windows/libkernel32.a \
  dlls/ntdll/x86_64-windows/libntdll.a --no-default-config -fms-hotpatch -Wl,-debug:dwarf
tools/winegcc/winegcc -o dlls/windows.media.mediacontrol/x86_64-windows/windows.media.mediacontrol.dll --wine-objdir . -b x86_64-windows -Wl,--wine-builtin -shared \
  /private/tmp/gptk4-wine11-source/dlls/windows.media.mediacontrol/windows.media.mediacontrol.spec \
  dlls/windows.media.mediacontrol/x86_64-windows/main.o \
  dlls/windows.media.mediacontrol/x86_64-windows/classes_r.res \
  dlls/combase/x86_64-windows/libcombase.a dlls/winecrt0/x86_64-windows/libwinecrt0.a \
  libs/compiler-rt/x86_64-windows/libcompiler-rt.a dlls/ucrtbase/x86_64-windows/libucrtbase.a \
  dlls/kernel32/x86_64-windows/libkernel32.a dlls/ntdll/x86_64-windows/libntdll.a --no-default-config -fms-hotpatch -Wl,-debug:dwarf
tools/winegcc/winegcc -o dlls/windows.media.playback.backgroundmediaplayer/x86_64-windows/windows.media.playback.backgroundmediaplayer.dll --wine-objdir . -b x86_64-windows -Wl,--wine-builtin -shared \
  /private/tmp/gptk4-wine11-source/dlls/windows.media.playback.backgroundmediaplayer/windows.media.playback.backgroundmediaplayer.spec \
  dlls/windows.media.playback.backgroundmediaplayer/x86_64-windows/main.o \
  dlls/windows.media.playback.backgroundmediaplayer/x86_64-windows/classes_r.res \
  dlls/combase/x86_64-windows/libcombase.a dlls/winecrt0/x86_64-windows/libwinecrt0.a \
  libs/compiler-rt/x86_64-windows/libcompiler-rt.a dlls/ucrtbase/x86_64-windows/libucrtbase.a \
  dlls/kernel32/x86_64-windows/libkernel32.a dlls/ntdll/x86_64-windows/libntdll.a --no-default-config -fms-hotpatch -Wl,-debug:dwarf
tools/winegcc/winegcc -o dlls/windows.media.playback.mediaplayer/x86_64-windows/windows.media.playback.mediaplayer.dll --wine-objdir . -b x86_64-windows -Wl,--wine-builtin -shared \
  /private/tmp/gptk4-wine11-source/dlls/windows.media.playback.mediaplayer/windows.media.playback.mediaplayer.spec \
  dlls/windows.media.playback.mediaplayer/x86_64-windows/main.o \
  dlls/windows.media.playback.mediaplayer/x86_64-windows/classes_r.res \
  dlls/combase/x86_64-windows/libcombase.a dlls/user32/x86_64-windows/libuser32.a \
  dlls/winecrt0/x86_64-windows/libwinecrt0.a libs/compiler-rt/x86_64-windows/libcompiler-rt.a \
  dlls/ucrtbase/x86_64-windows/libucrtbase.a dlls/kernel32/x86_64-windows/libkernel32.a \
  dlls/ntdll/x86_64-windows/libntdll.a --no-default-config -fms-hotpatch -Wl,-debug:dwarf
tools/winegcc/winegcc -o dlls/windows.media.speech/x86_64-windows/windows.media.speech.dll --wine-objdir . -b x86_64-windows -Wl,--wine-builtin -shared \
  /private/tmp/gptk4-wine11-source/dlls/windows.media.speech/windows.media.speech.spec \
  dlls/windows.media.speech/x86_64-windows/async.o \
  dlls/windows.media.speech/x86_64-windows/event_handlers.o \
  dlls/windows.media.speech/x86_64-windows/listconstraint.o \
  dlls/windows.media.speech/x86_64-windows/main.o \
  dlls/windows.media.speech/x86_64-windows/recognizer.o \
  dlls/windows.media.speech/x86_64-windows/synthesizer.o \
  dlls/windows.media.speech/x86_64-windows/vector.o \
  dlls/windows.media.speech/x86_64-windows/classes_r.res dlls/combase/x86_64-windows/libcombase.a \
  libs/uuid/x86_64-windows/libuuid.a dlls/winecrt0/x86_64-windows/libwinecrt0.a \
  libs/compiler-rt/x86_64-windows/libcompiler-rt.a dlls/ucrtbase/x86_64-windows/libucrtbase.a \
  dlls/kernel32/x86_64-windows/libkernel32.a dlls/ntdll/x86_64-windows/libntdll.a --no-default-config -fms-hotpatch -Wl,-debug:dwarf
tools/winegcc/winegcc -o dlls/windows.media/x86_64-windows/windows.media.dll --wine-objdir . -b x86_64-windows -Wl,--wine-builtin -shared \
  /private/tmp/gptk4-wine11-source/dlls/windows.media/windows.media.spec \
  dlls/windows.media/x86_64-windows/captions.o dlls/windows.media/x86_64-windows/main.o \
  dlls/windows.media/x86_64-windows/transcoder.o dlls/windows.media/x86_64-windows/classes_r.res \
  dlls/combase/x86_64-windows/libcombase.a dlls/winecrt0/x86_64-windows/libwinecrt0.a \
  libs/compiler-rt/x86_64-windows/libcompiler-rt.a dlls/ucrtbase/x86_64-windows/libucrtbase.a \
  dlls/kernel32/x86_64-windows/libkernel32.a dlls/ntdll/x86_64-windows/libntdll.a --no-default-config -fms-hotpatch -Wl,-debug:dwarf
tools/winegcc/winegcc -o dlls/windows.networking.connectivity/x86_64-windows/windows.networking.connectivity.dll --wine-objdir . -b x86_64-windows -Wl,--wine-builtin -shared \
  /private/tmp/gptk4-wine11-source/dlls/windows.networking.connectivity/windows.networking.connectivity.spec \
  dlls/windows.networking.connectivity/x86_64-windows/main.o \
  dlls/windows.networking.connectivity/x86_64-windows/network_information.o \
  dlls/windows.networking.connectivity/x86_64-windows/classes_r.res \
  dlls/combase/x86_64-windows/libcombase.a dlls/winecrt0/x86_64-windows/libwinecrt0.a \
  libs/compiler-rt/x86_64-windows/libcompiler-rt.a dlls/ucrtbase/x86_64-windows/libucrtbase.a \
  dlls/kernel32/x86_64-windows/libkernel32.a dlls/ntdll/x86_64-windows/libntdll.a --no-default-config -fms-hotpatch -Wl,-debug:dwarf
tools/winegcc/winegcc -o dlls/windows.networking.hostname/x86_64-windows/windows.networking.hostname.dll --wine-objdir . -b x86_64-windows -Wl,--wine-builtin -shared \
  /private/tmp/gptk4-wine11-source/dlls/windows.networking.hostname/windows.networking.hostname.spec \
  dlls/windows.networking.hostname/x86_64-windows/hostname.o \
  dlls/windows.networking.hostname/x86_64-windows/main.o \
  dlls/windows.networking.hostname/x86_64-windows/classes_r.res \
  dlls/combase/x86_64-windows/libcombase.a dlls/winecrt0/x86_64-windows/libwinecrt0.a \
  libs/compiler-rt/x86_64-windows/libcompiler-rt.a dlls/ucrtbase/x86_64-windows/libucrtbase.a \
  dlls/kernel32/x86_64-windows/libkernel32.a dlls/ntdll/x86_64-windows/libntdll.a --no-default-config -fms-hotpatch -Wl,-debug:dwarf
tools/winegcc/winegcc -o dlls/windows.networking/x86_64-windows/windows.networking.dll --wine-objdir . -b x86_64-windows -Wl,--wine-builtin -shared \
  /private/tmp/gptk4-wine11-source/dlls/windows.networking/windows.networking.spec \
  dlls/windows.networking/x86_64-windows/main.o dlls/combase/x86_64-windows/libcombase.a \
  dlls/winecrt0/x86_64-windows/libwinecrt0.a libs/compiler-rt/x86_64-windows/libcompiler-rt.a \
  dlls/ucrtbase/x86_64-windows/libucrtbase.a dlls/kernel32/x86_64-windows/libkernel32.a \
  dlls/ntdll/x86_64-windows/libntdll.a --no-default-config -fms-hotpatch -Wl,-debug:dwarf
tools/winegcc/winegcc -o dlls/windows.perception.stub/x86_64-windows/windows.perception.stub.dll --wine-objdir . -b x86_64-windows -Wl,--wine-builtin -shared \
  /private/tmp/gptk4-wine11-source/dlls/windows.perception.stub/windows.perception.stub.spec \
  dlls/windows.perception.stub/x86_64-windows/anchor.o \
  dlls/windows.perception.stub/x86_64-windows/async.o \
  dlls/windows.perception.stub/x86_64-windows/holographic_space.o \
  dlls/windows.perception.stub/x86_64-windows/main.o \
  dlls/windows.perception.stub/x86_64-windows/observer.o \
  dlls/windows.perception.stub/x86_64-windows/classes_r.res dlls/combase/x86_64-windows/libcombase.a \
  dlls/user32/x86_64-windows/libuser32.a dlls/winecrt0/x86_64-windows/libwinecrt0.a \
  libs/compiler-rt/x86_64-windows/libcompiler-rt.a dlls/ucrtbase/x86_64-windows/libucrtbase.a \
  dlls/kernel32/x86_64-windows/libkernel32.a dlls/ntdll/x86_64-windows/libntdll.a --no-default-config -fms-hotpatch -Wl,-debug:dwarf
tools/winegcc/winegcc -o dlls/windows.security.authentication.onlineid/x86_64-windows/windows.security.authentication.onlineid.dll --wine-objdir . -b x86_64-windows -Wl,--wine-builtin -shared \
  /private/tmp/gptk4-wine11-source/dlls/windows.security.authentication.onlineid/windows.security.authentication.onlineid.spec \
  dlls/windows.security.authentication.onlineid/x86_64-windows/authenticator.o \
  dlls/windows.security.authentication.onlineid/x86_64-windows/main.o \
  dlls/windows.security.authentication.onlineid/x86_64-windows/ticket.o \
  dlls/windows.security.authentication.onlineid/x86_64-windows/classes_r.res \
  dlls/combase/x86_64-windows/libcombase.a dlls/winecrt0/x86_64-windows/libwinecrt0.a \
  libs/compiler-rt/x86_64-windows/libcompiler-rt.a dlls/ucrtbase/x86_64-windows/libucrtbase.a \
  dlls/kernel32/x86_64-windows/libkernel32.a dlls/ntdll/x86_64-windows/libntdll.a --no-default-config -fms-hotpatch -Wl,-debug:dwarf
tools/winegcc/winegcc -o dlls/windows.security.credentials.ui.userconsentverifier/x86_64-windows/windows.security.credentials.ui.userconsentverifier.dll --wine-objdir . -b x86_64-windows -Wl,--wine-builtin -shared \
  /private/tmp/gptk4-wine11-source/dlls/windows.security.credentials.ui.userconsentverifier/windows.security.credentials.ui.userconsentverifier.spec \
  dlls/windows.security.credentials.ui.userconsentverifier/x86_64-windows/async.o \
  dlls/windows.security.credentials.ui.userconsentverifier/x86_64-windows/main.o \
  dlls/windows.security.credentials.ui.userconsentverifier/x86_64-windows/classes_r.res \
  dlls/combase/x86_64-windows/libcombase.a dlls/winecrt0/x86_64-windows/libwinecrt0.a \
  libs/compiler-rt/x86_64-windows/libcompiler-rt.a dlls/ucrtbase/x86_64-windows/libucrtbase.a \
  dlls/kernel32/x86_64-windows/libkernel32.a dlls/ntdll/x86_64-windows/libntdll.a --no-default-config -fms-hotpatch -Wl,-debug:dwarf
tools/winegcc/winegcc -o dlls/windows.storage.applicationdata/x86_64-windows/windows.storage.applicationdata.dll --wine-objdir . -b x86_64-windows -Wl,--wine-builtin -shared \
  /private/tmp/gptk4-wine11-source/dlls/windows.storage.applicationdata/windows.storage.applicationdata.spec \
  dlls/windows.storage.applicationdata/x86_64-windows/applicationdata.o \
  dlls/windows.storage.applicationdata/x86_64-windows/main.o \
  dlls/windows.storage.applicationdata/x86_64-windows/classes_r.res \
  dlls/combase/x86_64-windows/libcombase.a dlls/winecrt0/x86_64-windows/libwinecrt0.a \
  libs/compiler-rt/x86_64-windows/libcompiler-rt.a dlls/ucrtbase/x86_64-windows/libucrtbase.a \
  dlls/kernel32/x86_64-windows/libkernel32.a dlls/ntdll/x86_64-windows/libntdll.a --no-default-config -fms-hotpatch -Wl,-debug:dwarf
tools/winegcc/winegcc -o dlls/windows.storage/x86_64-windows/windows.storage.dll --wine-objdir . -b x86_64-windows -Wl,--wine-builtin -shared \
  /private/tmp/gptk4-wine11-source/dlls/windows.storage/windows.storage.spec \
  dlls/windows.storage/x86_64-windows/main.o dlls/windows.storage/x86_64-windows/streams.o \
  dlls/windows.storage/x86_64-windows/classes_r.res dlls/shell32/x86_64-windows/libshell32.a \
  dlls/combase/x86_64-windows/libcombase.a dlls/winecrt0/x86_64-windows/libwinecrt0.a \
  libs/compiler-rt/x86_64-windows/libcompiler-rt.a dlls/ucrtbase/x86_64-windows/libucrtbase.a \
  dlls/kernel32/x86_64-windows/libkernel32.a dlls/ntdll/x86_64-windows/libntdll.a --no-default-config -fms-hotpatch -Wl,-debug:dwarf
tools/winegcc/winegcc -o dlls/windows.system.profile.systemid/x86_64-windows/windows.system.profile.systemid.dll --wine-objdir . -b x86_64-windows -Wl,--wine-builtin -shared \
  /private/tmp/gptk4-wine11-source/dlls/windows.system.profile.systemid/windows.system.profile.systemid.spec \
  dlls/windows.system.profile.systemid/x86_64-windows/main.o \
  dlls/windows.system.profile.systemid/x86_64-windows/classes_r.res \
  dlls/combase/x86_64-windows/libcombase.a dlls/winecrt0/x86_64-windows/libwinecrt0.a \
  libs/compiler-rt/x86_64-windows/libcompiler-rt.a dlls/ucrtbase/x86_64-windows/libucrtbase.a \
  dlls/kernel32/x86_64-windows/libkernel32.a dlls/ntdll/x86_64-windows/libntdll.a --no-default-config -fms-hotpatch -Wl,-debug:dwarf
tools/winegcc/winegcc -o dlls/windows.system.profile.systemmanufacturers/x86_64-windows/windows.system.profile.systemmanufacturers.dll --wine-objdir . -b x86_64-windows -Wl,--wine-builtin -shared \
  /private/tmp/gptk4-wine11-source/dlls/windows.system.profile.systemmanufacturers/windows.system.profile.systemmanufacturers.spec \
  dlls/windows.system.profile.systemmanufacturers/x86_64-windows/main.o \
  dlls/windows.system.profile.systemmanufacturers/x86_64-windows/classes_r.res \
  dlls/combase/x86_64-windows/libcombase.a dlls/oleaut32/x86_64-windows/liboleaut32.a \
  dlls/winecrt0/x86_64-windows/libwinecrt0.a libs/compiler-rt/x86_64-windows/libcompiler-rt.a \
  dlls/ucrtbase/x86_64-windows/libucrtbase.a dlls/kernel32/x86_64-windows/libkernel32.a \
  dlls/ntdll/x86_64-windows/libntdll.a --no-default-config -fms-hotpatch -Wl,-debug:dwarf
tools/winegcc/winegcc -o dlls/windows.ui.core.textinput/x86_64-windows/windows.ui.core.textinput.dll --wine-objdir . -b x86_64-windows -Wl,--wine-builtin -shared \
  /private/tmp/gptk4-wine11-source/dlls/windows.ui.core.textinput/windows.ui.core.textinput.spec \
  dlls/windows.ui.core.textinput/x86_64-windows/main.o \
  dlls/windows.ui.core.textinput/x86_64-windows/vector.o \
  dlls/windows.ui.core.textinput/x86_64-windows/weakref.o \
  dlls/windows.ui.core.textinput/x86_64-windows/classes_r.res \
  dlls/combase/x86_64-windows/libcombase.a dlls/winecrt0/x86_64-windows/libwinecrt0.a \
  libs/compiler-rt/x86_64-windows/libcompiler-rt.a dlls/ucrtbase/x86_64-windows/libucrtbase.a \
  dlls/kernel32/x86_64-windows/libkernel32.a dlls/ntdll/x86_64-windows/libntdll.a --no-default-config -fms-hotpatch -Wl,-debug:dwarf
tools/winegcc/winegcc -o dlls/windows.ui.xaml/x86_64-windows/windows.ui.xaml.dll --wine-objdir . -b x86_64-windows -Wl,--wine-builtin -shared \
  /private/tmp/gptk4-wine11-source/dlls/windows.ui.xaml/windows.ui.xaml.spec \
  dlls/windows.ui.xaml/x86_64-windows/color_helper.o dlls/windows.ui.xaml/x86_64-windows/main.o \
  dlls/windows.ui.xaml/x86_64-windows/classes_r.res dlls/combase/x86_64-windows/libcombase.a \
  dlls/winecrt0/x86_64-windows/libwinecrt0.a libs/compiler-rt/x86_64-windows/libcompiler-rt.a \
  dlls/ucrtbase/x86_64-windows/libucrtbase.a dlls/kernel32/x86_64-windows/libkernel32.a \
  dlls/ntdll/x86_64-windows/libntdll.a --no-default-config -fms-hotpatch -Wl,-debug:dwarf
tools/winegcc/winegcc -o dlls/windows.ui/x86_64-windows/windows.ui.dll --wine-objdir . -b x86_64-windows -Wl,--wine-builtin -shared \
  /private/tmp/gptk4-wine11-source/dlls/windows.ui/windows.ui.spec \
  dlls/windows.ui/x86_64-windows/accessibilitysettings.o dlls/windows.ui/x86_64-windows/inputpane.o \
  dlls/windows.ui/x86_64-windows/main.o dlls/windows.ui/x86_64-windows/uisettings.o \
  dlls/windows.ui/x86_64-windows/uiviewsettings.o dlls/windows.ui/x86_64-windows/weakref.o \
  dlls/windows.ui/x86_64-windows/classes_r.res dlls/combase/x86_64-windows/libcombase.a \
  dlls/advapi32/x86_64-windows/libadvapi32.a dlls/user32/x86_64-windows/libuser32.a \
  dlls/winecrt0/x86_64-windows/libwinecrt0.a libs/compiler-rt/x86_64-windows/libcompiler-rt.a \
  dlls/ucrtbase/x86_64-windows/libucrtbase.a dlls/kernel32/x86_64-windows/libkernel32.a \
  dlls/ntdll/x86_64-windows/libntdll.a --no-default-config -fms-hotpatch -Wl,-debug:dwarf
tools/winegcc/winegcc -o dlls/windows.web/x86_64-windows/windows.web.dll --wine-objdir . -b x86_64-windows -Wl,--wine-builtin -shared \
  /private/tmp/gptk4-wine11-source/dlls/windows.web/windows.web.spec \
  dlls/windows.web/x86_64-windows/json_object.o dlls/windows.web/x86_64-windows/json_value.o \
  dlls/windows.web/x86_64-windows/main.o dlls/windows.web/x86_64-windows/classes_r.res \
  dlls/combase/x86_64-windows/libcombase.a dlls/winecrt0/x86_64-windows/libwinecrt0.a \
  libs/compiler-rt/x86_64-windows/libcompiler-rt.a dlls/ucrtbase/x86_64-windows/libucrtbase.a \
  dlls/kernel32/x86_64-windows/libkernel32.a dlls/ntdll/x86_64-windows/libntdll.a --no-default-config -fms-hotpatch -Wl,-debug:dwarf
tools/winegcc/winegcc -o dlls/windowscodecs/x86_64-windows/windowscodecs.dll --wine-objdir . -b x86_64-windows -Wl,--wine-builtin -shared \
  /private/tmp/gptk4-wine11-source/dlls/windowscodecs/windowscodecs.spec \
  dlls/windowscodecs/x86_64-windows/bitmap.o dlls/windowscodecs/x86_64-windows/bmpdecode.o \
  dlls/windowscodecs/x86_64-windows/bmpencode.o dlls/windowscodecs/x86_64-windows/clipper.o \
  dlls/windowscodecs/x86_64-windows/clsfactory.o dlls/windowscodecs/x86_64-windows/colorcontext.o \
  dlls/windowscodecs/x86_64-windows/colortransform.o dlls/windowscodecs/x86_64-windows/converter.o \
  dlls/windowscodecs/x86_64-windows/ddsformat.o dlls/windowscodecs/x86_64-windows/decoder.o \
  dlls/windowscodecs/x86_64-windows/encoder.o dlls/windowscodecs/x86_64-windows/fliprotate.o \
  dlls/windowscodecs/x86_64-windows/gifformat.o dlls/windowscodecs/x86_64-windows/icoformat.o \
  dlls/windowscodecs/x86_64-windows/imgfactory.o dlls/windowscodecs/x86_64-windows/info.o \
  dlls/windowscodecs/x86_64-windows/libjpeg.o dlls/windowscodecs/x86_64-windows/libpng.o \
  dlls/windowscodecs/x86_64-windows/libtiff.o dlls/windowscodecs/x86_64-windows/main.o \
  dlls/windowscodecs/x86_64-windows/metadatahandler.o \
  dlls/windowscodecs/x86_64-windows/metadataquery.o dlls/windowscodecs/x86_64-windows/palette.o \
  dlls/windowscodecs/x86_64-windows/pngformat.o dlls/windowscodecs/x86_64-windows/propertybag.o \
  dlls/windowscodecs/x86_64-windows/proxy.o dlls/windowscodecs/x86_64-windows/regsvr.o \
  dlls/windowscodecs/x86_64-windows/scaler.o dlls/windowscodecs/x86_64-windows/stream.o \
  dlls/windowscodecs/x86_64-windows/ungif.o dlls/windowscodecs/x86_64-windows/wincodecs_common.o \
  dlls/windowscodecs/x86_64-windows/windowscodecs_wincodec_p.o \
  dlls/windowscodecs/x86_64-windows/dlldata.o dlls/windowscodecs/version.res \
  dlls/windowscodecs/x86_64-windows/windowscodecs_wincodec_r.res libs/tiff/x86_64-windows/libtiff.a \
  libs/zlib/x86_64-windows/libz.a libs/jpeg/x86_64-windows/libjpeg.a \
  libs/png/x86_64-windows/libpng.a libs/zlib/x86_64-windows/libz.a \
  dlls/windowscodecs/x86_64-windows/libwindowscodecs.a libs/uuid/x86_64-windows/libuuid.a \
  dlls/ole32/x86_64-windows/libole32.a dlls/oleaut32/x86_64-windows/liboleaut32.a \
  dlls/propsys/x86_64-windows/libpropsys.a dlls/rpcrt4/x86_64-windows/librpcrt4.a \
  dlls/shlwapi/x86_64-windows/libshlwapi.a dlls/user32/x86_64-windows/libuser32.a \
  dlls/gdi32/x86_64-windows/libgdi32.a dlls/advapi32/x86_64-windows/libadvapi32.a \
  dlls/winecrt0/x86_64-windows/libwinecrt0.a libs/compiler-rt/x86_64-windows/libcompiler-rt.a \
  dlls/ucrtbase/x86_64-windows/libucrtbase.a dlls/kernel32/x86_64-windows/libkernel32.a \
  dlls/ntdll/x86_64-windows/libntdll.a --no-default-config -fms-hotpatch -Wl,-debug:dwarf
tools/winegcc/winegcc -o dlls/windowscodecsext/x86_64-windows/windowscodecsext.dll --wine-objdir . -b x86_64-windows -Wl,--wine-builtin -shared \
  /private/tmp/gptk4-wine11-source/dlls/windowscodecsext/windowscodecsext.spec -Wb,--prefer-native \
  dlls/windowscodecsext/x86_64-windows/main.o dlls/ole32/x86_64-windows/libole32.a \
  dlls/winecrt0/x86_64-windows/libwinecrt0.a libs/compiler-rt/x86_64-windows/libcompiler-rt.a \
  dlls/ucrtbase/x86_64-windows/libucrtbase.a dlls/kernel32/x86_64-windows/libkernel32.a \
  dlls/ntdll/x86_64-windows/libntdll.a --no-default-config -fms-hotpatch -Wl,-debug:dwarf
tools/winegcc/winegcc -o dlls/winebth.sys/x86_64-windows/winebth.sys --wine-objdir . -b x86_64-windows -Wl,--wine-builtin -shared \
  -Wl,--subsystem,native dlls/winebth.sys/x86_64-windows/winebluetooth.o \
  dlls/winebth.sys/x86_64-windows/winebth.o dlls/winebth.sys/winebth.res \
  dlls/ntoskrnl.exe/x86_64-windows/libntoskrnl.a libs/uuid/x86_64-windows/libuuid.a \
  dlls/winecrt0/x86_64-windows/libwinecrt0.a libs/compiler-rt/x86_64-windows/libcompiler-rt.a \
  dlls/ucrtbase/x86_64-windows/libucrtbase.a dlls/kernel32/x86_64-windows/libkernel32.a \
  dlls/ntdll/x86_64-windows/libntdll.a --no-default-config -fms-hotpatch -Wl,-debug:dwarf
tools/winegcc/winegcc -o dlls/winebus.sys/x86_64-windows/winebus.sys --wine-objdir . -b x86_64-windows -Wl,--wine-builtin -shared \
  -Wl,--subsystem,native dlls/winebus.sys/x86_64-windows/main.o dlls/winebus.sys/winebus.res \
  dlls/ntoskrnl.exe/x86_64-windows/libntoskrnl.a dlls/hidparse.sys/x86_64-windows/libhidparse.a \
  dlls/winecrt0/x86_64-windows/libwinecrt0.a libs/compiler-rt/x86_64-windows/libcompiler-rt.a \
  dlls/ucrtbase/x86_64-windows/libucrtbase.a dlls/kernel32/x86_64-windows/libkernel32.a \
  dlls/ntdll/x86_64-windows/libntdll.a --no-default-config -fms-hotpatch -Wl,-debug:dwarf
tools/winegcc/winegcc -o dlls/winecoreaudio.drv/x86_64-windows/winecoreaudio.drv --wine-objdir . -b x86_64-windows -Wl,--wine-builtin -shared \
  libs/uuid/x86_64-windows/libuuid.a dlls/ole32/x86_64-windows/libole32.a \
  dlls/user32/x86_64-windows/libuser32.a dlls/advapi32/x86_64-windows/libadvapi32.a \
  dlls/winmm/x86_64-windows/libwinmm.a dlls/winecrt0/x86_64-windows/libwinecrt0.a \
  libs/compiler-rt/x86_64-windows/libcompiler-rt.a dlls/ucrtbase/x86_64-windows/libucrtbase.a \
  dlls/kernel32/x86_64-windows/libkernel32.a dlls/ntdll/x86_64-windows/libntdll.a \
  -Wl,-delayload,winmm.dll --no-default-config -fms-hotpatch -Wl,-debug:dwarf
tools/winegcc/winegcc -o dlls/wined3d/x86_64-windows/wined3d.dll --wine-objdir . -b x86_64-windows -Wl,--wine-builtin -shared \
  /private/tmp/gptk4-wine11-source/dlls/wined3d/wined3d.spec \
  dlls/wined3d/x86_64-windows/adapter_gl.o dlls/wined3d/x86_64-windows/adapter_vk.o \
  dlls/wined3d/x86_64-windows/buffer.o dlls/wined3d/x86_64-windows/context.o \
  dlls/wined3d/x86_64-windows/context_gl.o dlls/wined3d/x86_64-windows/context_vk.o \
  dlls/wined3d/x86_64-windows/cs.o dlls/wined3d/x86_64-windows/decoder.o \
  dlls/wined3d/x86_64-windows/device.o dlls/wined3d/x86_64-windows/directx.o \
  dlls/wined3d/x86_64-windows/ffp_gl.o dlls/wined3d/x86_64-windows/ffp_hlsl.o \
  dlls/wined3d/x86_64-windows/gl_compat.o dlls/wined3d/x86_64-windows/glsl_shader.o \
  dlls/wined3d/x86_64-windows/palette.o dlls/wined3d/x86_64-windows/query.o \
  dlls/wined3d/x86_64-windows/resource.o dlls/wined3d/x86_64-windows/sampler.o \
  dlls/wined3d/x86_64-windows/shader.o dlls/wined3d/x86_64-windows/shader_sm1.o \
  dlls/wined3d/x86_64-windows/shader_sm4.o dlls/wined3d/x86_64-windows/shader_spirv.o \
  dlls/wined3d/x86_64-windows/stateblock.o dlls/wined3d/x86_64-windows/surface.o \
  dlls/wined3d/x86_64-windows/swapchain.o dlls/wined3d/x86_64-windows/texture.o \
  dlls/wined3d/x86_64-windows/texture_gl.o dlls/wined3d/x86_64-windows/texture_vk.o \
  dlls/wined3d/x86_64-windows/utils.o dlls/wined3d/x86_64-windows/vertexdeclaration.o \
  dlls/wined3d/x86_64-windows/view.o dlls/wined3d/x86_64-windows/wined3d_main.o \
  dlls/wined3d/resource.res dlls/wined3d/version.res libs/vkd3d/x86_64-windows/libvkd3d.a \
  libs/dxguid/x86_64-windows/libdxguid.a dlls/opengl32/x86_64-windows/libopengl32.a \
  dlls/user32/x86_64-windows/libuser32.a dlls/gdi32/x86_64-windows/libgdi32.a \
  dlls/advapi32/x86_64-windows/libadvapi32.a dlls/winecrt0/x86_64-windows/libwinecrt0.a \
  libs/compiler-rt/x86_64-windows/libcompiler-rt.a dlls/ucrtbase/x86_64-windows/libucrtbase.a \
  dlls/kernel32/x86_64-windows/libkernel32.a dlls/ntdll/x86_64-windows/libntdll.a --no-default-config -fms-hotpatch -Wl,-debug:dwarf
tools/winegcc/winegcc -o dlls/winedmo/x86_64-windows/winedmo.dll --wine-objdir . -b x86_64-windows -Wl,--wine-builtin -shared \
  /private/tmp/gptk4-wine11-source/dlls/winedmo/winedmo.spec dlls/winedmo/x86_64-windows/main.o \
  libs/mfuuid/x86_64-windows/libmfuuid.a dlls/winecrt0/x86_64-windows/libwinecrt0.a \
  libs/compiler-rt/x86_64-windows/libcompiler-rt.a dlls/ucrtbase/x86_64-windows/libucrtbase.a \
  dlls/kernel32/x86_64-windows/libkernel32.a dlls/ntdll/x86_64-windows/libntdll.a --no-default-config -fms-hotpatch -Wl,-debug:dwarf
tools/winegcc/winegcc -o dlls/winehid.sys/x86_64-windows/winehid.sys --wine-objdir . -b x86_64-windows -Wl,--wine-builtin -shared \
  -Wl,--subsystem,native dlls/winehid.sys/x86_64-windows/main.o dlls/winehid.sys/winehid.res \
  dlls/hidclass.sys/x86_64-windows/libhidclass.a dlls/ntoskrnl.exe/x86_64-windows/libntoskrnl.a \
  dlls/winecrt0/x86_64-windows/libwinecrt0.a libs/compiler-rt/x86_64-windows/libcompiler-rt.a \
  dlls/ucrtbase/x86_64-windows/libucrtbase.a dlls/kernel32/x86_64-windows/libkernel32.a \
  dlls/ntdll/x86_64-windows/libntdll.a --no-default-config -fms-hotpatch -Wl,-debug:dwarf
clang -arch x86_64 -m64 -c -o dlls/winemac.drv/gdi.o /private/tmp/gptk4-wine11-source/dlls/winemac.drv/gdi.c -Idlls/winemac.drv \
  -I/private/tmp/gptk4-wine11-source/dlls/winemac.drv -Iinclude \
  -I/private/tmp/gptk4-wine11-source/include -D__WINESRC__ -DWINE_UNIX_LIB -Wall -pipe \
  -fcf-protection=none -fvisibility=hidden -fno-stack-protector -fno-strict-aliasing \
  -Wdeclaration-after-statement -Wempty-body -Wignored-qualifiers -Winit-self -Wpointer-arith \
  -Wstrict-prototypes -Wtype-limits -Wunused-but-set-parameter -Wvla -Wwrite-strings -gdwarf-4 -fPIC \
  -fasynchronous-unwind-tables -g -O2 -U_FORTIFY_SOURCE -D_FORTIFY_SOURCE=0
clang -arch x86_64 -m64 -c -o dlls/winemac.drv/image.o /private/tmp/gptk4-wine11-source/dlls/winemac.drv/image.c -Idlls/winemac.drv \
  -I/private/tmp/gptk4-wine11-source/dlls/winemac.drv -Iinclude \
  -I/private/tmp/gptk4-wine11-source/include -D__WINESRC__ -DWINE_UNIX_LIB -Wall -pipe \
  -fcf-protection=none -fvisibility=hidden -fno-stack-protector -fno-strict-aliasing \
  -Wdeclaration-after-statement -Wempty-body -Wignored-qualifiers -Winit-self -Wpointer-arith \
  -Wstrict-prototypes -Wtype-limits -Wunused-but-set-parameter -Wvla -Wwrite-strings -gdwarf-4 -fPIC \
  -fasynchronous-unwind-tables -g -O2 -U_FORTIFY_SOURCE -D_FORTIFY_SOURCE=0
clang -arch x86_64 -m64 -c -o dlls/winemac.drv/keyboard.o /private/tmp/gptk4-wine11-source/dlls/winemac.drv/keyboard.c -Idlls/winemac.drv \
  -I/private/tmp/gptk4-wine11-source/dlls/winemac.drv -Iinclude \
  -I/private/tmp/gptk4-wine11-source/include -D__WINESRC__ -DWINE_UNIX_LIB -Wall -pipe \
  -fcf-protection=none -fvisibility=hidden -fno-stack-protector -fno-strict-aliasing \
  -Wdeclaration-after-statement -Wempty-body -Wignored-qualifiers -Winit-self -Wpointer-arith \
  -Wstrict-prototypes -Wtype-limits -Wunused-but-set-parameter -Wvla -Wwrite-strings -gdwarf-4 -fPIC \
  -fasynchronous-unwind-tables -g -O2 -U_FORTIFY_SOURCE -D_FORTIFY_SOURCE=0
clang -arch x86_64 -m64 -c -o dlls/winemac.drv/macdrv_main.o /private/tmp/gptk4-wine11-source/dlls/winemac.drv/macdrv_main.c -Idlls/winemac.drv \
  -I/private/tmp/gptk4-wine11-source/dlls/winemac.drv -Iinclude \
  -I/private/tmp/gptk4-wine11-source/include -D__WINESRC__ -DWINE_UNIX_LIB -Wall -pipe \
  -fcf-protection=none -fvisibility=hidden -fno-stack-protector -fno-strict-aliasing \
  -Wdeclaration-after-statement -Wempty-body -Wignored-qualifiers -Winit-self -Wpointer-arith \
  -Wstrict-prototypes -Wtype-limits -Wunused-but-set-parameter -Wvla -Wwrite-strings -gdwarf-4 -fPIC \
  -fasynchronous-unwind-tables -g -O2 -U_FORTIFY_SOURCE -D_FORTIFY_SOURCE=0
clang -arch x86_64 -m64 -c -o dlls/winemac.drv/mouse.o /private/tmp/gptk4-wine11-source/dlls/winemac.drv/mouse.c -Idlls/winemac.drv \
  -I/private/tmp/gptk4-wine11-source/dlls/winemac.drv -Iinclude \
  -I/private/tmp/gptk4-wine11-source/include -D__WINESRC__ -DWINE_UNIX_LIB -Wall -pipe \
  -fcf-protection=none -fvisibility=hidden -fno-stack-protector -fno-strict-aliasing \
  -Wdeclaration-after-statement -Wempty-body -Wignored-qualifiers -Winit-self -Wpointer-arith \
  -Wstrict-prototypes -Wtype-limits -Wunused-but-set-parameter -Wvla -Wwrite-strings -gdwarf-4 -fPIC \
  -fasynchronous-unwind-tables -g -O2 -U_FORTIFY_SOURCE -D_FORTIFY_SOURCE=0
clang -arch x86_64 -m64 -c -o dlls/winemac.drv/opengl.o /private/tmp/gptk4-wine11-source/dlls/winemac.drv/opengl.c -Idlls/winemac.drv \
  -I/private/tmp/gptk4-wine11-source/dlls/winemac.drv -Iinclude \
  -I/private/tmp/gptk4-wine11-source/include -D__WINESRC__ -DWINE_UNIX_LIB -Wall -pipe \
  -fcf-protection=none -fvisibility=hidden -fno-stack-protector -fno-strict-aliasing \
  -Wdeclaration-after-statement -Wempty-body -Wignored-qualifiers -Winit-self -Wpointer-arith \
  -Wstrict-prototypes -Wtype-limits -Wunused-but-set-parameter -Wvla -Wwrite-strings -gdwarf-4 -fPIC \
  -fasynchronous-unwind-tables -g -O2 -U_FORTIFY_SOURCE -D_FORTIFY_SOURCE=0
clang -arch x86_64 -m64 -c -o dlls/winemac.drv/surface.o /private/tmp/gptk4-wine11-source/dlls/winemac.drv/surface.c -Idlls/winemac.drv \
  -I/private/tmp/gptk4-wine11-source/dlls/winemac.drv -Iinclude \
  -I/private/tmp/gptk4-wine11-source/include -D__WINESRC__ -DWINE_UNIX_LIB -Wall -pipe \
  -fcf-protection=none -fvisibility=hidden -fno-stack-protector -fno-strict-aliasing \
  -Wdeclaration-after-statement -Wempty-body -Wignored-qualifiers -Winit-self -Wpointer-arith \
  -Wstrict-prototypes -Wtype-limits -Wunused-but-set-parameter -Wvla -Wwrite-strings -gdwarf-4 -fPIC \
  -fasynchronous-unwind-tables -g -O2 -U_FORTIFY_SOURCE -D_FORTIFY_SOURCE=0
clang -arch x86_64 -m64 -c -o dlls/winemac.drv/systray.o /private/tmp/gptk4-wine11-source/dlls/winemac.drv/systray.c -Idlls/winemac.drv \
  -I/private/tmp/gptk4-wine11-source/dlls/winemac.drv -Iinclude \
  -I/private/tmp/gptk4-wine11-source/include -D__WINESRC__ -DWINE_UNIX_LIB -Wall -pipe \
  -fcf-protection=none -fvisibility=hidden -fno-stack-protector -fno-strict-aliasing \
  -Wdeclaration-after-statement -Wempty-body -Wignored-qualifiers -Winit-self -Wpointer-arith \
  -Wstrict-prototypes -Wtype-limits -Wunused-but-set-parameter -Wvla -Wwrite-strings -gdwarf-4 -fPIC \
  -fasynchronous-unwind-tables -g -O2 -U_FORTIFY_SOURCE -D_FORTIFY_SOURCE=0
/private/tmp/gptk4-wine11-source/dlls/winemac.drv/opengl.c:1587:23: warning: 'CGDisplayIOServicePort' is deprecated: first deprecated in macOS 10.9 - No longer supported [-Wdeprecated-declarations]
 1587 |             service = CGDisplayIOServicePort(display_id);
      |                       ^
/Library/Developer/CommandLineTools/SDKs/MacOSX27.sdk/System/Library/Frameworks/CoreGraphics.framework/Headers/CGDisplayConfiguration.h:372:24: note: 'CGDisplayIOServicePort' has been explicitly marked deprecated here
  372 | CG_EXTERN io_service_t CGDisplayIOServicePort(CGDirectDisplayID display)
      |                        ^
clang -arch x86_64 -m64 -c -o dlls/winemac.drv/vulkan.o /private/tmp/gptk4-wine11-source/dlls/winemac.drv/vulkan.c -Idlls/winemac.drv \
  -I/private/tmp/gptk4-wine11-source/dlls/winemac.drv -Iinclude \
  -I/private/tmp/gptk4-wine11-source/include -D__WINESRC__ -DWINE_UNIX_LIB -Wall -pipe \
  -fcf-protection=none -fvisibility=hidden -fno-stack-protector -fno-strict-aliasing \
  -Wdeclaration-after-statement -Wempty-body -Wignored-qualifiers -Winit-self -Wpointer-arith \
  -Wstrict-prototypes -Wtype-limits -Wunused-but-set-parameter -Wvla -Wwrite-strings -gdwarf-4 -fPIC \
  -fasynchronous-unwind-tables -g -O2 -U_FORTIFY_SOURCE -D_FORTIFY_SOURCE=0
clang -arch x86_64 -m64 -c -o dlls/winemac.drv/window.o /private/tmp/gptk4-wine11-source/dlls/winemac.drv/window.c -Idlls/winemac.drv \
  -I/private/tmp/gptk4-wine11-source/dlls/winemac.drv -Iinclude \
  -I/private/tmp/gptk4-wine11-source/include -D__WINESRC__ -DWINE_UNIX_LIB -Wall -pipe \
  -fcf-protection=none -fvisibility=hidden -fno-stack-protector -fno-strict-aliasing \
  -Wdeclaration-after-statement -Wempty-body -Wignored-qualifiers -Winit-self -Wpointer-arith \
  -Wstrict-prototypes -Wtype-limits -Wunused-but-set-parameter -Wvla -Wwrite-strings -gdwarf-4 -fPIC \
  -fasynchronous-unwind-tables -g -O2 -U_FORTIFY_SOURCE -D_FORTIFY_SOURCE=0
clang -D__STDC__ -c -o dlls/winemac.drv/x86_64-windows/dllmain.o /private/tmp/gptk4-wine11-source/dlls/winemac.drv/dllmain.c \
  -Idlls/winemac.drv -I/private/tmp/gptk4-wine11-source/dlls/winemac.drv -Iinclude \
  -I/private/tmp/gptk4-wine11-source/include -I/private/tmp/gptk4-wine11-source/include/msvcrt \
  -D_UCRT -D__WINESRC__ -D__WINE_PE_BUILD -Wall -target x86_64-windows -fuse-ld=lld \
  --no-default-config -fno-strict-aliasing -Wdeclaration-after-statement -Wempty-body \
  -Wignored-qualifiers -Winit-self -Wno-microsoft-enum-forward-reference -Wstrict-prototypes \
  -Wtype-limits -Wunused-but-set-parameter -Wvla -Wwrite-strings -Wpointer-arith -Wabsolute-value \
  -ffunction-sections -fasync-exceptions -ffp-exception-behavior=maytrap -fms-hotpatch \
  -Wformat-overflow -Wnonnull -mcx16 -mcmodel=small -gdwarf-4 -g -O2
tools/winegcc/winegcc -o dlls/winemapi/x86_64-windows/winemapi.dll --wine-objdir . -b x86_64-windows -Wl,--wine-builtin -shared \
  /private/tmp/gptk4-wine11-source/dlls/winemapi/winemapi.spec dlls/winemapi/x86_64-windows/main.o \
  dlls/winemapi/x86_64-windows/sendmail.o dlls/shlwapi/x86_64-windows/libshlwapi.a \
  dlls/shell32/x86_64-windows/libshell32.a dlls/mapi32/x86_64-windows/libmapi32.a \
  dlls/winecrt0/x86_64-windows/libwinecrt0.a libs/compiler-rt/x86_64-windows/libcompiler-rt.a \
  dlls/ucrtbase/x86_64-windows/libucrtbase.a dlls/kernel32/x86_64-windows/libkernel32.a \
  dlls/ntdll/x86_64-windows/libntdll.a --no-default-config -fms-hotpatch -Wl,-debug:dwarf
tools/winegcc/winegcc -o dlls/wineps.drv/x86_64-windows/wineps.drv --wine-objdir . -b x86_64-windows -Wl,--wine-builtin -shared \
  /private/tmp/gptk4-wine11-source/dlls/wineps.drv/wineps.drv.spec \
  dlls/wineps.drv/x86_64-windows/afm.o dlls/wineps.drv/x86_64-windows/bitblt.o \
  dlls/wineps.drv/x86_64-windows/bitmap.o dlls/wineps.drv/x86_64-windows/brush.o \
  dlls/wineps.drv/x86_64-windows/builtin.o dlls/wineps.drv/x86_64-windows/clipping.o \
  dlls/wineps.drv/x86_64-windows/color.o dlls/wineps.drv/x86_64-windows/corefonts.o \
  dlls/wineps.drv/x86_64-windows/direction.o dlls/wineps.drv/x86_64-windows/download.o \
  dlls/wineps.drv/x86_64-windows/driver.o dlls/wineps.drv/x86_64-windows/encode.o \
  dlls/wineps.drv/x86_64-windows/escape.o dlls/wineps.drv/x86_64-windows/font.o \
  dlls/wineps.drv/x86_64-windows/glyphs.o dlls/wineps.drv/x86_64-windows/graphics.o \
  dlls/wineps.drv/x86_64-windows/init.o dlls/wineps.drv/x86_64-windows/pen.o \
  dlls/wineps.drv/x86_64-windows/ppd.o dlls/wineps.drv/x86_64-windows/printproc.o \
  dlls/wineps.drv/x86_64-windows/ps.o dlls/wineps.drv/x86_64-windows/text.o \
  dlls/wineps.drv/x86_64-windows/type1.o dlls/wineps.drv/x86_64-windows/type1afm.o \
  dlls/wineps.drv/x86_64-windows/type42.o dlls/wineps.drv/x86_64-windows/vertical.o \
  dlls/wineps.drv/wineps.res dlls/user32/x86_64-windows/libuser32.a \
  dlls/gdi32/x86_64-windows/libgdi32.a dlls/advapi32/x86_64-windows/libadvapi32.a \
  dlls/win32u/x86_64-windows/libwin32u.a dlls/winspool.drv/x86_64-windows/libwinspool.a \
  dlls/winecrt0/x86_64-windows/libwinecrt0.a libs/compiler-rt/x86_64-windows/libcompiler-rt.a \
  dlls/ucrtbase/x86_64-windows/libucrtbase.a dlls/kernel32/x86_64-windows/libkernel32.a \
  dlls/ntdll/x86_64-windows/libntdll.a -Wl,-delayload,winspool.drv --no-default-config -fms-hotpatch -Wl,-debug:dwarf
tools/winegcc/winegcc -o dlls/winevulkan/x86_64-windows/winevulkan.dll --wine-objdir . -b x86_64-windows -Wl,--wine-builtin -shared \
  /private/tmp/gptk4-wine11-source/dlls/winevulkan/winevulkan.spec \
  dlls/winevulkan/x86_64-windows/loader.o dlls/winevulkan/x86_64-windows/loader_thunks.o \
  dlls/winevulkan/winevulkan.res dlls/advapi32/x86_64-windows/libadvapi32.a \
  dlls/winecrt0/x86_64-windows/libwinecrt0.a libs/compiler-rt/x86_64-windows/libcompiler-rt.a \
  dlls/ucrtbase/x86_64-windows/libucrtbase.a dlls/kernel32/x86_64-windows/libkernel32.a \
  dlls/ntdll/x86_64-windows/libntdll.a --no-default-config -fms-hotpatch -Wl,-debug:dwarf
tools/winegcc/winegcc -o dlls/winexinput.sys/x86_64-windows/winexinput.sys --wine-objdir . -b x86_64-windows -Wl,--wine-builtin -shared \
  -Wl,--subsystem,native dlls/winexinput.sys/x86_64-windows/main.o \
  dlls/winexinput.sys/winexinput.res dlls/ntoskrnl.exe/x86_64-windows/libntoskrnl.a \
  dlls/hidparse.sys/x86_64-windows/libhidparse.a dlls/winecrt0/x86_64-windows/libwinecrt0.a \
  libs/compiler-rt/x86_64-windows/libcompiler-rt.a dlls/ucrtbase/x86_64-windows/libucrtbase.a \
  dlls/kernel32/x86_64-windows/libkernel32.a dlls/ntdll/x86_64-windows/libntdll.a --no-default-config -fms-hotpatch -Wl,-debug:dwarf
tools/winegcc/winegcc -o dlls/wing32/x86_64-windows/wing32.dll --wine-objdir . -b x86_64-windows -Wl,--wine-builtin -shared \
  /private/tmp/gptk4-wine11-source/dlls/wing32/wing32.spec dlls/wing32/x86_64-windows/wing32.o \
  dlls/user32/x86_64-windows/libuser32.a dlls/gdi32/x86_64-windows/libgdi32.a \
  dlls/winecrt0/x86_64-windows/libwinecrt0.a libs/compiler-rt/x86_64-windows/libcompiler-rt.a \
  dlls/ucrtbase/x86_64-windows/libucrtbase.a dlls/kernel32/x86_64-windows/libkernel32.a \
  dlls/ntdll/x86_64-windows/libntdll.a --no-default-config -fms-hotpatch -Wl,-debug:dwarf
tools/widl/widl -o dlls/winhttp/x86_64-windows/winhttp_tlb_t.res -b x86_64-windows --nostdinc -Ldlls/\* -Idlls/winhttp \
  -I/private/tmp/gptk4-wine11-source/dlls/winhttp -Iinclude \
  -I/private/tmp/gptk4-wine11-source/include -I/private/tmp/gptk4-wine11-source/include/msvcrt \
  -D_UCRT -D__WINESRC__ -D_WINHTTP_INTERNAL_ \
  /private/tmp/gptk4-wine11-source/dlls/winhttp/winhttp_tlb.idl
tools/winegcc/winegcc -o dlls/wininet/x86_64-windows/wininet.dll --wine-objdir . -b x86_64-windows -Wl,--wine-builtin -shared \
  /private/tmp/gptk4-wine11-source/dlls/wininet/wininet.spec dlls/wininet/x86_64-windows/cookie.o \
  dlls/wininet/x86_64-windows/dialogs.o dlls/wininet/x86_64-windows/ftp.o \
  dlls/wininet/x86_64-windows/gopher.o dlls/wininet/x86_64-windows/http.o \
  dlls/wininet/x86_64-windows/internet.o dlls/wininet/x86_64-windows/netconnection.o \
  dlls/wininet/x86_64-windows/urlcache.o dlls/wininet/x86_64-windows/utility.o \
  dlls/wininet/wininet.res dlls/wininet/winineterror.res libs/zlib/x86_64-windows/libz.a \
  dlls/mpr/x86_64-windows/libmpr.a dlls/shlwapi/x86_64-windows/libshlwapi.a \
  dlls/shell32/x86_64-windows/libshell32.a dlls/user32/x86_64-windows/libuser32.a \
  dlls/ws2_32/x86_64-windows/libws2_32.a dlls/advapi32/x86_64-windows/libadvapi32.a \
  dlls/secur32/x86_64-windows/libsecur32.a dlls/crypt32/x86_64-windows/libcrypt32.a \
  dlls/cryptui/x86_64-windows/libcryptui.a dlls/dhcpcsvc/x86_64-windows/libdhcpcsvc.a \
  dlls/iphlpapi/x86_64-windows/libiphlpapi.a dlls/winecrt0/x86_64-windows/libwinecrt0.a \
  libs/compiler-rt/x86_64-windows/libcompiler-rt.a dlls/ucrtbase/x86_64-windows/libucrtbase.a \
  dlls/kernel32/x86_64-windows/libkernel32.a dlls/ntdll/x86_64-windows/libntdll.a \
  -Wl,-delayload,secur32.dll -Wl,-delayload,crypt32.dll -Wl,-delayload,cryptui.dll \
  -Wl,-delayload,dhcpcsvc.dll -Wl,-delayload,iphlpapi.dll --no-default-config -fms-hotpatch -Wl,-debug:dwarf
tools/winegcc/winegcc -o dlls/winmm/x86_64-windows/winmm.dll --wine-objdir . -b x86_64-windows -Wl,--wine-builtin -shared \
  /private/tmp/gptk4-wine11-source/dlls/winmm/winmm.spec dlls/winmm/x86_64-windows/driver.o \
  dlls/winmm/x86_64-windows/joystick.o dlls/winmm/x86_64-windows/lolvldrv.o \
  dlls/winmm/x86_64-windows/mci.o dlls/winmm/x86_64-windows/mmio.o \
  dlls/winmm/x86_64-windows/playsound.o dlls/winmm/x86_64-windows/time.o \
  dlls/winmm/x86_64-windows/waveform.o dlls/winmm/x86_64-windows/winmm.o dlls/winmm/winmm.res \
  dlls/winmm/winmm_res.res libs/uuid/x86_64-windows/libuuid.a dlls/user32/x86_64-windows/libuser32.a \
  dlls/advapi32/x86_64-windows/libadvapi32.a dlls/ole32/x86_64-windows/libole32.a \
  dlls/msacm32/x86_64-windows/libmsacm32.a dlls/dinput8/x86_64-windows/libdinput8.a \
  dlls/winecrt0/x86_64-windows/libwinecrt0.a libs/compiler-rt/x86_64-windows/libcompiler-rt.a \
  dlls/ucrtbase/x86_64-windows/libucrtbase.a dlls/kernel32/x86_64-windows/libkernel32.a \
  dlls/ntdll/x86_64-windows/libntdll.a -Wl,-delayload,dinput8.dll --no-default-config -fms-hotpatch -Wl,-debug:dwarf
tools/winegcc/winegcc -o dlls/winnls32/x86_64-windows/winnls32.dll --wine-objdir . -b x86_64-windows -Wl,--wine-builtin -shared \
  /private/tmp/gptk4-wine11-source/dlls/winnls32/winnls32.spec -Wb,--prefer-native \
  dlls/winnls32/x86_64-windows/winnls.o dlls/winecrt0/x86_64-windows/libwinecrt0.a \
  libs/compiler-rt/x86_64-windows/libcompiler-rt.a dlls/ucrtbase/x86_64-windows/libucrtbase.a \
  dlls/kernel32/x86_64-windows/libkernel32.a dlls/ntdll/x86_64-windows/libntdll.a --no-default-config -fms-hotpatch -Wl,-debug:dwarf
tools/winegcc/winegcc -o dlls/winprint/x86_64-windows/winprint.dll --wine-objdir . -b x86_64-windows -Wl,--wine-builtin -shared \
  /private/tmp/gptk4-wine11-source/dlls/winprint/winprint.spec \
  dlls/winprint/x86_64-windows/printproc.o dlls/winspool.drv/x86_64-windows/libwinspool.a \
  dlls/winecrt0/x86_64-windows/libwinecrt0.a libs/compiler-rt/x86_64-windows/libcompiler-rt.a \
  dlls/ucrtbase/x86_64-windows/libucrtbase.a dlls/kernel32/x86_64-windows/libkernel32.a \
  dlls/ntdll/x86_64-windows/libntdll.a --no-default-config -fms-hotpatch -Wl,-debug:dwarf
tools/winegcc/winegcc -o dlls/winscard/x86_64-windows/winscard.dll --wine-objdir . -b x86_64-windows -Wl,--wine-builtin -shared \
  /private/tmp/gptk4-wine11-source/dlls/winscard/winscard.spec \
  dlls/winscard/x86_64-windows/winscard.o dlls/winscard/rsrc.res \
  dlls/winecrt0/x86_64-windows/libwinecrt0.a libs/compiler-rt/x86_64-windows/libcompiler-rt.a \
  dlls/ucrtbase/x86_64-windows/libucrtbase.a dlls/kernel32/x86_64-windows/libkernel32.a \
  dlls/ntdll/x86_64-windows/libntdll.a --no-default-config -fms-hotpatch -Wl,-debug:dwarf
tools/winegcc/winegcc -o dlls/winspool.drv/x86_64-windows/winspool.drv --wine-objdir . -b x86_64-windows -Wl,--wine-builtin -shared \
  /private/tmp/gptk4-wine11-source/dlls/winspool.drv/winspool.drv.spec \
  dlls/winspool.drv/x86_64-windows/info.o dlls/winspool.drv/x86_64-windows/wspool.o \
  dlls/winspool.drv/winspool.res dlls/user32/x86_64-windows/libuser32.a \
  dlls/gdi32/x86_64-windows/libgdi32.a dlls/advapi32/x86_64-windows/libadvapi32.a \
  dlls/compstui/x86_64-windows/libcompstui.a dlls/winecrt0/x86_64-windows/libwinecrt0.a \
  libs/compiler-rt/x86_64-windows/libcompiler-rt.a dlls/ucrtbase/x86_64-windows/libucrtbase.a \
  dlls/kernel32/x86_64-windows/libkernel32.a dlls/ntdll/x86_64-windows/libntdll.a --no-default-config -fms-hotpatch -Wl,-debug:dwarf
1 warning generated.
tools/winegcc/winegcc -o dlls/winsta/x86_64-windows/winsta.dll --wine-objdir . -b x86_64-windows -Wl,--wine-builtin -shared \
  /private/tmp/gptk4-wine11-source/dlls/winsta/winsta.spec -Wb,--prefer-native \
  dlls/winsta/x86_64-windows/main.o dlls/winecrt0/x86_64-windows/libwinecrt0.a \
  libs/compiler-rt/x86_64-windows/libcompiler-rt.a dlls/ucrtbase/x86_64-windows/libucrtbase.a \
  dlls/kernel32/x86_64-windows/libkernel32.a dlls/ntdll/x86_64-windows/libntdll.a --no-default-config -fms-hotpatch -Wl,-debug:dwarf
tools/winegcc/winegcc -o dlls/wintab32/x86_64-windows/wintab32.dll --wine-objdir . -b x86_64-windows -Wl,--wine-builtin -shared \
  /private/tmp/gptk4-wine11-source/dlls/wintab32/wintab32.spec \
  dlls/wintab32/x86_64-windows/context.o dlls/wintab32/x86_64-windows/manager.o \
  dlls/wintab32/x86_64-windows/wintab32.o dlls/user32/x86_64-windows/libuser32.a \
  dlls/advapi32/x86_64-windows/libadvapi32.a dlls/win32u/x86_64-windows/libwin32u.a \
  dlls/winecrt0/x86_64-windows/libwinecrt0.a libs/compiler-rt/x86_64-windows/libcompiler-rt.a \
  dlls/ucrtbase/x86_64-windows/libucrtbase.a dlls/kernel32/x86_64-windows/libkernel32.a \
  dlls/ntdll/x86_64-windows/libntdll.a --no-default-config -fms-hotpatch -Wl,-debug:dwarf
tools/winegcc/winegcc -o dlls/wintrust/x86_64-windows/wintrust.dll --wine-objdir . -b x86_64-windows -Wl,--wine-builtin -shared \
  /private/tmp/gptk4-wine11-source/dlls/wintrust/wintrust.spec dlls/wintrust/x86_64-windows/asn.o \
  dlls/wintrust/x86_64-windows/crypt.o dlls/wintrust/x86_64-windows/register.o \
  dlls/wintrust/x86_64-windows/softpub.o dlls/wintrust/x86_64-windows/wintrust_main.o \
  dlls/wintrust/version.res dlls/crypt32/x86_64-windows/libcrypt32.a \
  dlls/user32/x86_64-windows/libuser32.a dlls/advapi32/x86_64-windows/libadvapi32.a \
  dlls/cryptui/x86_64-windows/libcryptui.a dlls/imagehlp/x86_64-windows/libimagehlp.a \
  dlls/winecrt0/x86_64-windows/libwinecrt0.a libs/compiler-rt/x86_64-windows/libcompiler-rt.a \
  dlls/ucrtbase/x86_64-windows/libucrtbase.a dlls/kernel32/x86_64-windows/libkernel32.a \
  dlls/ntdll/x86_64-windows/libntdll.a -Wl,-delayload,cryptui.dll -Wl,-delayload,imagehlp.dll \
  --no-default-config -fms-hotpatch -Wl,-debug:dwarf
tools/winegcc/winegcc -o dlls/wintypes/x86_64-windows/wintypes.dll --wine-objdir . -b x86_64-windows -Wl,--wine-builtin -shared \
  /private/tmp/gptk4-wine11-source/dlls/wintypes/wintypes.spec dlls/wintypes/x86_64-windows/buffer.o \
  dlls/wintypes/x86_64-windows/main.o dlls/wintypes/x86_64-windows/map.o \
  dlls/wintypes/x86_64-windows/propertyset.o dlls/wintypes/x86_64-windows/storage.o \
  dlls/wintypes/x86_64-windows/classes_r.res dlls/combase/x86_64-windows/libcombase.a \
  dlls/winecrt0/x86_64-windows/libwinecrt0.a libs/compiler-rt/x86_64-windows/libcompiler-rt.a \
  dlls/ucrtbase/x86_64-windows/libucrtbase.a dlls/kernel32/x86_64-windows/libkernel32.a \
  dlls/ntdll/x86_64-windows/libntdll.a --no-default-config -fms-hotpatch -Wl,-debug:dwarf
tools/winegcc/winegcc -o dlls/winusb/x86_64-windows/winusb.dll --wine-objdir . -b x86_64-windows -Wl,--wine-builtin -shared \
  /private/tmp/gptk4-wine11-source/dlls/winusb/winusb.spec dlls/winusb/x86_64-windows/main.o \
  dlls/winecrt0/x86_64-windows/libwinecrt0.a libs/compiler-rt/x86_64-windows/libcompiler-rt.a \
  dlls/ucrtbase/x86_64-windows/libucrtbase.a dlls/kernel32/x86_64-windows/libkernel32.a \
  dlls/ntdll/x86_64-windows/libntdll.a --no-default-config -fms-hotpatch -Wl,-debug:dwarf
tools/winegcc/winegcc -o dlls/wlanapi/x86_64-windows/wlanapi.dll --wine-objdir . -b x86_64-windows -Wl,--wine-builtin -shared \
  /private/tmp/gptk4-wine11-source/dlls/wlanapi/wlanapi.spec -Wb,--prefer-native \
  dlls/wlanapi/x86_64-windows/main.o dlls/winecrt0/x86_64-windows/libwinecrt0.a \
  libs/compiler-rt/x86_64-windows/libcompiler-rt.a dlls/ucrtbase/x86_64-windows/libucrtbase.a \
  dlls/kernel32/x86_64-windows/libkernel32.a dlls/ntdll/x86_64-windows/libntdll.a --no-default-config -fms-hotpatch -Wl,-debug:dwarf
tools/winegcc/winegcc -o dlls/wlanui/x86_64-windows/wlanui.dll --wine-objdir . -b x86_64-windows -Wl,--wine-builtin -shared \
  /private/tmp/gptk4-wine11-source/dlls/wlanui/wlanui.spec -Wb,--prefer-native \
  dlls/winecrt0/x86_64-windows/libwinecrt0.a libs/compiler-rt/x86_64-windows/libcompiler-rt.a \
  dlls/ucrtbase/x86_64-windows/libucrtbase.a dlls/kernel32/x86_64-windows/libkernel32.a \
  dlls/ntdll/x86_64-windows/libntdll.a --no-default-config -fms-hotpatch -Wl,-debug:dwarf
tools/winegcc/winegcc -o dlls/wldap32/x86_64-windows/wldap32.dll --wine-objdir . -b x86_64-windows -Wl,--wine-builtin -shared \
  /private/tmp/gptk4-wine11-source/dlls/wldap32/wldap32.spec dlls/wldap32/x86_64-windows/add.o \
  dlls/wldap32/x86_64-windows/ber.o dlls/wldap32/x86_64-windows/bind.o \
  dlls/wldap32/x86_64-windows/compare.o dlls/wldap32/x86_64-windows/control.o \
  dlls/wldap32/x86_64-windows/delete.o dlls/wldap32/x86_64-windows/dn.o \
  dlls/wldap32/x86_64-windows/error.o dlls/wldap32/x86_64-windows/extended.o \
  dlls/wldap32/x86_64-windows/init.o dlls/wldap32/x86_64-windows/main.o \
  dlls/wldap32/x86_64-windows/misc.o dlls/wldap32/x86_64-windows/modify.o \
  dlls/wldap32/x86_64-windows/modrdn.o dlls/wldap32/x86_64-windows/option.o \
  dlls/wldap32/x86_64-windows/page.o dlls/wldap32/x86_64-windows/parse.o \
  dlls/wldap32/x86_64-windows/rename.o dlls/wldap32/x86_64-windows/search.o \
  dlls/wldap32/x86_64-windows/value.o dlls/wldap32/wldap32.res libs/ldap/x86_64-windows/libldap.a \
  dlls/user32/x86_64-windows/libuser32.a dlls/ws2_32/x86_64-windows/libws2_32.a \
  dlls/crypt32/x86_64-windows/libcrypt32.a dlls/secur32/x86_64-windows/libsecur32.a \
  dlls/netapi32/x86_64-windows/libnetapi32.a dlls/winecrt0/x86_64-windows/libwinecrt0.a \
  libs/compiler-rt/x86_64-windows/libcompiler-rt.a dlls/ucrtbase/x86_64-windows/libucrtbase.a \
  dlls/kernel32/x86_64-windows/libkernel32.a dlls/ntdll/x86_64-windows/libntdll.a \
  -Wl,-delayload,crypt32.dll -Wl,-delayload,secur32.dll -Wl,-delayload,netapi32.dll \
  --no-default-config -fms-hotpatch -Wl,-debug:dwarf
tools/winegcc/winegcc -o dlls/wldp/x86_64-windows/wldp.dll --wine-objdir . -b x86_64-windows -Wl,--wine-builtin -shared \
  /private/tmp/gptk4-wine11-source/dlls/wldp/wldp.spec -Wb,--prefer-native \
  dlls/wldp/x86_64-windows/wldp.o dlls/winecrt0/x86_64-windows/libwinecrt0.a \
  libs/compiler-rt/x86_64-windows/libcompiler-rt.a dlls/ucrtbase/x86_64-windows/libucrtbase.a \
  dlls/kernel32/x86_64-windows/libkernel32.a dlls/ntdll/x86_64-windows/libntdll.a --no-default-config -fms-hotpatch -Wl,-debug:dwarf
tools/winegcc/winegcc -o dlls/wmadmod/x86_64-windows/wmadmod.dll --wine-objdir . -b x86_64-windows -Wl,--wine-builtin -shared \
  /private/tmp/gptk4-wine11-source/dlls/wmadmod/wmadmod.spec dlls/wmadmod/x86_64-windows/wmadmod.o \
  dlls/wmadmod/x86_64-windows/wmadmod_r.res dlls/combase/x86_64-windows/libcombase.a \
  dlls/mfplat/x86_64-windows/libmfplat.a dlls/msdmo/x86_64-windows/libmsdmo.a \
  libs/mfuuid/x86_64-windows/libmfuuid.a libs/dmoguids/x86_64-windows/libdmoguids.a \
  libs/strmiids/x86_64-windows/libstrmiids.a libs/wmcodecdspuuid/x86_64-windows/libwmcodecdspuuid.a \
  libs/uuid/x86_64-windows/libuuid.a dlls/winecrt0/x86_64-windows/libwinecrt0.a \
  libs/compiler-rt/x86_64-windows/libcompiler-rt.a dlls/ucrtbase/x86_64-windows/libucrtbase.a \
  dlls/kernel32/x86_64-windows/libkernel32.a dlls/ntdll/x86_64-windows/libntdll.a --no-default-config -fms-hotpatch -Wl,-debug:dwarf
tools/winegcc/winegcc -o dlls/wmasf/x86_64-windows/wmasf.dll --wine-objdir . -b x86_64-windows -Wl,--wine-builtin -shared \
  /private/tmp/gptk4-wine11-source/dlls/wmasf/wmasf.spec -Wb,--prefer-native \
  dlls/winecrt0/x86_64-windows/libwinecrt0.a libs/compiler-rt/x86_64-windows/libcompiler-rt.a \
  dlls/ucrtbase/x86_64-windows/libucrtbase.a dlls/kernel32/x86_64-windows/libkernel32.a \
  dlls/ntdll/x86_64-windows/libntdll.a --no-default-config -fms-hotpatch -Wl,-debug:dwarf
tools/winegcc/winegcc -o dlls/wmilib.sys/x86_64-windows/wmilib.sys --wine-objdir . -b x86_64-windows -Wl,--wine-builtin -shared \
  /private/tmp/gptk4-wine11-source/dlls/wmilib.sys/wmilib.sys.spec -Wl,--subsystem,native \
  dlls/wmilib.sys/x86_64-windows/main.o dlls/hal/x86_64-windows/libhal.a \
  dlls/ntoskrnl.exe/x86_64-windows/libntoskrnl.a dlls/winecrt0/x86_64-windows/libwinecrt0.a \
  libs/compiler-rt/x86_64-windows/libcompiler-rt.a dlls/ucrtbase/x86_64-windows/libucrtbase.a \
  dlls/kernel32/x86_64-windows/libkernel32.a dlls/ntdll/x86_64-windows/libntdll.a --no-default-config -fms-hotpatch -Wl,-debug:dwarf
tools/winegcc/winegcc -o dlls/wmiutils/x86_64-windows/wmiutils.dll --wine-objdir . -b x86_64-windows -Wl,--wine-builtin -shared \
  /private/tmp/gptk4-wine11-source/dlls/wmiutils/wmiutils.spec -Wb,--prefer-native \
  dlls/wmiutils/x86_64-windows/main.o dlls/wmiutils/x86_64-windows/path.o \
  dlls/wmiutils/x86_64-windows/statuscode.o dlls/wmiutils/x86_64-windows/wmiutils_classes_r.res \
  dlls/oleaut32/x86_64-windows/liboleaut32.a dlls/ole32/x86_64-windows/libole32.a \
  dlls/advapi32/x86_64-windows/libadvapi32.a dlls/winecrt0/x86_64-windows/libwinecrt0.a \
  libs/compiler-rt/x86_64-windows/libcompiler-rt.a dlls/ucrtbase/x86_64-windows/libucrtbase.a \
  dlls/kernel32/x86_64-windows/libkernel32.a dlls/ntdll/x86_64-windows/libntdll.a --no-default-config -fms-hotpatch -Wl,-debug:dwarf
tools/widl/widl -o dlls/wmp/x86_64-windows/wmp_typelib_t.res -b x86_64-windows --nostdinc -Ldlls/\* -Idlls/wmp \
  -I/private/tmp/gptk4-wine11-source/dlls/wmp -Iinclude -I/private/tmp/gptk4-wine11-source/include \
  -I/private/tmp/gptk4-wine11-source/include/msvcrt -D_UCRT -D__WINESRC__ \
  /private/tmp/gptk4-wine11-source/dlls/wmp/wmp_typelib.idl
tools/winegcc/winegcc -o dlls/wmphoto/x86_64-windows/wmphoto.dll --wine-objdir . -b x86_64-windows -Wl,--wine-builtin -shared \
  /private/tmp/gptk4-wine11-source/dlls/wmphoto/wmphoto.spec -Wb,--prefer-native \
  dlls/wmphoto/x86_64-windows/decoder.o dlls/wmphoto/x86_64-windows/jxrlib.o \
  dlls/wmphoto/x86_64-windows/main.o dlls/wmphoto/x86_64-windows/wincodecs_common.o \
  dlls/wmphoto/x86_64-windows/wmphoto_r.res libs/jxr/x86_64-windows/libjxr.a \
  dlls/windowscodecs/x86_64-windows/libwindowscodecs.a libs/uuid/x86_64-windows/libuuid.a \
  dlls/ole32/x86_64-windows/libole32.a dlls/oleaut32/x86_64-windows/liboleaut32.a \
  dlls/propsys/x86_64-windows/libpropsys.a dlls/rpcrt4/x86_64-windows/librpcrt4.a \
  dlls/shlwapi/x86_64-windows/libshlwapi.a dlls/winecrt0/x86_64-windows/libwinecrt0.a \
  libs/compiler-rt/x86_64-windows/libcompiler-rt.a dlls/ucrtbase/x86_64-windows/libucrtbase.a \
  dlls/kernel32/x86_64-windows/libkernel32.a dlls/ntdll/x86_64-windows/libntdll.a --no-default-config -fms-hotpatch -Wl,-debug:dwarf
tools/winegcc/winegcc -o dlls/wmvcore/x86_64-windows/wmvcore.dll --wine-objdir . -b x86_64-windows -Wl,--wine-builtin -shared \
  /private/tmp/gptk4-wine11-source/dlls/wmvcore/wmvcore.spec -Wb,--prefer-native \
  dlls/wmvcore/x86_64-windows/async_reader.o dlls/wmvcore/x86_64-windows/wmvcore_main.o \
  dlls/wmvcore/x86_64-windows/writer.o dlls/wmvcore/version.res \
  dlls/kernel32/x86_64-windows/libkernel32.a dlls/winegstreamer/x86_64-windows/libwinegstreamer.a \
  dlls/winecrt0/x86_64-windows/libwinecrt0.a libs/compiler-rt/x86_64-windows/libcompiler-rt.a \
  dlls/ucrtbase/x86_64-windows/libucrtbase.a dlls/kernel32/x86_64-windows/libkernel32.a \
  dlls/ntdll/x86_64-windows/libntdll.a -Wl,-delayload,winegstreamer.dll --no-default-config -fms-hotpatch -Wl,-debug:dwarf
tools/winegcc/winegcc -o dlls/wmvdecod/x86_64-windows/wmvdecod.dll --wine-objdir . -b x86_64-windows -Wl,--wine-builtin -shared \
  /private/tmp/gptk4-wine11-source/dlls/wmvdecod/wmvdecod.spec \
  dlls/wmvdecod/x86_64-windows/video_decoder.o dlls/wmvdecod/x86_64-windows/wmvdecod.o \
  dlls/wmvdecod/x86_64-windows/wmvdecod_r.res dlls/combase/x86_64-windows/libcombase.a \
  dlls/mfplat/x86_64-windows/libmfplat.a dlls/msdmo/x86_64-windows/libmsdmo.a \
  libs/mfuuid/x86_64-windows/libmfuuid.a libs/dmoguids/x86_64-windows/libdmoguids.a \
  libs/strmiids/x86_64-windows/libstrmiids.a libs/wmcodecdspuuid/x86_64-windows/libwmcodecdspuuid.a \
  libs/uuid/x86_64-windows/libuuid.a dlls/winecrt0/x86_64-windows/libwinecrt0.a \
  libs/compiler-rt/x86_64-windows/libcompiler-rt.a dlls/ucrtbase/x86_64-windows/libucrtbase.a \
  dlls/kernel32/x86_64-windows/libkernel32.a dlls/ntdll/x86_64-windows/libntdll.a --no-default-config -fms-hotpatch -Wl,-debug:dwarf
tools/winegcc/winegcc -o dlls/wnaspi32/x86_64-windows/wnaspi32.dll --wine-objdir . -b x86_64-windows -Wl,--wine-builtin -shared \
  /private/tmp/gptk4-wine11-source/dlls/wnaspi32/wnaspi32.spec dlls/wnaspi32/x86_64-windows/aspi.o \
  dlls/wnaspi32/x86_64-windows/winaspi32.o dlls/advapi32/x86_64-windows/libadvapi32.a \
  dlls/winecrt0/x86_64-windows/libwinecrt0.a libs/compiler-rt/x86_64-windows/libcompiler-rt.a \
  dlls/ucrtbase/x86_64-windows/libucrtbase.a dlls/kernel32/x86_64-windows/libkernel32.a \
  dlls/ntdll/x86_64-windows/libntdll.a --no-default-config -fms-hotpatch -Wl,-debug:dwarf
tools/winegcc/winegcc -o dlls/wofutil/x86_64-windows/wofutil.dll --wine-objdir . -b x86_64-windows -Wl,--wine-builtin -shared \
  /private/tmp/gptk4-wine11-source/dlls/wofutil/wofutil.spec dlls/wofutil/x86_64-windows/main.o \
  dlls/winecrt0/x86_64-windows/libwinecrt0.a libs/compiler-rt/x86_64-windows/libcompiler-rt.a \
  dlls/ucrtbase/x86_64-windows/libucrtbase.a dlls/kernel32/x86_64-windows/libkernel32.a \
  dlls/ntdll/x86_64-windows/libntdll.a --no-default-config -fms-hotpatch -Wl,-debug:dwarf
tools/winegcc/winegcc -o dlls/wow64/x86_64-windows/wow64.dll --wine-objdir . -b x86_64-windows -Wl,--wine-builtin -shared \
  /private/tmp/gptk4-wine11-source/dlls/wow64/wow64.spec -nodefaultlibs \
  dlls/wow64/x86_64-windows/file.o dlls/wow64/x86_64-windows/process.o \
  dlls/wow64/x86_64-windows/registry.o dlls/wow64/x86_64-windows/security.o \
  dlls/wow64/x86_64-windows/sync.o dlls/wow64/x86_64-windows/syscall.o \
  dlls/wow64/x86_64-windows/system.o dlls/wow64/x86_64-windows/virtual.o \
  dlls/ntdll/x86_64-windows/libntdll.a dlls/winecrt0/x86_64-windows/libwinecrt0.a \
  libs/compiler-rt/x86_64-windows/libcompiler-rt.a --no-default-config -fms-hotpatch -Wl,-debug:dwarf
tools/winegcc/winegcc -o dlls/wow64cpu/x86_64-windows/wow64cpu.dll --wine-objdir . -b x86_64-windows -Wl,--wine-builtin -shared \
  /private/tmp/gptk4-wine11-source/dlls/wow64cpu/wow64cpu.spec -nodefaultlibs \
  -Wl,--image-base,0x7a400000 dlls/wow64cpu/x86_64-windows/cpu.o \
  dlls/wow64/x86_64-windows/libwow64.a dlls/ntdll/x86_64-windows/libntdll.a \
  dlls/winecrt0/x86_64-windows/libwinecrt0.a libs/compiler-rt/x86_64-windows/libcompiler-rt.a \
  --no-default-config -fms-hotpatch -Wl,-debug:dwarf
tools/winegcc/winegcc -o dlls/wow64win/x86_64-windows/wow64win.dll --wine-objdir . -b x86_64-windows -Wl,--wine-builtin -shared \
  /private/tmp/gptk4-wine11-source/dlls/wow64win/wow64win.spec -nodefaultlibs \
  dlls/wow64win/x86_64-windows/gdi.o dlls/wow64win/x86_64-windows/syscall.o \
  dlls/wow64win/x86_64-windows/user.o dlls/wow64/x86_64-windows/libwow64.a \
  dlls/win32u/x86_64-windows/libwin32u.a dlls/ntdll/x86_64-windows/libntdll.a \
  dlls/winecrt0/x86_64-windows/libwinecrt0.a libs/compiler-rt/x86_64-windows/libcompiler-rt.a \
  --no-default-config -fms-hotpatch -Wl,-debug:dwarf
tools/winegcc/winegcc -o dlls/wpc/x86_64-windows/wpc.dll --wine-objdir . -b x86_64-windows -Wl,--wine-builtin -shared \
  /private/tmp/gptk4-wine11-source/dlls/wpc/wpc.spec -Wb,--prefer-native \
  dlls/wpc/x86_64-windows/wpc.o dlls/wpc/x86_64-windows/wpc_classes_r.res \
  dlls/winecrt0/x86_64-windows/libwinecrt0.a libs/compiler-rt/x86_64-windows/libcompiler-rt.a \
  dlls/ucrtbase/x86_64-windows/libucrtbase.a dlls/kernel32/x86_64-windows/libkernel32.a \
  dlls/ntdll/x86_64-windows/libntdll.a --no-default-config -fms-hotpatch -Wl,-debug:dwarf
tools/winegcc/winegcc -o dlls/wpcap/x86_64-windows/wpcap.dll --wine-objdir . -b x86_64-windows -Wl,--wine-builtin -shared \
  /private/tmp/gptk4-wine11-source/dlls/wpcap/wpcap.spec dlls/wpcap/x86_64-windows/wpcap.o \
  dlls/wpcap/version.res dlls/iphlpapi/x86_64-windows/libiphlpapi.a \
  dlls/ws2_32/x86_64-windows/libws2_32.a dlls/winecrt0/x86_64-windows/libwinecrt0.a \
  libs/compiler-rt/x86_64-windows/libcompiler-rt.a dlls/ucrtbase/x86_64-windows/libucrtbase.a \
  dlls/kernel32/x86_64-windows/libkernel32.a dlls/ntdll/x86_64-windows/libntdll.a \
  -Wl,-delayload,ws2_32.dll --no-default-config -fms-hotpatch -Wl,-debug:dwarf
tools/winegcc/winegcc -o dlls/ws2_32/x86_64-windows/ws2_32.dll --wine-objdir . -b x86_64-windows -Wl,--wine-builtin -shared \
  /private/tmp/gptk4-wine11-source/dlls/ws2_32/ws2_32.spec dlls/ws2_32/x86_64-windows/async.o \
  dlls/ws2_32/x86_64-windows/protocol.o dlls/ws2_32/x86_64-windows/socket.o dlls/ws2_32/version.res \
  dlls/dnsapi/x86_64-windows/libdnsapi.a dlls/advapi32/x86_64-windows/libadvapi32.a \
  dlls/iphlpapi/x86_64-windows/libiphlpapi.a dlls/user32/x86_64-windows/libuser32.a \
  dlls/winecrt0/x86_64-windows/libwinecrt0.a libs/compiler-rt/x86_64-windows/libcompiler-rt.a \
  dlls/ucrtbase/x86_64-windows/libucrtbase.a dlls/kernel32/x86_64-windows/libkernel32.a \
  dlls/ntdll/x86_64-windows/libntdll.a -Wl,-delayload,dnsapi.dll -Wl,-delayload,advapi32.dll \
  -Wl,-delayload,iphlpapi.dll -Wl,-delayload,user32.dll --no-default-config -fms-hotpatch -Wl,-debug:dwarf
tools/winegcc/winegcc -o dlls/wsdapi/x86_64-windows/wsdapi.dll --wine-objdir . -b x86_64-windows -Wl,--wine-builtin -shared \
  /private/tmp/gptk4-wine11-source/dlls/wsdapi/wsdapi.spec dlls/wsdapi/x86_64-windows/address.o \
  dlls/wsdapi/x86_64-windows/discovery.o dlls/wsdapi/x86_64-windows/memory.o \
  dlls/wsdapi/x86_64-windows/msgparams.o dlls/wsdapi/x86_64-windows/network.o \
  dlls/wsdapi/x86_64-windows/soap.o dlls/wsdapi/x86_64-windows/xml.o \
  dlls/bcrypt/x86_64-windows/libbcrypt.a dlls/iphlpapi/x86_64-windows/libiphlpapi.a \
  dlls/rpcrt4/x86_64-windows/librpcrt4.a dlls/user32/x86_64-windows/libuser32.a \
  dlls/webservices/x86_64-windows/libwebservices.a dlls/ws2_32/x86_64-windows/libws2_32.a \
  dlls/winecrt0/x86_64-windows/libwinecrt0.a libs/compiler-rt/x86_64-windows/libcompiler-rt.a \
  dlls/ucrtbase/x86_64-windows/libucrtbase.a dlls/kernel32/x86_64-windows/libkernel32.a \
  dlls/ntdll/x86_64-windows/libntdll.a --no-default-config -fms-hotpatch -Wl,-debug:dwarf
tools/widl/widl -o dlls/wshom.ocx/x86_64-windows/wshom_t.res -b x86_64-windows --nostdinc -Ldlls/\* -Idlls/wshom.ocx \
  -I/private/tmp/gptk4-wine11-source/dlls/wshom.ocx -Iinclude \
  -I/private/tmp/gptk4-wine11-source/include -I/private/tmp/gptk4-wine11-source/include/msvcrt \
  -D_UCRT -D__WINESRC__ /private/tmp/gptk4-wine11-source/dlls/wshom.ocx/wshom.idl
tools/winegcc/winegcc -o dlls/wsnmp32/x86_64-windows/wsnmp32.dll --wine-objdir . -b x86_64-windows -Wl,--wine-builtin -shared \
  /private/tmp/gptk4-wine11-source/dlls/wsnmp32/wsnmp32.spec -Wb,--prefer-native \
  dlls/wsnmp32/x86_64-windows/wsnmp32.o dlls/winecrt0/x86_64-windows/libwinecrt0.a \
  libs/compiler-rt/x86_64-windows/libcompiler-rt.a dlls/ucrtbase/x86_64-windows/libucrtbase.a \
  dlls/kernel32/x86_64-windows/libkernel32.a dlls/ntdll/x86_64-windows/libntdll.a --no-default-config -fms-hotpatch -Wl,-debug:dwarf
tools/winegcc/winegcc -o dlls/wsock32/x86_64-windows/wsock32.dll --wine-objdir . -b x86_64-windows -Wl,--wine-builtin -shared \
  /private/tmp/gptk4-wine11-source/dlls/wsock32/wsock32.spec dlls/wsock32/x86_64-windows/protocol.o \
  dlls/wsock32/x86_64-windows/service.o dlls/wsock32/x86_64-windows/socket.o \
  dlls/wsock32/version.res dlls/mswsock/x86_64-windows/libmswsock.a \
  dlls/ws2_32/x86_64-windows/libws2_32.a dlls/iphlpapi/x86_64-windows/libiphlpapi.a \
  dlls/winecrt0/x86_64-windows/libwinecrt0.a libs/compiler-rt/x86_64-windows/libcompiler-rt.a \
  dlls/ucrtbase/x86_64-windows/libucrtbase.a dlls/kernel32/x86_64-windows/libkernel32.a \
  dlls/ntdll/x86_64-windows/libntdll.a --no-default-config -fms-hotpatch -Wl,-debug:dwarf
tools/winegcc/winegcc -o dlls/wtsapi32/x86_64-windows/wtsapi32.dll --wine-objdir . -b x86_64-windows -Wl,--wine-builtin -shared \
  /private/tmp/gptk4-wine11-source/dlls/wtsapi32/wtsapi32.spec \
  dlls/wtsapi32/x86_64-windows/wtsapi32.o dlls/advapi32/x86_64-windows/libadvapi32.a \
  dlls/winecrt0/x86_64-windows/libwinecrt0.a libs/compiler-rt/x86_64-windows/libcompiler-rt.a \
  dlls/ucrtbase/x86_64-windows/libucrtbase.a dlls/kernel32/x86_64-windows/libkernel32.a \
  dlls/ntdll/x86_64-windows/libntdll.a --no-default-config -fms-hotpatch -Wl,-debug:dwarf
tools/widl/widl -o dlls/wuapi/x86_64-windows/wuapi_tlb_t.res -b x86_64-windows --nostdinc -Ldlls/\* -Idlls/wuapi \
  -I/private/tmp/gptk4-wine11-source/dlls/wuapi -Iinclude -I/private/tmp/gptk4-wine11-source/include \
  -I/private/tmp/gptk4-wine11-source/include/msvcrt -D_UCRT -D__WINESRC__ \
  /private/tmp/gptk4-wine11-source/dlls/wuapi/wuapi_tlb.idl
tools/winegcc/winegcc -o dlls/wuaueng/x86_64-windows/wuaueng.dll --wine-objdir . -b x86_64-windows -Wl,--wine-builtin -shared \
  /private/tmp/gptk4-wine11-source/dlls/wuaueng/wuaueng.spec -Wb,--prefer-native \
  dlls/wuaueng/version.res dlls/winecrt0/x86_64-windows/libwinecrt0.a \
  libs/compiler-rt/x86_64-windows/libcompiler-rt.a dlls/ucrtbase/x86_64-windows/libucrtbase.a \
  dlls/kernel32/x86_64-windows/libkernel32.a dlls/ntdll/x86_64-windows/libntdll.a --no-default-config -fms-hotpatch -Wl,-debug:dwarf
tools/winegcc/winegcc -o dlls/x3daudio1_0/x86_64-windows/x3daudio1_0.dll --wine-objdir . -b x86_64-windows -Wl,--wine-builtin -shared \
  /private/tmp/gptk4-wine11-source/dlls/x3daudio1_0/x3daudio1_0.spec \
  dlls/x3daudio1_0/x86_64-windows/x3daudio.o libs/faudio/x86_64-windows/libfaudio.a \
  dlls/mfplat/x86_64-windows/libmfplat.a dlls/mfreadwrite/x86_64-windows/libmfreadwrite.a \
  libs/mfuuid/x86_64-windows/libmfuuid.a dlls/propsys/x86_64-windows/libpropsys.a \
  dlls/winecrt0/x86_64-windows/libwinecrt0.a libs/compiler-rt/x86_64-windows/libcompiler-rt.a \
  dlls/ucrtbase/x86_64-windows/libucrtbase.a dlls/kernel32/x86_64-windows/libkernel32.a \
  dlls/ntdll/x86_64-windows/libntdll.a --no-default-config -fms-hotpatch -Wl,-debug:dwarf
tools/winegcc/winegcc -o dlls/x3daudio1_1/x86_64-windows/x3daudio1_1.dll --wine-objdir . -b x86_64-windows -Wl,--wine-builtin -shared \
  /private/tmp/gptk4-wine11-source/dlls/x3daudio1_1/x3daudio1_1.spec \
  dlls/x3daudio1_1/x86_64-windows/x3daudio.o libs/faudio/x86_64-windows/libfaudio.a \
  dlls/mfplat/x86_64-windows/libmfplat.a dlls/mfreadwrite/x86_64-windows/libmfreadwrite.a \
  libs/mfuuid/x86_64-windows/libmfuuid.a dlls/propsys/x86_64-windows/libpropsys.a \
  dlls/winecrt0/x86_64-windows/libwinecrt0.a libs/compiler-rt/x86_64-windows/libcompiler-rt.a \
  dlls/ucrtbase/x86_64-windows/libucrtbase.a dlls/kernel32/x86_64-windows/libkernel32.a \
  dlls/ntdll/x86_64-windows/libntdll.a --no-default-config -fms-hotpatch -Wl,-debug:dwarf
tools/winegcc/winegcc -o dlls/x3daudio1_2/x86_64-windows/x3daudio1_2.dll --wine-objdir . -b x86_64-windows -Wl,--wine-builtin -shared \
  /private/tmp/gptk4-wine11-source/dlls/x3daudio1_2/x3daudio1_2.spec \
  dlls/x3daudio1_2/x86_64-windows/x3daudio.o libs/faudio/x86_64-windows/libfaudio.a \
  dlls/mfplat/x86_64-windows/libmfplat.a dlls/mfreadwrite/x86_64-windows/libmfreadwrite.a \
  libs/mfuuid/x86_64-windows/libmfuuid.a dlls/propsys/x86_64-windows/libpropsys.a \
  dlls/winecrt0/x86_64-windows/libwinecrt0.a libs/compiler-rt/x86_64-windows/libcompiler-rt.a \
  dlls/ucrtbase/x86_64-windows/libucrtbase.a dlls/kernel32/x86_64-windows/libkernel32.a \
  dlls/ntdll/x86_64-windows/libntdll.a --no-default-config -fms-hotpatch -Wl,-debug:dwarf
tools/winegcc/winegcc -o dlls/x3daudio1_3/x86_64-windows/x3daudio1_3.dll --wine-objdir . -b x86_64-windows -Wl,--wine-builtin -shared \
  /private/tmp/gptk4-wine11-source/dlls/x3daudio1_3/x3daudio1_3.spec \
  dlls/x3daudio1_3/x86_64-windows/x3daudio.o libs/faudio/x86_64-windows/libfaudio.a \
  dlls/mfplat/x86_64-windows/libmfplat.a dlls/mfreadwrite/x86_64-windows/libmfreadwrite.a \
  libs/mfuuid/x86_64-windows/libmfuuid.a dlls/propsys/x86_64-windows/libpropsys.a \
  dlls/winecrt0/x86_64-windows/libwinecrt0.a libs/compiler-rt/x86_64-windows/libcompiler-rt.a \
  dlls/ucrtbase/x86_64-windows/libucrtbase.a dlls/kernel32/x86_64-windows/libkernel32.a \
  dlls/ntdll/x86_64-windows/libntdll.a --no-default-config -fms-hotpatch -Wl,-debug:dwarf
tools/winegcc/winegcc -o dlls/x3daudio1_4/x86_64-windows/x3daudio1_4.dll --wine-objdir . -b x86_64-windows -Wl,--wine-builtin -shared \
  /private/tmp/gptk4-wine11-source/dlls/x3daudio1_4/x3daudio1_4.spec \
  dlls/x3daudio1_4/x86_64-windows/x3daudio.o libs/faudio/x86_64-windows/libfaudio.a \
  dlls/mfplat/x86_64-windows/libmfplat.a dlls/mfreadwrite/x86_64-windows/libmfreadwrite.a \
  libs/mfuuid/x86_64-windows/libmfuuid.a dlls/propsys/x86_64-windows/libpropsys.a \
  dlls/winecrt0/x86_64-windows/libwinecrt0.a libs/compiler-rt/x86_64-windows/libcompiler-rt.a \
  dlls/ucrtbase/x86_64-windows/libucrtbase.a dlls/kernel32/x86_64-windows/libkernel32.a \
  dlls/ntdll/x86_64-windows/libntdll.a --no-default-config -fms-hotpatch -Wl,-debug:dwarf
tools/winegcc/winegcc -o dlls/x3daudio1_5/x86_64-windows/x3daudio1_5.dll --wine-objdir . -b x86_64-windows -Wl,--wine-builtin -shared \
  /private/tmp/gptk4-wine11-source/dlls/x3daudio1_5/x3daudio1_5.spec \
  dlls/x3daudio1_5/x86_64-windows/x3daudio.o libs/faudio/x86_64-windows/libfaudio.a \
  dlls/mfplat/x86_64-windows/libmfplat.a dlls/mfreadwrite/x86_64-windows/libmfreadwrite.a \
  libs/mfuuid/x86_64-windows/libmfuuid.a dlls/propsys/x86_64-windows/libpropsys.a \
  dlls/winecrt0/x86_64-windows/libwinecrt0.a libs/compiler-rt/x86_64-windows/libcompiler-rt.a \
  dlls/ucrtbase/x86_64-windows/libucrtbase.a dlls/kernel32/x86_64-windows/libkernel32.a \
  dlls/ntdll/x86_64-windows/libntdll.a --no-default-config -fms-hotpatch -Wl,-debug:dwarf
tools/winegcc/winegcc -o dlls/x3daudio1_6/x86_64-windows/x3daudio1_6.dll --wine-objdir . -b x86_64-windows -Wl,--wine-builtin -shared \
  /private/tmp/gptk4-wine11-source/dlls/x3daudio1_6/x3daudio1_6.spec \
  dlls/x3daudio1_6/x86_64-windows/x3daudio.o libs/faudio/x86_64-windows/libfaudio.a \
  dlls/mfplat/x86_64-windows/libmfplat.a dlls/mfreadwrite/x86_64-windows/libmfreadwrite.a \
  libs/mfuuid/x86_64-windows/libmfuuid.a dlls/propsys/x86_64-windows/libpropsys.a \
  dlls/winecrt0/x86_64-windows/libwinecrt0.a libs/compiler-rt/x86_64-windows/libcompiler-rt.a \
  dlls/ucrtbase/x86_64-windows/libucrtbase.a dlls/kernel32/x86_64-windows/libkernel32.a \
  dlls/ntdll/x86_64-windows/libntdll.a --no-default-config -fms-hotpatch -Wl,-debug:dwarf
tools/winegcc/winegcc -o dlls/x3daudio1_7/x86_64-windows/x3daudio1_7.dll --wine-objdir . -b x86_64-windows -Wl,--wine-builtin -shared \
  /private/tmp/gptk4-wine11-source/dlls/x3daudio1_7/x3daudio1_7.spec \
  dlls/x3daudio1_7/x86_64-windows/x3daudio.o libs/faudio/x86_64-windows/libfaudio.a \
  dlls/mfplat/x86_64-windows/libmfplat.a dlls/mfreadwrite/x86_64-windows/libmfreadwrite.a \
  libs/mfuuid/x86_64-windows/libmfuuid.a dlls/propsys/x86_64-windows/libpropsys.a \
  dlls/winecrt0/x86_64-windows/libwinecrt0.a libs/compiler-rt/x86_64-windows/libcompiler-rt.a \
  dlls/ucrtbase/x86_64-windows/libucrtbase.a dlls/kernel32/x86_64-windows/libkernel32.a \
  dlls/ntdll/x86_64-windows/libntdll.a --no-default-config -fms-hotpatch -Wl,-debug:dwarf
tools/winegcc/winegcc -o dlls/xactengine2_0/x86_64-windows/xactengine2_0.dll --wine-objdir . -b x86_64-windows -Wl,--wine-builtin -shared \
  /private/tmp/gptk4-wine11-source/dlls/xactengine2_0/xactengine2_0.spec \
  dlls/xactengine2_0/x86_64-windows/xact_dll.o dlls/xactengine2_0/x86_64-windows/xact_classes_r.res \
  libs/faudio/x86_64-windows/libfaudio.a dlls/mfplat/x86_64-windows/libmfplat.a \
  dlls/mfreadwrite/x86_64-windows/libmfreadwrite.a libs/mfuuid/x86_64-windows/libmfuuid.a \
  dlls/propsys/x86_64-windows/libpropsys.a dlls/ole32/x86_64-windows/libole32.a \
  libs/uuid/x86_64-windows/libuuid.a dlls/winecrt0/x86_64-windows/libwinecrt0.a \
  libs/compiler-rt/x86_64-windows/libcompiler-rt.a dlls/ucrtbase/x86_64-windows/libucrtbase.a \
  dlls/kernel32/x86_64-windows/libkernel32.a dlls/ntdll/x86_64-windows/libntdll.a --no-default-config -fms-hotpatch -Wl,-debug:dwarf
tools/winegcc/winegcc -o dlls/xactengine2_4/x86_64-windows/xactengine2_4.dll --wine-objdir . -b x86_64-windows -Wl,--wine-builtin -shared \
  /private/tmp/gptk4-wine11-source/dlls/xactengine2_4/xactengine2_4.spec \
  dlls/xactengine2_4/x86_64-windows/xact_dll.o dlls/xactengine2_4/x86_64-windows/xact_classes_r.res \
  libs/faudio/x86_64-windows/libfaudio.a dlls/mfplat/x86_64-windows/libmfplat.a \
  dlls/mfreadwrite/x86_64-windows/libmfreadwrite.a libs/mfuuid/x86_64-windows/libmfuuid.a \
  dlls/propsys/x86_64-windows/libpropsys.a dlls/ole32/x86_64-windows/libole32.a \
  libs/uuid/x86_64-windows/libuuid.a dlls/winecrt0/x86_64-windows/libwinecrt0.a \
  libs/compiler-rt/x86_64-windows/libcompiler-rt.a dlls/ucrtbase/x86_64-windows/libucrtbase.a \
  dlls/kernel32/x86_64-windows/libkernel32.a dlls/ntdll/x86_64-windows/libntdll.a --no-default-config -fms-hotpatch -Wl,-debug:dwarf
tools/winegcc/winegcc -o dlls/xactengine2_7/x86_64-windows/xactengine2_7.dll --wine-objdir . -b x86_64-windows -Wl,--wine-builtin -shared \
  /private/tmp/gptk4-wine11-source/dlls/xactengine2_7/xactengine2_7.spec \
  dlls/xactengine2_7/x86_64-windows/xact_dll.o dlls/xactengine2_7/x86_64-windows/xact_classes_r.res \
  libs/faudio/x86_64-windows/libfaudio.a dlls/mfplat/x86_64-windows/libmfplat.a \
  dlls/mfreadwrite/x86_64-windows/libmfreadwrite.a libs/mfuuid/x86_64-windows/libmfuuid.a \
  dlls/propsys/x86_64-windows/libpropsys.a dlls/ole32/x86_64-windows/libole32.a \
  libs/uuid/x86_64-windows/libuuid.a dlls/winecrt0/x86_64-windows/libwinecrt0.a \
  libs/compiler-rt/x86_64-windows/libcompiler-rt.a dlls/ucrtbase/x86_64-windows/libucrtbase.a \
  dlls/kernel32/x86_64-windows/libkernel32.a dlls/ntdll/x86_64-windows/libntdll.a --no-default-config -fms-hotpatch -Wl,-debug:dwarf
tools/winegcc/winegcc -o dlls/xactengine2_9/x86_64-windows/xactengine2_9.dll --wine-objdir . -b x86_64-windows -Wl,--wine-builtin -shared \
  /private/tmp/gptk4-wine11-source/dlls/xactengine2_9/xactengine2_9.spec \
  dlls/xactengine2_9/x86_64-windows/xact_dll.o dlls/xactengine2_9/x86_64-windows/xact_classes_r.res \
  libs/faudio/x86_64-windows/libfaudio.a dlls/mfplat/x86_64-windows/libmfplat.a \
  dlls/mfreadwrite/x86_64-windows/libmfreadwrite.a libs/mfuuid/x86_64-windows/libmfuuid.a \
  dlls/propsys/x86_64-windows/libpropsys.a dlls/ole32/x86_64-windows/libole32.a \
  libs/uuid/x86_64-windows/libuuid.a dlls/winecrt0/x86_64-windows/libwinecrt0.a \
  libs/compiler-rt/x86_64-windows/libcompiler-rt.a dlls/ucrtbase/x86_64-windows/libucrtbase.a \
  dlls/kernel32/x86_64-windows/libkernel32.a dlls/ntdll/x86_64-windows/libntdll.a --no-default-config -fms-hotpatch -Wl,-debug:dwarf
tools/winegcc/winegcc -o dlls/xactengine3_0/x86_64-windows/xactengine3_0.dll --wine-objdir . -b x86_64-windows -Wl,--wine-builtin -shared \
  /private/tmp/gptk4-wine11-source/dlls/xactengine3_0/xactengine3_0.spec \
  dlls/xactengine3_0/x86_64-windows/xact_dll.o dlls/xactengine3_0/x86_64-windows/xact_classes_r.res \
  libs/faudio/x86_64-windows/libfaudio.a dlls/mfplat/x86_64-windows/libmfplat.a \
  dlls/mfreadwrite/x86_64-windows/libmfreadwrite.a libs/mfuuid/x86_64-windows/libmfuuid.a \
  dlls/propsys/x86_64-windows/libpropsys.a dlls/ole32/x86_64-windows/libole32.a \
  libs/uuid/x86_64-windows/libuuid.a dlls/winecrt0/x86_64-windows/libwinecrt0.a \
  libs/compiler-rt/x86_64-windows/libcompiler-rt.a dlls/ucrtbase/x86_64-windows/libucrtbase.a \
  dlls/kernel32/x86_64-windows/libkernel32.a dlls/ntdll/x86_64-windows/libntdll.a --no-default-config -fms-hotpatch -Wl,-debug:dwarf
tools/winegcc/winegcc -o dlls/xactengine3_1/x86_64-windows/xactengine3_1.dll --wine-objdir . -b x86_64-windows -Wl,--wine-builtin -shared \
  /private/tmp/gptk4-wine11-source/dlls/xactengine3_1/xactengine3_1.spec \
  dlls/xactengine3_1/x86_64-windows/xact_dll.o dlls/xactengine3_1/x86_64-windows/xact_classes_r.res \
  libs/faudio/x86_64-windows/libfaudio.a dlls/mfplat/x86_64-windows/libmfplat.a \
  dlls/mfreadwrite/x86_64-windows/libmfreadwrite.a libs/mfuuid/x86_64-windows/libmfuuid.a \
  dlls/propsys/x86_64-windows/libpropsys.a dlls/ole32/x86_64-windows/libole32.a \
  libs/uuid/x86_64-windows/libuuid.a dlls/winecrt0/x86_64-windows/libwinecrt0.a \
  libs/compiler-rt/x86_64-windows/libcompiler-rt.a dlls/ucrtbase/x86_64-windows/libucrtbase.a \
  dlls/kernel32/x86_64-windows/libkernel32.a dlls/ntdll/x86_64-windows/libntdll.a --no-default-config -fms-hotpatch -Wl,-debug:dwarf
tools/winegcc/winegcc -o dlls/xactengine3_2/x86_64-windows/xactengine3_2.dll --wine-objdir . -b x86_64-windows -Wl,--wine-builtin -shared \
  /private/tmp/gptk4-wine11-source/dlls/xactengine3_2/xactengine3_2.spec \
  dlls/xactengine3_2/x86_64-windows/xact_dll.o dlls/xactengine3_2/x86_64-windows/xact_classes_r.res \
  libs/faudio/x86_64-windows/libfaudio.a dlls/mfplat/x86_64-windows/libmfplat.a \
  dlls/mfreadwrite/x86_64-windows/libmfreadwrite.a libs/mfuuid/x86_64-windows/libmfuuid.a \
  dlls/propsys/x86_64-windows/libpropsys.a dlls/ole32/x86_64-windows/libole32.a \
  libs/uuid/x86_64-windows/libuuid.a dlls/winecrt0/x86_64-windows/libwinecrt0.a \
  libs/compiler-rt/x86_64-windows/libcompiler-rt.a dlls/ucrtbase/x86_64-windows/libucrtbase.a \
  dlls/kernel32/x86_64-windows/libkernel32.a dlls/ntdll/x86_64-windows/libntdll.a --no-default-config -fms-hotpatch -Wl,-debug:dwarf
tools/winegcc/winegcc -o dlls/xactengine3_3/x86_64-windows/xactengine3_3.dll --wine-objdir . -b x86_64-windows -Wl,--wine-builtin -shared \
  /private/tmp/gptk4-wine11-source/dlls/xactengine3_3/xactengine3_3.spec \
  dlls/xactengine3_3/x86_64-windows/xact_dll.o dlls/xactengine3_3/x86_64-windows/xact_classes_r.res \
  libs/faudio/x86_64-windows/libfaudio.a dlls/mfplat/x86_64-windows/libmfplat.a \
  dlls/mfreadwrite/x86_64-windows/libmfreadwrite.a libs/mfuuid/x86_64-windows/libmfuuid.a \
  dlls/propsys/x86_64-windows/libpropsys.a dlls/ole32/x86_64-windows/libole32.a \
  libs/uuid/x86_64-windows/libuuid.a dlls/winecrt0/x86_64-windows/libwinecrt0.a \
  libs/compiler-rt/x86_64-windows/libcompiler-rt.a dlls/ucrtbase/x86_64-windows/libucrtbase.a \
  dlls/kernel32/x86_64-windows/libkernel32.a dlls/ntdll/x86_64-windows/libntdll.a --no-default-config -fms-hotpatch -Wl,-debug:dwarf
tools/winegcc/winegcc -o dlls/xactengine3_4/x86_64-windows/xactengine3_4.dll --wine-objdir . -b x86_64-windows -Wl,--wine-builtin -shared \
  /private/tmp/gptk4-wine11-source/dlls/xactengine3_4/xactengine3_4.spec \
  dlls/xactengine3_4/x86_64-windows/xact_dll.o dlls/xactengine3_4/x86_64-windows/xact_classes_r.res \
  libs/faudio/x86_64-windows/libfaudio.a dlls/mfplat/x86_64-windows/libmfplat.a \
  dlls/mfreadwrite/x86_64-windows/libmfreadwrite.a libs/mfuuid/x86_64-windows/libmfuuid.a \
  dlls/propsys/x86_64-windows/libpropsys.a dlls/ole32/x86_64-windows/libole32.a \
  libs/uuid/x86_64-windows/libuuid.a dlls/winecrt0/x86_64-windows/libwinecrt0.a \
  libs/compiler-rt/x86_64-windows/libcompiler-rt.a dlls/ucrtbase/x86_64-windows/libucrtbase.a \
  dlls/kernel32/x86_64-windows/libkernel32.a dlls/ntdll/x86_64-windows/libntdll.a --no-default-config -fms-hotpatch -Wl,-debug:dwarf
tools/winegcc/winegcc -o dlls/xactengine3_5/x86_64-windows/xactengine3_5.dll --wine-objdir . -b x86_64-windows -Wl,--wine-builtin -shared \
  /private/tmp/gptk4-wine11-source/dlls/xactengine3_5/xactengine3_5.spec \
  dlls/xactengine3_5/x86_64-windows/xact_dll.o dlls/xactengine3_5/x86_64-windows/xact_classes_r.res \
  libs/faudio/x86_64-windows/libfaudio.a dlls/mfplat/x86_64-windows/libmfplat.a \
  dlls/mfreadwrite/x86_64-windows/libmfreadwrite.a libs/mfuuid/x86_64-windows/libmfuuid.a \
  dlls/propsys/x86_64-windows/libpropsys.a dlls/ole32/x86_64-windows/libole32.a \
  libs/uuid/x86_64-windows/libuuid.a dlls/winecrt0/x86_64-windows/libwinecrt0.a \
  libs/compiler-rt/x86_64-windows/libcompiler-rt.a dlls/ucrtbase/x86_64-windows/libucrtbase.a \
  dlls/kernel32/x86_64-windows/libkernel32.a dlls/ntdll/x86_64-windows/libntdll.a --no-default-config -fms-hotpatch -Wl,-debug:dwarf
tools/winegcc/winegcc -o dlls/xactengine3_6/x86_64-windows/xactengine3_6.dll --wine-objdir . -b x86_64-windows -Wl,--wine-builtin -shared \
  /private/tmp/gptk4-wine11-source/dlls/xactengine3_6/xactengine3_6.spec \
  dlls/xactengine3_6/x86_64-windows/xact_dll.o dlls/xactengine3_6/x86_64-windows/xact_classes_r.res \
  libs/faudio/x86_64-windows/libfaudio.a dlls/mfplat/x86_64-windows/libmfplat.a \
  dlls/mfreadwrite/x86_64-windows/libmfreadwrite.a libs/mfuuid/x86_64-windows/libmfuuid.a \
  dlls/propsys/x86_64-windows/libpropsys.a dlls/ole32/x86_64-windows/libole32.a \
  libs/uuid/x86_64-windows/libuuid.a dlls/winecrt0/x86_64-windows/libwinecrt0.a \
  libs/compiler-rt/x86_64-windows/libcompiler-rt.a dlls/ucrtbase/x86_64-windows/libucrtbase.a \
  dlls/kernel32/x86_64-windows/libkernel32.a dlls/ntdll/x86_64-windows/libntdll.a --no-default-config -fms-hotpatch -Wl,-debug:dwarf
tools/winegcc/winegcc -o dlls/xactengine3_7/x86_64-windows/xactengine3_7.dll --wine-objdir . -b x86_64-windows -Wl,--wine-builtin -shared \
  /private/tmp/gptk4-wine11-source/dlls/xactengine3_7/xactengine3_7.spec \
  dlls/xactengine3_7/x86_64-windows/xact_dll.o dlls/xactengine3_7/x86_64-windows/xact_classes_r.res \
  libs/faudio/x86_64-windows/libfaudio.a dlls/mfplat/x86_64-windows/libmfplat.a \
  dlls/mfreadwrite/x86_64-windows/libmfreadwrite.a libs/mfuuid/x86_64-windows/libmfuuid.a \
  dlls/propsys/x86_64-windows/libpropsys.a dlls/ole32/x86_64-windows/libole32.a \
  libs/uuid/x86_64-windows/libuuid.a dlls/winecrt0/x86_64-windows/libwinecrt0.a \
  libs/compiler-rt/x86_64-windows/libcompiler-rt.a dlls/ucrtbase/x86_64-windows/libucrtbase.a \
  dlls/kernel32/x86_64-windows/libkernel32.a dlls/ntdll/x86_64-windows/libntdll.a --no-default-config -fms-hotpatch -Wl,-debug:dwarf
tools/winegcc/winegcc -o dlls/xapofx1_1/x86_64-windows/xapofx1_1.dll --wine-objdir . -b x86_64-windows -Wl,--wine-builtin -shared \
  /private/tmp/gptk4-wine11-source/dlls/xapofx1_1/xapofx1_1.spec \
  dlls/xapofx1_1/x86_64-windows/xapo.o dlls/xapofx1_1/x86_64-windows/xapofx.o \
  dlls/xapofx1_1/x86_64-windows/xaudio_allocator.o dlls/xapofx1_1/version.res \
  libs/faudio/x86_64-windows/libfaudio.a dlls/mfplat/x86_64-windows/libmfplat.a \
  dlls/mfreadwrite/x86_64-windows/libmfreadwrite.a libs/mfuuid/x86_64-windows/libmfuuid.a \
  dlls/propsys/x86_64-windows/libpropsys.a dlls/ole32/x86_64-windows/libole32.a \
  dlls/winecrt0/x86_64-windows/libwinecrt0.a libs/compiler-rt/x86_64-windows/libcompiler-rt.a \
  dlls/ucrtbase/x86_64-windows/libucrtbase.a dlls/kernel32/x86_64-windows/libkernel32.a \
  dlls/ntdll/x86_64-windows/libntdll.a --no-default-config -fms-hotpatch -Wl,-debug:dwarf
tools/winegcc/winegcc -o dlls/xapofx1_2/x86_64-windows/xapofx1_2.dll --wine-objdir . -b x86_64-windows -Wl,--wine-builtin -shared \
  /private/tmp/gptk4-wine11-source/dlls/xapofx1_2/xapofx1_2.spec \
  dlls/xapofx1_2/x86_64-windows/xapo.o dlls/xapofx1_2/x86_64-windows/xapofx.o \
  dlls/xapofx1_2/x86_64-windows/xaudio_allocator.o libs/faudio/x86_64-windows/libfaudio.a \
  dlls/mfplat/x86_64-windows/libmfplat.a dlls/mfreadwrite/x86_64-windows/libmfreadwrite.a \
  libs/mfuuid/x86_64-windows/libmfuuid.a dlls/propsys/x86_64-windows/libpropsys.a \
  dlls/ole32/x86_64-windows/libole32.a dlls/winecrt0/x86_64-windows/libwinecrt0.a \
  libs/compiler-rt/x86_64-windows/libcompiler-rt.a dlls/ucrtbase/x86_64-windows/libucrtbase.a \
  dlls/kernel32/x86_64-windows/libkernel32.a dlls/ntdll/x86_64-windows/libntdll.a --no-default-config -fms-hotpatch -Wl,-debug:dwarf
tools/winegcc/winegcc -o dlls/xapofx1_3/x86_64-windows/xapofx1_3.dll --wine-objdir . -b x86_64-windows -Wl,--wine-builtin -shared \
  /private/tmp/gptk4-wine11-source/dlls/xapofx1_3/xapofx1_3.spec \
  dlls/xapofx1_3/x86_64-windows/xapo.o dlls/xapofx1_3/x86_64-windows/xapofx.o \
  dlls/xapofx1_3/x86_64-windows/xaudio_allocator.o dlls/xapofx1_3/version.res \
  libs/faudio/x86_64-windows/libfaudio.a dlls/mfplat/x86_64-windows/libmfplat.a \
  dlls/mfreadwrite/x86_64-windows/libmfreadwrite.a libs/mfuuid/x86_64-windows/libmfuuid.a \
  dlls/propsys/x86_64-windows/libpropsys.a dlls/ole32/x86_64-windows/libole32.a \
  dlls/winecrt0/x86_64-windows/libwinecrt0.a libs/compiler-rt/x86_64-windows/libcompiler-rt.a \
  dlls/ucrtbase/x86_64-windows/libucrtbase.a dlls/kernel32/x86_64-windows/libkernel32.a \
  dlls/ntdll/x86_64-windows/libntdll.a --no-default-config -fms-hotpatch -Wl,-debug:dwarf
tools/winegcc/winegcc -o dlls/xapofx1_4/x86_64-windows/xapofx1_4.dll --wine-objdir . -b x86_64-windows -Wl,--wine-builtin -shared \
  /private/tmp/gptk4-wine11-source/dlls/xapofx1_4/xapofx1_4.spec \
  dlls/xapofx1_4/x86_64-windows/xapo.o dlls/xapofx1_4/x86_64-windows/xapofx.o \
  dlls/xapofx1_4/x86_64-windows/xaudio_allocator.o libs/faudio/x86_64-windows/libfaudio.a \
  dlls/mfplat/x86_64-windows/libmfplat.a dlls/mfreadwrite/x86_64-windows/libmfreadwrite.a \
  libs/mfuuid/x86_64-windows/libmfuuid.a dlls/propsys/x86_64-windows/libpropsys.a \
  dlls/ole32/x86_64-windows/libole32.a dlls/winecrt0/x86_64-windows/libwinecrt0.a \
  libs/compiler-rt/x86_64-windows/libcompiler-rt.a dlls/ucrtbase/x86_64-windows/libucrtbase.a \
  dlls/kernel32/x86_64-windows/libkernel32.a dlls/ntdll/x86_64-windows/libntdll.a --no-default-config -fms-hotpatch -Wl,-debug:dwarf
tools/winegcc/winegcc -o dlls/xapofx1_5/x86_64-windows/xapofx1_5.dll --wine-objdir . -b x86_64-windows -Wl,--wine-builtin -shared \
  /private/tmp/gptk4-wine11-source/dlls/xapofx1_5/xapofx1_5.spec \
  dlls/xapofx1_5/x86_64-windows/xapo.o dlls/xapofx1_5/x86_64-windows/xapofx.o \
  dlls/xapofx1_5/x86_64-windows/xaudio_allocator.o libs/faudio/x86_64-windows/libfaudio.a \
  dlls/mfplat/x86_64-windows/libmfplat.a dlls/mfreadwrite/x86_64-windows/libmfreadwrite.a \
  libs/mfuuid/x86_64-windows/libmfuuid.a dlls/propsys/x86_64-windows/libpropsys.a \
  dlls/ole32/x86_64-windows/libole32.a dlls/winecrt0/x86_64-windows/libwinecrt0.a \
  libs/compiler-rt/x86_64-windows/libcompiler-rt.a dlls/ucrtbase/x86_64-windows/libucrtbase.a \
  dlls/kernel32/x86_64-windows/libkernel32.a dlls/ntdll/x86_64-windows/libntdll.a --no-default-config -fms-hotpatch -Wl,-debug:dwarf
tools/winegcc/winegcc -o dlls/xaudio2_0/x86_64-windows/xaudio2_0.dll --wine-objdir . -b x86_64-windows -Wl,--wine-builtin -shared \
  /private/tmp/gptk4-wine11-source/dlls/xaudio2_0/xaudio2_0.spec \
  dlls/xaudio2_0/x86_64-windows/xapo.o dlls/xaudio2_0/x86_64-windows/xaudio_allocator.o \
  dlls/xaudio2_0/x86_64-windows/xaudio_dll.o dlls/xaudio2_0/x86_64-windows/xaudio_register_r.res \
  libs/faudio/x86_64-windows/libfaudio.a dlls/mfplat/x86_64-windows/libmfplat.a \
  dlls/mfreadwrite/x86_64-windows/libmfreadwrite.a libs/mfuuid/x86_64-windows/libmfuuid.a \
  dlls/propsys/x86_64-windows/libpropsys.a dlls/advapi32/x86_64-windows/libadvapi32.a \
  dlls/ole32/x86_64-windows/libole32.a dlls/user32/x86_64-windows/libuser32.a \
  libs/uuid/x86_64-windows/libuuid.a dlls/winecrt0/x86_64-windows/libwinecrt0.a \
  libs/compiler-rt/x86_64-windows/libcompiler-rt.a dlls/ucrtbase/x86_64-windows/libucrtbase.a \
  dlls/kernel32/x86_64-windows/libkernel32.a dlls/ntdll/x86_64-windows/libntdll.a --no-default-config -fms-hotpatch -Wl,-debug:dwarf
tools/winegcc/winegcc -o dlls/xaudio2_1/x86_64-windows/xaudio2_1.dll --wine-objdir . -b x86_64-windows -Wl,--wine-builtin -shared \
  /private/tmp/gptk4-wine11-source/dlls/xaudio2_1/xaudio2_1.spec \
  dlls/xaudio2_1/x86_64-windows/xapo.o dlls/xaudio2_1/x86_64-windows/xaudio_allocator.o \
  dlls/xaudio2_1/x86_64-windows/xaudio_dll.o dlls/xaudio2_1/x86_64-windows/xaudio_register_r.res \
  libs/faudio/x86_64-windows/libfaudio.a dlls/mfplat/x86_64-windows/libmfplat.a \
  dlls/mfreadwrite/x86_64-windows/libmfreadwrite.a libs/mfuuid/x86_64-windows/libmfuuid.a \
  dlls/propsys/x86_64-windows/libpropsys.a dlls/advapi32/x86_64-windows/libadvapi32.a \
  dlls/ole32/x86_64-windows/libole32.a dlls/user32/x86_64-windows/libuser32.a \
  libs/uuid/x86_64-windows/libuuid.a dlls/winecrt0/x86_64-windows/libwinecrt0.a \
  libs/compiler-rt/x86_64-windows/libcompiler-rt.a dlls/ucrtbase/x86_64-windows/libucrtbase.a \
  dlls/kernel32/x86_64-windows/libkernel32.a dlls/ntdll/x86_64-windows/libntdll.a --no-default-config -fms-hotpatch -Wl,-debug:dwarf
tools/winegcc/winegcc -o dlls/xaudio2_2/x86_64-windows/xaudio2_2.dll --wine-objdir . -b x86_64-windows -Wl,--wine-builtin -shared \
  /private/tmp/gptk4-wine11-source/dlls/xaudio2_2/xaudio2_2.spec \
  dlls/xaudio2_2/x86_64-windows/xapo.o dlls/xaudio2_2/x86_64-windows/xaudio_allocator.o \
  dlls/xaudio2_2/x86_64-windows/xaudio_dll.o dlls/xaudio2_2/x86_64-windows/xaudio_register_r.res \
  libs/faudio/x86_64-windows/libfaudio.a dlls/mfplat/x86_64-windows/libmfplat.a \
  dlls/mfreadwrite/x86_64-windows/libmfreadwrite.a libs/mfuuid/x86_64-windows/libmfuuid.a \
  dlls/propsys/x86_64-windows/libpropsys.a dlls/advapi32/x86_64-windows/libadvapi32.a \
  dlls/ole32/x86_64-windows/libole32.a dlls/user32/x86_64-windows/libuser32.a \
  libs/uuid/x86_64-windows/libuuid.a dlls/winecrt0/x86_64-windows/libwinecrt0.a \
  libs/compiler-rt/x86_64-windows/libcompiler-rt.a dlls/ucrtbase/x86_64-windows/libucrtbase.a \
  dlls/kernel32/x86_64-windows/libkernel32.a dlls/ntdll/x86_64-windows/libntdll.a --no-default-config -fms-hotpatch -Wl,-debug:dwarf
tools/winegcc/winegcc -o dlls/xaudio2_3/x86_64-windows/xaudio2_3.dll --wine-objdir . -b x86_64-windows -Wl,--wine-builtin -shared \
  /private/tmp/gptk4-wine11-source/dlls/xaudio2_3/xaudio2_3.spec \
  dlls/xaudio2_3/x86_64-windows/xapo.o dlls/xaudio2_3/x86_64-windows/xaudio_allocator.o \
  dlls/xaudio2_3/x86_64-windows/xaudio_dll.o dlls/xaudio2_3/x86_64-windows/xaudio_register_r.res \
  libs/faudio/x86_64-windows/libfaudio.a dlls/mfplat/x86_64-windows/libmfplat.a \
  dlls/mfreadwrite/x86_64-windows/libmfreadwrite.a libs/mfuuid/x86_64-windows/libmfuuid.a \
  dlls/propsys/x86_64-windows/libpropsys.a dlls/advapi32/x86_64-windows/libadvapi32.a \
  dlls/ole32/x86_64-windows/libole32.a dlls/user32/x86_64-windows/libuser32.a \
  libs/uuid/x86_64-windows/libuuid.a dlls/winecrt0/x86_64-windows/libwinecrt0.a \
  libs/compiler-rt/x86_64-windows/libcompiler-rt.a dlls/ucrtbase/x86_64-windows/libucrtbase.a \
  dlls/kernel32/x86_64-windows/libkernel32.a dlls/ntdll/x86_64-windows/libntdll.a --no-default-config -fms-hotpatch -Wl,-debug:dwarf
tools/winegcc/winegcc -o dlls/xaudio2_4/x86_64-windows/xaudio2_4.dll --wine-objdir . -b x86_64-windows -Wl,--wine-builtin -shared \
  /private/tmp/gptk4-wine11-source/dlls/xaudio2_4/xaudio2_4.spec \
  dlls/xaudio2_4/x86_64-windows/xapo.o dlls/xaudio2_4/x86_64-windows/xaudio_allocator.o \
  dlls/xaudio2_4/x86_64-windows/xaudio_dll.o dlls/xaudio2_4/x86_64-windows/xaudio_register_r.res \
  libs/faudio/x86_64-windows/libfaudio.a dlls/mfplat/x86_64-windows/libmfplat.a \
  dlls/mfreadwrite/x86_64-windows/libmfreadwrite.a libs/mfuuid/x86_64-windows/libmfuuid.a \
  dlls/propsys/x86_64-windows/libpropsys.a dlls/advapi32/x86_64-windows/libadvapi32.a \
  dlls/ole32/x86_64-windows/libole32.a dlls/user32/x86_64-windows/libuser32.a \
  libs/uuid/x86_64-windows/libuuid.a dlls/winecrt0/x86_64-windows/libwinecrt0.a \
  libs/compiler-rt/x86_64-windows/libcompiler-rt.a dlls/ucrtbase/x86_64-windows/libucrtbase.a \
  dlls/kernel32/x86_64-windows/libkernel32.a dlls/ntdll/x86_64-windows/libntdll.a --no-default-config -fms-hotpatch -Wl,-debug:dwarf
tools/winegcc/winegcc -o dlls/xaudio2_5/x86_64-windows/xaudio2_5.dll --wine-objdir . -b x86_64-windows -Wl,--wine-builtin -shared \
  /private/tmp/gptk4-wine11-source/dlls/xaudio2_5/xaudio2_5.spec \
  dlls/xaudio2_5/x86_64-windows/xapo.o dlls/xaudio2_5/x86_64-windows/xaudio_allocator.o \
  dlls/xaudio2_5/x86_64-windows/xaudio_dll.o dlls/xaudio2_5/x86_64-windows/xaudio_register_r.res \
  libs/faudio/x86_64-windows/libfaudio.a dlls/mfplat/x86_64-windows/libmfplat.a \
  dlls/mfreadwrite/x86_64-windows/libmfreadwrite.a libs/mfuuid/x86_64-windows/libmfuuid.a \
  dlls/propsys/x86_64-windows/libpropsys.a dlls/advapi32/x86_64-windows/libadvapi32.a \
  dlls/ole32/x86_64-windows/libole32.a dlls/user32/x86_64-windows/libuser32.a \
  libs/uuid/x86_64-windows/libuuid.a dlls/winecrt0/x86_64-windows/libwinecrt0.a \
  libs/compiler-rt/x86_64-windows/libcompiler-rt.a dlls/ucrtbase/x86_64-windows/libucrtbase.a \
  dlls/kernel32/x86_64-windows/libkernel32.a dlls/ntdll/x86_64-windows/libntdll.a --no-default-config -fms-hotpatch -Wl,-debug:dwarf
tools/winegcc/winegcc -o dlls/xaudio2_6/x86_64-windows/xaudio2_6.dll --wine-objdir . -b x86_64-windows -Wl,--wine-builtin -shared \
  /private/tmp/gptk4-wine11-source/dlls/xaudio2_6/xaudio2_6.spec \
  dlls/xaudio2_6/x86_64-windows/xapo.o dlls/xaudio2_6/x86_64-windows/xaudio_allocator.o \
  dlls/xaudio2_6/x86_64-windows/xaudio_dll.o dlls/xaudio2_6/x86_64-windows/xaudio_register_r.res \
  libs/faudio/x86_64-windows/libfaudio.a dlls/mfplat/x86_64-windows/libmfplat.a \
  dlls/mfreadwrite/x86_64-windows/libmfreadwrite.a libs/mfuuid/x86_64-windows/libmfuuid.a \
  dlls/propsys/x86_64-windows/libpropsys.a dlls/advapi32/x86_64-windows/libadvapi32.a \
  dlls/ole32/x86_64-windows/libole32.a dlls/user32/x86_64-windows/libuser32.a \
  libs/uuid/x86_64-windows/libuuid.a dlls/winecrt0/x86_64-windows/libwinecrt0.a \
  libs/compiler-rt/x86_64-windows/libcompiler-rt.a dlls/ucrtbase/x86_64-windows/libucrtbase.a \
  dlls/kernel32/x86_64-windows/libkernel32.a dlls/ntdll/x86_64-windows/libntdll.a --no-default-config -fms-hotpatch -Wl,-debug:dwarf
tools/winegcc/winegcc -o dlls/xaudio2_7/x86_64-windows/xaudio2_7.dll --wine-objdir . -b x86_64-windows -Wl,--wine-builtin -shared \
  /private/tmp/gptk4-wine11-source/dlls/xaudio2_7/xaudio2_7.spec \
  dlls/xaudio2_7/x86_64-windows/x3daudio.o dlls/xaudio2_7/x86_64-windows/xapo.o \
  dlls/xaudio2_7/x86_64-windows/xapofx.o dlls/xaudio2_7/x86_64-windows/xaudio_allocator.o \
  dlls/xaudio2_7/x86_64-windows/xaudio_dll.o dlls/xaudio2_7/x86_64-windows/xaudio_register_r.res \
  libs/faudio/x86_64-windows/libfaudio.a dlls/mfplat/x86_64-windows/libmfplat.a \
  dlls/mfreadwrite/x86_64-windows/libmfreadwrite.a libs/mfuuid/x86_64-windows/libmfuuid.a \
  dlls/propsys/x86_64-windows/libpropsys.a dlls/advapi32/x86_64-windows/libadvapi32.a \
  dlls/ole32/x86_64-windows/libole32.a dlls/user32/x86_64-windows/libuser32.a \
  libs/uuid/x86_64-windows/libuuid.a dlls/winecrt0/x86_64-windows/libwinecrt0.a \
  libs/compiler-rt/x86_64-windows/libcompiler-rt.a dlls/ucrtbase/x86_64-windows/libucrtbase.a \
  dlls/kernel32/x86_64-windows/libkernel32.a dlls/ntdll/x86_64-windows/libntdll.a --no-default-config -fms-hotpatch -Wl,-debug:dwarf
tools/winegcc/winegcc -o dlls/xaudio2_8/x86_64-windows/xaudio2_8.dll --wine-objdir . -b x86_64-windows -Wl,--wine-builtin -shared \
  /private/tmp/gptk4-wine11-source/dlls/xaudio2_8/xaudio2_8.spec \
  dlls/xaudio2_8/x86_64-windows/x3daudio.o dlls/xaudio2_8/x86_64-windows/xapo.o \
  dlls/xaudio2_8/x86_64-windows/xapofx.o dlls/xaudio2_8/x86_64-windows/xaudio_allocator.o \
  dlls/xaudio2_8/x86_64-windows/xaudio_dll.o libs/faudio/x86_64-windows/libfaudio.a \
  dlls/mfplat/x86_64-windows/libmfplat.a dlls/mfreadwrite/x86_64-windows/libmfreadwrite.a \
  libs/mfuuid/x86_64-windows/libmfuuid.a dlls/propsys/x86_64-windows/libpropsys.a \
  dlls/advapi32/x86_64-windows/libadvapi32.a dlls/ole32/x86_64-windows/libole32.a \
  dlls/user32/x86_64-windows/libuser32.a libs/uuid/x86_64-windows/libuuid.a \
  dlls/winecrt0/x86_64-windows/libwinecrt0.a libs/compiler-rt/x86_64-windows/libcompiler-rt.a \
  dlls/ucrtbase/x86_64-windows/libucrtbase.a dlls/kernel32/x86_64-windows/libkernel32.a \
  dlls/ntdll/x86_64-windows/libntdll.a --no-default-config -fms-hotpatch -Wl,-debug:dwarf
tools/winegcc/winegcc -o dlls/xaudio2_9/x86_64-windows/xaudio2_9.dll --wine-objdir . -b x86_64-windows -Wl,--wine-builtin -shared \
  /private/tmp/gptk4-wine11-source/dlls/xaudio2_9/xaudio2_9.spec \
  dlls/xaudio2_9/x86_64-windows/x3daudio.o dlls/xaudio2_9/x86_64-windows/xapo.o \
  dlls/xaudio2_9/x86_64-windows/xapofx.o dlls/xaudio2_9/x86_64-windows/xaudio_allocator.o \
  dlls/xaudio2_9/x86_64-windows/xaudio_dll.o dlls/xaudio2_9/version.res \
  libs/faudio/x86_64-windows/libfaudio.a dlls/mfplat/x86_64-windows/libmfplat.a \
  dlls/mfreadwrite/x86_64-windows/libmfreadwrite.a libs/mfuuid/x86_64-windows/libmfuuid.a \
  dlls/propsys/x86_64-windows/libpropsys.a dlls/advapi32/x86_64-windows/libadvapi32.a \
  dlls/ole32/x86_64-windows/libole32.a dlls/user32/x86_64-windows/libuser32.a \
  libs/uuid/x86_64-windows/libuuid.a dlls/winecrt0/x86_64-windows/libwinecrt0.a \
  libs/compiler-rt/x86_64-windows/libcompiler-rt.a dlls/ucrtbase/x86_64-windows/libucrtbase.a \
  dlls/kernel32/x86_64-windows/libkernel32.a dlls/ntdll/x86_64-windows/libntdll.a --no-default-config -fms-hotpatch -Wl,-debug:dwarf
tools/winegcc/winegcc -o dlls/xinput1_1/x86_64-windows/xinput1_1.dll --wine-objdir . -b x86_64-windows -Wl,--wine-builtin -shared \
  /private/tmp/gptk4-wine11-source/dlls/xinput1_1/xinput1_1.spec \
  dlls/xinput1_1/x86_64-windows/main.o dlls/xinput1_1/version.res dlls/hid/x86_64-windows/libhid.a \
  dlls/setupapi/x86_64-windows/libsetupapi.a dlls/advapi32/x86_64-windows/libadvapi32.a \
  dlls/user32/x86_64-windows/libuser32.a dlls/winecrt0/x86_64-windows/libwinecrt0.a \
  libs/compiler-rt/x86_64-windows/libcompiler-rt.a dlls/ucrtbase/x86_64-windows/libucrtbase.a \
  dlls/kernel32/x86_64-windows/libkernel32.a dlls/ntdll/x86_64-windows/libntdll.a --no-default-config -fms-hotpatch -Wl,-debug:dwarf
tools/winegcc/winegcc -o dlls/xinput1_2/x86_64-windows/xinput1_2.dll --wine-objdir . -b x86_64-windows -Wl,--wine-builtin -shared \
  /private/tmp/gptk4-wine11-source/dlls/xinput1_2/xinput1_2.spec \
  dlls/xinput1_2/x86_64-windows/main.o dlls/xinput1_2/version.res dlls/hid/x86_64-windows/libhid.a \
  dlls/setupapi/x86_64-windows/libsetupapi.a dlls/advapi32/x86_64-windows/libadvapi32.a \
  dlls/user32/x86_64-windows/libuser32.a dlls/winecrt0/x86_64-windows/libwinecrt0.a \
  libs/compiler-rt/x86_64-windows/libcompiler-rt.a dlls/ucrtbase/x86_64-windows/libucrtbase.a \
  dlls/kernel32/x86_64-windows/libkernel32.a dlls/ntdll/x86_64-windows/libntdll.a --no-default-config -fms-hotpatch -Wl,-debug:dwarf
tools/winegcc/winegcc -o dlls/xinput1_3/x86_64-windows/xinput1_3.dll --wine-objdir . -b x86_64-windows -Wl,--wine-builtin -shared \
  /private/tmp/gptk4-wine11-source/dlls/xinput1_3/xinput1_3.spec \
  dlls/xinput1_3/x86_64-windows/main.o dlls/xinput1_3/version.res dlls/hid/x86_64-windows/libhid.a \
  dlls/setupapi/x86_64-windows/libsetupapi.a dlls/advapi32/x86_64-windows/libadvapi32.a \
  dlls/user32/x86_64-windows/libuser32.a dlls/winecrt0/x86_64-windows/libwinecrt0.a \
  libs/compiler-rt/x86_64-windows/libcompiler-rt.a dlls/ucrtbase/x86_64-windows/libucrtbase.a \
  dlls/kernel32/x86_64-windows/libkernel32.a dlls/ntdll/x86_64-windows/libntdll.a --no-default-config -fms-hotpatch -Wl,-debug:dwarf
tools/winegcc/winegcc -o dlls/xinput1_4/x86_64-windows/xinput1_4.dll --wine-objdir . -b x86_64-windows -Wl,--wine-builtin -shared \
  /private/tmp/gptk4-wine11-source/dlls/xinput1_4/xinput1_4.spec \
  dlls/xinput1_4/x86_64-windows/main.o dlls/xinput1_4/version.res dlls/hid/x86_64-windows/libhid.a \
  dlls/setupapi/x86_64-windows/libsetupapi.a dlls/advapi32/x86_64-windows/libadvapi32.a \
  dlls/user32/x86_64-windows/libuser32.a dlls/winecrt0/x86_64-windows/libwinecrt0.a \
  libs/compiler-rt/x86_64-windows/libcompiler-rt.a dlls/ucrtbase/x86_64-windows/libucrtbase.a \
  dlls/kernel32/x86_64-windows/libkernel32.a dlls/ntdll/x86_64-windows/libntdll.a --no-default-config -fms-hotpatch -Wl,-debug:dwarf
tools/winegcc/winegcc -o dlls/xinput9_1_0/x86_64-windows/xinput9_1_0.dll --wine-objdir . -b x86_64-windows -Wl,--wine-builtin -shared \
  /private/tmp/gptk4-wine11-source/dlls/xinput9_1_0/xinput9_1_0.spec \
  dlls/xinput9_1_0/x86_64-windows/main.o dlls/xinput9_1_0/version.res \
  dlls/winecrt0/x86_64-windows/libwinecrt0.a libs/compiler-rt/x86_64-windows/libcompiler-rt.a \
  dlls/ucrtbase/x86_64-windows/libucrtbase.a dlls/kernel32/x86_64-windows/libkernel32.a \
  dlls/ntdll/x86_64-windows/libntdll.a --no-default-config -fms-hotpatch -Wl,-debug:dwarf
tools/winegcc/winegcc -o dlls/xinputuap/x86_64-windows/xinputuap.dll --wine-objdir . -b x86_64-windows -Wl,--wine-builtin -shared \
  /private/tmp/gptk4-wine11-source/dlls/xinputuap/xinputuap.spec \
  dlls/xinputuap/x86_64-windows/main.o dlls/xinputuap/version.res dlls/hid/x86_64-windows/libhid.a \
  dlls/setupapi/x86_64-windows/libsetupapi.a dlls/advapi32/x86_64-windows/libadvapi32.a \
  dlls/user32/x86_64-windows/libuser32.a dlls/winecrt0/x86_64-windows/libwinecrt0.a \
  libs/compiler-rt/x86_64-windows/libcompiler-rt.a dlls/ucrtbase/x86_64-windows/libucrtbase.a \
  dlls/kernel32/x86_64-windows/libkernel32.a dlls/ntdll/x86_64-windows/libntdll.a --no-default-config -fms-hotpatch -Wl,-debug:dwarf
tools/winegcc/winegcc -o dlls/xmllite/x86_64-windows/xmllite.dll --wine-objdir . -b x86_64-windows -Wl,--wine-builtin -shared \
  /private/tmp/gptk4-wine11-source/dlls/xmllite/xmllite.spec dlls/xmllite/x86_64-windows/reader.o \
  dlls/xmllite/x86_64-windows/writer.o dlls/winecrt0/x86_64-windows/libwinecrt0.a \
  libs/compiler-rt/x86_64-windows/libcompiler-rt.a dlls/ucrtbase/x86_64-windows/libucrtbase.a \
  dlls/kernel32/x86_64-windows/libkernel32.a dlls/ntdll/x86_64-windows/libntdll.a --no-default-config -fms-hotpatch -Wl,-debug:dwarf
tools/winegcc/winegcc -o dlls/xolehlp/x86_64-windows/xolehlp.dll --wine-objdir . -b x86_64-windows -Wl,--wine-builtin -shared \
  /private/tmp/gptk4-wine11-source/dlls/xolehlp/xolehlp.spec -Wb,--prefer-native \
  dlls/xolehlp/x86_64-windows/xolehlp.o libs/uuid/x86_64-windows/libuuid.a \
  dlls/winecrt0/x86_64-windows/libwinecrt0.a libs/compiler-rt/x86_64-windows/libcompiler-rt.a \
  dlls/ucrtbase/x86_64-windows/libucrtbase.a dlls/kernel32/x86_64-windows/libkernel32.a \
  dlls/ntdll/x86_64-windows/libntdll.a --no-default-config -fms-hotpatch -Wl,-debug:dwarf
tools/winegcc/winegcc -o dlls/xpsprint/x86_64-windows/xpsprint.dll --wine-objdir . -b x86_64-windows -Wl,--wine-builtin -shared \
  /private/tmp/gptk4-wine11-source/dlls/xpsprint/xpsprint.spec -Wb,--prefer-native \
  dlls/xpsprint/xpsprint.res dlls/winecrt0/x86_64-windows/libwinecrt0.a \
  libs/compiler-rt/x86_64-windows/libcompiler-rt.a dlls/ucrtbase/x86_64-windows/libucrtbase.a \
  dlls/kernel32/x86_64-windows/libkernel32.a dlls/ntdll/x86_64-windows/libntdll.a --no-default-config -fms-hotpatch -Wl,-debug:dwarf
tools/winegcc/winegcc -o dlls/xpssvcs/x86_64-windows/xpssvcs.dll --wine-objdir . -b x86_64-windows -Wl,--wine-builtin -shared \
  /private/tmp/gptk4-wine11-source/dlls/xpssvcs/xpssvcs.spec -Wb,--prefer-native \
  dlls/winecrt0/x86_64-windows/libwinecrt0.a libs/compiler-rt/x86_64-windows/libcompiler-rt.a \
  dlls/ucrtbase/x86_64-windows/libucrtbase.a dlls/kernel32/x86_64-windows/libkernel32.a \
  dlls/ntdll/x86_64-windows/libntdll.a --no-default-config -fms-hotpatch -Wl,-debug:dwarf
tools/winegcc/winegcc -o programs/arp/x86_64-windows/arp.exe --wine-objdir . -b x86_64-windows -Wl,--wine-builtin -mconsole \
  -municode programs/arp/x86_64-windows/main.o dlls/winecrt0/x86_64-windows/libwinecrt0.a \
  libs/compiler-rt/x86_64-windows/libcompiler-rt.a dlls/ucrtbase/x86_64-windows/libucrtbase.a \
  dlls/kernel32/x86_64-windows/libkernel32.a dlls/ntdll/x86_64-windows/libntdll.a --no-default-config -fms-hotpatch -Wl,-debug:dwarf
tools/winegcc/winegcc -o programs/aspnet_regiis/x86_64-windows/aspnet_regiis.exe --wine-objdir . -b x86_64-windows -Wl,--wine-builtin -mconsole \
  -municode programs/aspnet_regiis/x86_64-windows/main.o dlls/winecrt0/x86_64-windows/libwinecrt0.a \
  libs/compiler-rt/x86_64-windows/libcompiler-rt.a dlls/ucrtbase/x86_64-windows/libucrtbase.a \
  dlls/kernel32/x86_64-windows/libkernel32.a dlls/ntdll/x86_64-windows/libntdll.a --no-default-config -fms-hotpatch -Wl,-debug:dwarf
tools/winegcc/winegcc -o programs/attrib/x86_64-windows/attrib.exe --wine-objdir . -b x86_64-windows -Wl,--wine-builtin -mconsole \
  -municode programs/attrib/x86_64-windows/attrib.o programs/attrib/attrib.res \
  dlls/user32/x86_64-windows/libuser32.a dlls/winecrt0/x86_64-windows/libwinecrt0.a \
  libs/compiler-rt/x86_64-windows/libcompiler-rt.a dlls/ucrtbase/x86_64-windows/libucrtbase.a \
  dlls/kernel32/x86_64-windows/libkernel32.a dlls/ntdll/x86_64-windows/libntdll.a --no-default-config -fms-hotpatch -Wl,-debug:dwarf
tools/winegcc/winegcc -o programs/cabarc/x86_64-windows/cabarc.exe --wine-objdir . -b x86_64-windows -Wl,--wine-builtin -mconsole \
  -municode programs/cabarc/x86_64-windows/cabarc.o dlls/cabinet/x86_64-windows/libcabinet.a \
  dlls/winecrt0/x86_64-windows/libwinecrt0.a libs/compiler-rt/x86_64-windows/libcompiler-rt.a \
  dlls/ucrtbase/x86_64-windows/libucrtbase.a dlls/kernel32/x86_64-windows/libkernel32.a \
  dlls/ntdll/x86_64-windows/libntdll.a --no-default-config -fms-hotpatch -Wl,-debug:dwarf
tools/winegcc/winegcc -o programs/cacls/x86_64-windows/cacls.exe --wine-objdir . -b x86_64-windows -Wl,--wine-builtin -mconsole \
  programs/cacls/x86_64-windows/cacls_main.o dlls/winecrt0/x86_64-windows/libwinecrt0.a \
  libs/compiler-rt/x86_64-windows/libcompiler-rt.a dlls/ucrtbase/x86_64-windows/libucrtbase.a \
  dlls/kernel32/x86_64-windows/libkernel32.a dlls/ntdll/x86_64-windows/libntdll.a --no-default-config -fms-hotpatch -Wl,-debug:dwarf
tools/winegcc/winegcc -o programs/certutil/x86_64-windows/certutil.exe --wine-objdir . -b x86_64-windows -Wl,--wine-builtin -mconsole \
  -municode programs/certutil/x86_64-windows/main.o dlls/crypt32/x86_64-windows/libcrypt32.a \
  dlls/winecrt0/x86_64-windows/libwinecrt0.a libs/compiler-rt/x86_64-windows/libcompiler-rt.a \
  dlls/ucrtbase/x86_64-windows/libucrtbase.a dlls/kernel32/x86_64-windows/libkernel32.a \
  dlls/ntdll/x86_64-windows/libntdll.a --no-default-config -fms-hotpatch -Wl,-debug:dwarf
tools/winegcc/winegcc -o programs/chcp.com/x86_64-windows/chcp.com --wine-objdir . -b x86_64-windows -Wl,--wine-builtin -mconsole \
  -municode programs/chcp.com/x86_64-windows/main.o programs/chcp.com/chcp.res \
  dlls/kernelbase/x86_64-windows/libkernelbase.a dlls/winecrt0/x86_64-windows/libwinecrt0.a \
  libs/compiler-rt/x86_64-windows/libcompiler-rt.a dlls/ucrtbase/x86_64-windows/libucrtbase.a \
  dlls/kernel32/x86_64-windows/libkernel32.a dlls/ntdll/x86_64-windows/libntdll.a --no-default-config -fms-hotpatch -Wl,-debug:dwarf
tools/winegcc/winegcc -o programs/clock/x86_64-windows/clock.exe --wine-objdir . -b x86_64-windows -Wl,--wine-builtin -mwindows \
  programs/clock/x86_64-windows/main.o programs/clock/x86_64-windows/winclock.o \
  programs/clock/clock.res dlls/comdlg32/x86_64-windows/libcomdlg32.a \
  dlls/shell32/x86_64-windows/libshell32.a dlls/user32/x86_64-windows/libuser32.a \
  dlls/gdi32/x86_64-windows/libgdi32.a dlls/comctl32/x86_64-windows/libcomctl32.a \
  dlls/winecrt0/x86_64-windows/libwinecrt0.a libs/compiler-rt/x86_64-windows/libcompiler-rt.a \
  dlls/ucrtbase/x86_64-windows/libucrtbase.a dlls/kernel32/x86_64-windows/libkernel32.a \
  dlls/ntdll/x86_64-windows/libntdll.a --no-default-config -fms-hotpatch -Wl,-debug:dwarf
tools/winegcc/winegcc -o programs/cmd/x86_64-windows/cmd.exe --wine-objdir . -b x86_64-windows -Wl,--wine-builtin -mconsole \
  -municode programs/cmd/x86_64-windows/batch.o programs/cmd/x86_64-windows/builtins.o \
  programs/cmd/x86_64-windows/directory.o programs/cmd/x86_64-windows/wcmdmain.o \
  programs/cmd/cmd.res dlls/shell32/x86_64-windows/libshell32.a \
  dlls/user32/x86_64-windows/libuser32.a dlls/advapi32/x86_64-windows/libadvapi32.a \
  dlls/kernelbase/x86_64-windows/libkernelbase.a dlls/winecrt0/x86_64-windows/libwinecrt0.a \
  libs/compiler-rt/x86_64-windows/libcompiler-rt.a dlls/ucrtbase/x86_64-windows/libucrtbase.a \
  dlls/kernel32/x86_64-windows/libkernel32.a dlls/ntdll/x86_64-windows/libntdll.a --no-default-config -fms-hotpatch -Wl,-debug:dwarf
tools/winegcc/winegcc -o programs/conhost/x86_64-windows/conhost.exe --wine-objdir . -b x86_64-windows -Wl,--wine-builtin -mwindows \
  -municode programs/conhost/x86_64-windows/conhost.o programs/conhost/x86_64-windows/window.o \
  programs/conhost/conhost.res dlls/user32/x86_64-windows/libuser32.a \
  dlls/gdi32/x86_64-windows/libgdi32.a dlls/advapi32/x86_64-windows/libadvapi32.a \
  dlls/comctl32/x86_64-windows/libcomctl32.a dlls/winecrt0/x86_64-windows/libwinecrt0.a \
  libs/compiler-rt/x86_64-windows/libcompiler-rt.a dlls/ucrtbase/x86_64-windows/libucrtbase.a \
  dlls/kernel32/x86_64-windows/libkernel32.a dlls/ntdll/x86_64-windows/libntdll.a \
  -Wl,-delayload,comctl32.dll --no-default-config -fms-hotpatch -Wl,-debug:dwarf
tools/winegcc/winegcc -o programs/control/x86_64-windows/control.exe --wine-objdir . -b x86_64-windows -Wl,--wine-builtin -mwindows \
  -municode programs/control/x86_64-windows/control.o programs/control/control.res \
  dlls/shell32/x86_64-windows/libshell32.a dlls/user32/x86_64-windows/libuser32.a \
  dlls/comctl32/x86_64-windows/libcomctl32.a dlls/winecrt0/x86_64-windows/libwinecrt0.a \
  libs/compiler-rt/x86_64-windows/libcompiler-rt.a dlls/ucrtbase/x86_64-windows/libucrtbase.a \
  dlls/kernel32/x86_64-windows/libkernel32.a dlls/ntdll/x86_64-windows/libntdll.a --no-default-config -fms-hotpatch -Wl,-debug:dwarf
tools/widl/widl -o programs/cscript/x86_64-windows/ihost_l.res -b x86_64-windows --nostdinc -Ldlls/\* -Iprograms/cscript \
  -I/private/tmp/gptk4-wine11-source/programs/cscript \
  -I/private/tmp/gptk4-wine11-source/programs/wscript -Iinclude \
  -I/private/tmp/gptk4-wine11-source/include -I/private/tmp/gptk4-wine11-source/include/msvcrt \
  -D_UCRT -D__WINESRC__ -DCSCRIPT_BUILD /private/tmp/gptk4-wine11-source/programs/wscript/ihost.idl
tools/winegcc/winegcc -o programs/dism/x86_64-windows/dism.exe --wine-objdir . -b x86_64-windows -Wl,--wine-builtin -mconsole \
  -municode programs/dism/x86_64-windows/dism.o programs/dism/version.res \
  dlls/winecrt0/x86_64-windows/libwinecrt0.a libs/compiler-rt/x86_64-windows/libcompiler-rt.a \
  dlls/ucrtbase/x86_64-windows/libucrtbase.a dlls/kernel32/x86_64-windows/libkernel32.a \
  dlls/ntdll/x86_64-windows/libntdll.a --no-default-config -fms-hotpatch -Wl,-debug:dwarf
tools/winegcc/winegcc -o programs/dllhost/x86_64-windows/dllhost.exe --wine-objdir . -b x86_64-windows -Wl,--wine-builtin -mwindows \
  -municode programs/dllhost/x86_64-windows/dllhost.o dlls/ole32/x86_64-windows/libole32.a \
  libs/uuid/x86_64-windows/libuuid.a dlls/winecrt0/x86_64-windows/libwinecrt0.a \
  libs/compiler-rt/x86_64-windows/libcompiler-rt.a dlls/ucrtbase/x86_64-windows/libucrtbase.a \
  dlls/kernel32/x86_64-windows/libkernel32.a dlls/ntdll/x86_64-windows/libntdll.a --no-default-config -fms-hotpatch -Wl,-debug:dwarf
tools/winegcc/winegcc -o programs/dplaysvr/x86_64-windows/dplaysvr.exe --wine-objdir . -b x86_64-windows -Wl,--wine-builtin -mwindows \
  -municode programs/dplaysvr/x86_64-windows/main.o programs/dplaysvr/version.res \
  dlls/winecrt0/x86_64-windows/libwinecrt0.a libs/compiler-rt/x86_64-windows/libcompiler-rt.a \
  dlls/ucrtbase/x86_64-windows/libucrtbase.a dlls/kernel32/x86_64-windows/libkernel32.a \
  dlls/ntdll/x86_64-windows/libntdll.a --no-default-config -fms-hotpatch -Wl,-debug:dwarf
tools/winegcc/winegcc -o programs/dpnsvr/x86_64-windows/dpnsvr.exe --wine-objdir . -b x86_64-windows -Wl,--wine-builtin -mwindows \
  -municode programs/dpnsvr/x86_64-windows/main.o programs/dpnsvr/version.res \
  dlls/winecrt0/x86_64-windows/libwinecrt0.a libs/compiler-rt/x86_64-windows/libcompiler-rt.a \
  dlls/ucrtbase/x86_64-windows/libucrtbase.a dlls/kernel32/x86_64-windows/libkernel32.a \
  dlls/ntdll/x86_64-windows/libntdll.a --no-default-config -fms-hotpatch -Wl,-debug:dwarf
tools/winegcc/winegcc -o programs/dpvsetup/x86_64-windows/dpvsetup.exe --wine-objdir . -b x86_64-windows -Wl,--wine-builtin -mwindows \
  -municode programs/dpvsetup/x86_64-windows/main.o programs/dpvsetup/version.res \
  dlls/winecrt0/x86_64-windows/libwinecrt0.a libs/compiler-rt/x86_64-windows/libcompiler-rt.a \
  dlls/ucrtbase/x86_64-windows/libucrtbase.a dlls/kernel32/x86_64-windows/libkernel32.a \
  dlls/ntdll/x86_64-windows/libntdll.a --no-default-config -fms-hotpatch -Wl,-debug:dwarf
tools/winegcc/winegcc -o programs/dxdiag/x86_64-windows/dxdiag.exe --wine-objdir . -b x86_64-windows -Wl,--wine-builtin -mwindows \
  -municode programs/dxdiag/x86_64-windows/information.o programs/dxdiag/x86_64-windows/main.o \
  programs/dxdiag/x86_64-windows/output.o programs/dxdiag/dxdiag.res \
  libs/dxguid/x86_64-windows/libdxguid.a dlls/ole32/x86_64-windows/libole32.a \
  dlls/oleaut32/x86_64-windows/liboleaut32.a dlls/user32/x86_64-windows/libuser32.a \
  dlls/comctl32/x86_64-windows/libcomctl32.a dlls/winecrt0/x86_64-windows/libwinecrt0.a \
  libs/compiler-rt/x86_64-windows/libcompiler-rt.a dlls/ucrtbase/x86_64-windows/libucrtbase.a \
  dlls/kernel32/x86_64-windows/libkernel32.a dlls/ntdll/x86_64-windows/libntdll.a --no-default-config -fms-hotpatch -Wl,-debug:dwarf
tools/winegcc/winegcc -o programs/eject/x86_64-windows/eject.exe --wine-objdir . -b x86_64-windows -Wl,--wine-builtin -mconsole \
  programs/eject/x86_64-windows/eject.o dlls/winecrt0/x86_64-windows/libwinecrt0.a \
  libs/compiler-rt/x86_64-windows/libcompiler-rt.a dlls/ucrtbase/x86_64-windows/libucrtbase.a \
  dlls/kernel32/x86_64-windows/libkernel32.a dlls/ntdll/x86_64-windows/libntdll.a --no-default-config -fms-hotpatch -Wl,-debug:dwarf
tools/winegcc/winegcc -o programs/expand/x86_64-windows/expand.exe --wine-objdir . -b x86_64-windows -Wl,--wine-builtin -mconsole \
  programs/expand/x86_64-windows/expand.o dlls/setupapi/x86_64-windows/libsetupapi.a \
  dlls/winecrt0/x86_64-windows/libwinecrt0.a libs/compiler-rt/x86_64-windows/libcompiler-rt.a \
  dlls/ucrtbase/x86_64-windows/libucrtbase.a dlls/kernel32/x86_64-windows/libkernel32.a \
  dlls/ntdll/x86_64-windows/libntdll.a --no-default-config -fms-hotpatch -Wl,-debug:dwarf
tools/winegcc/winegcc -o programs/explorer/x86_64-windows/explorer.exe --wine-objdir . -b x86_64-windows -Wl,--wine-builtin -mwindows \
  -municode programs/explorer/x86_64-windows/appbar.o programs/explorer/x86_64-windows/desktop.o \
  programs/explorer/x86_64-windows/explorer.o programs/explorer/x86_64-windows/startmenu.o \
  programs/explorer/x86_64-windows/systray.o programs/explorer/explorer.res \
  dlls/rpcrt4/x86_64-windows/librpcrt4.a dlls/user32/x86_64-windows/libuser32.a \
  dlls/gdi32/x86_64-windows/libgdi32.a dlls/advapi32/x86_64-windows/libadvapi32.a \
  dlls/win32u/x86_64-windows/libwin32u.a dlls/comctl32/x86_64-windows/libcomctl32.a \
  dlls/shell32/x86_64-windows/libshell32.a dlls/oleaut32/x86_64-windows/liboleaut32.a \
  dlls/ole32/x86_64-windows/libole32.a dlls/shlwapi/x86_64-windows/libshlwapi.a \
  dlls/winecrt0/x86_64-windows/libwinecrt0.a libs/compiler-rt/x86_64-windows/libcompiler-rt.a \
  dlls/ucrtbase/x86_64-windows/libucrtbase.a dlls/kernel32/x86_64-windows/libkernel32.a \
  dlls/ntdll/x86_64-windows/libntdll.a -Wl,-delayload,comctl32.dll -Wl,-delayload,shell32.dll \
  -Wl,-delayload,oleaut32.dll -Wl,-delayload,ole32.dll -Wl,-delayload,shlwapi.dll --no-default-config -fms-hotpatch -Wl,-debug:dwarf
tools/winegcc/winegcc -o programs/extrac32/x86_64-windows/extrac32.exe --wine-objdir . -b x86_64-windows -Wl,--wine-builtin -mwindows \
  -municode programs/extrac32/x86_64-windows/extrac32.o programs/extrac32/extrac32.res \
  dlls/shell32/x86_64-windows/libshell32.a dlls/setupapi/x86_64-windows/libsetupapi.a \
  dlls/shlwapi/x86_64-windows/libshlwapi.a dlls/user32/x86_64-windows/libuser32.a \
  dlls/comctl32/x86_64-windows/libcomctl32.a dlls/winecrt0/x86_64-windows/libwinecrt0.a \
  libs/compiler-rt/x86_64-windows/libcompiler-rt.a dlls/ucrtbase/x86_64-windows/libucrtbase.a \
  dlls/kernel32/x86_64-windows/libkernel32.a dlls/ntdll/x86_64-windows/libntdll.a --no-default-config -fms-hotpatch -Wl,-debug:dwarf
tools/winegcc/winegcc -o programs/fc/x86_64-windows/fc.exe --wine-objdir . -b x86_64-windows -Wl,--wine-builtin -mconsole \
  -municode programs/fc/x86_64-windows/fc.o dlls/winecrt0/x86_64-windows/libwinecrt0.a \
  libs/compiler-rt/x86_64-windows/libcompiler-rt.a dlls/ucrtbase/x86_64-windows/libucrtbase.a \
  dlls/kernel32/x86_64-windows/libkernel32.a dlls/ntdll/x86_64-windows/libntdll.a --no-default-config -fms-hotpatch -Wl,-debug:dwarf
tools/winegcc/winegcc -o programs/find/x86_64-windows/find.exe --wine-objdir . -b x86_64-windows -Wl,--wine-builtin -mconsole \
  -municode programs/find/x86_64-windows/find.o programs/find/find.res \
  dlls/user32/x86_64-windows/libuser32.a dlls/kernelbase/x86_64-windows/libkernelbase.a \
  dlls/winecrt0/x86_64-windows/libwinecrt0.a libs/compiler-rt/x86_64-windows/libcompiler-rt.a \
  dlls/ucrtbase/x86_64-windows/libucrtbase.a dlls/kernel32/x86_64-windows/libkernel32.a \
  dlls/ntdll/x86_64-windows/libntdll.a --no-default-config -fms-hotpatch -Wl,-debug:dwarf
tools/winegcc/winegcc -o programs/findstr/x86_64-windows/findstr.exe --wine-objdir . -b x86_64-windows -Wl,--wine-builtin -mconsole \
  -municode programs/findstr/x86_64-windows/main.o programs/findstr/findstr.res \
  dlls/user32/x86_64-windows/libuser32.a dlls/winecrt0/x86_64-windows/libwinecrt0.a \
  libs/compiler-rt/x86_64-windows/libcompiler-rt.a dlls/ucrtbase/x86_64-windows/libucrtbase.a \
  dlls/kernel32/x86_64-windows/libkernel32.a dlls/ntdll/x86_64-windows/libntdll.a --no-default-config -fms-hotpatch -Wl,-debug:dwarf
tools/winegcc/winegcc -o programs/fsutil/x86_64-windows/fsutil.exe --wine-objdir . -b x86_64-windows -Wl,--wine-builtin -mconsole \
  -municode programs/fsutil/x86_64-windows/main.o programs/fsutil/fsutil.res \
  dlls/user32/x86_64-windows/libuser32.a dlls/winecrt0/x86_64-windows/libwinecrt0.a \
  libs/compiler-rt/x86_64-windows/libcompiler-rt.a dlls/ucrtbase/x86_64-windows/libucrtbase.a \
  dlls/kernel32/x86_64-windows/libkernel32.a dlls/ntdll/x86_64-windows/libntdll.a --no-default-config -fms-hotpatch -Wl,-debug:dwarf
tools/winegcc/winegcc -o programs/hh/x86_64-windows/hh.exe --wine-objdir . -b x86_64-windows -Wl,--wine-builtin -mwindows \
  programs/hh/x86_64-windows/main.o programs/hh/hh.res dlls/winecrt0/x86_64-windows/libwinecrt0.a \
  libs/compiler-rt/x86_64-windows/libcompiler-rt.a dlls/ucrtbase/x86_64-windows/libucrtbase.a \
  dlls/kernel32/x86_64-windows/libkernel32.a dlls/ntdll/x86_64-windows/libntdll.a --no-default-config -fms-hotpatch -Wl,-debug:dwarf
tools/winegcc/winegcc -o programs/hostname/x86_64-windows/hostname.exe --wine-objdir . -b x86_64-windows -Wl,--wine-builtin -mconsole \
  -municode programs/hostname/x86_64-windows/hostname.o programs/hostname/hostname.res \
  dlls/user32/x86_64-windows/libuser32.a dlls/winecrt0/x86_64-windows/libwinecrt0.a \
  libs/compiler-rt/x86_64-windows/libcompiler-rt.a dlls/ucrtbase/x86_64-windows/libucrtbase.a \
  dlls/kernel32/x86_64-windows/libkernel32.a dlls/ntdll/x86_64-windows/libntdll.a \
  -Wl,-delayload,user32.dll --no-default-config -fms-hotpatch -Wl,-debug:dwarf
tools/winegcc/winegcc -o programs/icacls/x86_64-windows/icacls.exe --wine-objdir . -b x86_64-windows -Wl,--wine-builtin -mconsole \
  programs/icacls/x86_64-windows/icacls_main.o dlls/winecrt0/x86_64-windows/libwinecrt0.a \
  libs/compiler-rt/x86_64-windows/libcompiler-rt.a dlls/ucrtbase/x86_64-windows/libucrtbase.a \
  dlls/kernel32/x86_64-windows/libkernel32.a dlls/ntdll/x86_64-windows/libntdll.a --no-default-config -fms-hotpatch -Wl,-debug:dwarf
tools/winegcc/winegcc -o programs/icinfo/x86_64-windows/icinfo.exe --wine-objdir . -b x86_64-windows -Wl,--wine-builtin -mconsole \
  -municode programs/icinfo/x86_64-windows/icinfo.o dlls/msvfw32/x86_64-windows/libmsvfw32.a \
  dlls/winecrt0/x86_64-windows/libwinecrt0.a libs/compiler-rt/x86_64-windows/libcompiler-rt.a \
  dlls/ucrtbase/x86_64-windows/libucrtbase.a dlls/kernel32/x86_64-windows/libkernel32.a \
  dlls/ntdll/x86_64-windows/libntdll.a --no-default-config -fms-hotpatch -Wl,-debug:dwarf
tools/winegcc/winegcc -o programs/iexplore/x86_64-windows/iexplore.exe --wine-objdir . -b x86_64-windows -Wl,--wine-builtin -mwindows \
  -municode -Wl,--large-address-aware programs/iexplore/x86_64-windows/main.o \
  programs/iexplore/iexplore.res dlls/ieframe/x86_64-windows/libieframe.a \
  dlls/advpack/x86_64-windows/libadvpack.a dlls/version/x86_64-windows/libversion.a \
  dlls/user32/x86_64-windows/libuser32.a dlls/winecrt0/x86_64-windows/libwinecrt0.a \
  libs/compiler-rt/x86_64-windows/libcompiler-rt.a dlls/ucrtbase/x86_64-windows/libucrtbase.a \
  dlls/kernel32/x86_64-windows/libkernel32.a dlls/ntdll/x86_64-windows/libntdll.a \
  -Wl,-delayload,advpack.dll -Wl,-delayload,version.dll -Wl,-delayload,user32.dll --no-default-config -fms-hotpatch -Wl,-debug:dwarf
tools/winegcc/winegcc -o programs/ipconfig/x86_64-windows/ipconfig.exe --wine-objdir . -b x86_64-windows -Wl,--wine-builtin -mconsole \
  -municode programs/ipconfig/x86_64-windows/ipconfig.o programs/ipconfig/ipconfig.res \
  dlls/iphlpapi/x86_64-windows/libiphlpapi.a dlls/ws2_32/x86_64-windows/libws2_32.a \
  dlls/user32/x86_64-windows/libuser32.a dlls/winecrt0/x86_64-windows/libwinecrt0.a \
  libs/compiler-rt/x86_64-windows/libcompiler-rt.a dlls/ucrtbase/x86_64-windows/libucrtbase.a \
  dlls/kernel32/x86_64-windows/libkernel32.a dlls/ntdll/x86_64-windows/libntdll.a --no-default-config -fms-hotpatch -Wl,-debug:dwarf
tools/winegcc/winegcc -o programs/klist/x86_64-windows/klist.exe --wine-objdir . -b x86_64-windows -Wl,--wine-builtin -mconsole \
  -municode programs/klist/x86_64-windows/main.o programs/klist/klist.res \
  dlls/secur32/x86_64-windows/libsecur32.a dlls/advapi32/x86_64-windows/libadvapi32.a \
  dlls/user32/x86_64-windows/libuser32.a dlls/winecrt0/x86_64-windows/libwinecrt0.a \
  libs/compiler-rt/x86_64-windows/libcompiler-rt.a dlls/ucrtbase/x86_64-windows/libucrtbase.a \
  dlls/kernel32/x86_64-windows/libkernel32.a dlls/ntdll/x86_64-windows/libntdll.a --no-default-config -fms-hotpatch -Wl,-debug:dwarf
tools/winegcc/winegcc -o programs/lodctr/x86_64-windows/lodctr.exe --wine-objdir . -b x86_64-windows -Wl,--wine-builtin -mconsole \
  programs/lodctr/x86_64-windows/lodctr_main.o dlls/loadperf/x86_64-windows/libloadperf.a \
  dlls/winecrt0/x86_64-windows/libwinecrt0.a libs/compiler-rt/x86_64-windows/libcompiler-rt.a \
  dlls/ucrtbase/x86_64-windows/libucrtbase.a dlls/kernel32/x86_64-windows/libkernel32.a \
  dlls/ntdll/x86_64-windows/libntdll.a --no-default-config -fms-hotpatch -Wl,-debug:dwarf
tools/winegcc/winegcc -o programs/makecab/x86_64-windows/makecab.exe --wine-objdir . -b x86_64-windows -Wl,--wine-builtin -mconsole \
  -municode programs/makecab/x86_64-windows/makecab.o dlls/winecrt0/x86_64-windows/libwinecrt0.a \
  libs/compiler-rt/x86_64-windows/libcompiler-rt.a dlls/ucrtbase/x86_64-windows/libucrtbase.a \
  dlls/kernel32/x86_64-windows/libkernel32.a dlls/ntdll/x86_64-windows/libntdll.a --no-default-config -fms-hotpatch -Wl,-debug:dwarf
tools/winegcc/winegcc -o programs/mofcomp/x86_64-windows/mofcomp.exe --wine-objdir . -b x86_64-windows -Wl,--wine-builtin -mconsole \
  -municode programs/mofcomp/x86_64-windows/mofcomp.o dlls/winecrt0/x86_64-windows/libwinecrt0.a \
  libs/compiler-rt/x86_64-windows/libcompiler-rt.a dlls/ucrtbase/x86_64-windows/libucrtbase.a \
  dlls/kernel32/x86_64-windows/libkernel32.a dlls/ntdll/x86_64-windows/libntdll.a --no-default-config -fms-hotpatch -Wl,-debug:dwarf
tools/winegcc/winegcc -o programs/mshta/x86_64-windows/mshta.exe --wine-objdir . -b x86_64-windows -Wl,--wine-builtin -mwindows \
  -municode programs/mshta/x86_64-windows/main.o dlls/winecrt0/x86_64-windows/libwinecrt0.a \
  libs/compiler-rt/x86_64-windows/libcompiler-rt.a dlls/ucrtbase/x86_64-windows/libucrtbase.a \
  dlls/kernel32/x86_64-windows/libkernel32.a dlls/ntdll/x86_64-windows/libntdll.a --no-default-config -fms-hotpatch -Wl,-debug:dwarf
tools/winegcc/winegcc -o programs/msidb/x86_64-windows/msidb.exe --wine-objdir . -b x86_64-windows -Wl,--wine-builtin -mconsole \
  -municode programs/msidb/x86_64-windows/main.o dlls/msi/x86_64-windows/libmsi.a \
  dlls/shlwapi/x86_64-windows/libshlwapi.a dlls/winecrt0/x86_64-windows/libwinecrt0.a \
  libs/compiler-rt/x86_64-windows/libcompiler-rt.a dlls/ucrtbase/x86_64-windows/libucrtbase.a \
  dlls/kernel32/x86_64-windows/libkernel32.a dlls/ntdll/x86_64-windows/libntdll.a --no-default-config -fms-hotpatch -Wl,-debug:dwarf
tools/winegcc/winegcc -o programs/msiexec/x86_64-windows/msiexec.exe --wine-objdir . -b x86_64-windows -Wl,--wine-builtin -mwindows \
  programs/msiexec/x86_64-windows/msiexec.o programs/msiexec/x86_64-windows/service.o \
  programs/msiexec/rsrc.res dlls/msi/x86_64-windows/libmsi.a dlls/ole32/x86_64-windows/libole32.a \
  dlls/advapi32/x86_64-windows/libadvapi32.a dlls/user32/x86_64-windows/libuser32.a \
  dlls/comctl32/x86_64-windows/libcomctl32.a dlls/winecrt0/x86_64-windows/libwinecrt0.a \
  libs/compiler-rt/x86_64-windows/libcompiler-rt.a dlls/ucrtbase/x86_64-windows/libucrtbase.a \
  dlls/kernel32/x86_64-windows/libkernel32.a dlls/ntdll/x86_64-windows/libntdll.a --no-default-config -fms-hotpatch -Wl,-debug:dwarf
tools/winegcc/winegcc -o programs/msinfo32/x86_64-windows/msinfo32.exe --wine-objdir . -b x86_64-windows -Wl,--wine-builtin -mwindows \
  -municode programs/msinfo32/x86_64-windows/main.o programs/msinfo32/msinfo32.res \
  dlls/shell32/x86_64-windows/libshell32.a dlls/user32/x86_64-windows/libuser32.a \
  dlls/comctl32/x86_64-windows/libcomctl32.a dlls/winecrt0/x86_64-windows/libwinecrt0.a \
  libs/compiler-rt/x86_64-windows/libcompiler-rt.a dlls/ucrtbase/x86_64-windows/libucrtbase.a \
  dlls/kernel32/x86_64-windows/libkernel32.a dlls/ntdll/x86_64-windows/libntdll.a --no-default-config -fms-hotpatch -Wl,-debug:dwarf
tools/winegcc/winegcc -o programs/net/x86_64-windows/net.exe --wine-objdir . -b x86_64-windows -Wl,--wine-builtin -mconsole \
  -municode programs/net/x86_64-windows/net.o programs/net/net.res \
  dlls/netapi32/x86_64-windows/libnetapi32.a dlls/user32/x86_64-windows/libuser32.a \
  dlls/advapi32/x86_64-windows/libadvapi32.a dlls/winecrt0/x86_64-windows/libwinecrt0.a \
  libs/compiler-rt/x86_64-windows/libcompiler-rt.a dlls/ucrtbase/x86_64-windows/libucrtbase.a \
  dlls/kernel32/x86_64-windows/libkernel32.a dlls/ntdll/x86_64-windows/libntdll.a --no-default-config -fms-hotpatch -Wl,-debug:dwarf
tools/winegcc/winegcc -o programs/netsh/x86_64-windows/netsh.exe --wine-objdir . -b x86_64-windows -Wl,--wine-builtin -mconsole \
  -municode programs/netsh/x86_64-windows/netsh.o dlls/winecrt0/x86_64-windows/libwinecrt0.a \
  libs/compiler-rt/x86_64-windows/libcompiler-rt.a dlls/ucrtbase/x86_64-windows/libucrtbase.a \
  dlls/kernel32/x86_64-windows/libkernel32.a dlls/ntdll/x86_64-windows/libntdll.a --no-default-config -fms-hotpatch -Wl,-debug:dwarf
tools/winegcc/winegcc -o programs/netstat/x86_64-windows/netstat.exe --wine-objdir . -b x86_64-windows -Wl,--wine-builtin -mconsole \
  -municode programs/netstat/x86_64-windows/netstat.o programs/netstat/netstat.res \
  dlls/iphlpapi/x86_64-windows/libiphlpapi.a dlls/user32/x86_64-windows/libuser32.a \
  dlls/ws2_32/x86_64-windows/libws2_32.a dlls/winecrt0/x86_64-windows/libwinecrt0.a \
  libs/compiler-rt/x86_64-windows/libcompiler-rt.a dlls/ucrtbase/x86_64-windows/libucrtbase.a \
  dlls/kernel32/x86_64-windows/libkernel32.a dlls/ntdll/x86_64-windows/libntdll.a --no-default-config -fms-hotpatch -Wl,-debug:dwarf
tools/winegcc/winegcc -o programs/ngen/x86_64-windows/ngen.exe --wine-objdir . -b x86_64-windows -Wl,--wine-builtin -mconsole \
  -municode programs/ngen/x86_64-windows/ngen_main.o programs/ngen/version.res \
  dlls/winecrt0/x86_64-windows/libwinecrt0.a libs/compiler-rt/x86_64-windows/libcompiler-rt.a \
  dlls/ucrtbase/x86_64-windows/libucrtbase.a dlls/kernel32/x86_64-windows/libkernel32.a \
  dlls/ntdll/x86_64-windows/libntdll.a --no-default-config -fms-hotpatch -Wl,-debug:dwarf
tools/winegcc/winegcc -o programs/notepad/x86_64-windows/notepad.exe --wine-objdir . -b x86_64-windows -Wl,--wine-builtin -mwindows \
  programs/notepad/x86_64-windows/dialog.o programs/notepad/x86_64-windows/main.o \
  programs/notepad/notepad.res dlls/comdlg32/x86_64-windows/libcomdlg32.a \
  dlls/shell32/x86_64-windows/libshell32.a dlls/shlwapi/x86_64-windows/libshlwapi.a \
  dlls/user32/x86_64-windows/libuser32.a dlls/gdi32/x86_64-windows/libgdi32.a \
  dlls/advapi32/x86_64-windows/libadvapi32.a dlls/comctl32/x86_64-windows/libcomctl32.a \
  dlls/winecrt0/x86_64-windows/libwinecrt0.a libs/compiler-rt/x86_64-windows/libcompiler-rt.a \
  dlls/ucrtbase/x86_64-windows/libucrtbase.a dlls/kernel32/x86_64-windows/libkernel32.a \
  dlls/ntdll/x86_64-windows/libntdll.a --no-default-config -fms-hotpatch -Wl,-debug:dwarf
tools/winegcc/winegcc -o programs/oleview/x86_64-windows/oleview.exe --wine-objdir . -b x86_64-windows -Wl,--wine-builtin -mwindows \
  programs/oleview/x86_64-windows/details.o programs/oleview/x86_64-windows/interface.o \
  programs/oleview/x86_64-windows/oleview.o programs/oleview/x86_64-windows/pane.o \
  programs/oleview/x86_64-windows/tree.o programs/oleview/x86_64-windows/typelib.o \
  programs/oleview/oleview.res libs/uuid/x86_64-windows/libuuid.a \
  dlls/comdlg32/x86_64-windows/libcomdlg32.a dlls/comctl32/x86_64-windows/libcomctl32.a \
  dlls/shell32/x86_64-windows/libshell32.a dlls/oleaut32/x86_64-windows/liboleaut32.a \
  dlls/ole32/x86_64-windows/libole32.a dlls/user32/x86_64-windows/libuser32.a \
  dlls/advapi32/x86_64-windows/libadvapi32.a dlls/winecrt0/x86_64-windows/libwinecrt0.a \
  libs/compiler-rt/x86_64-windows/libcompiler-rt.a dlls/ucrtbase/x86_64-windows/libucrtbase.a \
  dlls/kernel32/x86_64-windows/libkernel32.a dlls/ntdll/x86_64-windows/libntdll.a --no-default-config -fms-hotpatch -Wl,-debug:dwarf
tools/winegcc/winegcc -o programs/ping/x86_64-windows/ping.exe --wine-objdir . -b x86_64-windows -Wl,--wine-builtin -mconsole \
  programs/ping/x86_64-windows/ping_main.o dlls/ws2_32/x86_64-windows/libws2_32.a \
  dlls/iphlpapi/x86_64-windows/libiphlpapi.a dlls/winecrt0/x86_64-windows/libwinecrt0.a \
  libs/compiler-rt/x86_64-windows/libcompiler-rt.a dlls/ucrtbase/x86_64-windows/libucrtbase.a \
  dlls/kernel32/x86_64-windows/libkernel32.a dlls/ntdll/x86_64-windows/libntdll.a --no-default-config -fms-hotpatch -Wl,-debug:dwarf
tools/winegcc/winegcc -o programs/plugplay/x86_64-windows/plugplay.exe --wine-objdir . -b x86_64-windows -Wl,--wine-builtin -mconsole \
  -municode programs/plugplay/x86_64-windows/main.o programs/plugplay/x86_64-windows/plugplay_s.o \
  dlls/advapi32/x86_64-windows/libadvapi32.a dlls/rpcrt4/x86_64-windows/librpcrt4.a \
  dlls/user32/x86_64-windows/libuser32.a dlls/winecrt0/x86_64-windows/libwinecrt0.a \
  libs/compiler-rt/x86_64-windows/libcompiler-rt.a dlls/ucrtbase/x86_64-windows/libucrtbase.a \
  dlls/kernel32/x86_64-windows/libkernel32.a dlls/ntdll/x86_64-windows/libntdll.a --no-default-config -fms-hotpatch -Wl,-debug:dwarf
tools/winegcc/winegcc -o programs/pnputil/x86_64-windows/pnputil.exe --wine-objdir . -b x86_64-windows -Wl,--wine-builtin -mconsole \
  -municode programs/pnputil/x86_64-windows/main.o dlls/winecrt0/x86_64-windows/libwinecrt0.a \
  libs/compiler-rt/x86_64-windows/libcompiler-rt.a dlls/ucrtbase/x86_64-windows/libucrtbase.a \
  dlls/kernel32/x86_64-windows/libkernel32.a dlls/ntdll/x86_64-windows/libntdll.a --no-default-config -fms-hotpatch -Wl,-debug:dwarf
tools/winegcc/winegcc -o programs/powershell/x86_64-windows/powershell.exe --wine-objdir . -b x86_64-windows -Wl,--wine-builtin -mconsole \
  -municode programs/powershell/x86_64-windows/main.o dlls/winecrt0/x86_64-windows/libwinecrt0.a \
  libs/compiler-rt/x86_64-windows/libcompiler-rt.a dlls/ucrtbase/x86_64-windows/libucrtbase.a \
  dlls/kernel32/x86_64-windows/libkernel32.a dlls/ntdll/x86_64-windows/libntdll.a --no-default-config -fms-hotpatch -Wl,-debug:dwarf
tools/winegcc/winegcc -o programs/presentationfontcache/x86_64-windows/presentationfontcache.exe --wine-objdir . -b x86_64-windows -Wl,--wine-builtin -mconsole \
  -municode programs/presentationfontcache/x86_64-windows/main.o \
  dlls/advapi32/x86_64-windows/libadvapi32.a dlls/winecrt0/x86_64-windows/libwinecrt0.a \
  libs/compiler-rt/x86_64-windows/libcompiler-rt.a dlls/ucrtbase/x86_64-windows/libucrtbase.a \
  dlls/kernel32/x86_64-windows/libkernel32.a dlls/ntdll/x86_64-windows/libntdll.a --no-default-config -fms-hotpatch -Wl,-debug:dwarf
tools/winegcc/winegcc -o programs/progman/x86_64-windows/progman.exe --wine-objdir . -b x86_64-windows -Wl,--wine-builtin -mwindows \
  programs/progman/x86_64-windows/dialog.o programs/progman/x86_64-windows/group.o \
  programs/progman/x86_64-windows/grpfile.o programs/progman/x86_64-windows/main.o \
  programs/progman/x86_64-windows/program.o programs/progman/x86_64-windows/string.o \
  programs/progman/progman.res dlls/shell32/x86_64-windows/libshell32.a \
  dlls/comdlg32/x86_64-windows/libcomdlg32.a dlls/user32/x86_64-windows/libuser32.a \
  dlls/gdi32/x86_64-windows/libgdi32.a dlls/winecrt0/x86_64-windows/libwinecrt0.a \
  libs/compiler-rt/x86_64-windows/libcompiler-rt.a dlls/ucrtbase/x86_64-windows/libucrtbase.a \
  dlls/kernel32/x86_64-windows/libkernel32.a dlls/ntdll/x86_64-windows/libntdll.a --no-default-config -fms-hotpatch -Wl,-debug:dwarf
tools/winegcc/winegcc -o programs/reg/x86_64-windows/reg.exe --wine-objdir . -b x86_64-windows -Wl,--wine-builtin -mconsole \
  -municode programs/reg/x86_64-windows/add.o programs/reg/x86_64-windows/copy.o \
  programs/reg/x86_64-windows/delete.o programs/reg/x86_64-windows/export.o \
  programs/reg/x86_64-windows/import.o programs/reg/x86_64-windows/query.o \
  programs/reg/x86_64-windows/reg.o programs/reg/reg.res dlls/advapi32/x86_64-windows/libadvapi32.a \
  dlls/user32/x86_64-windows/libuser32.a dlls/winecrt0/x86_64-windows/libwinecrt0.a \
  libs/compiler-rt/x86_64-windows/libcompiler-rt.a dlls/ucrtbase/x86_64-windows/libucrtbase.a \
  dlls/kernel32/x86_64-windows/libkernel32.a dlls/ntdll/x86_64-windows/libntdll.a \
  -Wl,-delayload,user32.dll --no-default-config -fms-hotpatch -Wl,-debug:dwarf
tools/winegcc/winegcc -o programs/regasm/x86_64-windows/regasm.exe --wine-objdir . -b x86_64-windows -Wl,--wine-builtin -mconsole \
  -municode programs/regasm/x86_64-windows/main.o dlls/winecrt0/x86_64-windows/libwinecrt0.a \
  libs/compiler-rt/x86_64-windows/libcompiler-rt.a dlls/ucrtbase/x86_64-windows/libucrtbase.a \
  dlls/kernel32/x86_64-windows/libkernel32.a dlls/ntdll/x86_64-windows/libntdll.a --no-default-config -fms-hotpatch -Wl,-debug:dwarf
tools/winegcc/winegcc -o programs/regedit/x86_64-windows/regedit.exe --wine-objdir . -b x86_64-windows -Wl,--wine-builtin -mwindows \
  -municode programs/regedit/x86_64-windows/about.o programs/regedit/x86_64-windows/childwnd.o \
  programs/regedit/x86_64-windows/edit.o programs/regedit/x86_64-windows/framewnd.o \
  programs/regedit/x86_64-windows/hexedit.o programs/regedit/x86_64-windows/listview.o \
  programs/regedit/x86_64-windows/main.o programs/regedit/x86_64-windows/regedit.o \
  programs/regedit/x86_64-windows/regproc.o programs/regedit/x86_64-windows/treeview.o \
  programs/regedit/regedit.res dlls/advapi32/x86_64-windows/libadvapi32.a \
  dlls/shcore/x86_64-windows/libshcore.a dlls/shlwapi/x86_64-windows/libshlwapi.a \
  dlls/shell32/x86_64-windows/libshell32.a dlls/comdlg32/x86_64-windows/libcomdlg32.a \
  dlls/comctl32/x86_64-windows/libcomctl32.a dlls/user32/x86_64-windows/libuser32.a \
  dlls/gdi32/x86_64-windows/libgdi32.a dlls/winecrt0/x86_64-windows/libwinecrt0.a \
  libs/compiler-rt/x86_64-windows/libcompiler-rt.a dlls/ucrtbase/x86_64-windows/libucrtbase.a \
  dlls/kernel32/x86_64-windows/libkernel32.a dlls/ntdll/x86_64-windows/libntdll.a \
  -Wl,-delayload,shlwapi.dll -Wl,-delayload,shell32.dll -Wl,-delayload,comdlg32.dll \
  -Wl,-delayload,comctl32.dll -Wl,-delayload,user32.dll -Wl,-delayload,gdi32.dll --no-default-config -fms-hotpatch -Wl,-debug:dwarf
tools/winegcc/winegcc -o programs/regini/x86_64-windows/regini.exe --wine-objdir . -b x86_64-windows -Wl,--wine-builtin -mconsole \
  -municode programs/regini/x86_64-windows/main.o dlls/winecrt0/x86_64-windows/libwinecrt0.a \
  libs/compiler-rt/x86_64-windows/libcompiler-rt.a dlls/ucrtbase/x86_64-windows/libucrtbase.a \
  dlls/kernel32/x86_64-windows/libkernel32.a dlls/ntdll/x86_64-windows/libntdll.a --no-default-config -fms-hotpatch -Wl,-debug:dwarf
tools/winegcc/winegcc -o programs/regsvcs/x86_64-windows/regsvcs.exe --wine-objdir . -b x86_64-windows -Wl,--wine-builtin -mconsole \
  -municode programs/regsvcs/x86_64-windows/main.o dlls/winecrt0/x86_64-windows/libwinecrt0.a \
  libs/compiler-rt/x86_64-windows/libcompiler-rt.a dlls/ucrtbase/x86_64-windows/libucrtbase.a \
  dlls/kernel32/x86_64-windows/libkernel32.a dlls/ntdll/x86_64-windows/libntdll.a --no-default-config -fms-hotpatch -Wl,-debug:dwarf
tools/winegcc/winegcc -o programs/regsvr32/x86_64-windows/regsvr32.exe --wine-objdir . -b x86_64-windows -Wl,--wine-builtin -mwindows \
  -municode programs/regsvr32/x86_64-windows/regsvr32.o programs/regsvr32/regsvr32.res \
  dlls/ole32/x86_64-windows/libole32.a dlls/user32/x86_64-windows/libuser32.a \
  dlls/kernelbase/x86_64-windows/libkernelbase.a dlls/winecrt0/x86_64-windows/libwinecrt0.a \
  libs/compiler-rt/x86_64-windows/libcompiler-rt.a dlls/ucrtbase/x86_64-windows/libucrtbase.a \
  dlls/kernel32/x86_64-windows/libkernel32.a dlls/ntdll/x86_64-windows/libntdll.a --no-default-config -fms-hotpatch -Wl,-debug:dwarf
tools/winegcc/winegcc -o programs/robocopy/x86_64-windows/robocopy.exe --wine-objdir . -b x86_64-windows -Wl,--wine-builtin -mconsole \
  -municode programs/robocopy/x86_64-windows/main.o programs/robocopy/robocopy.res \
  dlls/winecrt0/x86_64-windows/libwinecrt0.a libs/compiler-rt/x86_64-windows/libcompiler-rt.a \
  dlls/ucrtbase/x86_64-windows/libucrtbase.a dlls/kernel32/x86_64-windows/libkernel32.a \
  dlls/ntdll/x86_64-windows/libntdll.a --no-default-config -fms-hotpatch -Wl,-debug:dwarf
tools/winegcc/winegcc -o programs/rpcss/x86_64-windows/rpcss.exe --wine-objdir . -b x86_64-windows -Wl,--wine-builtin -mconsole \
  -municode programs/rpcss/x86_64-windows/epmp.o programs/rpcss/x86_64-windows/irotp.o \
  programs/rpcss/x86_64-windows/rpcss_main.o programs/rpcss/x86_64-windows/epm_s.o \
  programs/rpcss/x86_64-windows/irot_s.o programs/rpcss/x86_64-windows/irpcss_s.o \
  dlls/rpcrt4/x86_64-windows/librpcrt4.a dlls/advapi32/x86_64-windows/libadvapi32.a \
  dlls/winecrt0/x86_64-windows/libwinecrt0.a libs/compiler-rt/x86_64-windows/libcompiler-rt.a \
  dlls/ucrtbase/x86_64-windows/libucrtbase.a dlls/kernel32/x86_64-windows/libkernel32.a \
  dlls/ntdll/x86_64-windows/libntdll.a --no-default-config -fms-hotpatch -Wl,-debug:dwarf
tools/winegcc/winegcc -o programs/runas/x86_64-windows/runas.exe --wine-objdir . -b x86_64-windows -Wl,--wine-builtin -mconsole \
  -municode programs/runas/x86_64-windows/runas.o dlls/kernel32/x86_64-windows/libkernel32.a \
  dlls/advapi32/x86_64-windows/libadvapi32.a dlls/winecrt0/x86_64-windows/libwinecrt0.a \
  libs/compiler-rt/x86_64-windows/libcompiler-rt.a dlls/ucrtbase/x86_64-windows/libucrtbase.a \
  dlls/kernel32/x86_64-windows/libkernel32.a dlls/ntdll/x86_64-windows/libntdll.a --no-default-config -fms-hotpatch -Wl,-debug:dwarf
tools/winegcc/winegcc -o programs/rundll32/x86_64-windows/rundll32.exe --wine-objdir . -b x86_64-windows -Wl,--wine-builtin -mwindows \
  -municode programs/rundll32/x86_64-windows/rundll32.o dlls/user32/x86_64-windows/libuser32.a \
  dlls/kernelbase/x86_64-windows/libkernelbase.a dlls/winecrt0/x86_64-windows/libwinecrt0.a \
  libs/compiler-rt/x86_64-windows/libcompiler-rt.a dlls/ucrtbase/x86_64-windows/libucrtbase.a \
  dlls/kernel32/x86_64-windows/libkernel32.a dlls/ntdll/x86_64-windows/libntdll.a --no-default-config -fms-hotpatch -Wl,-debug:dwarf
tools/winegcc/winegcc -o programs/sc/x86_64-windows/sc.exe --wine-objdir . -b x86_64-windows -Wl,--wine-builtin -mconsole \
  -municode programs/sc/x86_64-windows/sc.o dlls/advapi32/x86_64-windows/libadvapi32.a \
  dlls/winecrt0/x86_64-windows/libwinecrt0.a libs/compiler-rt/x86_64-windows/libcompiler-rt.a \
  dlls/ucrtbase/x86_64-windows/libucrtbase.a dlls/kernel32/x86_64-windows/libkernel32.a \
  dlls/ntdll/x86_64-windows/libntdll.a --no-default-config -fms-hotpatch -Wl,-debug:dwarf
tools/winegcc/winegcc -o programs/schtasks/x86_64-windows/schtasks.exe --wine-objdir . -b x86_64-windows -Wl,--wine-builtin -mconsole \
  -municode programs/schtasks/x86_64-windows/schtasks.o dlls/oleaut32/x86_64-windows/liboleaut32.a \
  dlls/ole32/x86_64-windows/libole32.a dlls/winecrt0/x86_64-windows/libwinecrt0.a \
  libs/compiler-rt/x86_64-windows/libcompiler-rt.a dlls/ucrtbase/x86_64-windows/libucrtbase.a \
  dlls/kernel32/x86_64-windows/libkernel32.a dlls/ntdll/x86_64-windows/libntdll.a --no-default-config -fms-hotpatch -Wl,-debug:dwarf
tools/winegcc/winegcc -o programs/sdbinst/x86_64-windows/sdbinst.exe --wine-objdir . -b x86_64-windows -Wl,--wine-builtin -mconsole \
  -municode programs/sdbinst/x86_64-windows/main.o dlls/winecrt0/x86_64-windows/libwinecrt0.a \
  libs/compiler-rt/x86_64-windows/libcompiler-rt.a dlls/ucrtbase/x86_64-windows/libucrtbase.a \
  dlls/kernel32/x86_64-windows/libkernel32.a dlls/ntdll/x86_64-windows/libntdll.a --no-default-config -fms-hotpatch -Wl,-debug:dwarf
tools/winegcc/winegcc -o programs/secedit/x86_64-windows/secedit.exe --wine-objdir . -b x86_64-windows -Wl,--wine-builtin -mconsole \
  programs/secedit/x86_64-windows/main.o dlls/winecrt0/x86_64-windows/libwinecrt0.a \
  libs/compiler-rt/x86_64-windows/libcompiler-rt.a dlls/ucrtbase/x86_64-windows/libucrtbase.a \
  dlls/kernel32/x86_64-windows/libkernel32.a dlls/ntdll/x86_64-windows/libntdll.a --no-default-config -fms-hotpatch -Wl,-debug:dwarf
tools/winegcc/winegcc -o programs/servicemodelreg/x86_64-windows/servicemodelreg.exe --wine-objdir . -b x86_64-windows -Wl,--wine-builtin -mconsole \
  -municode programs/servicemodelreg/x86_64-windows/main.o \
  dlls/winecrt0/x86_64-windows/libwinecrt0.a libs/compiler-rt/x86_64-windows/libcompiler-rt.a \
  dlls/ucrtbase/x86_64-windows/libucrtbase.a dlls/kernel32/x86_64-windows/libkernel32.a \
  dlls/ntdll/x86_64-windows/libntdll.a --no-default-config -fms-hotpatch -Wl,-debug:dwarf
tools/winegcc/winegcc -o programs/services/x86_64-windows/services.exe --wine-objdir . -b x86_64-windows -Wl,--wine-builtin -mwindows \
  programs/services/x86_64-windows/rpc.o programs/services/x86_64-windows/services.o \
  programs/services/x86_64-windows/utils.o programs/services/x86_64-windows/svcctl_s.o \
  dlls/rpcrt4/x86_64-windows/librpcrt4.a dlls/advapi32/x86_64-windows/libadvapi32.a \
  dlls/userenv/x86_64-windows/libuserenv.a dlls/setupapi/x86_64-windows/libsetupapi.a \
  dlls/winecrt0/x86_64-windows/libwinecrt0.a libs/compiler-rt/x86_64-windows/libcompiler-rt.a \
  dlls/ucrtbase/x86_64-windows/libucrtbase.a dlls/kernel32/x86_64-windows/libkernel32.a \
  dlls/ntdll/x86_64-windows/libntdll.a --no-default-config -fms-hotpatch -Wl,-debug:dwarf
tools/winegcc/winegcc -o programs/setx/x86_64-windows/setx.exe --wine-objdir . -b x86_64-windows -Wl,--wine-builtin -mconsole \
  -municode programs/setx/x86_64-windows/main.o programs/setx/version.res \
  dlls/winecrt0/x86_64-windows/libwinecrt0.a libs/compiler-rt/x86_64-windows/libcompiler-rt.a \
  dlls/ucrtbase/x86_64-windows/libucrtbase.a dlls/kernel32/x86_64-windows/libkernel32.a \
  dlls/ntdll/x86_64-windows/libntdll.a --no-default-config -fms-hotpatch -Wl,-debug:dwarf
tools/winegcc/winegcc -o programs/shutdown/x86_64-windows/shutdown.exe --wine-objdir . -b x86_64-windows -Wl,--wine-builtin -mconsole \
  -municode programs/shutdown/x86_64-windows/main.o dlls/winecrt0/x86_64-windows/libwinecrt0.a \
  libs/compiler-rt/x86_64-windows/libcompiler-rt.a dlls/ucrtbase/x86_64-windows/libucrtbase.a \
  dlls/kernel32/x86_64-windows/libkernel32.a dlls/ntdll/x86_64-windows/libntdll.a --no-default-config -fms-hotpatch -Wl,-debug:dwarf
tools/winegcc/winegcc -o programs/sort/x86_64-windows/sort.exe --wine-objdir . -b x86_64-windows -Wl,--wine-builtin -mconsole \
  -municode programs/sort/x86_64-windows/main.o dlls/winecrt0/x86_64-windows/libwinecrt0.a \
  libs/compiler-rt/x86_64-windows/libcompiler-rt.a dlls/ucrtbase/x86_64-windows/libucrtbase.a \
  dlls/kernel32/x86_64-windows/libkernel32.a dlls/ntdll/x86_64-windows/libntdll.a --no-default-config -fms-hotpatch -Wl,-debug:dwarf
tools/winegcc/winegcc -o programs/spoolsv/x86_64-windows/spoolsv.exe --wine-objdir . -b x86_64-windows -Wl,--wine-builtin -mwindows \
  programs/spoolsv/x86_64-windows/main.o dlls/advapi32/x86_64-windows/libadvapi32.a \
  dlls/winecrt0/x86_64-windows/libwinecrt0.a libs/compiler-rt/x86_64-windows/libcompiler-rt.a \
  dlls/ucrtbase/x86_64-windows/libucrtbase.a dlls/kernel32/x86_64-windows/libkernel32.a \
  dlls/ntdll/x86_64-windows/libntdll.a --no-default-config -fms-hotpatch -Wl,-debug:dwarf
tools/winegcc/winegcc -o programs/start/x86_64-windows/start.exe --wine-objdir . -b x86_64-windows -Wl,--wine-builtin -mconsole \
  -municode programs/start/x86_64-windows/start.o programs/start/start.res \
  dlls/shell32/x86_64-windows/libshell32.a dlls/user32/x86_64-windows/libuser32.a \
  dlls/winecrt0/x86_64-windows/libwinecrt0.a libs/compiler-rt/x86_64-windows/libcompiler-rt.a \
  dlls/ucrtbase/x86_64-windows/libucrtbase.a dlls/kernel32/x86_64-windows/libkernel32.a \
  dlls/ntdll/x86_64-windows/libntdll.a --no-default-config -fms-hotpatch -Wl,-debug:dwarf
tools/winegcc/winegcc -o programs/subst/x86_64-windows/subst.exe --wine-objdir . -b x86_64-windows -Wl,--wine-builtin -mconsole \
  -municode programs/subst/x86_64-windows/main.o dlls/winecrt0/x86_64-windows/libwinecrt0.a \
  libs/compiler-rt/x86_64-windows/libcompiler-rt.a dlls/ucrtbase/x86_64-windows/libucrtbase.a \
  dlls/kernel32/x86_64-windows/libkernel32.a dlls/ntdll/x86_64-windows/libntdll.a --no-default-config -fms-hotpatch -Wl,-debug:dwarf
tools/winegcc/winegcc -o programs/svchost/x86_64-windows/svchost.exe --wine-objdir . -b x86_64-windows -Wl,--wine-builtin -mwindows \
  -municode programs/svchost/x86_64-windows/svchost.o dlls/advapi32/x86_64-windows/libadvapi32.a \
  dlls/winecrt0/x86_64-windows/libwinecrt0.a libs/compiler-rt/x86_64-windows/libcompiler-rt.a \
  dlls/ucrtbase/x86_64-windows/libucrtbase.a dlls/kernel32/x86_64-windows/libkernel32.a \
  dlls/ntdll/x86_64-windows/libntdll.a --no-default-config -fms-hotpatch -Wl,-debug:dwarf
tools/winegcc/winegcc -o programs/systeminfo/x86_64-windows/systeminfo.exe --wine-objdir . -b x86_64-windows -Wl,--wine-builtin -mconsole \
  -municode programs/systeminfo/x86_64-windows/main.o dlls/oleaut32/x86_64-windows/liboleaut32.a \
  dlls/ole32/x86_64-windows/libole32.a dlls/advapi32/x86_64-windows/libadvapi32.a \
  dlls/winecrt0/x86_64-windows/libwinecrt0.a libs/compiler-rt/x86_64-windows/libcompiler-rt.a \
  dlls/ucrtbase/x86_64-windows/libucrtbase.a dlls/kernel32/x86_64-windows/libkernel32.a \
  dlls/ntdll/x86_64-windows/libntdll.a --no-default-config -fms-hotpatch -Wl,-debug:dwarf
tools/winegcc/winegcc -o programs/taskkill/x86_64-windows/taskkill.exe --wine-objdir . -b x86_64-windows -Wl,--wine-builtin -mconsole \
  -municode programs/taskkill/x86_64-windows/taskkill.o programs/taskkill/taskkill.res \
  dlls/user32/x86_64-windows/libuser32.a dlls/winecrt0/x86_64-windows/libwinecrt0.a \
  libs/compiler-rt/x86_64-windows/libcompiler-rt.a dlls/ucrtbase/x86_64-windows/libucrtbase.a \
  dlls/kernel32/x86_64-windows/libkernel32.a dlls/ntdll/x86_64-windows/libntdll.a --no-default-config -fms-hotpatch -Wl,-debug:dwarf
tools/winegcc/winegcc -o programs/tasklist/x86_64-windows/tasklist.exe --wine-objdir . -b x86_64-windows -Wl,--wine-builtin -mconsole \
  -municode programs/tasklist/x86_64-windows/tasklist.o programs/tasklist/tasklist.res \
  dlls/user32/x86_64-windows/libuser32.a dlls/winecrt0/x86_64-windows/libwinecrt0.a \
  libs/compiler-rt/x86_64-windows/libcompiler-rt.a dlls/ucrtbase/x86_64-windows/libucrtbase.a \
  dlls/kernel32/x86_64-windows/libkernel32.a dlls/ntdll/x86_64-windows/libntdll.a --no-default-config -fms-hotpatch -Wl,-debug:dwarf
tools/winegcc/winegcc -o programs/taskmgr/x86_64-windows/taskmgr.exe --wine-objdir . -b x86_64-windows -Wl,--wine-builtin -mwindows \
  programs/taskmgr/x86_64-windows/about.o programs/taskmgr/x86_64-windows/affinity.o \
  programs/taskmgr/x86_64-windows/applpage.o programs/taskmgr/x86_64-windows/column.o \
  programs/taskmgr/x86_64-windows/dbgchnl.o programs/taskmgr/x86_64-windows/debug.o \
  programs/taskmgr/x86_64-windows/endproc.o programs/taskmgr/x86_64-windows/graph.o \
  programs/taskmgr/x86_64-windows/graphctl.o programs/taskmgr/x86_64-windows/optnmenu.o \
  programs/taskmgr/x86_64-windows/perfdata.o programs/taskmgr/x86_64-windows/perfpage.o \
  programs/taskmgr/x86_64-windows/priority.o programs/taskmgr/x86_64-windows/proclist.o \
  programs/taskmgr/x86_64-windows/procpage.o programs/taskmgr/x86_64-windows/run.o \
  programs/taskmgr/x86_64-windows/taskmgr.o programs/taskmgr/x86_64-windows/trayicon.o \
  programs/taskmgr/taskmgr.res dlls/shell32/x86_64-windows/libshell32.a \
  dlls/shlwapi/x86_64-windows/libshlwapi.a dlls/comctl32/x86_64-windows/libcomctl32.a \
  dlls/user32/x86_64-windows/libuser32.a dlls/gdi32/x86_64-windows/libgdi32.a \
  dlls/advapi32/x86_64-windows/libadvapi32.a dlls/winecrt0/x86_64-windows/libwinecrt0.a \
  libs/compiler-rt/x86_64-windows/libcompiler-rt.a dlls/ucrtbase/x86_64-windows/libucrtbase.a \
  dlls/kernel32/x86_64-windows/libkernel32.a dlls/ntdll/x86_64-windows/libntdll.a --no-default-config -fms-hotpatch -Wl,-debug:dwarf
tools/winegcc/winegcc -o programs/termsv/x86_64-windows/termsv.exe --wine-objdir . -b x86_64-windows -Wl,--wine-builtin -mconsole \
  -municode programs/termsv/x86_64-windows/main.o dlls/advapi32/x86_64-windows/libadvapi32.a \
  dlls/winecrt0/x86_64-windows/libwinecrt0.a libs/compiler-rt/x86_64-windows/libcompiler-rt.a \
  dlls/ucrtbase/x86_64-windows/libucrtbase.a dlls/kernel32/x86_64-windows/libkernel32.a \
  dlls/ntdll/x86_64-windows/libntdll.a --no-default-config -fms-hotpatch -Wl,-debug:dwarf
tools/winegcc/winegcc -o programs/timeout/x86_64-windows/timeout.exe --wine-objdir . -b x86_64-windows -Wl,--wine-builtin -mconsole \
  -municode programs/timeout/x86_64-windows/main.o programs/timeout/timeout.res \
  dlls/user32/x86_64-windows/libuser32.a dlls/winecrt0/x86_64-windows/libwinecrt0.a \
  libs/compiler-rt/x86_64-windows/libcompiler-rt.a dlls/ucrtbase/x86_64-windows/libucrtbase.a \
  dlls/kernel32/x86_64-windows/libkernel32.a dlls/ntdll/x86_64-windows/libntdll.a --no-default-config -fms-hotpatch -Wl,-debug:dwarf
tools/winegcc/winegcc -o programs/uninstaller/x86_64-windows/uninstaller.exe --wine-objdir . -b x86_64-windows -Wl,--wine-builtin -mwindows \
  -municode programs/uninstaller/x86_64-windows/main.o programs/uninstaller/uninstaller.res \
  dlls/advapi32/x86_64-windows/libadvapi32.a dlls/shlwapi/x86_64-windows/libshlwapi.a \
  dlls/shell32/x86_64-windows/libshell32.a dlls/user32/x86_64-windows/libuser32.a \
  dlls/gdi32/x86_64-windows/libgdi32.a dlls/comctl32/x86_64-windows/libcomctl32.a \
  dlls/winecrt0/x86_64-windows/libwinecrt0.a libs/compiler-rt/x86_64-windows/libcompiler-rt.a \
  dlls/ucrtbase/x86_64-windows/libucrtbase.a dlls/kernel32/x86_64-windows/libkernel32.a \
  dlls/ntdll/x86_64-windows/libntdll.a -Wl,-delayload,shlwapi.dll -Wl,-delayload,shell32.dll \
  -Wl,-delayload,user32.dll -Wl,-delayload,gdi32.dll -Wl,-delayload,comctl32.dll --no-default-config -fms-hotpatch -Wl,-debug:dwarf
tools/winegcc/winegcc -o programs/unlodctr/x86_64-windows/unlodctr.exe --wine-objdir . -b x86_64-windows -Wl,--wine-builtin -mconsole \
  programs/unlodctr/x86_64-windows/unlodctr_main.o dlls/loadperf/x86_64-windows/libloadperf.a \
  dlls/winecrt0/x86_64-windows/libwinecrt0.a libs/compiler-rt/x86_64-windows/libcompiler-rt.a \
  dlls/ucrtbase/x86_64-windows/libucrtbase.a dlls/kernel32/x86_64-windows/libkernel32.a \
  dlls/ntdll/x86_64-windows/libntdll.a --no-default-config -fms-hotpatch -Wl,-debug:dwarf
tools/winegcc/winegcc -o programs/view/x86_64-windows/view.exe --wine-objdir . -b x86_64-windows -Wl,--wine-builtin -mwindows \
  -municode programs/view/x86_64-windows/view.o programs/view/view.res \
  dlls/comdlg32/x86_64-windows/libcomdlg32.a dlls/user32/x86_64-windows/libuser32.a \
  dlls/gdi32/x86_64-windows/libgdi32.a dlls/comctl32/x86_64-windows/libcomctl32.a \
  dlls/winecrt0/x86_64-windows/libwinecrt0.a libs/compiler-rt/x86_64-windows/libcompiler-rt.a \
  dlls/ucrtbase/x86_64-windows/libucrtbase.a dlls/kernel32/x86_64-windows/libkernel32.a \
  dlls/ntdll/x86_64-windows/libntdll.a --no-default-config -fms-hotpatch -Wl,-debug:dwarf
tools/winegcc/winegcc -o programs/wevtutil/x86_64-windows/wevtutil.exe --wine-objdir . -b x86_64-windows -Wl,--wine-builtin -mconsole \
  -municode programs/wevtutil/x86_64-windows/main.o dlls/winecrt0/x86_64-windows/libwinecrt0.a \
  libs/compiler-rt/x86_64-windows/libcompiler-rt.a dlls/ucrtbase/x86_64-windows/libucrtbase.a \
  dlls/kernel32/x86_64-windows/libkernel32.a dlls/ntdll/x86_64-windows/libntdll.a --no-default-config -fms-hotpatch -Wl,-debug:dwarf
tools/winegcc/winegcc -o programs/where/x86_64-windows/where.exe --wine-objdir . -b x86_64-windows -Wl,--wine-builtin -mconsole \
  -municode programs/where/x86_64-windows/main.o dlls/shlwapi/x86_64-windows/libshlwapi.a \
  dlls/winecrt0/x86_64-windows/libwinecrt0.a libs/compiler-rt/x86_64-windows/libcompiler-rt.a \
  dlls/ucrtbase/x86_64-windows/libucrtbase.a dlls/kernel32/x86_64-windows/libkernel32.a \
  dlls/ntdll/x86_64-windows/libntdll.a --no-default-config -fms-hotpatch -Wl,-debug:dwarf
tools/winegcc/winegcc -o programs/whoami/x86_64-windows/whoami.exe --wine-objdir . -b x86_64-windows -Wl,--wine-builtin -mconsole \
  -municode programs/whoami/x86_64-windows/main.o dlls/secur32/x86_64-windows/libsecur32.a \
  dlls/advapi32/x86_64-windows/libadvapi32.a dlls/winecrt0/x86_64-windows/libwinecrt0.a \
  libs/compiler-rt/x86_64-windows/libcompiler-rt.a dlls/ucrtbase/x86_64-windows/libucrtbase.a \
  dlls/kernel32/x86_64-windows/libkernel32.a dlls/ntdll/x86_64-windows/libntdll.a --no-default-config -fms-hotpatch -Wl,-debug:dwarf
tools/winegcc/winegcc -o programs/wineboot/x86_64-windows/wineboot.exe --wine-objdir . -b x86_64-windows -Wl,--wine-builtin -mconsole \
  programs/wineboot/x86_64-windows/shutdown.o programs/wineboot/x86_64-windows/wineboot.o \
  programs/wineboot/wineboot.res libs/uuid/x86_64-windows/libuuid.a \
  dlls/advapi32/x86_64-windows/libadvapi32.a dlls/ws2_32/x86_64-windows/libws2_32.a \
  dlls/kernelbase/x86_64-windows/libkernelbase.a dlls/shell32/x86_64-windows/libshell32.a \
  dlls/shlwapi/x86_64-windows/libshlwapi.a dlls/version/x86_64-windows/libversion.a \
  dlls/user32/x86_64-windows/libuser32.a dlls/gdi32/x86_64-windows/libgdi32.a \
  dlls/setupapi/x86_64-windows/libsetupapi.a dlls/newdev/x86_64-windows/libnewdev.a \
  dlls/wininet/x86_64-windows/libwininet.a dlls/winecrt0/x86_64-windows/libwinecrt0.a \
  libs/compiler-rt/x86_64-windows/libcompiler-rt.a dlls/ucrtbase/x86_64-windows/libucrtbase.a \
  dlls/kernel32/x86_64-windows/libkernel32.a dlls/ntdll/x86_64-windows/libntdll.a \
  -Wl,-delayload,shell32.dll -Wl,-delayload,shlwapi.dll -Wl,-delayload,version.dll \
  -Wl,-delayload,user32.dll -Wl,-delayload,gdi32.dll -Wl,-delayload,setupapi.dll \
  -Wl,-delayload,newdev.dll -Wl,-delayload,wininet.dll --no-default-config -fms-hotpatch -Wl,-debug:dwarf
tools/winegcc/winegcc -o programs/winebrowser/x86_64-windows/winebrowser.exe --wine-objdir . -b x86_64-windows -Wl,--wine-builtin -mwindows \
  -municode programs/winebrowser/x86_64-windows/main.o dlls/urlmon/x86_64-windows/liburlmon.a \
  dlls/oleaut32/x86_64-windows/liboleaut32.a dlls/shell32/x86_64-windows/libshell32.a \
  dlls/user32/x86_64-windows/libuser32.a dlls/advapi32/x86_64-windows/libadvapi32.a \
  dlls/winecrt0/x86_64-windows/libwinecrt0.a libs/compiler-rt/x86_64-windows/libcompiler-rt.a \
  dlls/ucrtbase/x86_64-windows/libucrtbase.a dlls/kernel32/x86_64-windows/libkernel32.a \
  dlls/ntdll/x86_64-windows/libntdll.a --no-default-config -fms-hotpatch -Wl,-debug:dwarf
tools/winegcc/winegcc -o programs/winecfg/x86_64-windows/winecfg.exe --wine-objdir . -b x86_64-windows -Wl,--wine-builtin -mwindows \
  -municode programs/winecfg/x86_64-windows/about.o programs/winecfg/x86_64-windows/appdefaults.o \
  programs/winecfg/x86_64-windows/audio.o programs/winecfg/x86_64-windows/drive.o \
  programs/winecfg/x86_64-windows/driveui.o programs/winecfg/x86_64-windows/libraries.o \
  programs/winecfg/x86_64-windows/main.o programs/winecfg/x86_64-windows/theme.o \
  programs/winecfg/x86_64-windows/winecfg.o programs/winecfg/x86_64-windows/x11drvdlg.o \
  programs/winecfg/winecfg.res libs/uuid/x86_64-windows/libuuid.a \
  dlls/comdlg32/x86_64-windows/libcomdlg32.a dlls/comctl32/x86_64-windows/libcomctl32.a \
  dlls/shell32/x86_64-windows/libshell32.a dlls/ole32/x86_64-windows/libole32.a \
  dlls/winmm/x86_64-windows/libwinmm.a dlls/shlwapi/x86_64-windows/libshlwapi.a \
  dlls/uxtheme/x86_64-windows/libuxtheme.a dlls/user32/x86_64-windows/libuser32.a \
  dlls/gdi32/x86_64-windows/libgdi32.a dlls/advapi32/x86_64-windows/libadvapi32.a \
  dlls/winecrt0/x86_64-windows/libwinecrt0.a libs/compiler-rt/x86_64-windows/libcompiler-rt.a \
  dlls/ucrtbase/x86_64-windows/libucrtbase.a dlls/kernel32/x86_64-windows/libkernel32.a \
  dlls/ntdll/x86_64-windows/libntdll.a --no-default-config -fms-hotpatch -Wl,-debug:dwarf
tools/winegcc/winegcc -o programs/wineconsole/x86_64-windows/wineconsole.exe --wine-objdir . -b x86_64-windows -Wl,--wine-builtin -mwindows \
  -municode programs/wineconsole/x86_64-windows/wineconsole.o programs/wineconsole/wineconsole.res \
  dlls/advapi32/x86_64-windows/libadvapi32.a dlls/comctl32/x86_64-windows/libcomctl32.a \
  dlls/user32/x86_64-windows/libuser32.a dlls/gdi32/x86_64-windows/libgdi32.a \
  dlls/winecrt0/x86_64-windows/libwinecrt0.a libs/compiler-rt/x86_64-windows/libcompiler-rt.a \
  dlls/ucrtbase/x86_64-windows/libucrtbase.a dlls/kernel32/x86_64-windows/libkernel32.a \
  dlls/ntdll/x86_64-windows/libntdll.a -Wl,-delayload,comctl32.dll -Wl,-delayload,user32.dll \
  -Wl,-delayload,gdi32.dll --no-default-config -fms-hotpatch -Wl,-debug:dwarf
tools/winegcc/winegcc -o programs/winedbg/x86_64-windows/winedbg.exe --wine-objdir . -b x86_64-windows -Wl,--wine-builtin -mconsole \
  programs/winedbg/x86_64-windows/be_arm.o programs/winedbg/x86_64-windows/be_arm64.o \
  programs/winedbg/x86_64-windows/be_i386.o programs/winedbg/x86_64-windows/be_x86_64.o \
  programs/winedbg/x86_64-windows/break.o programs/winedbg/x86_64-windows/crashdlg.o \
  programs/winedbg/x86_64-windows/display.o programs/winedbg/x86_64-windows/expr.o \
  programs/winedbg/x86_64-windows/gdbproxy.o programs/winedbg/x86_64-windows/info.o \
  programs/winedbg/x86_64-windows/memory.o programs/winedbg/x86_64-windows/source.o \
  programs/winedbg/x86_64-windows/stack.o programs/winedbg/x86_64-windows/symbol.o \
  programs/winedbg/x86_64-windows/tgt_active.o programs/winedbg/x86_64-windows/tgt_minidump.o \
  programs/winedbg/x86_64-windows/tgt_module.o programs/winedbg/x86_64-windows/types.o \
  programs/winedbg/x86_64-windows/winedbg.o programs/winedbg/x86_64-windows/dbg.tab.o \
  programs/winedbg/x86_64-windows/debug.yy.o programs/winedbg/winedbg.res \
  libs/capstone/x86_64-windows/libcapstone.a dlls/dbghelp/x86_64-windows/libdbghelp.a \
  dlls/advapi32/x86_64-windows/libadvapi32.a dlls/comdlg32/x86_64-windows/libcomdlg32.a \
  dlls/shell32/x86_64-windows/libshell32.a dlls/comctl32/x86_64-windows/libcomctl32.a \
  dlls/user32/x86_64-windows/libuser32.a dlls/gdi32/x86_64-windows/libgdi32.a \
  dlls/ws2_32/x86_64-windows/libws2_32.a dlls/winecrt0/x86_64-windows/libwinecrt0.a \
  libs/compiler-rt/x86_64-windows/libcompiler-rt.a dlls/ucrtbase/x86_64-windows/libucrtbase.a \
  dlls/kernel32/x86_64-windows/libkernel32.a dlls/ntdll/x86_64-windows/libntdll.a \
  -Wl,-delayload,comdlg32.dll -Wl,-delayload,shell32.dll -Wl,-delayload,comctl32.dll \
  -Wl,-delayload,user32.dll -Wl,-delayload,gdi32.dll -Wl,-delayload,ws2_32.dll --no-default-config -fms-hotpatch -Wl,-debug:dwarf
tools/winegcc/winegcc -o programs/winedevice/x86_64-windows/winedevice.exe --wine-objdir . -b x86_64-windows -Wl,--wine-builtin -mwindows \
  -municode programs/winedevice/x86_64-windows/device.o dlls/advapi32/x86_64-windows/libadvapi32.a \
  dlls/ntoskrnl.exe/x86_64-windows/libntoskrnl.a dlls/winecrt0/x86_64-windows/libwinecrt0.a \
  libs/compiler-rt/x86_64-windows/libcompiler-rt.a dlls/ucrtbase/x86_64-windows/libucrtbase.a \
  dlls/kernel32/x86_64-windows/libkernel32.a dlls/ntdll/x86_64-windows/libntdll.a --no-default-config -fms-hotpatch -Wl,-debug:dwarf
tools/winegcc/winegcc -o programs/winefile/x86_64-windows/winefile.exe --wine-objdir . -b x86_64-windows -Wl,--wine-builtin -mwindows \
  -municode programs/winefile/x86_64-windows/winefile.o programs/winefile/winefile.res \
  libs/uuid/x86_64-windows/libuuid.a dlls/shell32/x86_64-windows/libshell32.a \
  dlls/comdlg32/x86_64-windows/libcomdlg32.a dlls/comctl32/x86_64-windows/libcomctl32.a \
  dlls/ole32/x86_64-windows/libole32.a dlls/mpr/x86_64-windows/libmpr.a \
  dlls/version/x86_64-windows/libversion.a dlls/user32/x86_64-windows/libuser32.a \
  dlls/gdi32/x86_64-windows/libgdi32.a dlls/advapi32/x86_64-windows/libadvapi32.a \
  dlls/shlwapi/x86_64-windows/libshlwapi.a dlls/winecrt0/x86_64-windows/libwinecrt0.a \
  libs/compiler-rt/x86_64-windows/libcompiler-rt.a dlls/ucrtbase/x86_64-windows/libucrtbase.a \
  dlls/kernel32/x86_64-windows/libkernel32.a dlls/ntdll/x86_64-windows/libntdll.a --no-default-config -fms-hotpatch -Wl,-debug:dwarf
tools/winegcc/winegcc -o programs/winemenubuilder/x86_64-windows/winemenubuilder.exe --wine-objdir . -b x86_64-windows -Wl,--wine-builtin -mwindows \
  -municode programs/winemenubuilder/x86_64-windows/winemenubuilder.o \
  libs/uuid/x86_64-windows/libuuid.a dlls/windowscodecs/x86_64-windows/libwindowscodecs.a \
  dlls/shell32/x86_64-windows/libshell32.a dlls/shlwapi/x86_64-windows/libshlwapi.a \
  dlls/ole32/x86_64-windows/libole32.a dlls/user32/x86_64-windows/libuser32.a \
  dlls/advapi32/x86_64-windows/libadvapi32.a dlls/winecrt0/x86_64-windows/libwinecrt0.a \
  libs/compiler-rt/x86_64-windows/libcompiler-rt.a dlls/ucrtbase/x86_64-windows/libucrtbase.a \
  dlls/kernel32/x86_64-windows/libkernel32.a dlls/ntdll/x86_64-windows/libntdll.a --no-default-config -fms-hotpatch -Wl,-debug:dwarf
tools/winegcc/winegcc -o programs/winemine/x86_64-windows/winemine.exe --wine-objdir . -b x86_64-windows -Wl,--wine-builtin -mwindows \
  -municode programs/winemine/x86_64-windows/dialog.o programs/winemine/x86_64-windows/main.o \
  programs/winemine/winemine.res dlls/user32/x86_64-windows/libuser32.a \
  dlls/gdi32/x86_64-windows/libgdi32.a dlls/advapi32/x86_64-windows/libadvapi32.a \
  dlls/comctl32/x86_64-windows/libcomctl32.a dlls/shell32/x86_64-windows/libshell32.a \
  dlls/winecrt0/x86_64-windows/libwinecrt0.a libs/compiler-rt/x86_64-windows/libcompiler-rt.a \
  dlls/ucrtbase/x86_64-windows/libucrtbase.a dlls/kernel32/x86_64-windows/libkernel32.a \
  dlls/ntdll/x86_64-windows/libntdll.a -Wl,-delayload,shell32.dll --no-default-config -fms-hotpatch -Wl,-debug:dwarf
tools/winegcc/winegcc -o programs/winemsibuilder/x86_64-windows/winemsibuilder.exe --wine-objdir . -b x86_64-windows -Wl,--wine-builtin -mconsole \
  -municode programs/winemsibuilder/x86_64-windows/main.o dlls/msi/x86_64-windows/libmsi.a \
  dlls/ole32/x86_64-windows/libole32.a dlls/winecrt0/x86_64-windows/libwinecrt0.a \
  libs/compiler-rt/x86_64-windows/libcompiler-rt.a dlls/ucrtbase/x86_64-windows/libucrtbase.a \
  dlls/kernel32/x86_64-windows/libkernel32.a dlls/ntdll/x86_64-windows/libntdll.a --no-default-config -fms-hotpatch -Wl,-debug:dwarf
tools/winegcc/winegcc -o programs/winepath/x86_64-windows/winepath.exe --wine-objdir . -b x86_64-windows -Wl,--wine-builtin -mconsole \
  -municode programs/winepath/x86_64-windows/winepath.o dlls/winecrt0/x86_64-windows/libwinecrt0.a \
  libs/compiler-rt/x86_64-windows/libcompiler-rt.a dlls/ucrtbase/x86_64-windows/libucrtbase.a \
  dlls/kernel32/x86_64-windows/libkernel32.a dlls/ntdll/x86_64-windows/libntdll.a --no-default-config -fms-hotpatch -Wl,-debug:dwarf
tools/winegcc/winegcc -o programs/winhlp32/x86_64-windows/winhlp32.exe --wine-objdir . -b x86_64-windows -Wl,--wine-builtin -mwindows \
  programs/winhlp32/x86_64-windows/callback.o programs/winhlp32/x86_64-windows/hlpfile.o \
  programs/winhlp32/x86_64-windows/macro.o programs/winhlp32/x86_64-windows/string.o \
  programs/winhlp32/x86_64-windows/winhelp.o programs/winhlp32/x86_64-windows/macro.lex.yy.o \
  programs/winhlp32/winhlp32.res dlls/user32/x86_64-windows/libuser32.a \
  dlls/gdi32/x86_64-windows/libgdi32.a dlls/shell32/x86_64-windows/libshell32.a \
  dlls/comctl32/x86_64-windows/libcomctl32.a dlls/comdlg32/x86_64-windows/libcomdlg32.a \
  dlls/winecrt0/x86_64-windows/libwinecrt0.a libs/compiler-rt/x86_64-windows/libcompiler-rt.a \
  dlls/ucrtbase/x86_64-windows/libucrtbase.a dlls/kernel32/x86_64-windows/libkernel32.a \
  dlls/ntdll/x86_64-windows/libntdll.a -Wl,-delayload,shell32.dll -Wl,-delayload,comctl32.dll \
  -Wl,-delayload,comdlg32.dll --no-default-config -fms-hotpatch -Wl,-debug:dwarf
tools/winegcc/winegcc -o programs/winmgmt/x86_64-windows/winmgmt.exe --wine-objdir . -b x86_64-windows -Wl,--wine-builtin -mconsole \
  -municode programs/winmgmt/x86_64-windows/main.o dlls/advapi32/x86_64-windows/libadvapi32.a \
  dlls/winecrt0/x86_64-windows/libwinecrt0.a libs/compiler-rt/x86_64-windows/libcompiler-rt.a \
  dlls/ucrtbase/x86_64-windows/libucrtbase.a dlls/kernel32/x86_64-windows/libkernel32.a \
  dlls/ntdll/x86_64-windows/libntdll.a --no-default-config -fms-hotpatch -Wl,-debug:dwarf
tools/winegcc/winegcc -o programs/winver/x86_64-windows/winver.exe --wine-objdir . -b x86_64-windows -Wl,--wine-builtin -mwindows \
  programs/winver/x86_64-windows/winver.o programs/winver/version.res \
  dlls/shell32/x86_64-windows/libshell32.a dlls/comctl32/x86_64-windows/libcomctl32.a \
  dlls/winecrt0/x86_64-windows/libwinecrt0.a libs/compiler-rt/x86_64-windows/libcompiler-rt.a \
  dlls/ucrtbase/x86_64-windows/libucrtbase.a dlls/kernel32/x86_64-windows/libkernel32.a \
  dlls/ntdll/x86_64-windows/libntdll.a --no-default-config -fms-hotpatch -Wl,-debug:dwarf
tools/winegcc/winegcc -o programs/wmic/x86_64-windows/wmic.exe --wine-objdir . -b x86_64-windows -Wl,--wine-builtin -mconsole \
  -municode programs/wmic/x86_64-windows/main.o programs/wmic/wmic.res \
  dlls/oleaut32/x86_64-windows/liboleaut32.a dlls/ole32/x86_64-windows/libole32.a \
  dlls/user32/x86_64-windows/libuser32.a dlls/shell32/x86_64-windows/libshell32.a \
  dlls/winecrt0/x86_64-windows/libwinecrt0.a libs/compiler-rt/x86_64-windows/libcompiler-rt.a \
  dlls/ucrtbase/x86_64-windows/libucrtbase.a dlls/kernel32/x86_64-windows/libkernel32.a \
  dlls/ntdll/x86_64-windows/libntdll.a --no-default-config -fms-hotpatch -Wl,-debug:dwarf
tools/winegcc/winegcc -o programs/wmplayer/x86_64-windows/wmplayer.exe --wine-objdir . -b x86_64-windows -Wl,--wine-builtin -mwindows \
  -municode programs/wmplayer/x86_64-windows/main.o programs/wmplayer/version.res \
  dlls/winecrt0/x86_64-windows/libwinecrt0.a libs/compiler-rt/x86_64-windows/libcompiler-rt.a \
  dlls/ucrtbase/x86_64-windows/libucrtbase.a dlls/kernel32/x86_64-windows/libkernel32.a \
  dlls/ntdll/x86_64-windows/libntdll.a --no-default-config -fms-hotpatch -Wl,-debug:dwarf
tools/winegcc/winegcc -o programs/wordpad/x86_64-windows/wordpad.exe --wine-objdir . -b x86_64-windows -Wl,--wine-builtin -mwindows \
  programs/wordpad/x86_64-windows/olecallback.o programs/wordpad/x86_64-windows/print.o \
  programs/wordpad/x86_64-windows/registry.o programs/wordpad/x86_64-windows/wordpad.o \
  programs/wordpad/wordpad.res dlls/comdlg32/x86_64-windows/libcomdlg32.a \
  libs/uuid/x86_64-windows/libuuid.a dlls/ole32/x86_64-windows/libole32.a \
  dlls/shell32/x86_64-windows/libshell32.a dlls/user32/x86_64-windows/libuser32.a \
  dlls/gdi32/x86_64-windows/libgdi32.a dlls/advapi32/x86_64-windows/libadvapi32.a \
  dlls/comctl32/x86_64-windows/libcomctl32.a dlls/winecrt0/x86_64-windows/libwinecrt0.a \
  libs/compiler-rt/x86_64-windows/libcompiler-rt.a dlls/ucrtbase/x86_64-windows/libucrtbase.a \
  dlls/kernel32/x86_64-windows/libkernel32.a dlls/ntdll/x86_64-windows/libntdll.a --no-default-config -fms-hotpatch -Wl,-debug:dwarf
tools/winegcc/winegcc -o programs/write/x86_64-windows/write.exe --wine-objdir . -b x86_64-windows -Wl,--wine-builtin -mwindows \
  programs/write/x86_64-windows/write.o programs/write/write.res \
  dlls/user32/x86_64-windows/libuser32.a dlls/gdi32/x86_64-windows/libgdi32.a \
  dlls/shell32/x86_64-windows/libshell32.a dlls/winecrt0/x86_64-windows/libwinecrt0.a \
  libs/compiler-rt/x86_64-windows/libcompiler-rt.a dlls/ucrtbase/x86_64-windows/libucrtbase.a \
  dlls/kernel32/x86_64-windows/libkernel32.a dlls/ntdll/x86_64-windows/libntdll.a --no-default-config -fms-hotpatch -Wl,-debug:dwarf
tools/widl/widl -o programs/wscript/x86_64-windows/ihost_l.res -b x86_64-windows --nostdinc -Ldlls/\* -Iprograms/wscript \
  -I/private/tmp/gptk4-wine11-source/programs/wscript -Iinclude \
  -I/private/tmp/gptk4-wine11-source/include -I/private/tmp/gptk4-wine11-source/include/msvcrt \
  -D_UCRT -D__WINESRC__ /private/tmp/gptk4-wine11-source/programs/wscript/ihost.idl
tools/winegcc/winegcc -o programs/wuauserv/x86_64-windows/wuauserv.exe --wine-objdir . -b x86_64-windows -Wl,--wine-builtin -mconsole \
  programs/wuauserv/x86_64-windows/main.o dlls/advapi32/x86_64-windows/libadvapi32.a \
  dlls/winecrt0/x86_64-windows/libwinecrt0.a libs/compiler-rt/x86_64-windows/libcompiler-rt.a \
  dlls/ucrtbase/x86_64-windows/libucrtbase.a dlls/kernel32/x86_64-windows/libkernel32.a \
  dlls/ntdll/x86_64-windows/libntdll.a --no-default-config -fms-hotpatch -Wl,-debug:dwarf
tools/winegcc/winegcc -o programs/wusa/x86_64-windows/wusa.exe --wine-objdir . -b x86_64-windows -Wl,--wine-builtin -mwindows \
  -municode programs/wusa/x86_64-windows/main.o programs/wusa/x86_64-windows/manifest.o \
  dlls/cabinet/x86_64-windows/libcabinet.a dlls/shlwapi/x86_64-windows/libshlwapi.a \
  dlls/ole32/x86_64-windows/libole32.a dlls/oleaut32/x86_64-windows/liboleaut32.a \
  dlls/advapi32/x86_64-windows/libadvapi32.a dlls/shell32/x86_64-windows/libshell32.a \
  dlls/winecrt0/x86_64-windows/libwinecrt0.a libs/compiler-rt/x86_64-windows/libcompiler-rt.a \
  dlls/ucrtbase/x86_64-windows/libucrtbase.a dlls/kernel32/x86_64-windows/libkernel32.a \
  dlls/ntdll/x86_64-windows/libntdll.a --no-default-config -fms-hotpatch -Wl,-debug:dwarf
tools/winegcc/winegcc -o programs/xcopy/x86_64-windows/xcopy.exe --wine-objdir . -b x86_64-windows -Wl,--wine-builtin -mconsole \
  -municode programs/xcopy/x86_64-windows/xcopy.o programs/xcopy/xcopy.res \
  dlls/shell32/x86_64-windows/libshell32.a dlls/user32/x86_64-windows/libuser32.a \
  dlls/winecrt0/x86_64-windows/libwinecrt0.a libs/compiler-rt/x86_64-windows/libcompiler-rt.a \
  dlls/ucrtbase/x86_64-windows/libucrtbase.a dlls/kernel32/x86_64-windows/libkernel32.a \
  dlls/ntdll/x86_64-windows/libntdll.a --no-default-config -fms-hotpatch -Wl,-debug:dwarf
tools/winegcc/winegcc -o dlls/activeds.tlb/x86_64-windows/activeds.tlb --wine-objdir . -b x86_64-windows -Wl,--wine-builtin -shared \
  -Wb,--data-only dlls/activeds.tlb/x86_64-windows/activeds_tlb_t.res --no-default-config -fms-hotpatch -Wl,-debug:dwarf
tools/winegcc/winegcc -o dlls/atl90/x86_64-windows/atl90.dll --wine-objdir . -b x86_64-windows -Wl,--wine-builtin -shared \
  /private/tmp/gptk4-wine11-source/dlls/atl90/atl90.spec dlls/atl90/x86_64-windows/atl.o \
  dlls/atl90/x86_64-windows/atl_ax.o dlls/atl90/x86_64-windows/registrar.o dlls/atl90/atl90.res \
  dlls/atl90/x86_64-windows/atl_lib_t.res dlls/oleaut32/x86_64-windows/liboleaut32.a \
  dlls/user32/x86_64-windows/libuser32.a dlls/ole32/x86_64-windows/libole32.a \
  dlls/gdi32/x86_64-windows/libgdi32.a dlls/advapi32/x86_64-windows/libadvapi32.a \
  libs/uuid/x86_64-windows/libuuid.a dlls/shlwapi/x86_64-windows/libshlwapi.a \
  dlls/winecrt0/x86_64-windows/libwinecrt0.a libs/compiler-rt/x86_64-windows/libcompiler-rt.a \
  dlls/ucrtbase/x86_64-windows/libucrtbase.a dlls/kernel32/x86_64-windows/libkernel32.a \
  dlls/ntdll/x86_64-windows/libntdll.a --no-default-config -fms-hotpatch -Wl,-debug:dwarf
clang -arch x86_64 -m64 -o dlls/bcrypt/bcrypt.so -dynamiclib -install_name @rpath/bcrypt.so -Wl,-rpath,@loader_path\/ \
  dlls/bcrypt/gnutls.o dlls/ntdll/ntdll.so -Wl,-headerpad_max_install_names,-rpath,@executable_path/../lib/external
tools/winegcc/winegcc -o dlls/colorcnv/x86_64-windows/colorcnv.dll --wine-objdir . -b x86_64-windows -Wl,--wine-builtin -shared \
  /private/tmp/gptk4-wine11-source/dlls/colorcnv/colorcnv.spec \
  dlls/colorcnv/x86_64-windows/colorcnv.o dlls/colorcnv/x86_64-windows/colorcnv_r.res \
  dlls/combase/x86_64-windows/libcombase.a dlls/mfplat/x86_64-windows/libmfplat.a \
  dlls/msdmo/x86_64-windows/libmsdmo.a libs/mfuuid/x86_64-windows/libmfuuid.a \
  libs/dmoguids/x86_64-windows/libdmoguids.a libs/strmiids/x86_64-windows/libstrmiids.a \
  libs/wmcodecdspuuid/x86_64-windows/libwmcodecdspuuid.a libs/uuid/x86_64-windows/libuuid.a \
  dlls/winecrt0/x86_64-windows/libwinecrt0.a libs/compiler-rt/x86_64-windows/libcompiler-rt.a \
  dlls/ucrtbase/x86_64-windows/libucrtbase.a dlls/kernel32/x86_64-windows/libkernel32.a \
  dlls/ntdll/x86_64-windows/libntdll.a --no-default-config -fms-hotpatch -Wl,-debug:dwarf
tools/winegcc/winegcc -o dlls/comsvcs/x86_64-windows/comsvcs.dll --wine-objdir . -b x86_64-windows -Wl,--wine-builtin -shared \
  /private/tmp/gptk4-wine11-source/dlls/comsvcs/comsvcs.spec -Wb,--prefer-native \
  dlls/comsvcs/x86_64-windows/main.o dlls/comsvcs/x86_64-windows/property.o \
  dlls/comsvcs/x86_64-windows/comsvcs_classes_r.res dlls/comsvcs/x86_64-windows/comsvcs_tlb_t.res \
  dlls/ole32/x86_64-windows/libole32.a libs/uuid/x86_64-windows/libuuid.a \
  dlls/winecrt0/x86_64-windows/libwinecrt0.a libs/compiler-rt/x86_64-windows/libcompiler-rt.a \
  dlls/ucrtbase/x86_64-windows/libucrtbase.a dlls/kernel32/x86_64-windows/libkernel32.a \
  dlls/ntdll/x86_64-windows/libntdll.a --no-default-config -fms-hotpatch -Wl,-debug:dwarf
tools/winegcc/winegcc -o dlls/d2d1/x86_64-windows/d2d1.dll --wine-objdir . -b x86_64-windows -Wl,--wine-builtin -shared \
  /private/tmp/gptk4-wine11-source/dlls/d2d1/d2d1.spec dlls/d2d1/x86_64-windows/bitmap.o \
  dlls/d2d1/x86_64-windows/bitmap_render_target.o dlls/d2d1/x86_64-windows/brush.o \
  dlls/d2d1/x86_64-windows/command_list.o dlls/d2d1/x86_64-windows/dc_render_target.o \
  dlls/d2d1/x86_64-windows/device.o dlls/d2d1/x86_64-windows/effect.o \
  dlls/d2d1/x86_64-windows/factory.o dlls/d2d1/x86_64-windows/geometry.o \
  dlls/d2d1/x86_64-windows/hwnd_render_target.o dlls/d2d1/x86_64-windows/layer.o \
  dlls/d2d1/x86_64-windows/mesh.o dlls/d2d1/x86_64-windows/state_block.o \
  dlls/d2d1/x86_64-windows/stroke.o dlls/d2d1/x86_64-windows/wic_render_target.o \
  dlls/d2d1/version.res dlls/d3d10_1/x86_64-windows/libd3d10_1.a \
  libs/dxguid/x86_64-windows/libdxguid.a libs/uuid/x86_64-windows/libuuid.a \
  dlls/gdi32/x86_64-windows/libgdi32.a dlls/user32/x86_64-windows/libuser32.a \
  dlls/advapi32/x86_64-windows/libadvapi32.a dlls/d3dcompiler_47/x86_64-windows/libd3dcompiler.a \
  dlls/dwrite/x86_64-windows/libdwrite.a dlls/xmllite/x86_64-windows/libxmllite.a \
  dlls/ole32/x86_64-windows/libole32.a dlls/winecrt0/x86_64-windows/libwinecrt0.a \
  libs/compiler-rt/x86_64-windows/libcompiler-rt.a dlls/ucrtbase/x86_64-windows/libucrtbase.a \
  dlls/kernel32/x86_64-windows/libkernel32.a dlls/ntdll/x86_64-windows/libntdll.a \
  -Wl,-delayload,dwrite.dll -Wl,-delayload,xmllite.dll -Wl,-delayload,ole32.dll --no-default-config -fms-hotpatch -Wl,-debug:dwarf
tools/winegcc/winegcc -o dlls/d3dx10_43/x86_64-windows/d3dx10_43.dll --wine-objdir . -b x86_64-windows -Wl,--wine-builtin -shared \
  /private/tmp/gptk4-wine11-source/dlls/d3dx10_43/d3dx10_43.spec -Wb,--prefer-native \
  dlls/d3dx10_43/x86_64-windows/async.o dlls/d3dx10_43/x86_64-windows/compiler.o \
  dlls/d3dx10_43/x86_64-windows/d3dx10_43_main.o dlls/d3dx10_43/x86_64-windows/d3dx_helpers.o \
  dlls/d3dx10_43/x86_64-windows/font.o dlls/d3dx10_43/x86_64-windows/mesh.o \
  dlls/d3dx10_43/x86_64-windows/sprite.o dlls/d3dx10_43/x86_64-windows/texture.o \
  dlls/d3dx10_43/version.res dlls/d3d10_1/x86_64-windows/libd3d10_1.a \
  dlls/d3dcompiler_47/x86_64-windows/libd3dcompiler.a libs/dxguid/x86_64-windows/libdxguid.a \
  libs/uuid/x86_64-windows/libuuid.a dlls/gdi32/x86_64-windows/libgdi32.a \
  dlls/ole32/x86_64-windows/libole32.a dlls/user32/x86_64-windows/libuser32.a \
  dlls/windowscodecs/x86_64-windows/libwindowscodecs.a dlls/winecrt0/x86_64-windows/libwinecrt0.a \
  libs/compiler-rt/x86_64-windows/libcompiler-rt.a dlls/ucrtbase/x86_64-windows/libucrtbase.a \
  dlls/kernel32/x86_64-windows/libkernel32.a dlls/ntdll/x86_64-windows/libntdll.a \
  -Wl,-delayload,windowscodecs.dll --no-default-config -fms-hotpatch -Wl,-debug:dwarf
tools/winegcc/winegcc -o dlls/d3dx11_43/x86_64-windows/d3dx11_43.dll --wine-objdir . -b x86_64-windows -Wl,--wine-builtin -shared \
  /private/tmp/gptk4-wine11-source/dlls/d3dx11_43/d3dx11_43.spec -Wb,--prefer-native \
  dlls/d3dx11_43/x86_64-windows/async.o dlls/d3dx11_43/x86_64-windows/d3dx11_43_main.o \
  dlls/d3dx11_43/x86_64-windows/d3dx_helpers.o dlls/d3dx11_43/x86_64-windows/texture.o \
  dlls/d3dx11_43/version.res dlls/d3dcompiler_47/x86_64-windows/libd3dcompiler.a \
  dlls/gdi32/x86_64-windows/libgdi32.a dlls/ole32/x86_64-windows/libole32.a \
  dlls/user32/x86_64-windows/libuser32.a dlls/windowscodecs/x86_64-windows/libwindowscodecs.a \
  dlls/winecrt0/x86_64-windows/libwinecrt0.a libs/compiler-rt/x86_64-windows/libcompiler-rt.a \
  dlls/ucrtbase/x86_64-windows/libucrtbase.a dlls/kernel32/x86_64-windows/libkernel32.a \
  dlls/ntdll/x86_64-windows/libntdll.a -Wl,-delayload,windowscodecs.dll --no-default-config -fms-hotpatch -Wl,-debug:dwarf
tools/winegcc/winegcc -o dlls/d3dx9_24/x86_64-windows/d3dx9_24.dll --wine-objdir . -b x86_64-windows -Wl,--wine-builtin -shared \
  /private/tmp/gptk4-wine11-source/dlls/d3dx9_24/d3dx9_24.spec -Wb,--prefer-native \
  dlls/d3dx9_24/x86_64-windows/animation.o dlls/d3dx9_24/x86_64-windows/core.o \
  dlls/d3dx9_24/x86_64-windows/d3dx_helpers.o dlls/d3dx9_24/x86_64-windows/effect.o \
  dlls/d3dx9_24/x86_64-windows/font.o dlls/d3dx9_24/x86_64-windows/line.o \
  dlls/d3dx9_24/x86_64-windows/main.o dlls/d3dx9_24/x86_64-windows/math.o \
  dlls/d3dx9_24/x86_64-windows/mesh.o dlls/d3dx9_24/x86_64-windows/preshader.o \
  dlls/d3dx9_24/x86_64-windows/render.o dlls/d3dx9_24/x86_64-windows/shader.o \
  dlls/d3dx9_24/x86_64-windows/skin.o dlls/d3dx9_24/x86_64-windows/sprite.o \
  dlls/d3dx9_24/x86_64-windows/surface.o dlls/d3dx9_24/x86_64-windows/texture.o \
  dlls/d3dx9_24/x86_64-windows/util.o dlls/d3dx9_24/x86_64-windows/volume.o \
  dlls/d3dx9_24/x86_64-windows/xfile.o dlls/d3dx9_24/version.res dlls/d3d9/x86_64-windows/libd3d9.a \
  dlls/d3dcompiler_47/x86_64-windows/libd3dcompiler.a libs/dxguid/x86_64-windows/libdxguid.a \
  dlls/d3dxof/x86_64-windows/libd3dxof.a dlls/ole32/x86_64-windows/libole32.a \
  dlls/gdi32/x86_64-windows/libgdi32.a dlls/user32/x86_64-windows/libuser32.a \
  dlls/wined3d/x86_64-windows/libwined3d.a dlls/windowscodecs/x86_64-windows/libwindowscodecs.a \
  dlls/winecrt0/x86_64-windows/libwinecrt0.a libs/compiler-rt/x86_64-windows/libcompiler-rt.a \
  dlls/ucrtbase/x86_64-windows/libucrtbase.a dlls/kernel32/x86_64-windows/libkernel32.a \
  dlls/ntdll/x86_64-windows/libntdll.a -Wl,-delayload,windowscodecs.dll --no-default-config -fms-hotpatch -Wl,-debug:dwarf
tools/winegcc/winegcc -o dlls/d3dx9_25/x86_64-windows/d3dx9_25.dll --wine-objdir . -b x86_64-windows -Wl,--wine-builtin -shared \
  /private/tmp/gptk4-wine11-source/dlls/d3dx9_25/d3dx9_25.spec -Wb,--prefer-native \
  dlls/d3dx9_25/x86_64-windows/animation.o dlls/d3dx9_25/x86_64-windows/core.o \
  dlls/d3dx9_25/x86_64-windows/d3dx_helpers.o dlls/d3dx9_25/x86_64-windows/effect.o \
  dlls/d3dx9_25/x86_64-windows/font.o dlls/d3dx9_25/x86_64-windows/line.o \
  dlls/d3dx9_25/x86_64-windows/main.o dlls/d3dx9_25/x86_64-windows/math.o \
  dlls/d3dx9_25/x86_64-windows/mesh.o dlls/d3dx9_25/x86_64-windows/preshader.o \
  dlls/d3dx9_25/x86_64-windows/render.o dlls/d3dx9_25/x86_64-windows/shader.o \
  dlls/d3dx9_25/x86_64-windows/skin.o dlls/d3dx9_25/x86_64-windows/sprite.o \
  dlls/d3dx9_25/x86_64-windows/surface.o dlls/d3dx9_25/x86_64-windows/texture.o \
  dlls/d3dx9_25/x86_64-windows/util.o dlls/d3dx9_25/x86_64-windows/volume.o \
  dlls/d3dx9_25/x86_64-windows/xfile.o dlls/d3dx9_25/version.res dlls/d3d9/x86_64-windows/libd3d9.a \
  dlls/d3dcompiler_47/x86_64-windows/libd3dcompiler.a libs/dxguid/x86_64-windows/libdxguid.a \
  dlls/d3dxof/x86_64-windows/libd3dxof.a dlls/ole32/x86_64-windows/libole32.a \
  dlls/gdi32/x86_64-windows/libgdi32.a dlls/user32/x86_64-windows/libuser32.a \
  dlls/wined3d/x86_64-windows/libwined3d.a dlls/windowscodecs/x86_64-windows/libwindowscodecs.a \
  dlls/winecrt0/x86_64-windows/libwinecrt0.a libs/compiler-rt/x86_64-windows/libcompiler-rt.a \
  dlls/ucrtbase/x86_64-windows/libucrtbase.a dlls/kernel32/x86_64-windows/libkernel32.a \
  dlls/ntdll/x86_64-windows/libntdll.a -Wl,-delayload,windowscodecs.dll --no-default-config -fms-hotpatch -Wl,-debug:dwarf
tools/winegcc/winegcc -o dlls/d3dx9_26/x86_64-windows/d3dx9_26.dll --wine-objdir . -b x86_64-windows -Wl,--wine-builtin -shared \
  /private/tmp/gptk4-wine11-source/dlls/d3dx9_26/d3dx9_26.spec -Wb,--prefer-native \
  dlls/d3dx9_26/x86_64-windows/animation.o dlls/d3dx9_26/x86_64-windows/core.o \
  dlls/d3dx9_26/x86_64-windows/d3dx_helpers.o dlls/d3dx9_26/x86_64-windows/effect.o \
  dlls/d3dx9_26/x86_64-windows/font.o dlls/d3dx9_26/x86_64-windows/line.o \
  dlls/d3dx9_26/x86_64-windows/main.o dlls/d3dx9_26/x86_64-windows/math.o \
  dlls/d3dx9_26/x86_64-windows/mesh.o dlls/d3dx9_26/x86_64-windows/preshader.o \
  dlls/d3dx9_26/x86_64-windows/render.o dlls/d3dx9_26/x86_64-windows/shader.o \
  dlls/d3dx9_26/x86_64-windows/skin.o dlls/d3dx9_26/x86_64-windows/sprite.o \
  dlls/d3dx9_26/x86_64-windows/surface.o dlls/d3dx9_26/x86_64-windows/texture.o \
  dlls/d3dx9_26/x86_64-windows/util.o dlls/d3dx9_26/x86_64-windows/volume.o \
  dlls/d3dx9_26/x86_64-windows/xfile.o dlls/d3dx9_26/version.res dlls/d3d9/x86_64-windows/libd3d9.a \
  dlls/d3dcompiler_47/x86_64-windows/libd3dcompiler.a libs/dxguid/x86_64-windows/libdxguid.a \
  dlls/d3dxof/x86_64-windows/libd3dxof.a dlls/ole32/x86_64-windows/libole32.a \
  dlls/gdi32/x86_64-windows/libgdi32.a dlls/user32/x86_64-windows/libuser32.a \
  dlls/wined3d/x86_64-windows/libwined3d.a dlls/windowscodecs/x86_64-windows/libwindowscodecs.a \
  dlls/winecrt0/x86_64-windows/libwinecrt0.a libs/compiler-rt/x86_64-windows/libcompiler-rt.a \
  dlls/ucrtbase/x86_64-windows/libucrtbase.a dlls/kernel32/x86_64-windows/libkernel32.a \
  dlls/ntdll/x86_64-windows/libntdll.a -Wl,-delayload,windowscodecs.dll --no-default-config -fms-hotpatch -Wl,-debug:dwarf
tools/winegcc/winegcc -o dlls/d3dx9_27/x86_64-windows/d3dx9_27.dll --wine-objdir . -b x86_64-windows -Wl,--wine-builtin -shared \
  /private/tmp/gptk4-wine11-source/dlls/d3dx9_27/d3dx9_27.spec -Wb,--prefer-native \
  dlls/d3dx9_27/x86_64-windows/animation.o dlls/d3dx9_27/x86_64-windows/core.o \
  dlls/d3dx9_27/x86_64-windows/d3dx_helpers.o dlls/d3dx9_27/x86_64-windows/effect.o \
  dlls/d3dx9_27/x86_64-windows/font.o dlls/d3dx9_27/x86_64-windows/line.o \
  dlls/d3dx9_27/x86_64-windows/main.o dlls/d3dx9_27/x86_64-windows/math.o \
  dlls/d3dx9_27/x86_64-windows/mesh.o dlls/d3dx9_27/x86_64-windows/preshader.o \
  dlls/d3dx9_27/x86_64-windows/render.o dlls/d3dx9_27/x86_64-windows/shader.o \
  dlls/d3dx9_27/x86_64-windows/skin.o dlls/d3dx9_27/x86_64-windows/sprite.o \
  dlls/d3dx9_27/x86_64-windows/surface.o dlls/d3dx9_27/x86_64-windows/texture.o \
  dlls/d3dx9_27/x86_64-windows/util.o dlls/d3dx9_27/x86_64-windows/volume.o \
  dlls/d3dx9_27/x86_64-windows/xfile.o dlls/d3dx9_27/version.res dlls/d3d9/x86_64-windows/libd3d9.a \
  dlls/d3dcompiler_47/x86_64-windows/libd3dcompiler.a libs/dxguid/x86_64-windows/libdxguid.a \
  dlls/d3dxof/x86_64-windows/libd3dxof.a dlls/ole32/x86_64-windows/libole32.a \
  dlls/gdi32/x86_64-windows/libgdi32.a dlls/user32/x86_64-windows/libuser32.a \
  dlls/wined3d/x86_64-windows/libwined3d.a dlls/windowscodecs/x86_64-windows/libwindowscodecs.a \
  dlls/winecrt0/x86_64-windows/libwinecrt0.a libs/compiler-rt/x86_64-windows/libcompiler-rt.a \
  dlls/ucrtbase/x86_64-windows/libucrtbase.a dlls/kernel32/x86_64-windows/libkernel32.a \
  dlls/ntdll/x86_64-windows/libntdll.a -Wl,-delayload,windowscodecs.dll --no-default-config -fms-hotpatch -Wl,-debug:dwarf
tools/winegcc/winegcc -o dlls/d3dx9_28/x86_64-windows/d3dx9_28.dll --wine-objdir . -b x86_64-windows -Wl,--wine-builtin -shared \
  /private/tmp/gptk4-wine11-source/dlls/d3dx9_28/d3dx9_28.spec -Wb,--prefer-native \
  dlls/d3dx9_28/x86_64-windows/animation.o dlls/d3dx9_28/x86_64-windows/core.o \
  dlls/d3dx9_28/x86_64-windows/d3dx_helpers.o dlls/d3dx9_28/x86_64-windows/effect.o \
  dlls/d3dx9_28/x86_64-windows/font.o dlls/d3dx9_28/x86_64-windows/line.o \
  dlls/d3dx9_28/x86_64-windows/main.o dlls/d3dx9_28/x86_64-windows/math.o \
  dlls/d3dx9_28/x86_64-windows/mesh.o dlls/d3dx9_28/x86_64-windows/preshader.o \
  dlls/d3dx9_28/x86_64-windows/render.o dlls/d3dx9_28/x86_64-windows/shader.o \
  dlls/d3dx9_28/x86_64-windows/skin.o dlls/d3dx9_28/x86_64-windows/sprite.o \
  dlls/d3dx9_28/x86_64-windows/surface.o dlls/d3dx9_28/x86_64-windows/texture.o \
  dlls/d3dx9_28/x86_64-windows/util.o dlls/d3dx9_28/x86_64-windows/volume.o \
  dlls/d3dx9_28/x86_64-windows/xfile.o dlls/d3dx9_28/version.res dlls/d3d9/x86_64-windows/libd3d9.a \
  dlls/d3dcompiler_47/x86_64-windows/libd3dcompiler.a libs/dxguid/x86_64-windows/libdxguid.a \
  dlls/d3dxof/x86_64-windows/libd3dxof.a dlls/ole32/x86_64-windows/libole32.a \
  dlls/gdi32/x86_64-windows/libgdi32.a dlls/user32/x86_64-windows/libuser32.a \
  dlls/wined3d/x86_64-windows/libwined3d.a dlls/windowscodecs/x86_64-windows/libwindowscodecs.a \
  dlls/winecrt0/x86_64-windows/libwinecrt0.a libs/compiler-rt/x86_64-windows/libcompiler-rt.a \
  dlls/ucrtbase/x86_64-windows/libucrtbase.a dlls/kernel32/x86_64-windows/libkernel32.a \
  dlls/ntdll/x86_64-windows/libntdll.a -Wl,-delayload,windowscodecs.dll --no-default-config -fms-hotpatch -Wl,-debug:dwarf
tools/winegcc/winegcc -o dlls/d3dx9_29/x86_64-windows/d3dx9_29.dll --wine-objdir . -b x86_64-windows -Wl,--wine-builtin -shared \
  /private/tmp/gptk4-wine11-source/dlls/d3dx9_29/d3dx9_29.spec -Wb,--prefer-native \
  dlls/d3dx9_29/x86_64-windows/animation.o dlls/d3dx9_29/x86_64-windows/core.o \
  dlls/d3dx9_29/x86_64-windows/d3dx_helpers.o dlls/d3dx9_29/x86_64-windows/effect.o \
  dlls/d3dx9_29/x86_64-windows/font.o dlls/d3dx9_29/x86_64-windows/line.o \
  dlls/d3dx9_29/x86_64-windows/main.o dlls/d3dx9_29/x86_64-windows/math.o \
  dlls/d3dx9_29/x86_64-windows/mesh.o dlls/d3dx9_29/x86_64-windows/preshader.o \
  dlls/d3dx9_29/x86_64-windows/render.o dlls/d3dx9_29/x86_64-windows/shader.o \
  dlls/d3dx9_29/x86_64-windows/skin.o dlls/d3dx9_29/x86_64-windows/sprite.o \
  dlls/d3dx9_29/x86_64-windows/surface.o dlls/d3dx9_29/x86_64-windows/texture.o \
  dlls/d3dx9_29/x86_64-windows/util.o dlls/d3dx9_29/x86_64-windows/volume.o \
  dlls/d3dx9_29/x86_64-windows/xfile.o dlls/d3dx9_29/version.res dlls/d3d9/x86_64-windows/libd3d9.a \
  dlls/d3dcompiler_47/x86_64-windows/libd3dcompiler.a libs/dxguid/x86_64-windows/libdxguid.a \
  dlls/d3dxof/x86_64-windows/libd3dxof.a dlls/ole32/x86_64-windows/libole32.a \
  dlls/gdi32/x86_64-windows/libgdi32.a dlls/user32/x86_64-windows/libuser32.a \
  dlls/wined3d/x86_64-windows/libwined3d.a dlls/windowscodecs/x86_64-windows/libwindowscodecs.a \
  dlls/winecrt0/x86_64-windows/libwinecrt0.a libs/compiler-rt/x86_64-windows/libcompiler-rt.a \
  dlls/ucrtbase/x86_64-windows/libucrtbase.a dlls/kernel32/x86_64-windows/libkernel32.a \
  dlls/ntdll/x86_64-windows/libntdll.a -Wl,-delayload,windowscodecs.dll --no-default-config -fms-hotpatch -Wl,-debug:dwarf
tools/winegcc/winegcc -o dlls/d3dx9_30/x86_64-windows/d3dx9_30.dll --wine-objdir . -b x86_64-windows -Wl,--wine-builtin -shared \
  /private/tmp/gptk4-wine11-source/dlls/d3dx9_30/d3dx9_30.spec -Wb,--prefer-native \
  dlls/d3dx9_30/x86_64-windows/animation.o dlls/d3dx9_30/x86_64-windows/core.o \
  dlls/d3dx9_30/x86_64-windows/d3dx_helpers.o dlls/d3dx9_30/x86_64-windows/effect.o \
  dlls/d3dx9_30/x86_64-windows/font.o dlls/d3dx9_30/x86_64-windows/line.o \
  dlls/d3dx9_30/x86_64-windows/main.o dlls/d3dx9_30/x86_64-windows/math.o \
  dlls/d3dx9_30/x86_64-windows/mesh.o dlls/d3dx9_30/x86_64-windows/preshader.o \
  dlls/d3dx9_30/x86_64-windows/render.o dlls/d3dx9_30/x86_64-windows/shader.o \
  dlls/d3dx9_30/x86_64-windows/skin.o dlls/d3dx9_30/x86_64-windows/sprite.o \
  dlls/d3dx9_30/x86_64-windows/surface.o dlls/d3dx9_30/x86_64-windows/texture.o \
  dlls/d3dx9_30/x86_64-windows/util.o dlls/d3dx9_30/x86_64-windows/volume.o \
  dlls/d3dx9_30/x86_64-windows/xfile.o dlls/d3dx9_30/version.res dlls/d3d9/x86_64-windows/libd3d9.a \
  dlls/d3dcompiler_47/x86_64-windows/libd3dcompiler.a libs/dxguid/x86_64-windows/libdxguid.a \
  dlls/d3dxof/x86_64-windows/libd3dxof.a dlls/ole32/x86_64-windows/libole32.a \
  dlls/gdi32/x86_64-windows/libgdi32.a dlls/user32/x86_64-windows/libuser32.a \
  dlls/wined3d/x86_64-windows/libwined3d.a dlls/windowscodecs/x86_64-windows/libwindowscodecs.a \
  dlls/winecrt0/x86_64-windows/libwinecrt0.a libs/compiler-rt/x86_64-windows/libcompiler-rt.a \
  dlls/ucrtbase/x86_64-windows/libucrtbase.a dlls/kernel32/x86_64-windows/libkernel32.a \
  dlls/ntdll/x86_64-windows/libntdll.a -Wl,-delayload,windowscodecs.dll --no-default-config -fms-hotpatch -Wl,-debug:dwarf
tools/winegcc/winegcc -o dlls/d3dx9_31/x86_64-windows/d3dx9_31.dll --wine-objdir . -b x86_64-windows -Wl,--wine-builtin -shared \
  /private/tmp/gptk4-wine11-source/dlls/d3dx9_31/d3dx9_31.spec -Wb,--prefer-native \
  dlls/d3dx9_31/x86_64-windows/animation.o dlls/d3dx9_31/x86_64-windows/core.o \
  dlls/d3dx9_31/x86_64-windows/d3dx_helpers.o dlls/d3dx9_31/x86_64-windows/effect.o \
  dlls/d3dx9_31/x86_64-windows/font.o dlls/d3dx9_31/x86_64-windows/line.o \
  dlls/d3dx9_31/x86_64-windows/main.o dlls/d3dx9_31/x86_64-windows/math.o \
  dlls/d3dx9_31/x86_64-windows/mesh.o dlls/d3dx9_31/x86_64-windows/preshader.o \
  dlls/d3dx9_31/x86_64-windows/render.o dlls/d3dx9_31/x86_64-windows/shader.o \
  dlls/d3dx9_31/x86_64-windows/skin.o dlls/d3dx9_31/x86_64-windows/sprite.o \
  dlls/d3dx9_31/x86_64-windows/surface.o dlls/d3dx9_31/x86_64-windows/texture.o \
  dlls/d3dx9_31/x86_64-windows/util.o dlls/d3dx9_31/x86_64-windows/volume.o \
  dlls/d3dx9_31/x86_64-windows/xfile.o dlls/d3dx9_31/version.res dlls/d3d9/x86_64-windows/libd3d9.a \
  dlls/d3dcompiler_47/x86_64-windows/libd3dcompiler.a libs/dxguid/x86_64-windows/libdxguid.a \
  dlls/d3dxof/x86_64-windows/libd3dxof.a dlls/ole32/x86_64-windows/libole32.a \
  dlls/gdi32/x86_64-windows/libgdi32.a dlls/user32/x86_64-windows/libuser32.a \
  dlls/wined3d/x86_64-windows/libwined3d.a dlls/windowscodecs/x86_64-windows/libwindowscodecs.a \
  dlls/winecrt0/x86_64-windows/libwinecrt0.a libs/compiler-rt/x86_64-windows/libcompiler-rt.a \
  dlls/ucrtbase/x86_64-windows/libucrtbase.a dlls/kernel32/x86_64-windows/libkernel32.a \
  dlls/ntdll/x86_64-windows/libntdll.a -Wl,-delayload,windowscodecs.dll --no-default-config -fms-hotpatch -Wl,-debug:dwarf
tools/winegcc/winegcc -o dlls/d3dx9_32/x86_64-windows/d3dx9_32.dll --wine-objdir . -b x86_64-windows -Wl,--wine-builtin -shared \
  /private/tmp/gptk4-wine11-source/dlls/d3dx9_32/d3dx9_32.spec -Wb,--prefer-native \
  dlls/d3dx9_32/x86_64-windows/animation.o dlls/d3dx9_32/x86_64-windows/core.o \
  dlls/d3dx9_32/x86_64-windows/d3dx_helpers.o dlls/d3dx9_32/x86_64-windows/effect.o \
  dlls/d3dx9_32/x86_64-windows/font.o dlls/d3dx9_32/x86_64-windows/line.o \
  dlls/d3dx9_32/x86_64-windows/main.o dlls/d3dx9_32/x86_64-windows/math.o \
  dlls/d3dx9_32/x86_64-windows/mesh.o dlls/d3dx9_32/x86_64-windows/preshader.o \
  dlls/d3dx9_32/x86_64-windows/render.o dlls/d3dx9_32/x86_64-windows/shader.o \
  dlls/d3dx9_32/x86_64-windows/skin.o dlls/d3dx9_32/x86_64-windows/sprite.o \
  dlls/d3dx9_32/x86_64-windows/surface.o dlls/d3dx9_32/x86_64-windows/texture.o \
  dlls/d3dx9_32/x86_64-windows/util.o dlls/d3dx9_32/x86_64-windows/volume.o \
  dlls/d3dx9_32/x86_64-windows/xfile.o dlls/d3dx9_32/version.res dlls/d3d9/x86_64-windows/libd3d9.a \
  dlls/d3dcompiler_47/x86_64-windows/libd3dcompiler.a libs/dxguid/x86_64-windows/libdxguid.a \
  dlls/d3dxof/x86_64-windows/libd3dxof.a dlls/ole32/x86_64-windows/libole32.a \
  dlls/gdi32/x86_64-windows/libgdi32.a dlls/user32/x86_64-windows/libuser32.a \
  dlls/wined3d/x86_64-windows/libwined3d.a dlls/windowscodecs/x86_64-windows/libwindowscodecs.a \
  dlls/winecrt0/x86_64-windows/libwinecrt0.a libs/compiler-rt/x86_64-windows/libcompiler-rt.a \
  dlls/ucrtbase/x86_64-windows/libucrtbase.a dlls/kernel32/x86_64-windows/libkernel32.a \
  dlls/ntdll/x86_64-windows/libntdll.a -Wl,-delayload,windowscodecs.dll --no-default-config -fms-hotpatch -Wl,-debug:dwarf
tools/winegcc/winegcc -o dlls/d3dx9_33/x86_64-windows/d3dx9_33.dll --wine-objdir . -b x86_64-windows -Wl,--wine-builtin -shared \
  /private/tmp/gptk4-wine11-source/dlls/d3dx9_33/d3dx9_33.spec -Wb,--prefer-native \
  dlls/d3dx9_33/x86_64-windows/animation.o dlls/d3dx9_33/x86_64-windows/core.o \
  dlls/d3dx9_33/x86_64-windows/d3dx_helpers.o dlls/d3dx9_33/x86_64-windows/effect.o \
  dlls/d3dx9_33/x86_64-windows/font.o dlls/d3dx9_33/x86_64-windows/line.o \
  dlls/d3dx9_33/x86_64-windows/main.o dlls/d3dx9_33/x86_64-windows/math.o \
  dlls/d3dx9_33/x86_64-windows/mesh.o dlls/d3dx9_33/x86_64-windows/preshader.o \
  dlls/d3dx9_33/x86_64-windows/render.o dlls/d3dx9_33/x86_64-windows/shader.o \
  dlls/d3dx9_33/x86_64-windows/skin.o dlls/d3dx9_33/x86_64-windows/sprite.o \
  dlls/d3dx9_33/x86_64-windows/surface.o dlls/d3dx9_33/x86_64-windows/texture.o \
  dlls/d3dx9_33/x86_64-windows/util.o dlls/d3dx9_33/x86_64-windows/volume.o \
  dlls/d3dx9_33/x86_64-windows/xfile.o dlls/d3dx9_33/version.res dlls/d3d9/x86_64-windows/libd3d9.a \
  dlls/d3dcompiler_47/x86_64-windows/libd3dcompiler.a libs/dxguid/x86_64-windows/libdxguid.a \
  dlls/d3dxof/x86_64-windows/libd3dxof.a dlls/ole32/x86_64-windows/libole32.a \
  dlls/gdi32/x86_64-windows/libgdi32.a dlls/user32/x86_64-windows/libuser32.a \
  dlls/wined3d/x86_64-windows/libwined3d.a dlls/windowscodecs/x86_64-windows/libwindowscodecs.a \
  dlls/winecrt0/x86_64-windows/libwinecrt0.a libs/compiler-rt/x86_64-windows/libcompiler-rt.a \
  dlls/ucrtbase/x86_64-windows/libucrtbase.a dlls/kernel32/x86_64-windows/libkernel32.a \
  dlls/ntdll/x86_64-windows/libntdll.a -Wl,-delayload,windowscodecs.dll --no-default-config -fms-hotpatch -Wl,-debug:dwarf
tools/winegcc/winegcc -o dlls/d3dx9_34/x86_64-windows/d3dx9_34.dll --wine-objdir . -b x86_64-windows -Wl,--wine-builtin -shared \
  /private/tmp/gptk4-wine11-source/dlls/d3dx9_34/d3dx9_34.spec -Wb,--prefer-native \
  dlls/d3dx9_34/x86_64-windows/animation.o dlls/d3dx9_34/x86_64-windows/core.o \
  dlls/d3dx9_34/x86_64-windows/d3dx_helpers.o dlls/d3dx9_34/x86_64-windows/effect.o \
  dlls/d3dx9_34/x86_64-windows/font.o dlls/d3dx9_34/x86_64-windows/line.o \
  dlls/d3dx9_34/x86_64-windows/main.o dlls/d3dx9_34/x86_64-windows/math.o \
  dlls/d3dx9_34/x86_64-windows/mesh.o dlls/d3dx9_34/x86_64-windows/preshader.o \
  dlls/d3dx9_34/x86_64-windows/render.o dlls/d3dx9_34/x86_64-windows/shader.o \
  dlls/d3dx9_34/x86_64-windows/skin.o dlls/d3dx9_34/x86_64-windows/sprite.o \
  dlls/d3dx9_34/x86_64-windows/surface.o dlls/d3dx9_34/x86_64-windows/texture.o \
  dlls/d3dx9_34/x86_64-windows/util.o dlls/d3dx9_34/x86_64-windows/volume.o \
  dlls/d3dx9_34/x86_64-windows/xfile.o dlls/d3dx9_34/version.res dlls/d3d9/x86_64-windows/libd3d9.a \
  dlls/d3dcompiler_47/x86_64-windows/libd3dcompiler.a libs/dxguid/x86_64-windows/libdxguid.a \
  dlls/d3dxof/x86_64-windows/libd3dxof.a dlls/ole32/x86_64-windows/libole32.a \
  dlls/gdi32/x86_64-windows/libgdi32.a dlls/user32/x86_64-windows/libuser32.a \
  dlls/wined3d/x86_64-windows/libwined3d.a dlls/windowscodecs/x86_64-windows/libwindowscodecs.a \
  dlls/winecrt0/x86_64-windows/libwinecrt0.a libs/compiler-rt/x86_64-windows/libcompiler-rt.a \
  dlls/ucrtbase/x86_64-windows/libucrtbase.a dlls/kernel32/x86_64-windows/libkernel32.a \
  dlls/ntdll/x86_64-windows/libntdll.a -Wl,-delayload,windowscodecs.dll --no-default-config -fms-hotpatch -Wl,-debug:dwarf
tools/winegcc/winegcc -o dlls/d3dx9_35/x86_64-windows/d3dx9_35.dll --wine-objdir . -b x86_64-windows -Wl,--wine-builtin -shared \
  /private/tmp/gptk4-wine11-source/dlls/d3dx9_35/d3dx9_35.spec -Wb,--prefer-native \
  dlls/d3dx9_35/x86_64-windows/animation.o dlls/d3dx9_35/x86_64-windows/core.o \
  dlls/d3dx9_35/x86_64-windows/d3dx_helpers.o dlls/d3dx9_35/x86_64-windows/effect.o \
  dlls/d3dx9_35/x86_64-windows/font.o dlls/d3dx9_35/x86_64-windows/line.o \
  dlls/d3dx9_35/x86_64-windows/main.o dlls/d3dx9_35/x86_64-windows/math.o \
  dlls/d3dx9_35/x86_64-windows/mesh.o dlls/d3dx9_35/x86_64-windows/preshader.o \
  dlls/d3dx9_35/x86_64-windows/render.o dlls/d3dx9_35/x86_64-windows/shader.o \
  dlls/d3dx9_35/x86_64-windows/skin.o dlls/d3dx9_35/x86_64-windows/sprite.o \
  dlls/d3dx9_35/x86_64-windows/surface.o dlls/d3dx9_35/x86_64-windows/texture.o \
  dlls/d3dx9_35/x86_64-windows/util.o dlls/d3dx9_35/x86_64-windows/volume.o \
  dlls/d3dx9_35/x86_64-windows/xfile.o dlls/d3dx9_35/version.res dlls/d3d9/x86_64-windows/libd3d9.a \
  dlls/d3dcompiler_47/x86_64-windows/libd3dcompiler.a libs/dxguid/x86_64-windows/libdxguid.a \
  dlls/d3dxof/x86_64-windows/libd3dxof.a dlls/ole32/x86_64-windows/libole32.a \
  dlls/gdi32/x86_64-windows/libgdi32.a dlls/user32/x86_64-windows/libuser32.a \
  dlls/wined3d/x86_64-windows/libwined3d.a dlls/windowscodecs/x86_64-windows/libwindowscodecs.a \
  dlls/winecrt0/x86_64-windows/libwinecrt0.a libs/compiler-rt/x86_64-windows/libcompiler-rt.a \
  dlls/ucrtbase/x86_64-windows/libucrtbase.a dlls/kernel32/x86_64-windows/libkernel32.a \
  dlls/ntdll/x86_64-windows/libntdll.a -Wl,-delayload,windowscodecs.dll --no-default-config -fms-hotpatch -Wl,-debug:dwarf
tools/winegcc/winegcc -o dlls/d3dx9_36/x86_64-windows/d3dx9_36.dll --wine-objdir . -b x86_64-windows -Wl,--wine-builtin -shared \
  /private/tmp/gptk4-wine11-source/dlls/d3dx9_36/d3dx9_36.spec -Wb,--prefer-native \
  dlls/d3dx9_36/x86_64-windows/animation.o dlls/d3dx9_36/x86_64-windows/core.o \
  dlls/d3dx9_36/x86_64-windows/d3dx_helpers.o dlls/d3dx9_36/x86_64-windows/effect.o \
  dlls/d3dx9_36/x86_64-windows/font.o dlls/d3dx9_36/x86_64-windows/line.o \
  dlls/d3dx9_36/x86_64-windows/main.o dlls/d3dx9_36/x86_64-windows/math.o \
  dlls/d3dx9_36/x86_64-windows/mesh.o dlls/d3dx9_36/x86_64-windows/preshader.o \
  dlls/d3dx9_36/x86_64-windows/render.o dlls/d3dx9_36/x86_64-windows/shader.o \
  dlls/d3dx9_36/x86_64-windows/skin.o dlls/d3dx9_36/x86_64-windows/sprite.o \
  dlls/d3dx9_36/x86_64-windows/surface.o dlls/d3dx9_36/x86_64-windows/texture.o \
  dlls/d3dx9_36/x86_64-windows/util.o dlls/d3dx9_36/x86_64-windows/volume.o \
  dlls/d3dx9_36/x86_64-windows/xfile.o dlls/d3dx9_36/version.res dlls/d3d9/x86_64-windows/libd3d9.a \
  dlls/d3dcompiler_47/x86_64-windows/libd3dcompiler.a libs/dxguid/x86_64-windows/libdxguid.a \
  dlls/d3dxof/x86_64-windows/libd3dxof.a dlls/ole32/x86_64-windows/libole32.a \
  dlls/gdi32/x86_64-windows/libgdi32.a dlls/user32/x86_64-windows/libuser32.a \
  dlls/wined3d/x86_64-windows/libwined3d.a dlls/windowscodecs/x86_64-windows/libwindowscodecs.a \
  dlls/winecrt0/x86_64-windows/libwinecrt0.a libs/compiler-rt/x86_64-windows/libcompiler-rt.a \
  dlls/ucrtbase/x86_64-windows/libucrtbase.a dlls/kernel32/x86_64-windows/libkernel32.a \
  dlls/ntdll/x86_64-windows/libntdll.a -Wl,-delayload,windowscodecs.dll --no-default-config -fms-hotpatch -Wl,-debug:dwarf
tools/winegcc/winegcc -o dlls/d3dx9_37/x86_64-windows/d3dx9_37.dll --wine-objdir . -b x86_64-windows -Wl,--wine-builtin -shared \
  /private/tmp/gptk4-wine11-source/dlls/d3dx9_37/d3dx9_37.spec -Wb,--prefer-native \
  dlls/d3dx9_37/x86_64-windows/animation.o dlls/d3dx9_37/x86_64-windows/core.o \
  dlls/d3dx9_37/x86_64-windows/d3dx_helpers.o dlls/d3dx9_37/x86_64-windows/effect.o \
  dlls/d3dx9_37/x86_64-windows/font.o dlls/d3dx9_37/x86_64-windows/line.o \
  dlls/d3dx9_37/x86_64-windows/main.o dlls/d3dx9_37/x86_64-windows/math.o \
  dlls/d3dx9_37/x86_64-windows/mesh.o dlls/d3dx9_37/x86_64-windows/preshader.o \
  dlls/d3dx9_37/x86_64-windows/render.o dlls/d3dx9_37/x86_64-windows/shader.o \
  dlls/d3dx9_37/x86_64-windows/skin.o dlls/d3dx9_37/x86_64-windows/sprite.o \
  dlls/d3dx9_37/x86_64-windows/surface.o dlls/d3dx9_37/x86_64-windows/texture.o \
  dlls/d3dx9_37/x86_64-windows/util.o dlls/d3dx9_37/x86_64-windows/volume.o \
  dlls/d3dx9_37/x86_64-windows/xfile.o dlls/d3dx9_37/version.res dlls/d3d9/x86_64-windows/libd3d9.a \
  dlls/d3dcompiler_47/x86_64-windows/libd3dcompiler.a libs/dxguid/x86_64-windows/libdxguid.a \
  dlls/d3dxof/x86_64-windows/libd3dxof.a dlls/ole32/x86_64-windows/libole32.a \
  dlls/gdi32/x86_64-windows/libgdi32.a dlls/user32/x86_64-windows/libuser32.a \
  dlls/wined3d/x86_64-windows/libwined3d.a dlls/windowscodecs/x86_64-windows/libwindowscodecs.a \
  dlls/winecrt0/x86_64-windows/libwinecrt0.a libs/compiler-rt/x86_64-windows/libcompiler-rt.a \
  dlls/ucrtbase/x86_64-windows/libucrtbase.a dlls/kernel32/x86_64-windows/libkernel32.a \
  dlls/ntdll/x86_64-windows/libntdll.a -Wl,-delayload,windowscodecs.dll --no-default-config -fms-hotpatch -Wl,-debug:dwarf
tools/winegcc/winegcc -o dlls/d3dx9_38/x86_64-windows/d3dx9_38.dll --wine-objdir . -b x86_64-windows -Wl,--wine-builtin -shared \
  /private/tmp/gptk4-wine11-source/dlls/d3dx9_38/d3dx9_38.spec -Wb,--prefer-native \
  dlls/d3dx9_38/x86_64-windows/animation.o dlls/d3dx9_38/x86_64-windows/core.o \
  dlls/d3dx9_38/x86_64-windows/d3dx_helpers.o dlls/d3dx9_38/x86_64-windows/effect.o \
  dlls/d3dx9_38/x86_64-windows/font.o dlls/d3dx9_38/x86_64-windows/line.o \
  dlls/d3dx9_38/x86_64-windows/main.o dlls/d3dx9_38/x86_64-windows/math.o \
  dlls/d3dx9_38/x86_64-windows/mesh.o dlls/d3dx9_38/x86_64-windows/preshader.o \
  dlls/d3dx9_38/x86_64-windows/render.o dlls/d3dx9_38/x86_64-windows/shader.o \
  dlls/d3dx9_38/x86_64-windows/skin.o dlls/d3dx9_38/x86_64-windows/sprite.o \
  dlls/d3dx9_38/x86_64-windows/surface.o dlls/d3dx9_38/x86_64-windows/texture.o \
  dlls/d3dx9_38/x86_64-windows/util.o dlls/d3dx9_38/x86_64-windows/volume.o \
  dlls/d3dx9_38/x86_64-windows/xfile.o dlls/d3dx9_38/version.res dlls/d3d9/x86_64-windows/libd3d9.a \
  dlls/d3dcompiler_47/x86_64-windows/libd3dcompiler.a libs/dxguid/x86_64-windows/libdxguid.a \
  dlls/d3dxof/x86_64-windows/libd3dxof.a dlls/ole32/x86_64-windows/libole32.a \
  dlls/gdi32/x86_64-windows/libgdi32.a dlls/user32/x86_64-windows/libuser32.a \
  dlls/wined3d/x86_64-windows/libwined3d.a dlls/windowscodecs/x86_64-windows/libwindowscodecs.a \
  dlls/winecrt0/x86_64-windows/libwinecrt0.a libs/compiler-rt/x86_64-windows/libcompiler-rt.a \
  dlls/ucrtbase/x86_64-windows/libucrtbase.a dlls/kernel32/x86_64-windows/libkernel32.a \
  dlls/ntdll/x86_64-windows/libntdll.a -Wl,-delayload,windowscodecs.dll --no-default-config -fms-hotpatch -Wl,-debug:dwarf
tools/winegcc/winegcc -o dlls/d3dx9_39/x86_64-windows/d3dx9_39.dll --wine-objdir . -b x86_64-windows -Wl,--wine-builtin -shared \
  /private/tmp/gptk4-wine11-source/dlls/d3dx9_39/d3dx9_39.spec -Wb,--prefer-native \
  dlls/d3dx9_39/x86_64-windows/animation.o dlls/d3dx9_39/x86_64-windows/core.o \
  dlls/d3dx9_39/x86_64-windows/d3dx_helpers.o dlls/d3dx9_39/x86_64-windows/effect.o \
  dlls/d3dx9_39/x86_64-windows/font.o dlls/d3dx9_39/x86_64-windows/line.o \
  dlls/d3dx9_39/x86_64-windows/main.o dlls/d3dx9_39/x86_64-windows/math.o \
  dlls/d3dx9_39/x86_64-windows/mesh.o dlls/d3dx9_39/x86_64-windows/preshader.o \
  dlls/d3dx9_39/x86_64-windows/render.o dlls/d3dx9_39/x86_64-windows/shader.o \
  dlls/d3dx9_39/x86_64-windows/skin.o dlls/d3dx9_39/x86_64-windows/sprite.o \
  dlls/d3dx9_39/x86_64-windows/surface.o dlls/d3dx9_39/x86_64-windows/texture.o \
  dlls/d3dx9_39/x86_64-windows/util.o dlls/d3dx9_39/x86_64-windows/volume.o \
  dlls/d3dx9_39/x86_64-windows/xfile.o dlls/d3dx9_39/version.res dlls/d3d9/x86_64-windows/libd3d9.a \
  dlls/d3dcompiler_47/x86_64-windows/libd3dcompiler.a libs/dxguid/x86_64-windows/libdxguid.a \
  dlls/d3dxof/x86_64-windows/libd3dxof.a dlls/ole32/x86_64-windows/libole32.a \
  dlls/gdi32/x86_64-windows/libgdi32.a dlls/user32/x86_64-windows/libuser32.a \
  dlls/wined3d/x86_64-windows/libwined3d.a dlls/windowscodecs/x86_64-windows/libwindowscodecs.a \
  dlls/winecrt0/x86_64-windows/libwinecrt0.a libs/compiler-rt/x86_64-windows/libcompiler-rt.a \
  dlls/ucrtbase/x86_64-windows/libucrtbase.a dlls/kernel32/x86_64-windows/libkernel32.a \
  dlls/ntdll/x86_64-windows/libntdll.a -Wl,-delayload,windowscodecs.dll --no-default-config -fms-hotpatch -Wl,-debug:dwarf
tools/winegcc/winegcc -o dlls/d3dx9_40/x86_64-windows/d3dx9_40.dll --wine-objdir . -b x86_64-windows -Wl,--wine-builtin -shared \
  /private/tmp/gptk4-wine11-source/dlls/d3dx9_40/d3dx9_40.spec -Wb,--prefer-native \
  dlls/d3dx9_40/x86_64-windows/animation.o dlls/d3dx9_40/x86_64-windows/core.o \
  dlls/d3dx9_40/x86_64-windows/d3dx_helpers.o dlls/d3dx9_40/x86_64-windows/effect.o \
  dlls/d3dx9_40/x86_64-windows/font.o dlls/d3dx9_40/x86_64-windows/line.o \
  dlls/d3dx9_40/x86_64-windows/main.o dlls/d3dx9_40/x86_64-windows/math.o \
  dlls/d3dx9_40/x86_64-windows/mesh.o dlls/d3dx9_40/x86_64-windows/preshader.o \
  dlls/d3dx9_40/x86_64-windows/render.o dlls/d3dx9_40/x86_64-windows/shader.o \
  dlls/d3dx9_40/x86_64-windows/skin.o dlls/d3dx9_40/x86_64-windows/sprite.o \
  dlls/d3dx9_40/x86_64-windows/surface.o dlls/d3dx9_40/x86_64-windows/texture.o \
  dlls/d3dx9_40/x86_64-windows/util.o dlls/d3dx9_40/x86_64-windows/volume.o \
  dlls/d3dx9_40/x86_64-windows/xfile.o dlls/d3dx9_40/version.res dlls/d3d9/x86_64-windows/libd3d9.a \
  dlls/d3dcompiler_47/x86_64-windows/libd3dcompiler.a libs/dxguid/x86_64-windows/libdxguid.a \
  dlls/d3dxof/x86_64-windows/libd3dxof.a dlls/ole32/x86_64-windows/libole32.a \
  dlls/gdi32/x86_64-windows/libgdi32.a dlls/user32/x86_64-windows/libuser32.a \
  dlls/wined3d/x86_64-windows/libwined3d.a dlls/windowscodecs/x86_64-windows/libwindowscodecs.a \
  dlls/winecrt0/x86_64-windows/libwinecrt0.a libs/compiler-rt/x86_64-windows/libcompiler-rt.a \
  dlls/ucrtbase/x86_64-windows/libucrtbase.a dlls/kernel32/x86_64-windows/libkernel32.a \
  dlls/ntdll/x86_64-windows/libntdll.a -Wl,-delayload,windowscodecs.dll --no-default-config -fms-hotpatch -Wl,-debug:dwarf
tools/winegcc/winegcc -o dlls/d3dx9_41/x86_64-windows/d3dx9_41.dll --wine-objdir . -b x86_64-windows -Wl,--wine-builtin -shared \
  /private/tmp/gptk4-wine11-source/dlls/d3dx9_41/d3dx9_41.spec -Wb,--prefer-native \
  dlls/d3dx9_41/x86_64-windows/animation.o dlls/d3dx9_41/x86_64-windows/core.o \
  dlls/d3dx9_41/x86_64-windows/d3dx_helpers.o dlls/d3dx9_41/x86_64-windows/effect.o \
  dlls/d3dx9_41/x86_64-windows/font.o dlls/d3dx9_41/x86_64-windows/line.o \
  dlls/d3dx9_41/x86_64-windows/main.o dlls/d3dx9_41/x86_64-windows/math.o \
  dlls/d3dx9_41/x86_64-windows/mesh.o dlls/d3dx9_41/x86_64-windows/preshader.o \
  dlls/d3dx9_41/x86_64-windows/render.o dlls/d3dx9_41/x86_64-windows/shader.o \
  dlls/d3dx9_41/x86_64-windows/skin.o dlls/d3dx9_41/x86_64-windows/sprite.o \
  dlls/d3dx9_41/x86_64-windows/surface.o dlls/d3dx9_41/x86_64-windows/texture.o \
  dlls/d3dx9_41/x86_64-windows/util.o dlls/d3dx9_41/x86_64-windows/volume.o \
  dlls/d3dx9_41/x86_64-windows/xfile.o dlls/d3dx9_41/version.res dlls/d3d9/x86_64-windows/libd3d9.a \
  dlls/d3dcompiler_47/x86_64-windows/libd3dcompiler.a libs/dxguid/x86_64-windows/libdxguid.a \
  dlls/d3dxof/x86_64-windows/libd3dxof.a dlls/ole32/x86_64-windows/libole32.a \
  dlls/gdi32/x86_64-windows/libgdi32.a dlls/user32/x86_64-windows/libuser32.a \
  dlls/wined3d/x86_64-windows/libwined3d.a dlls/windowscodecs/x86_64-windows/libwindowscodecs.a \
  dlls/winecrt0/x86_64-windows/libwinecrt0.a libs/compiler-rt/x86_64-windows/libcompiler-rt.a \
  dlls/ucrtbase/x86_64-windows/libucrtbase.a dlls/kernel32/x86_64-windows/libkernel32.a \
  dlls/ntdll/x86_64-windows/libntdll.a -Wl,-delayload,windowscodecs.dll --no-default-config -fms-hotpatch -Wl,-debug:dwarf
tools/winegcc/winegcc -o dlls/d3dx9_42/x86_64-windows/d3dx9_42.dll --wine-objdir . -b x86_64-windows -Wl,--wine-builtin -shared \
  /private/tmp/gptk4-wine11-source/dlls/d3dx9_42/d3dx9_42.spec -Wb,--prefer-native \
  dlls/d3dx9_42/x86_64-windows/animation.o dlls/d3dx9_42/x86_64-windows/core.o \
  dlls/d3dx9_42/x86_64-windows/d3dx_helpers.o dlls/d3dx9_42/x86_64-windows/effect.o \
  dlls/d3dx9_42/x86_64-windows/font.o dlls/d3dx9_42/x86_64-windows/line.o \
  dlls/d3dx9_42/x86_64-windows/main.o dlls/d3dx9_42/x86_64-windows/math.o \
  dlls/d3dx9_42/x86_64-windows/mesh.o dlls/d3dx9_42/x86_64-windows/preshader.o \
  dlls/d3dx9_42/x86_64-windows/render.o dlls/d3dx9_42/x86_64-windows/shader.o \
  dlls/d3dx9_42/x86_64-windows/skin.o dlls/d3dx9_42/x86_64-windows/sprite.o \
  dlls/d3dx9_42/x86_64-windows/surface.o dlls/d3dx9_42/x86_64-windows/texture.o \
  dlls/d3dx9_42/x86_64-windows/util.o dlls/d3dx9_42/x86_64-windows/volume.o \
  dlls/d3dx9_42/x86_64-windows/xfile.o dlls/d3dx9_42/version.res dlls/d3d9/x86_64-windows/libd3d9.a \
  dlls/d3dcompiler_42/x86_64-windows/libd3dcompiler_42.a libs/dxguid/x86_64-windows/libdxguid.a \
  dlls/d3dxof/x86_64-windows/libd3dxof.a dlls/ole32/x86_64-windows/libole32.a \
  dlls/gdi32/x86_64-windows/libgdi32.a dlls/user32/x86_64-windows/libuser32.a \
  dlls/windowscodecs/x86_64-windows/libwindowscodecs.a dlls/winecrt0/x86_64-windows/libwinecrt0.a \
  libs/compiler-rt/x86_64-windows/libcompiler-rt.a dlls/ucrtbase/x86_64-windows/libucrtbase.a \
  dlls/kernel32/x86_64-windows/libkernel32.a dlls/ntdll/x86_64-windows/libntdll.a \
  -Wl,-delayload,windowscodecs.dll --no-default-config -fms-hotpatch -Wl,-debug:dwarf
tools/winegcc/winegcc -o dlls/d3dx9_43/x86_64-windows/d3dx9_43.dll --wine-objdir . -b x86_64-windows -Wl,--wine-builtin -shared \
  /private/tmp/gptk4-wine11-source/dlls/d3dx9_43/d3dx9_43.spec -Wb,--prefer-native \
  dlls/d3dx9_43/x86_64-windows/animation.o dlls/d3dx9_43/x86_64-windows/core.o \
  dlls/d3dx9_43/x86_64-windows/d3dx_helpers.o dlls/d3dx9_43/x86_64-windows/effect.o \
  dlls/d3dx9_43/x86_64-windows/font.o dlls/d3dx9_43/x86_64-windows/line.o \
  dlls/d3dx9_43/x86_64-windows/main.o dlls/d3dx9_43/x86_64-windows/math.o \
  dlls/d3dx9_43/x86_64-windows/mesh.o dlls/d3dx9_43/x86_64-windows/preshader.o \
  dlls/d3dx9_43/x86_64-windows/render.o dlls/d3dx9_43/x86_64-windows/shader.o \
  dlls/d3dx9_43/x86_64-windows/skin.o dlls/d3dx9_43/x86_64-windows/sprite.o \
  dlls/d3dx9_43/x86_64-windows/surface.o dlls/d3dx9_43/x86_64-windows/texture.o \
  dlls/d3dx9_43/x86_64-windows/util.o dlls/d3dx9_43/x86_64-windows/volume.o \
  dlls/d3dx9_43/x86_64-windows/xfile.o dlls/d3dx9_43/version.res dlls/d3d9/x86_64-windows/libd3d9.a \
  dlls/d3dcompiler_43/x86_64-windows/libd3dcompiler_43.a libs/dxguid/x86_64-windows/libdxguid.a \
  dlls/d3dxof/x86_64-windows/libd3dxof.a dlls/ole32/x86_64-windows/libole32.a \
  dlls/gdi32/x86_64-windows/libgdi32.a dlls/user32/x86_64-windows/libuser32.a \
  dlls/windowscodecs/x86_64-windows/libwindowscodecs.a dlls/winecrt0/x86_64-windows/libwinecrt0.a \
  libs/compiler-rt/x86_64-windows/libcompiler-rt.a dlls/ucrtbase/x86_64-windows/libucrtbase.a \
  dlls/kernel32/x86_64-windows/libkernel32.a dlls/ntdll/x86_64-windows/libntdll.a \
  -Wl,-delayload,windowscodecs.dll --no-default-config -fms-hotpatch -Wl,-debug:dwarf
tools/winegcc/winegcc -o dlls/dhtmled.ocx/x86_64-windows/dhtmled.ocx --wine-objdir . -b x86_64-windows -Wl,--wine-builtin -shared \
  /private/tmp/gptk4-wine11-source/dlls/dhtmled.ocx/dhtmled.ocx.spec \
  dlls/dhtmled.ocx/x86_64-windows/edit.o dlls/dhtmled.ocx/x86_64-windows/main.o \
  dlls/dhtmled.ocx/dhtmled.res dlls/dhtmled.ocx/x86_64-windows/dhtmled_tlb_t.res \
  libs/uuid/x86_64-windows/libuuid.a dlls/ole32/x86_64-windows/libole32.a \
  dlls/oleaut32/x86_64-windows/liboleaut32.a dlls/user32/x86_64-windows/libuser32.a \
  dlls/gdi32/x86_64-windows/libgdi32.a dlls/winecrt0/x86_64-windows/libwinecrt0.a \
  libs/compiler-rt/x86_64-windows/libcompiler-rt.a dlls/ucrtbase/x86_64-windows/libucrtbase.a \
  dlls/kernel32/x86_64-windows/libkernel32.a dlls/ntdll/x86_64-windows/libntdll.a --no-default-config -fms-hotpatch -Wl,-debug:dwarf
clang -arch x86_64 -m64 -o dlls/dwrite/dwrite.so -dynamiclib -install_name @rpath/dwrite.so -Wl,-rpath,@loader_path\/ \
  dlls/dwrite/freetype.o dlls/ntdll/ntdll.so -Wl,-headerpad_max_install_names,-rpath,@executable_path/../lib/external
tools/winegcc/winegcc -o dlls/gameux/x86_64-windows/gameux.dll --wine-objdir . -b x86_64-windows -Wl,--wine-builtin -shared \
  /private/tmp/gptk4-wine11-source/dlls/gameux/gameux.spec dlls/gameux/x86_64-windows/factory.o \
  dlls/gameux/x86_64-windows/gameexplorer.o dlls/gameux/x86_64-windows/gamestatistics.o \
  dlls/gameux/rsrc.res dlls/gameux/x86_64-windows/gameux_tlb_t.res \
  libs/uuid/x86_64-windows/libuuid.a dlls/shell32/x86_64-windows/libshell32.a \
  dlls/oleaut32/x86_64-windows/liboleaut32.a dlls/ole32/x86_64-windows/libole32.a \
  dlls/user32/x86_64-windows/libuser32.a dlls/advapi32/x86_64-windows/libadvapi32.a \
  dlls/shlwapi/x86_64-windows/libshlwapi.a dlls/winecrt0/x86_64-windows/libwinecrt0.a \
  libs/compiler-rt/x86_64-windows/libcompiler-rt.a dlls/ucrtbase/x86_64-windows/libucrtbase.a \
  dlls/kernel32/x86_64-windows/libkernel32.a dlls/ntdll/x86_64-windows/libntdll.a --no-default-config -fms-hotpatch -Wl,-debug:dwarf
tools/winegcc/winegcc -o dlls/hhctrl.ocx/x86_64-windows/hhctrl.ocx --wine-objdir . -b x86_64-windows -Wl,--wine-builtin -shared \
  /private/tmp/gptk4-wine11-source/dlls/hhctrl.ocx/hhctrl.ocx.spec \
  dlls/hhctrl.ocx/x86_64-windows/chm.o dlls/hhctrl.ocx/x86_64-windows/content.o \
  dlls/hhctrl.ocx/x86_64-windows/help.o dlls/hhctrl.ocx/x86_64-windows/hhctrl.o \
  dlls/hhctrl.ocx/x86_64-windows/index.o dlls/hhctrl.ocx/x86_64-windows/search.o \
  dlls/hhctrl.ocx/x86_64-windows/stream.o dlls/hhctrl.ocx/x86_64-windows/webbrowser.o \
  dlls/hhctrl.ocx/hhctrl.res dlls/hhctrl.ocx/x86_64-windows/hhctrl_tlb_t.res \
  libs/uuid/x86_64-windows/libuuid.a dlls/advapi32/x86_64-windows/libadvapi32.a \
  dlls/comctl32/x86_64-windows/libcomctl32.a dlls/shlwapi/x86_64-windows/libshlwapi.a \
  dlls/ole32/x86_64-windows/libole32.a dlls/oleaut32/x86_64-windows/liboleaut32.a \
  dlls/user32/x86_64-windows/libuser32.a dlls/gdi32/x86_64-windows/libgdi32.a \
  dlls/winecrt0/x86_64-windows/libwinecrt0.a libs/compiler-rt/x86_64-windows/libcompiler-rt.a \
  dlls/ucrtbase/x86_64-windows/libucrtbase.a dlls/kernel32/x86_64-windows/libkernel32.a \
  dlls/ntdll/x86_64-windows/libntdll.a --no-default-config -fms-hotpatch -Wl,-debug:dwarf
tools/winegcc/winegcc -o dlls/hnetcfg/x86_64-windows/hnetcfg.dll --wine-objdir . -b x86_64-windows -Wl,--wine-builtin -shared \
  /private/tmp/gptk4-wine11-source/dlls/hnetcfg/hnetcfg.spec -Wb,--prefer-native \
  dlls/hnetcfg/x86_64-windows/apps.o dlls/hnetcfg/x86_64-windows/hnetcfg.o \
  dlls/hnetcfg/x86_64-windows/manager.o dlls/hnetcfg/x86_64-windows/policy.o \
  dlls/hnetcfg/x86_64-windows/port.o dlls/hnetcfg/x86_64-windows/profile.o \
  dlls/hnetcfg/x86_64-windows/service.o dlls/hnetcfg/x86_64-windows/hnetcfg_r.res \
  dlls/hnetcfg/x86_64-windows/hnetcfg_tlb_t.res dlls/oleaut32/x86_64-windows/liboleaut32.a \
  dlls/ole32/x86_64-windows/libole32.a dlls/advapi32/x86_64-windows/libadvapi32.a \
  dlls/mpr/x86_64-windows/libmpr.a libs/uuid/x86_64-windows/libuuid.a \
  dlls/ws2_32/x86_64-windows/libws2_32.a dlls/winhttp/x86_64-windows/libwinhttp.a \
  dlls/shcore/x86_64-windows/libshcore.a dlls/xmllite/x86_64-windows/libxmllite.a \
  dlls/winecrt0/x86_64-windows/libwinecrt0.a libs/compiler-rt/x86_64-windows/libcompiler-rt.a \
  dlls/ucrtbase/x86_64-windows/libucrtbase.a dlls/kernel32/x86_64-windows/libkernel32.a \
  dlls/ntdll/x86_64-windows/libntdll.a -Wl,-delayload,ws2_32.dll -Wl,-delayload,winhttp.dll \
  -Wl,-delayload,shcore.dll -Wl,-delayload,xmllite.dll --no-default-config -fms-hotpatch -Wl,-debug:dwarf
tools/winegcc/winegcc -o dlls/ieframe/x86_64-windows/ieframe.dll --wine-objdir . -b x86_64-windows -Wl,--wine-builtin -shared \
  /private/tmp/gptk4-wine11-source/dlls/ieframe/ieframe.spec dlls/ieframe/x86_64-windows/classinfo.o \
  dlls/ieframe/x86_64-windows/client.o dlls/ieframe/x86_64-windows/dochost.o \
  dlls/ieframe/x86_64-windows/events.o dlls/ieframe/x86_64-windows/frame.o \
  dlls/ieframe/x86_64-windows/ie.o dlls/ieframe/x86_64-windows/ieframe_main.o \
  dlls/ieframe/x86_64-windows/iehtmlwnd.o dlls/ieframe/x86_64-windows/iexplore.o \
  dlls/ieframe/x86_64-windows/intshcut.o dlls/ieframe/x86_64-windows/navigate.o \
  dlls/ieframe/x86_64-windows/oleobject.o dlls/ieframe/x86_64-windows/persist.o \
  dlls/ieframe/x86_64-windows/shellbrowser.o dlls/ieframe/x86_64-windows/shelluihelper.o \
  dlls/ieframe/x86_64-windows/urlhist.o dlls/ieframe/x86_64-windows/view.o \
  dlls/ieframe/x86_64-windows/webbrowser.o dlls/ieframe/ieframe.res \
  dlls/ieframe/x86_64-windows/ieframe_v1_t.res dlls/ieframe/x86_64-windows/ieframe_v1_r.res \
  libs/uuid/x86_64-windows/libuuid.a dlls/urlmon/x86_64-windows/liburlmon.a \
  dlls/shell32/x86_64-windows/libshell32.a dlls/comctl32/x86_64-windows/libcomctl32.a \
  dlls/shlwapi/x86_64-windows/libshlwapi.a dlls/oleaut32/x86_64-windows/liboleaut32.a \
  dlls/ole32/x86_64-windows/libole32.a dlls/user32/x86_64-windows/libuser32.a \
  dlls/gdi32/x86_64-windows/libgdi32.a dlls/advapi32/x86_64-windows/libadvapi32.a \
  dlls/winecrt0/x86_64-windows/libwinecrt0.a libs/compiler-rt/x86_64-windows/libcompiler-rt.a \
  dlls/ucrtbase/x86_64-windows/libucrtbase.a dlls/kernel32/x86_64-windows/libkernel32.a \
  dlls/ntdll/x86_64-windows/libntdll.a --no-default-config -fms-hotpatch -Wl,-debug:dwarf
tools/winegcc/winegcc -o dlls/jscript/x86_64-windows/jscript.dll --wine-objdir . -b x86_64-windows -Wl,--wine-builtin -shared \
  /private/tmp/gptk4-wine11-source/dlls/jscript/jscript.spec dlls/jscript/x86_64-windows/activex.o \
  dlls/jscript/x86_64-windows/array.o dlls/jscript/x86_64-windows/arraybuf.o \
  dlls/jscript/x86_64-windows/bool.o dlls/jscript/x86_64-windows/compile.o \
  dlls/jscript/x86_64-windows/date.o dlls/jscript/x86_64-windows/decode.o \
  dlls/jscript/x86_64-windows/dispex.o dlls/jscript/x86_64-windows/engine.o \
  dlls/jscript/x86_64-windows/enumerator.o dlls/jscript/x86_64-windows/error.o \
  dlls/jscript/x86_64-windows/function.o dlls/jscript/x86_64-windows/global.o \
  dlls/jscript/x86_64-windows/jscript.o dlls/jscript/x86_64-windows/jscript_main.o \
  dlls/jscript/x86_64-windows/json.o dlls/jscript/x86_64-windows/jsregexp.o \
  dlls/jscript/x86_64-windows/jsstr.o dlls/jscript/x86_64-windows/jsutils.o \
  dlls/jscript/x86_64-windows/lex.o dlls/jscript/x86_64-windows/math.o \
  dlls/jscript/x86_64-windows/number.o dlls/jscript/x86_64-windows/object.o \
  dlls/jscript/x86_64-windows/regexp.o dlls/jscript/x86_64-windows/set.o \
  dlls/jscript/x86_64-windows/string.o dlls/jscript/x86_64-windows/vbarray.o \
  dlls/jscript/x86_64-windows/cc_parser.tab.o dlls/jscript/x86_64-windows/parser.tab.o \
  dlls/jscript/jscript.res dlls/jscript/x86_64-windows/jscript_classes_r.res \
  dlls/jscript/x86_64-windows/jsglobal_t.res dlls/oleaut32/x86_64-windows/liboleaut32.a \
  dlls/ole32/x86_64-windows/libole32.a dlls/user32/x86_64-windows/libuser32.a \
  dlls/advapi32/x86_64-windows/libadvapi32.a dlls/winecrt0/x86_64-windows/libwinecrt0.a \
  libs/compiler-rt/x86_64-windows/libcompiler-rt.a dlls/ucrtbase/x86_64-windows/libucrtbase.a \
  dlls/kernel32/x86_64-windows/libkernel32.a dlls/ntdll/x86_64-windows/libntdll.a --no-default-config -fms-hotpatch -Wl,-debug:dwarf
tools/winegcc/winegcc -o dlls/mmcndmgr/x86_64-windows/mmcndmgr.dll --wine-objdir . -b x86_64-windows -Wl,--wine-builtin -shared \
  /private/tmp/gptk4-wine11-source/dlls/mmcndmgr/mmcndmgr.spec -Wb,--prefer-native \
  dlls/mmcndmgr/x86_64-windows/mmcndmgr.o dlls/mmcndmgr/x86_64-windows/mmcndmgr_t.res \
  libs/uuid/x86_64-windows/libuuid.a dlls/oleaut32/x86_64-windows/liboleaut32.a \
  dlls/ole32/x86_64-windows/libole32.a dlls/user32/x86_64-windows/libuser32.a \
  dlls/winecrt0/x86_64-windows/libwinecrt0.a libs/compiler-rt/x86_64-windows/libcompiler-rt.a \
  dlls/ucrtbase/x86_64-windows/libucrtbase.a dlls/kernel32/x86_64-windows/libkernel32.a \
  dlls/ntdll/x86_64-windows/libntdll.a --no-default-config -fms-hotpatch -Wl,-debug:dwarf
tools/winegcc/winegcc -o dlls/msado15/x86_64-windows/msado15.dll --wine-objdir . -b x86_64-windows -Wl,--wine-builtin -shared \
  /private/tmp/gptk4-wine11-source/dlls/msado15/msado15.spec dlls/msado15/x86_64-windows/command.o \
  dlls/msado15/x86_64-windows/connection.o dlls/msado15/x86_64-windows/main.o \
  dlls/msado15/x86_64-windows/recordset.o dlls/msado15/x86_64-windows/rowset.o \
  dlls/msado15/x86_64-windows/stream.o dlls/msado15/x86_64-windows/msado15_classes_r.res \
  dlls/msado15/x86_64-windows/msado15_tlb_t.res dlls/oleaut32/x86_64-windows/liboleaut32.a \
  dlls/ole32/x86_64-windows/libole32.a dlls/winecrt0/x86_64-windows/libwinecrt0.a \
  libs/compiler-rt/x86_64-windows/libcompiler-rt.a dlls/ucrtbase/x86_64-windows/libucrtbase.a \
  dlls/kernel32/x86_64-windows/libkernel32.a dlls/ntdll/x86_64-windows/libntdll.a --no-default-config -fms-hotpatch -Wl,-debug:dwarf
tools/winegcc/winegcc -o dlls/mshtml.tlb/x86_64-windows/mshtml.tlb --wine-objdir . -b x86_64-windows -Wl,--wine-builtin -shared \
  -Wb,--data-only dlls/mshtml.tlb/x86_64-windows/mshtml_tlb_t.res --no-default-config -fms-hotpatch -Wl,-debug:dwarf
tools/winegcc/winegcc -o dlls/mshtml/x86_64-windows/mshtml.dll --wine-objdir . -b x86_64-windows -Wl,--wine-builtin -shared \
  /private/tmp/gptk4-wine11-source/dlls/mshtml/mshtml.spec dlls/mshtml/x86_64-windows/conpoint.o \
  dlls/mshtml/x86_64-windows/dispex.o dlls/mshtml/x86_64-windows/editor.o \
  dlls/mshtml/x86_64-windows/htmlanchor.o dlls/mshtml/x86_64-windows/htmlarea.o \
  dlls/mshtml/x86_64-windows/htmlattr.o dlls/mshtml/x86_64-windows/htmlbody.o \
  dlls/mshtml/x86_64-windows/htmlcurstyle.o dlls/mshtml/x86_64-windows/htmldoc.o \
  dlls/mshtml/x86_64-windows/htmlelem.o dlls/mshtml/x86_64-windows/htmlelemcol.o \
  dlls/mshtml/x86_64-windows/htmlevent.o dlls/mshtml/x86_64-windows/htmlform.o \
  dlls/mshtml/x86_64-windows/htmlframe.o dlls/mshtml/x86_64-windows/htmlgeneric.o \
  dlls/mshtml/x86_64-windows/htmlhead.o dlls/mshtml/x86_64-windows/htmlimg.o \
  dlls/mshtml/x86_64-windows/htmlinput.o dlls/mshtml/x86_64-windows/htmllink.o \
  dlls/mshtml/x86_64-windows/htmllocation.o dlls/mshtml/x86_64-windows/htmlnode.o \
  dlls/mshtml/x86_64-windows/htmlobject.o dlls/mshtml/x86_64-windows/htmlscript.o \
  dlls/mshtml/x86_64-windows/htmlselect.o dlls/mshtml/x86_64-windows/htmlstorage.o \
  dlls/mshtml/x86_64-windows/htmlstyle.o dlls/mshtml/x86_64-windows/htmlstyleelem.o \
  dlls/mshtml/x86_64-windows/htmlstylesheet.o dlls/mshtml/x86_64-windows/htmltable.o \
  dlls/mshtml/x86_64-windows/htmltextarea.o dlls/mshtml/x86_64-windows/htmltextnode.o \
  dlls/mshtml/x86_64-windows/htmlwindow.o dlls/mshtml/x86_64-windows/ifacewrap.o \
  dlls/mshtml/x86_64-windows/loadopts.o dlls/mshtml/x86_64-windows/main.o \
  dlls/mshtml/x86_64-windows/mutation.o dlls/mshtml/x86_64-windows/navigate.o \
  dlls/mshtml/x86_64-windows/npplugin.o dlls/mshtml/x86_64-windows/nsembed.o \
  dlls/mshtml/x86_64-windows/nsevents.o dlls/mshtml/x86_64-windows/nsio.o \
  dlls/mshtml/x86_64-windows/nsservice.o dlls/mshtml/x86_64-windows/olecmd.o \
  dlls/mshtml/x86_64-windows/oleobj.o dlls/mshtml/x86_64-windows/omnavigator.o \
  dlls/mshtml/x86_64-windows/persist.o dlls/mshtml/x86_64-windows/pluginhost.o \
  dlls/mshtml/x86_64-windows/protocol.o dlls/mshtml/x86_64-windows/range.o \
  dlls/mshtml/x86_64-windows/script.o dlls/mshtml/x86_64-windows/secmgr.o \
  dlls/mshtml/x86_64-windows/selection.o dlls/mshtml/x86_64-windows/service.o \
  dlls/mshtml/x86_64-windows/svg.o dlls/mshtml/x86_64-windows/task.o \
  dlls/mshtml/x86_64-windows/view.o dlls/mshtml/x86_64-windows/xmlhttprequest.o \
  dlls/mshtml/mshtml.res dlls/mshtml/x86_64-windows/mshtml_classes_r.res \
  dlls/mshtml/x86_64-windows/mshtml_private_iface_l.res libs/strmiids/x86_64-windows/libstrmiids.a \
  libs/uuid/x86_64-windows/libuuid.a dlls/urlmon/x86_64-windows/liburlmon.a \
  dlls/shlwapi/x86_64-windows/libshlwapi.a dlls/shell32/x86_64-windows/libshell32.a \
  dlls/ole32/x86_64-windows/libole32.a dlls/oleaut32/x86_64-windows/liboleaut32.a \
  dlls/user32/x86_64-windows/libuser32.a dlls/gdi32/x86_64-windows/libgdi32.a \
  dlls/advapi32/x86_64-windows/libadvapi32.a dlls/wininet/x86_64-windows/libwininet.a \
  dlls/inetcomm/x86_64-windows/libinetcomm.a dlls/winecrt0/x86_64-windows/libwinecrt0.a \
  libs/compiler-rt/x86_64-windows/libcompiler-rt.a dlls/ucrtbase/x86_64-windows/libucrtbase.a \
  dlls/kernel32/x86_64-windows/libkernel32.a dlls/ntdll/x86_64-windows/libntdll.a \
  -Wl,-delayload,wininet.dll -Wl,-delayload,inetcomm.dll --no-default-config -fms-hotpatch -Wl,-debug:dwarf
tools/winegcc/winegcc -o dlls/msscript.ocx/x86_64-windows/msscript.ocx --wine-objdir . -b x86_64-windows -Wl,--wine-builtin -shared \
  /private/tmp/gptk4-wine11-source/dlls/msscript.ocx/msscript.ocx.spec -Wb,--prefer-native \
  dlls/msscript.ocx/x86_64-windows/msscript.o dlls/msscript.ocx/msscript.res \
  dlls/msscript.ocx/x86_64-windows/msscript_t.res dlls/gdi32/x86_64-windows/libgdi32.a \
  dlls/user32/x86_64-windows/libuser32.a dlls/ole32/x86_64-windows/libole32.a \
  dlls/oleaut32/x86_64-windows/liboleaut32.a dlls/winecrt0/x86_64-windows/libwinecrt0.a \
  libs/compiler-rt/x86_64-windows/libcompiler-rt.a dlls/ucrtbase/x86_64-windows/libucrtbase.a \
  dlls/kernel32/x86_64-windows/libkernel32.a dlls/ntdll/x86_64-windows/libntdll.a --no-default-config -fms-hotpatch -Wl,-debug:dwarf
tools/winegcc/winegcc -o dlls/msxml/x86_64-windows/msxml.dll --wine-objdir . -b x86_64-windows -Wl,--wine-builtin -shared \
  /private/tmp/gptk4-wine11-source/dlls/msxml/msxml.spec dlls/msxml/rsrc.res \
  dlls/msxml/x86_64-windows/msxml_tlb_t.res dlls/winecrt0/x86_64-windows/libwinecrt0.a \
  libs/compiler-rt/x86_64-windows/libcompiler-rt.a dlls/ucrtbase/x86_64-windows/libucrtbase.a \
  dlls/kernel32/x86_64-windows/libkernel32.a dlls/ntdll/x86_64-windows/libntdll.a --no-default-config -fms-hotpatch -Wl,-debug:dwarf
tools/winegcc/winegcc -o dlls/msxml2/x86_64-windows/msxml2.dll --wine-objdir . -b x86_64-windows -Wl,--wine-builtin -shared \
  /private/tmp/gptk4-wine11-source/dlls/msxml2/msxml2.spec \
  dlls/msxml2/x86_64-windows/msxml2_tlb_t.res dlls/winecrt0/x86_64-windows/libwinecrt0.a \
  libs/compiler-rt/x86_64-windows/libcompiler-rt.a dlls/ucrtbase/x86_64-windows/libucrtbase.a \
  dlls/kernel32/x86_64-windows/libkernel32.a dlls/ntdll/x86_64-windows/libntdll.a --no-default-config -fms-hotpatch -Wl,-debug:dwarf
tools/winegcc/winegcc -o dlls/msxml3/x86_64-windows/msxml3.dll --wine-objdir . -b x86_64-windows -Wl,--wine-builtin -shared \
  /private/tmp/gptk4-wine11-source/dlls/msxml3/msxml3.spec dlls/msxml3/x86_64-windows/attribute.o \
  dlls/msxml3/x86_64-windows/bsc.o dlls/msxml3/x86_64-windows/cdata.o \
  dlls/msxml3/x86_64-windows/comment.o dlls/msxml3/x86_64-windows/dispex.o \
  dlls/msxml3/x86_64-windows/docfrag.o dlls/msxml3/x86_64-windows/doctype.o \
  dlls/msxml3/x86_64-windows/domdoc.o dlls/msxml3/x86_64-windows/domimpl.o \
  dlls/msxml3/x86_64-windows/element.o dlls/msxml3/x86_64-windows/entityref.o \
  dlls/msxml3/x86_64-windows/factory.o dlls/msxml3/x86_64-windows/httprequest.o \
  dlls/msxml3/x86_64-windows/main.o dlls/msxml3/x86_64-windows/mxnamespace.o \
  dlls/msxml3/x86_64-windows/mxwriter.o dlls/msxml3/x86_64-windows/node.o \
  dlls/msxml3/x86_64-windows/nodelist.o dlls/msxml3/x86_64-windows/nodemap.o \
  dlls/msxml3/x86_64-windows/parseerror.o dlls/msxml3/x86_64-windows/pi.o \
  dlls/msxml3/x86_64-windows/saxreader.o dlls/msxml3/x86_64-windows/schema.o \
  dlls/msxml3/x86_64-windows/selection.o dlls/msxml3/x86_64-windows/stylesheet.o \
  dlls/msxml3/x86_64-windows/text.o dlls/msxml3/x86_64-windows/uuid.o \
  dlls/msxml3/x86_64-windows/xdr.o dlls/msxml3/x86_64-windows/xmldoc.o \
  dlls/msxml3/x86_64-windows/xmlparser.o dlls/msxml3/x86_64-windows/xmlview.o \
  dlls/msxml3/x86_64-windows/xslpattern.yy.o dlls/msxml3/x86_64-windows/xslpattern.tab.o \
  dlls/msxml3/schemas.res dlls/msxml3/version.res dlls/msxml3/x86_64-windows/msxml3_v1_t.res \
  dlls/msxml3/x86_64-windows/xmlparser_r.res libs/xslt/x86_64-windows/libxslt.a \
  libs/xml2/x86_64-windows/libxml2.a libs/uuid/x86_64-windows/libuuid.a \
  dlls/urlmon/x86_64-windows/liburlmon.a dlls/shlwapi/x86_64-windows/libshlwapi.a \
  dlls/oleaut32/x86_64-windows/liboleaut32.a dlls/ole32/x86_64-windows/libole32.a \
  dlls/user32/x86_64-windows/libuser32.a dlls/advapi32/x86_64-windows/libadvapi32.a \
  dlls/winecrt0/x86_64-windows/libwinecrt0.a libs/compiler-rt/x86_64-windows/libcompiler-rt.a \
  dlls/ucrtbase/x86_64-windows/libucrtbase.a dlls/kernel32/x86_64-windows/libkernel32.a \
  dlls/ntdll/x86_64-windows/libntdll.a --no-default-config -fms-hotpatch -Wl,-debug:dwarf
tools/winegcc/winegcc -o dlls/msxml4/x86_64-windows/msxml4.dll --wine-objdir . -b x86_64-windows -Wl,--wine-builtin -shared \
  /private/tmp/gptk4-wine11-source/dlls/msxml4/msxml4.spec dlls/msxml4/rsrc.res \
  dlls/msxml4/x86_64-windows/msxml4_tlb_t.res dlls/ole32/x86_64-windows/libole32.a \
  dlls/advapi32/x86_64-windows/libadvapi32.a dlls/winecrt0/x86_64-windows/libwinecrt0.a \
  libs/compiler-rt/x86_64-windows/libcompiler-rt.a dlls/ucrtbase/x86_64-windows/libucrtbase.a \
  dlls/kernel32/x86_64-windows/libkernel32.a dlls/ntdll/x86_64-windows/libntdll.a --no-default-config -fms-hotpatch -Wl,-debug:dwarf
tools/winegcc/winegcc -o dlls/msxml6/x86_64-windows/msxml6.dll --wine-objdir . -b x86_64-windows -Wl,--wine-builtin -shared \
  /private/tmp/gptk4-wine11-source/dlls/msxml6/msxml6.spec dlls/msxml6/rsrc.res \
  dlls/msxml6/x86_64-windows/msxml6_tlb_t.res dlls/oleaut32/x86_64-windows/liboleaut32.a \
  dlls/ole32/x86_64-windows/libole32.a dlls/advapi32/x86_64-windows/libadvapi32.a \
  dlls/winecrt0/x86_64-windows/libwinecrt0.a libs/compiler-rt/x86_64-windows/libcompiler-rt.a \
  dlls/ucrtbase/x86_64-windows/libucrtbase.a dlls/kernel32/x86_64-windows/libkernel32.a \
  dlls/ntdll/x86_64-windows/libntdll.a --no-default-config -fms-hotpatch -Wl,-debug:dwarf
clang -D__STDC__ -c -o dlls/oleacc/x86_64-windows/oleacc_classes_p.o dlls/oleacc/x86_64-windows/oleacc_classes_p.c -Idlls/oleacc \
  -I/private/tmp/gptk4-wine11-source/dlls/oleacc -Iinclude \
  -I/private/tmp/gptk4-wine11-source/include -I/private/tmp/gptk4-wine11-source/include/msvcrt \
  -D_UCRT -D__WINESRC__ -D__WINE_PE_BUILD -Wall -target x86_64-windows -fuse-ld=lld \
  --no-default-config -fno-strict-aliasing -Wdeclaration-after-statement -Wempty-body \
  -Wignored-qualifiers -Winit-self -Wno-microsoft-enum-forward-reference -Wstrict-prototypes \
  -Wtype-limits -Wunused-but-set-parameter -Wvla -Wwrite-strings -Wpointer-arith -Wabsolute-value \
  -ffunction-sections -fasync-exceptions -ffp-exception-behavior=maytrap -fms-hotpatch \
  -Wformat-overflow -Wnonnull -mcx16 -mcmodel=small -gdwarf-4 -g -O2
tools/winegcc/winegcc -o dlls/oledb32/x86_64-windows/oledb32.dll --wine-objdir . -b x86_64-windows -Wl,--wine-builtin -shared \
  /private/tmp/gptk4-wine11-source/dlls/oledb32/oledb32.spec dlls/oledb32/x86_64-windows/convert.o \
  dlls/oledb32/x86_64-windows/datainit.o dlls/oledb32/x86_64-windows/dslocator.o \
  dlls/oledb32/x86_64-windows/errorinfo.o dlls/oledb32/x86_64-windows/main.o \
  dlls/oledb32/x86_64-windows/rowpos.o dlls/oledb32/x86_64-windows/convert_i.o \
  dlls/oledb32/version.res dlls/oledb32/x86_64-windows/oledb32_classes_r.res \
  dlls/oledb32/x86_64-windows/oledb32_typelib_t.res libs/uuid/x86_64-windows/libuuid.a \
  dlls/oleaut32/x86_64-windows/liboleaut32.a dlls/ole32/x86_64-windows/libole32.a \
  dlls/comctl32/x86_64-windows/libcomctl32.a dlls/user32/x86_64-windows/libuser32.a \
  dlls/advapi32/x86_64-windows/libadvapi32.a dlls/winecrt0/x86_64-windows/libwinecrt0.a \
  libs/compiler-rt/x86_64-windows/libcompiler-rt.a dlls/ucrtbase/x86_64-windows/libucrtbase.a \
  dlls/kernel32/x86_64-windows/libkernel32.a dlls/ntdll/x86_64-windows/libntdll.a --no-default-config -fms-hotpatch -Wl,-debug:dwarf
tools/winegcc/winegcc -o dlls/olepro32/x86_64-windows/olepro32.dll --wine-objdir . -b x86_64-windows -Wl,--wine-builtin -shared \
  /private/tmp/gptk4-wine11-source/dlls/olepro32/olepro32.spec \
  dlls/olepro32/x86_64-windows/olepro32stubs.o dlls/olepro32/version.res \
  dlls/olepro32/x86_64-windows/olepro_t.res dlls/oleaut32/x86_64-windows/liboleaut32.a \
  dlls/winecrt0/x86_64-windows/libwinecrt0.a libs/compiler-rt/x86_64-windows/libcompiler-rt.a \
  dlls/ucrtbase/x86_64-windows/libucrtbase.a dlls/kernel32/x86_64-windows/libkernel32.a \
  dlls/ntdll/x86_64-windows/libntdll.a --no-default-config -fms-hotpatch -Wl,-debug:dwarf
clang -arch x86_64 -m64 -o dlls/opengl32/opengl32.so -dynamiclib -install_name @rpath/opengl32.so -Wl,-rpath,@loader_path\/ \
  dlls/opengl32/unix_thunks.o dlls/opengl32/unix_wgl.o dlls/ntdll/ntdll.so dlls/win32u/win32u.so \
  -Wl,-headerpad_max_install_names,-rpath,@executable_path/../lib/external
tools/winegcc/winegcc -o dlls/pstorec/x86_64-windows/pstorec.dll --wine-objdir . -b x86_64-windows -Wl,--wine-builtin -shared \
  /private/tmp/gptk4-wine11-source/dlls/pstorec/pstorec.spec -Wb,--prefer-native \
  dlls/pstorec/x86_64-windows/pstorec.o dlls/pstorec/x86_64-windows/pstorec_tlb_t.res \
  libs/uuid/x86_64-windows/libuuid.a dlls/winecrt0/x86_64-windows/libwinecrt0.a \
  libs/compiler-rt/x86_64-windows/libcompiler-rt.a dlls/ucrtbase/x86_64-windows/libucrtbase.a \
  dlls/kernel32/x86_64-windows/libkernel32.a dlls/ntdll/x86_64-windows/libntdll.a --no-default-config -fms-hotpatch -Wl,-debug:dwarf
tools/winegcc/winegcc -o dlls/quartz/x86_64-windows/quartz.dll --wine-objdir . -b x86_64-windows -Wl,--wine-builtin -shared \
  /private/tmp/gptk4-wine11-source/dlls/quartz/quartz.spec dlls/quartz/x86_64-windows/acmwrapper.o \
  dlls/quartz/x86_64-windows/avidec.o dlls/quartz/x86_64-windows/decoder.o \
  dlls/quartz/x86_64-windows/dsoundrender.o dlls/quartz/x86_64-windows/filesource.o \
  dlls/quartz/x86_64-windows/filtergraph.o dlls/quartz/x86_64-windows/filtermapper.o \
  dlls/quartz/x86_64-windows/main.o dlls/quartz/x86_64-windows/memallocator.o \
  dlls/quartz/x86_64-windows/parser.o dlls/quartz/x86_64-windows/passthrough.o \
  dlls/quartz/x86_64-windows/systemclock.o dlls/quartz/x86_64-windows/videorenderer.o \
  dlls/quartz/x86_64-windows/vmr7.o dlls/quartz/x86_64-windows/vmr7_presenter.o \
  dlls/quartz/x86_64-windows/vmr9.o dlls/quartz/x86_64-windows/window.o \
  dlls/quartz/x86_64-windows/quartz_strmif_p.o dlls/quartz/x86_64-windows/dlldata.o \
  dlls/quartz/quartz.res dlls/quartz/x86_64-windows/control_tlb_t.res \
  dlls/quartz/x86_64-windows/quartz_strmif_r.res libs/strmiids/x86_64-windows/libstrmiids.a \
  libs/dxguid/x86_64-windows/libdxguid.a libs/strmbase/x86_64-windows/libstrmbase.a \
  libs/uuid/x86_64-windows/libuuid.a dlls/dsound/x86_64-windows/libdsound.a \
  dlls/msacm32/x86_64-windows/libmsacm32.a dlls/msvfw32/x86_64-windows/libmsvfw32.a \
  dlls/ole32/x86_64-windows/libole32.a dlls/oleaut32/x86_64-windows/liboleaut32.a \
  dlls/rpcrt4/x86_64-windows/librpcrt4.a dlls/user32/x86_64-windows/libuser32.a \
  dlls/gdi32/x86_64-windows/libgdi32.a dlls/advapi32/x86_64-windows/libadvapi32.a \
  dlls/winmm/x86_64-windows/libwinmm.a dlls/ddraw/x86_64-windows/libddraw.a \
  dlls/winecrt0/x86_64-windows/libwinecrt0.a libs/compiler-rt/x86_64-windows/libcompiler-rt.a \
  dlls/msvcrt/x86_64-windows/libmsvcrt.a dlls/kernel32/x86_64-windows/libkernel32.a \
  dlls/ntdll/x86_64-windows/libntdll.a -Wl,-delayload,ddraw.dll --no-default-config -fms-hotpatch -Wl,-debug:dwarf
tools/winegcc/winegcc -o dlls/riched20/x86_64-windows/riched20.dll --wine-objdir . -b x86_64-windows -Wl,--wine-builtin -shared \
  /private/tmp/gptk4-wine11-source/dlls/riched20/riched20.spec -Wl,--image-base,0x7ac00000 \
  dlls/riched20/x86_64-windows/caret.o dlls/riched20/x86_64-windows/clipboard.o \
  dlls/riched20/x86_64-windows/context.o dlls/riched20/x86_64-windows/editor.o \
  dlls/riched20/x86_64-windows/list.o dlls/riched20/x86_64-windows/paint.o \
  dlls/riched20/x86_64-windows/para.o dlls/riched20/x86_64-windows/reader.o \
  dlls/riched20/x86_64-windows/richole.o dlls/riched20/x86_64-windows/row.o \
  dlls/riched20/x86_64-windows/run.o dlls/riched20/x86_64-windows/string.o \
  dlls/riched20/x86_64-windows/style.o dlls/riched20/x86_64-windows/table.o \
  dlls/riched20/x86_64-windows/txthost.o dlls/riched20/x86_64-windows/txtsrv.o \
  dlls/riched20/x86_64-windows/undo.o dlls/riched20/x86_64-windows/wrap.o \
  dlls/riched20/x86_64-windows/writer.o dlls/riched20/version.res \
  dlls/riched20/x86_64-windows/riched_tom_t.res libs/uuid/x86_64-windows/libuuid.a \
  dlls/ole32/x86_64-windows/libole32.a dlls/oleaut32/x86_64-windows/liboleaut32.a \
  dlls/imm32/x86_64-windows/libimm32.a dlls/user32/x86_64-windows/libuser32.a \
  dlls/gdi32/x86_64-windows/libgdi32.a dlls/winecrt0/x86_64-windows/libwinecrt0.a \
  libs/compiler-rt/x86_64-windows/libcompiler-rt.a dlls/ucrtbase/x86_64-windows/libucrtbase.a \
  dlls/kernel32/x86_64-windows/libkernel32.a dlls/ntdll/x86_64-windows/libntdll.a --no-default-config -fms-hotpatch -Wl,-debug:dwarf
tools/winegcc/winegcc -o dlls/sapi/x86_64-windows/sapi.dll --wine-objdir . -b x86_64-windows -Wl,--wine-builtin -shared \
  /private/tmp/gptk4-wine11-source/dlls/sapi/sapi.spec dlls/sapi/x86_64-windows/async.o \
  dlls/sapi/x86_64-windows/automation.o dlls/sapi/x86_64-windows/dispatch.o \
  dlls/sapi/x86_64-windows/main.o dlls/sapi/x86_64-windows/mmaudio.o \
  dlls/sapi/x86_64-windows/resource.o dlls/sapi/x86_64-windows/stream.o \
  dlls/sapi/x86_64-windows/token.o dlls/sapi/x86_64-windows/tts.o dlls/sapi/x86_64-windows/xml.o \
  dlls/sapi/sapi.res dlls/sapi/x86_64-windows/sapi_classes_r.res \
  dlls/sapi/x86_64-windows/sapi_typelib_t.res libs/uuid/x86_64-windows/libuuid.a \
  dlls/ole32/x86_64-windows/libole32.a dlls/oleaut32/x86_64-windows/liboleaut32.a \
  dlls/user32/x86_64-windows/libuser32.a dlls/advapi32/x86_64-windows/libadvapi32.a \
  libs/mfuuid/x86_64-windows/libmfuuid.a libs/wmcodecdspuuid/x86_64-windows/libwmcodecdspuuid.a \
  dlls/winmm/x86_64-windows/libwinmm.a dlls/mfplat/x86_64-windows/libmfplat.a \
  dlls/winecrt0/x86_64-windows/libwinecrt0.a libs/compiler-rt/x86_64-windows/libcompiler-rt.a \
  dlls/ucrtbase/x86_64-windows/libucrtbase.a dlls/kernel32/x86_64-windows/libkernel32.a \
  dlls/ntdll/x86_64-windows/libntdll.a -Wl,-delayload,winmm.dll -Wl,-delayload,mfplat.dll \
  --no-default-config -fms-hotpatch -Wl,-debug:dwarf
tools/winegcc/winegcc -o dlls/scrobj/x86_64-windows/scrobj.dll --wine-objdir . -b x86_64-windows -Wl,--wine-builtin -shared \
  /private/tmp/gptk4-wine11-source/dlls/scrobj/scrobj.spec -Wb,--prefer-native \
  dlls/scrobj/x86_64-windows/scrobj.o dlls/scrobj/x86_64-windows/scrobj_t.res \
  libs/uuid/x86_64-windows/libuuid.a dlls/urlmon/x86_64-windows/liburlmon.a \
  dlls/ole32/x86_64-windows/libole32.a dlls/oleaut32/x86_64-windows/liboleaut32.a \
  dlls/xmllite/x86_64-windows/libxmllite.a dlls/advapi32/x86_64-windows/libadvapi32.a \
  dlls/winecrt0/x86_64-windows/libwinecrt0.a libs/compiler-rt/x86_64-windows/libcompiler-rt.a \
  dlls/ucrtbase/x86_64-windows/libucrtbase.a dlls/kernel32/x86_64-windows/libkernel32.a \
  dlls/ntdll/x86_64-windows/libntdll.a --no-default-config -fms-hotpatch -Wl,-debug:dwarf
tools/winegcc/winegcc -o dlls/scrrun/x86_64-windows/scrrun.dll --wine-objdir . -b x86_64-windows -Wl,--wine-builtin -shared \
  /private/tmp/gptk4-wine11-source/dlls/scrrun/scrrun.spec -Wb,--prefer-native \
  dlls/scrrun/x86_64-windows/dictionary.o dlls/scrrun/x86_64-windows/filesystem.o \
  dlls/scrrun/x86_64-windows/scrrun.o dlls/scrrun/scrrun.res dlls/scrrun/x86_64-windows/scrrun_t.res \
  libs/uuid/x86_64-windows/libuuid.a dlls/oleaut32/x86_64-windows/liboleaut32.a \
  dlls/version/x86_64-windows/libversion.a dlls/advapi32/x86_64-windows/libadvapi32.a \
  dlls/kernelbase/x86_64-windows/libkernelbase.a dlls/winecrt0/x86_64-windows/libwinecrt0.a \
  libs/compiler-rt/x86_64-windows/libcompiler-rt.a dlls/ucrtbase/x86_64-windows/libucrtbase.a \
  dlls/kernel32/x86_64-windows/libkernel32.a dlls/ntdll/x86_64-windows/libntdll.a --no-default-config -fms-hotpatch -Wl,-debug:dwarf
tools/winegcc/winegcc -o dlls/shdocvw/x86_64-windows/shdocvw.dll --wine-objdir . -b x86_64-windows -Wl,--wine-builtin -shared \
  /private/tmp/gptk4-wine11-source/dlls/shdocvw/shdocvw.spec \
  dlls/shdocvw/x86_64-windows/shdocvw_main.o dlls/shdocvw/x86_64-windows/shlinstobj.o \
  dlls/shdocvw/shdocvw.res dlls/shdocvw/x86_64-windows/shdocvw_v1_t.res \
  libs/uuid/x86_64-windows/libuuid.a dlls/shlwapi/x86_64-windows/libshlwapi.a \
  dlls/advapi32/x86_64-windows/libadvapi32.a dlls/version/x86_64-windows/libversion.a \
  dlls/ole32/x86_64-windows/libole32.a dlls/oleaut32/x86_64-windows/liboleaut32.a \
  dlls/ieframe/x86_64-windows/libieframe.a dlls/winecrt0/x86_64-windows/libwinecrt0.a \
  libs/compiler-rt/x86_64-windows/libcompiler-rt.a dlls/ucrtbase/x86_64-windows/libucrtbase.a \
  dlls/kernel32/x86_64-windows/libkernel32.a dlls/ntdll/x86_64-windows/libntdll.a \
  -Wl,-delayload,version.dll -Wl,-delayload,ole32.dll -Wl,-delayload,oleaut32.dll \
  -Wl,-delayload,ieframe.dll --no-default-config -fms-hotpatch -Wl,-debug:dwarf
tools/winegcc/winegcc -o dlls/shell32/x86_64-windows/shell32.dll --wine-objdir . -b x86_64-windows -Wl,--wine-builtin -shared \
  /private/tmp/gptk4-wine11-source/dlls/shell32/shell32.spec dlls/shell32/x86_64-windows/appbar.o \
  dlls/shell32/x86_64-windows/assoc.o dlls/shell32/x86_64-windows/autocomplete.o \
  dlls/shell32/x86_64-windows/brsfolder.o dlls/shell32/x86_64-windows/changenotify.o \
  dlls/shell32/x86_64-windows/classes.o dlls/shell32/x86_64-windows/clipboard.o \
  dlls/shell32/x86_64-windows/control.o dlls/shell32/x86_64-windows/cpanelfolder.o \
  dlls/shell32/x86_64-windows/dataobject.o dlls/shell32/x86_64-windows/dde.o \
  dlls/shell32/x86_64-windows/debughlp.o dlls/shell32/x86_64-windows/dialogs.o \
  dlls/shell32/x86_64-windows/dragdrophelper.o dlls/shell32/x86_64-windows/ebrowser.o \
  dlls/shell32/x86_64-windows/enumidlist.o dlls/shell32/x86_64-windows/enumobjects.o \
  dlls/shell32/x86_64-windows/folders.o dlls/shell32/x86_64-windows/iconcache.o \
  dlls/shell32/x86_64-windows/new_menu.o dlls/shell32/x86_64-windows/pidl.o \
  dlls/shell32/x86_64-windows/recyclebin.o dlls/shell32/x86_64-windows/shell32_main.o \
  dlls/shell32/x86_64-windows/shelldispatch.o dlls/shell32/x86_64-windows/shellitem.o \
  dlls/shell32/x86_64-windows/shelllink.o dlls/shell32/x86_64-windows/shellole.o \
  dlls/shell32/x86_64-windows/shellord.o dlls/shell32/x86_64-windows/shellpath.o \
  dlls/shell32/x86_64-windows/shellreg.o dlls/shell32/x86_64-windows/shellstring.o \
  dlls/shell32/x86_64-windows/shfldr_desktop.o dlls/shell32/x86_64-windows/shfldr_fs.o \
  dlls/shell32/x86_64-windows/shfldr_mycomp.o dlls/shell32/x86_64-windows/shfldr_netplaces.o \
  dlls/shell32/x86_64-windows/shfldr_printers.o dlls/shell32/x86_64-windows/shlexec.o \
  dlls/shell32/x86_64-windows/shlfileop.o dlls/shell32/x86_64-windows/shlfolder.o \
  dlls/shell32/x86_64-windows/shlfsbind.o dlls/shell32/x86_64-windows/shlmenu.o \
  dlls/shell32/x86_64-windows/shlview.o dlls/shell32/x86_64-windows/shlview_cmenu.o \
  dlls/shell32/x86_64-windows/shpolicy.o dlls/shell32/x86_64-windows/systray.o \
  dlls/shell32/shell32.res dlls/shell32/x86_64-windows/shell32_classes_r.res \
  dlls/shell32/x86_64-windows/shell32_tlb_t.res libs/uuid/x86_64-windows/libuuid.a \
  dlls/shlwapi/x86_64-windows/libshlwapi.a dlls/user32/x86_64-windows/libuser32.a \
  dlls/gdi32/x86_64-windows/libgdi32.a dlls/advapi32/x86_64-windows/libadvapi32.a \
  dlls/ole32/x86_64-windows/libole32.a dlls/oleaut32/x86_64-windows/liboleaut32.a \
  dlls/shdocvw/x86_64-windows/libshdocvw.a dlls/version/x86_64-windows/libversion.a \
  dlls/comctl32/x86_64-windows/libcomctl32.a dlls/comdlg32/x86_64-windows/libcomdlg32.a \
  dlls/gdiplus/x86_64-windows/libgdiplus.a dlls/winecrt0/x86_64-windows/libwinecrt0.a \
  libs/compiler-rt/x86_64-windows/libcompiler-rt.a dlls/ucrtbase/x86_64-windows/libucrtbase.a \
  dlls/kernel32/x86_64-windows/libkernel32.a dlls/ntdll/x86_64-windows/libntdll.a \
  -Wl,-delayload,ole32.dll -Wl,-delayload,oleaut32.dll -Wl,-delayload,shdocvw.dll \
  -Wl,-delayload,version.dll -Wl,-delayload,comctl32.dll -Wl,-delayload,comdlg32.dll \
  -Wl,-delayload,gdiplus.dll --no-default-config -fms-hotpatch -Wl,-debug:dwarf
tools/winegcc/winegcc -o dlls/taskschd/x86_64-windows/taskschd.dll --wine-objdir . -b x86_64-windows -Wl,--wine-builtin -shared \
  /private/tmp/gptk4-wine11-source/dlls/taskschd/taskschd.spec -Wb,--prefer-native \
  dlls/taskschd/x86_64-windows/folder.o dlls/taskschd/x86_64-windows/folder_collection.o \
  dlls/taskschd/x86_64-windows/regtask.o dlls/taskschd/x86_64-windows/task.o \
  dlls/taskschd/x86_64-windows/taskschd.o dlls/taskschd/x86_64-windows/schrpc_c.o \
  dlls/taskschd/x86_64-windows/taskschd_tlb_t.res dlls/oleaut32/x86_64-windows/liboleaut32.a \
  dlls/ole32/x86_64-windows/libole32.a dlls/advapi32/x86_64-windows/libadvapi32.a \
  dlls/xmllite/x86_64-windows/libxmllite.a dlls/rpcrt4/x86_64-windows/librpcrt4.a \
  dlls/winecrt0/x86_64-windows/libwinecrt0.a libs/compiler-rt/x86_64-windows/libcompiler-rt.a \
  dlls/ucrtbase/x86_64-windows/libucrtbase.a dlls/kernel32/x86_64-windows/libkernel32.a \
  dlls/ntdll/x86_64-windows/libntdll.a --no-default-config -fms-hotpatch -Wl,-debug:dwarf
tools/winegcc/winegcc -o dlls/uiautomationcore/x86_64-windows/uiautomationcore.dll --wine-objdir . -b x86_64-windows -Wl,--wine-builtin -shared \
  /private/tmp/gptk4-wine11-source/dlls/uiautomationcore/uiautomationcore.spec -Wb,--prefer-native \
  dlls/uiautomationcore/x86_64-windows/uia_client.o \
  dlls/uiautomationcore/x86_64-windows/uia_com_client.o \
  dlls/uiautomationcore/x86_64-windows/uia_event.o dlls/uiautomationcore/x86_64-windows/uia_ids.o \
  dlls/uiautomationcore/x86_64-windows/uia_main.o \
  dlls/uiautomationcore/x86_64-windows/uia_provider.o \
  dlls/uiautomationcore/x86_64-windows/uia_utils.o \
  dlls/uiautomationcore/x86_64-windows/uia_classes_t.res \
  dlls/uiautomationcore/x86_64-windows/uia_classes_client_t.res \
  dlls/uiautomationcore/x86_64-windows/uia_classes_core_t.res libs/uuid/x86_64-windows/libuuid.a \
  dlls/ole32/x86_64-windows/libole32.a dlls/oleaut32/x86_64-windows/liboleaut32.a \
  dlls/user32/x86_64-windows/libuser32.a dlls/oleacc/x86_64-windows/liboleacc.a \
  dlls/winecrt0/x86_64-windows/libwinecrt0.a libs/compiler-rt/x86_64-windows/libcompiler-rt.a \
  dlls/ucrtbase/x86_64-windows/libucrtbase.a dlls/kernel32/x86_64-windows/libkernel32.a \
  dlls/ntdll/x86_64-windows/libntdll.a --no-default-config -fms-hotpatch -Wl,-debug:dwarf
tools/winegcc/winegcc -o dlls/vbscript/x86_64-windows/vbscript.dll --wine-objdir . -b x86_64-windows -Wl,--wine-builtin -shared \
  /private/tmp/gptk4-wine11-source/dlls/vbscript/vbscript.spec -Wb,--prefer-native \
  dlls/vbscript/x86_64-windows/compile.o dlls/vbscript/x86_64-windows/global.o \
  dlls/vbscript/x86_64-windows/interp.o dlls/vbscript/x86_64-windows/lex.o \
  dlls/vbscript/x86_64-windows/regexp.o dlls/vbscript/x86_64-windows/utils.o \
  dlls/vbscript/x86_64-windows/vbdisp.o dlls/vbscript/x86_64-windows/vbregexp.o \
  dlls/vbscript/x86_64-windows/vbscript.o dlls/vbscript/x86_64-windows/vbscript_main.o \
  dlls/vbscript/x86_64-windows/parser.tab.o dlls/vbscript/vbscript.res \
  dlls/vbscript/x86_64-windows/vbscript_classes_r.res dlls/vbscript/x86_64-windows/vbsglobal_t.res \
  dlls/vbscript/x86_64-windows/vbsregexp10_t.res dlls/vbscript/x86_64-windows/vbsregexp55_t.res \
  dlls/oleaut32/x86_64-windows/liboleaut32.a dlls/ole32/x86_64-windows/libole32.a \
  dlls/user32/x86_64-windows/libuser32.a dlls/winecrt0/x86_64-windows/libwinecrt0.a \
  libs/compiler-rt/x86_64-windows/libcompiler-rt.a dlls/ucrtbase/x86_64-windows/libucrtbase.a \
  dlls/kernel32/x86_64-windows/libkernel32.a dlls/ntdll/x86_64-windows/libntdll.a --no-default-config -fms-hotpatch -Wl,-debug:dwarf
tools/winegcc/winegcc -o dlls/wbemdisp/x86_64-windows/wbemdisp.dll --wine-objdir . -b x86_64-windows -Wl,--wine-builtin -shared \
  /private/tmp/gptk4-wine11-source/dlls/wbemdisp/wbemdisp.spec -Wb,--prefer-native \
  dlls/wbemdisp/x86_64-windows/locator.o dlls/wbemdisp/x86_64-windows/main.o \
  dlls/wbemdisp/x86_64-windows/wbemdisp_classes_r.res \
  dlls/wbemdisp/x86_64-windows/wbemdisp_tlb_t.res dlls/oleaut32/x86_64-windows/liboleaut32.a \
  dlls/ole32/x86_64-windows/libole32.a dlls/winecrt0/x86_64-windows/libwinecrt0.a \
  libs/compiler-rt/x86_64-windows/libcompiler-rt.a dlls/ucrtbase/x86_64-windows/libucrtbase.a \
  dlls/kernel32/x86_64-windows/libkernel32.a dlls/ntdll/x86_64-windows/libntdll.a --no-default-config -fms-hotpatch -Wl,-debug:dwarf
clang -arch x86_64 -m64 -o dlls/winemac.drv/winemac.so -dynamiclib -install_name @rpath/winemac.so -Wl,-rpath,@loader_path\/ \
  dlls/winemac.drv/clipboard.o dlls/winemac.drv/cocoa_app.o dlls/winemac.drv/cocoa_clipboard.o \
  dlls/winemac.drv/cocoa_cursorclipping.o dlls/winemac.drv/cocoa_display.o \
  dlls/winemac.drv/cocoa_event.o dlls/winemac.drv/cocoa_main.o dlls/winemac.drv/cocoa_opengl.o \
  dlls/winemac.drv/cocoa_status_item.o dlls/winemac.drv/cocoa_window.o dlls/winemac.drv/display.o \
  dlls/winemac.drv/event.o dlls/winemac.drv/gdi.o dlls/winemac.drv/image.o \
  dlls/winemac.drv/keyboard.o dlls/winemac.drv/macdrv_main.o dlls/winemac.drv/mouse.o \
  dlls/winemac.drv/opengl.o dlls/winemac.drv/surface.o dlls/winemac.drv/systray.o \
  dlls/winemac.drv/vulkan.o dlls/winemac.drv/window.o dlls/ntdll/ntdll.so dlls/win32u/win32u.so \
  -framework AppKit -framework Carbon -framework CoreVideo -framework Foundation -framework IOKit \
  -framework Metal -framework OpenGL -framework QuartzCore -framework Security -Wl,-headerpad_max_install_names,-rpath,@executable_path/../lib/external
tools/winegcc/winegcc -o dlls/winemac.drv/x86_64-windows/winemac.drv --wine-objdir . -b x86_64-windows -Wl,--wine-builtin -shared \
  dlls/winemac.drv/x86_64-windows/dllmain.o dlls/winemac.drv/winemac.res \
  dlls/advapi32/x86_64-windows/libadvapi32.a libs/uuid/x86_64-windows/libuuid.a \
  dlls/rpcrt4/x86_64-windows/librpcrt4.a dlls/user32/x86_64-windows/libuser32.a \
  dlls/gdi32/x86_64-windows/libgdi32.a dlls/win32u/x86_64-windows/libwin32u.a \
  dlls/ole32/x86_64-windows/libole32.a dlls/shell32/x86_64-windows/libshell32.a \
  dlls/imm32/x86_64-windows/libimm32.a dlls/winecrt0/x86_64-windows/libwinecrt0.a \
  libs/compiler-rt/x86_64-windows/libcompiler-rt.a dlls/ucrtbase/x86_64-windows/libucrtbase.a \
  dlls/kernel32/x86_64-windows/libkernel32.a dlls/ntdll/x86_64-windows/libntdll.a \
  -Wl,-delayload,ole32.dll -Wl,-delayload,shell32.dll -Wl,-delayload,imm32.dll --no-default-config -fms-hotpatch -Wl,-debug:dwarf
tools/winegcc/winegcc -o dlls/winhttp/x86_64-windows/winhttp.dll --wine-objdir . -b x86_64-windows -Wl,--wine-builtin -shared \
  /private/tmp/gptk4-wine11-source/dlls/winhttp/winhttp.spec dlls/winhttp/x86_64-windows/cookie.o \
  dlls/winhttp/x86_64-windows/handle.o dlls/winhttp/x86_64-windows/main.o \
  dlls/winhttp/x86_64-windows/net.o dlls/winhttp/x86_64-windows/request.o \
  dlls/winhttp/x86_64-windows/session.o dlls/winhttp/x86_64-windows/url.o dlls/winhttp/rsrc.res \
  dlls/winhttp/x86_64-windows/winhttp_tlb_t.res libs/uuid/x86_64-windows/libuuid.a \
  dlls/jsproxy/x86_64-windows/libjsproxy.a dlls/user32/x86_64-windows/libuser32.a \
  dlls/advapi32/x86_64-windows/libadvapi32.a dlls/ws2_32/x86_64-windows/libws2_32.a \
  dlls/oleaut32/x86_64-windows/liboleaut32.a dlls/crypt32/x86_64-windows/libcrypt32.a \
  dlls/secur32/x86_64-windows/libsecur32.a dlls/iphlpapi/x86_64-windows/libiphlpapi.a \
  dlls/dhcpcsvc/x86_64-windows/libdhcpcsvc.a dlls/winecrt0/x86_64-windows/libwinecrt0.a \
  libs/compiler-rt/x86_64-windows/libcompiler-rt.a dlls/ucrtbase/x86_64-windows/libucrtbase.a \
  dlls/kernel32/x86_64-windows/libkernel32.a dlls/ntdll/x86_64-windows/libntdll.a \
  -Wl,-delayload,oleaut32.dll -Wl,-delayload,crypt32.dll -Wl,-delayload,secur32.dll \
  -Wl,-delayload,iphlpapi.dll -Wl,-delayload,dhcpcsvc.dll --no-default-config -fms-hotpatch -Wl,-debug:dwarf
tools/winegcc/winegcc -o dlls/wmp/x86_64-windows/wmp.dll --wine-objdir . -b x86_64-windows -Wl,--wine-builtin -shared \
  /private/tmp/gptk4-wine11-source/dlls/wmp/wmp.spec -Wb,--prefer-native \
  dlls/wmp/x86_64-windows/events.o dlls/wmp/x86_64-windows/oleobj.o dlls/wmp/x86_64-windows/player.o \
  dlls/wmp/x86_64-windows/wmp_main.o dlls/wmp/rsrc.res dlls/wmp/x86_64-windows/wmp_typelib_t.res \
  dlls/oleaut32/x86_64-windows/liboleaut32.a dlls/ole32/x86_64-windows/libole32.a \
  dlls/urlmon/x86_64-windows/liburlmon.a dlls/shlwapi/x86_64-windows/libshlwapi.a \
  dlls/user32/x86_64-windows/libuser32.a dlls/gdi32/x86_64-windows/libgdi32.a \
  dlls/winecrt0/x86_64-windows/libwinecrt0.a libs/compiler-rt/x86_64-windows/libcompiler-rt.a \
  dlls/ucrtbase/x86_64-windows/libucrtbase.a dlls/kernel32/x86_64-windows/libkernel32.a \
  dlls/ntdll/x86_64-windows/libntdll.a --no-default-config -fms-hotpatch -Wl,-debug:dwarf
tools/winegcc/winegcc -o dlls/wshom.ocx/x86_64-windows/wshom.ocx --wine-objdir . -b x86_64-windows -Wl,--wine-builtin -shared \
  /private/tmp/gptk4-wine11-source/dlls/wshom.ocx/wshom.ocx.spec -Wb,--prefer-native \
  dlls/wshom.ocx/x86_64-windows/network.o dlls/wshom.ocx/x86_64-windows/shell.o \
  dlls/wshom.ocx/x86_64-windows/wshom_main.o dlls/wshom.ocx/wshom.res \
  dlls/wshom.ocx/x86_64-windows/wshom_t.res libs/uuid/x86_64-windows/libuuid.a \
  dlls/oleaut32/x86_64-windows/liboleaut32.a dlls/ole32/x86_64-windows/libole32.a \
  dlls/shell32/x86_64-windows/libshell32.a dlls/user32/x86_64-windows/libuser32.a \
  dlls/advapi32/x86_64-windows/libadvapi32.a dlls/scrrun/x86_64-windows/libscrrun.a \
  dlls/winecrt0/x86_64-windows/libwinecrt0.a libs/compiler-rt/x86_64-windows/libcompiler-rt.a \
  dlls/ucrtbase/x86_64-windows/libucrtbase.a dlls/kernel32/x86_64-windows/libkernel32.a \
  dlls/ntdll/x86_64-windows/libntdll.a --no-default-config -fms-hotpatch -Wl,-debug:dwarf
tools/winegcc/winegcc -o dlls/wuapi/x86_64-windows/wuapi.dll --wine-objdir . -b x86_64-windows -Wl,--wine-builtin -shared \
  /private/tmp/gptk4-wine11-source/dlls/wuapi/wuapi.spec -Wb,--prefer-native \
  dlls/wuapi/x86_64-windows/downloader.o dlls/wuapi/x86_64-windows/installer.o \
  dlls/wuapi/x86_64-windows/main.o dlls/wuapi/x86_64-windows/searcher.o \
  dlls/wuapi/x86_64-windows/session.o dlls/wuapi/x86_64-windows/systeminfo.o \
  dlls/wuapi/x86_64-windows/updates.o dlls/wuapi/x86_64-windows/wuapi_tlb_t.res \
  libs/uuid/x86_64-windows/libuuid.a dlls/ole32/x86_64-windows/libole32.a \
  dlls/advapi32/x86_64-windows/libadvapi32.a dlls/winecrt0/x86_64-windows/libwinecrt0.a \
  libs/compiler-rt/x86_64-windows/libcompiler-rt.a dlls/ucrtbase/x86_64-windows/libucrtbase.a \
  dlls/kernel32/x86_64-windows/libkernel32.a dlls/ntdll/x86_64-windows/libntdll.a --no-default-config -fms-hotpatch -Wl,-debug:dwarf
tools/winegcc/winegcc -o programs/cscript/x86_64-windows/cscript.exe --wine-objdir . -b x86_64-windows -Wl,--wine-builtin -mconsole \
  -municode programs/cscript/x86_64-windows/arguments.o programs/cscript/x86_64-windows/host.o \
  programs/cscript/x86_64-windows/main.o programs/cscript/x86_64-windows/ihost_l.res \
  libs/uuid/x86_64-windows/libuuid.a dlls/shell32/x86_64-windows/libshell32.a \
  dlls/oleaut32/x86_64-windows/liboleaut32.a dlls/ole32/x86_64-windows/libole32.a \
  dlls/user32/x86_64-windows/libuser32.a dlls/advapi32/x86_64-windows/libadvapi32.a \
  dlls/winecrt0/x86_64-windows/libwinecrt0.a libs/compiler-rt/x86_64-windows/libcompiler-rt.a \
  dlls/ucrtbase/x86_64-windows/libucrtbase.a dlls/kernel32/x86_64-windows/libkernel32.a \
  dlls/ntdll/x86_64-windows/libntdll.a --no-default-config -fms-hotpatch -Wl,-debug:dwarf
tools/winegcc/winegcc -o programs/wscript/x86_64-windows/wscript.exe --wine-objdir . -b x86_64-windows -Wl,--wine-builtin -mwindows \
  -municode programs/wscript/x86_64-windows/arguments.o programs/wscript/x86_64-windows/host.o \
  programs/wscript/x86_64-windows/main.o programs/wscript/x86_64-windows/ihost_l.res \
  libs/uuid/x86_64-windows/libuuid.a dlls/shell32/x86_64-windows/libshell32.a \
  dlls/oleaut32/x86_64-windows/liboleaut32.a dlls/ole32/x86_64-windows/libole32.a \
  dlls/user32/x86_64-windows/libuser32.a dlls/advapi32/x86_64-windows/libadvapi32.a \
  dlls/winecrt0/x86_64-windows/libwinecrt0.a libs/compiler-rt/x86_64-windows/libcompiler-rt.a \
  dlls/ucrtbase/x86_64-windows/libucrtbase.a dlls/kernel32/x86_64-windows/libkernel32.a \
  dlls/ntdll/x86_64-windows/libntdll.a --no-default-config -fms-hotpatch -Wl,-debug:dwarf
tools/winegcc/winegcc -o dlls/oleacc/x86_64-windows/oleacc.dll --wine-objdir . -b x86_64-windows -Wl,--wine-builtin -shared \
  /private/tmp/gptk4-wine11-source/dlls/oleacc/oleacc.spec dlls/oleacc/x86_64-windows/client.o \
  dlls/oleacc/x86_64-windows/main.o dlls/oleacc/x86_64-windows/propservice.o \
  dlls/oleacc/x86_64-windows/window.o dlls/oleacc/x86_64-windows/oleacc_classes_p.o \
  dlls/oleacc/x86_64-windows/dlldata.o dlls/oleacc/oleacc.res \
  dlls/oleacc/x86_64-windows/oleacc_classes_t.res dlls/oleacc/x86_64-windows/oleacc_classes_r.res \
  libs/uuid/x86_64-windows/libuuid.a dlls/oleaut32/x86_64-windows/liboleaut32.a \
  dlls/ole32/x86_64-windows/libole32.a dlls/user32/x86_64-windows/libuser32.a \
  dlls/rpcrt4/x86_64-windows/librpcrt4.a dlls/winecrt0/x86_64-windows/libwinecrt0.a \
  libs/compiler-rt/x86_64-windows/libcompiler-rt.a dlls/ucrtbase/x86_64-windows/libucrtbase.a \
  dlls/kernel32/x86_64-windows/libkernel32.a dlls/ntdll/x86_64-windows/libntdll.a --no-default-config -fms-hotpatch -Wl,-debug:dwarf
Wine build complete.
